# Resource object code (Python 3)
# Created by: object code
# Created by: The Resource Compiler for Qt version 6.11.2
# WARNING! All changes made in this file will be lost!

from PySide6 import QtCore

qt_resource_data = b"\
\x00\x03\xc2\xc4\
\x89\
PNG\x0d\x0a\x1a\x0a\x00\x00\x00\x0dIHDR\x00\
\x00\x02\x00\x00\x00\x02\x00\x08\x06\x00\x00\x00\xf4x\xd4\xfa\
\x00\x00\x00\x04sBIT\x08\x08\x08\x08|\x08d\x88\
\x00\x00\x00\x09pHYs\x00\x00,K\x00\x00,K\
\x01\xa5=\x96\xa9\x00\x00\x00\x19tEXtSof\
tware\x00www.inksca\
pe.org\x9b\xee<\x1a\x00\x00 \x00ID\
ATx\x9c\xcc\xbdYl\xdc\xd7y>\xfc\xcc\xce\xd9\
\x873\x5cD\x91\xdam-\x96\xa5z\x8f\xdd,NS\
;{\x1b\xc4H\x90\x9b\xb6AQ\xa47\xbd)\x8a\x02\
\xed\xdd\xf7\xa1\xe8Mo\x92\xb6@z\xd9\xa2\x05\xd2\xa6\
m\x92\x22u\xd2$Mk\xd7k\xe4\xc4\x8b,/\x92\
%Q\xa2(\xee\x1c\xcepv\x0e9\xcbw\xc1\xff\xf3\
\xf2\x99\xa3\xdf\x0c)G\xfe\xfa?\x00Ar\xe6\xb7\x9c\
\xe5=\xef\xfb\xbc\xcf\xfb\x9es|~\xbf\xff\xff\xedv\
\xbb\xff\x0f\xfeO\xf1\xf9|\xe8v\xbb\xf0*>\x9f\xcf\
\xfe\xe65\xfa\x99~>\xe8\xde~\xdf\xf3\xa7\xd3\xe9\xf4\
<\xc7\xeb\xbd~\xbf\xdf\xfe\xe7\xdf\x9dN\xe7\x96\xeb\xf9\
\xb7\xdf\xefG \x10\xb0\xe7\xeb\xf7~\xbf\x1f\xddn\xd7\
\x9e\xdd\xedv\xd1\xe9t\xd0n\xb7{\xea\xd1\xedv\xed\
y\xfc\x9b?n\x9f\xf8\xfd~\xebK}_\xbfv\xb9\
\xef\xe0\xbd\xda\xde~\xfd\xc0\xeb|>_O\x1b\xfd~\
?\x82\xc1\xa0\xdd\x1b\x08\x04\x10\x0c\x06122\x82\x03\
\x07\x0e`\xdf\xbe}\x18\x1d\x1dE$\x12A\xab\xd5B\
\xa7\xd3A \x10@ \x10@\xbb\xdd\x06\x00\xc4\xe3q\
d\xb3Y$\x93I\x04\x02\x01\xb4Z-\x00@$\x12\
\x81\xdf\xefG\xa7\xd3A(\x14B4\x1aE,\x16C\
8\x1c\xb6\xf7t:\x1dT\xabU4\x9bM\x04\x83A\
\x84B!\x0c\x0d\x0d!\x9b\xcdbxx\x18\x8dF\x03\
\xaf\xbc\xf2\x0a\x9e~\xfai\xbc\xfc\xf2\xcb\xc8\xe7\xf3\x00\
`\xfd\x1e\x0a\x85\xe0\xf7\xfb\xb1\xb9\xb9\x89\xad\xad\xad\x9e\
\xf1\xd1\xfec\x7f\xb3>l\x8b;v^}\xad\xf7\x07\
\x83A\x04\x02\x01\x00\xc0\xd0\xd0\x10FGGq\xec\xd8\
1\x1c<x\x10\x89D\x02\x9b\x9b\x9bXYYA\xa1\
P@\xb5ZE\xa1P@\xa1P\xc0\xe6\xe6&\x92\xc9\
$2\x99\x0c\x82\xc1 \xba\xdd.677\x11\x08\x04\
\x90\xcb\xe5\x10\x8dFQ\xadV\xed\xdeF\xa3\x81v\xbb\
mr\xc1\xdf*\xd3*C\x1c\xbbn\xb7k\xe3\xc2\xeb\
Xo>/\x10\x08X\x1fh\xff\x84B\xa1\x1eym\
\xb5Zh\xb7\xdb\xf6\x7f6\x9bE*\x95\xb2\xfe\xae\xd5\
jh6\x9b=\xef\x09\x85B\xd8\xda\xdaB(\x14B\
0\x18\xc4=\xf7\xdc\x83\xbf\xf8\x8b\xbf\xc0\x89\x13'n\
\xe9\xdb;Q\xca\xe52\x9ez\xea)\xe4\xf3y\xb4\xdb\
m\xb4\xdbm\xb4Z-\x93\xb1Z\xadf\xed\xd4yL\
\x19e\x9f\xf2s\xf6\x9d\xb6\x9b\xffw:\x1d\x84\xc3a\
\x1b\xbfn\xb7\x8b\xd1\xd1Q\x1c=z\x14\xa3\xa3\xa3\x88\
\xc5b\xb8|\xf92\xde{\xef=T\xab\xd5\x9eq\x89\
D\x22\xd8\xdc\xdcD\xb3\xd9D*\x95\xc2\xe7?\xffy\
\xfc\xfe\xef\xff>\x8e\x1d;\x06\x00\xf8\xd9\xcf~\x86\xbf\
\xfd\xdb\xbf\xc5K/\xbd\x84\xcd\xcdM4\x1a\x8d\x9e1\
e?\xfb|>\xab\x1b\xeb\xdej\xb5l\x8c\x83\xc1 \
\x8e\x1f?\x8et:\x8d\x9b7o\xe2\xda\xb5k\x18\x1a\
\x1aB\xb3\xd9\xb41\xeav\xbb\xf6\x5c\xf6\x83\xdbV\x00\
\x08\x06\x83\xf6\xecV\xabe\xf7\xf9\xfd~LNN\xe2\
\xe8\xd1\xa3\x98\x9c\x9cD&\x93A:\x9dF>\x9f\xc7\
\xdc\xdc\x1c\xf2\xf9<\xaa\xd5*2\x99\x0c\xba\xdd.V\
WWQ.\x97Q\xadV\xd1\xedv\xb1\xb5\xb5\x05\x00\
\x88F\xa3\xf0\xf9|\xa8\xd7\xeb\x08\x87\xc3=\xffW\xab\
Ulmm\x99\x9e\xe2\x5ce\xfb]\xdd\xc6\xe2\xda\xa6\
~\xba7\x12\x89`hh\xc8\xe4D\xdf\xc5w\xb0/\
\xa8\x9f;\x9d\x0e\xb6\xb6\xb6\xb0\xb9\xb9\xd9\xf3|>\xdb\
\xd5\x1f^\xef\xf5\xaa\xeb {\xda\xaf]|\xaek\x13\
\x7f\x99\xe2e;\x00 \xe8^8\xa8\xb2\x83\x94\xe8n\
e\xb7\xeb\xd4\x90\xabA\xeb\x07\x1cx\xbd\x1aK*\xef\
~FV'\xbe\xdeG\x83\xa1\xc2\xe7^\xd3\xaf\x1d.\
\xd8p\x8d\x14p\xab\xf1v\x8d\xbb\xfb9\x05rPa\
_\xe9\xdf\x049\xae\xf0\xd0\xf0\xa6\xd3i\x8c\x8f\x8fc\
||\x1c\xc3\xc3\xc3\x18\x1a\x1a\x02\x00S~\xacc0\
\x18\xb4\xc9\xc3\xc9K Ap@\x83\x1c\x0e\x87\xcdP\
\xf3]\x9dN\x07\xe5r\x19[[[h\xb5Zf\x0c\
\x83\xc1\xa0\x81\x8d+W\xae\xe0\xad\xb7\xde\xc23\xcf<\
\x83W^y\x05\xc5b\xd1\x0c\x19\x15\x12\x00\x034:\
\xe6\xfc[\xfb\xda\xfdQ0\xa8\xd7\xba\xe3@EL\xf9\
P%\x11\x08\x04\xac=\xeb\xeb\xeb(\x16\x8b(\x16\x8b\
\xa8\xd5jh4\x1ah6\x9b\xd8\xda\xda2\xd9\xd9\xda\
\xda2\x90T\xab\xd5\xec\x19\x04?\xb1X\x0c\xb5Z\x0d\
\x9b\x9b\x9b&s>\x9f\x0f\xc1`\xf0\x16e\xc8qQ\
\xf9\xd1z\xaa\x01\xa1\xd2\x22\x00\xe2s\xb5\xcd\x1c/\x05\
\x17\x0aR\xeb\xf5:|>\x1f\x12\x89D\x8f\xd2\x19\x1a\
\x1a\xb2w\xf0\xbd4,~\xbf\x1f\xb1Xl\xa0\x9c\xfe\
2eff\x06\x99L\x06+++6O\xbb\xdd.\
666l\x1c\x09x8\xffYG~F\xe0@`\
Kya\xff\x114\xa9\xae\xd9\xda\xdaB\xbb\xdd\xc6\xfa\
\xfa:fgg\x11\x0c\x06144\x84\x91\x91\x11,\
..\xa2\x5c.\xf7\x18\x5c\xcaM,\x16\xc3\xc7?\xfe\
q<\xf5\xd4Sf\xfcggg\xf1\xd3\x9f\xfe\x14\x17\
/^D\xb3\xd9\xb4\xb1\xe7\x98\xb0?\xfd~\x7f\x8fq\
\xa6Ab\x9b\xa2\xd1(\xa6\xa6\xa6\x10\x0a\x850??\
\x8f\x9b7o\xc2\xe7\xf3\xa1\xd1h \x14\x0a\xf5\xdc\xab\
\xba\x90:\x8d\xdf\xb3\xed\x9b\x9b\x9b\xe6$\xb4Z-{\
\xcf\xe6\xe6&\xe6\xe7\xe7Q\xaf\xd7\xb1\xb0\xb0\x80h4\
ju\xa9\xd7\xeb\xd8\xdc\xdcD\xb7\xdb5\xe0\xcb\xcf\x14\
\xb4\x87\xc3a\xb4Z-4\x9bM\x84\xc3a\x84\xc3a\
t:\x1d4\x9bMlll\xd88\xb2N\xaa\xefT\
\xe7R\x8eYo~\xef\xce\x07u|\xf8\x7f\xbd^G\
\xa3\xd109\xe7\x5ca;\xf9l\xbe\x9bzG\xdf\xc5\
\xe2e\xe4]}\xd2\x0f\xa8\xec\xc5>\xea\xb5\xda\x06~\
6\xe8\x19\xee\xbb\x06\xd9K\xafr\x0b\x00\xf8\xdf,\xfd\
\x8c\x9e*.\xa0WH\x5c/\xd0U|z\xbf\x16^\
OE\xece0\x5co\xdc\xed\x5c\xd7\x98\x00\xf0\xac\x03\
\x05\x90\x02\xcbB\xc4\xcd\xef9\xd18\x99\xf8\xacN\xa7\
c\x93L\xfbD\x8d\xbc2\x1c\x8a\xa0\xa9\xbc\xc6\xc7\xc7\
\xb1\x7f\xff~\x8c\x8e\x8e\x22\x97\xcb!\x12\x89\x98\xe0s\
\x02\xb1~\xe1p\x18\xf1x\xdc\x8c\x9fz\x8bT\x1aT\
X\x0a\x168\xa9\xd9\xa7\xe1p\x18CCCf\xa0\x08\
8n\xde\xbc\x89\xd7_\x7f\x1d/\xbc\xf0\x02.\x5c\xb8\
\x80\xf5\xf5u\xab\xbbzl\xac\x17\xdf\xa5\xf2\xe1*\x0c\
\xf6\x89\xeb\xf9\xbbr\xc0\x89\xaf\xc6\x9f}\xcf\x1f*\x89\
J\xa5\x82\x95\x95\x15S\x0c\xf4thT\x14h(\xf3\
\xd2n\xb7\xd1l6M\x01F\xa3QD\x22\x113\xf6\
\xf4\xbe\x14\xec\xa9q\xf2\x02+n\xdb\xd5H{)\x1b\
W!\xaaw\xe6\x02R\x00h6\x9b\xe6=\x85B!\
\x84B!\xeb\x17\x959\xadk\xbb\xdd\xc6{\xef\xbd\x87\
\x03\x07\x0e\xe0\x83(\x94\xb9p8\x8cj\xb5j\x9f\xab\
\xd7J9!@\xa5\x9c\xe8|\xe5\xe7j4\x14`\xaa\
1pA\xe0\xc6\xc6\x06\xea\xf5:\x82\xc1 \xc6\xc7\xc7\
Q(\x14P*\x95P\xaf\xd71<<l\x9e\xad\xcf\
\xe7\xc3\xd4\xd4\x14~\xe7w~\x07\x1f\xfa\xd0\x87\xac\xae\
\xcf?\xff<^{\xed5\xe4\xf3\xf9[X,\xbe\x87\
s'\x18\xdcQ\xc7\xaaw\x82\xc1 b\xb1\x18\x12\x89\
\x04\x00\xa0^\xaf\xf7\xd4\x93\xfd@pL\xf9\xd4\xf7\xf0\
Z\x9d\xbb\xeaY*\xf3@p[(\x14\x10\x0e\x87\x0d\
X\xb2Nj,\x09$\xd4\xf8\x13\xe4+\x18Wp\xab\
\x9f\xbbr\xe8\x1aRW\x1f\xb8cH\x80\xcd\x1f\x16\xb2\
U\xaa\x8f\xe9\x88\xe8\xb3\xe8t\xa8ne{\xfb9\x92\
n}\x07\xb5\xe1vJ\xbfw\xdc\xce\xfd\xfdX\x87~\
\xcf\x0e\xea\x8d^7xu\xc2\x9dh\xe0n\xcf\xf0B\
~^\xf7\xab2w=\x1c~\xe6\x1a\x14\x0a#\x0d\x9b\
k\xfcwk\xa7[\x17\xb7mjX\xe8!\xf3s\xd2\
\xa7j\xdc\xf97\xeb\xc2\x1fR\xd2\xaa\xc0\xab\xd5*\xea\
\xf5\xfa-JN\xffW\xefnhh\x08\x99L\x06\x99\
L\x06\xf1x\x1c~\xbf\x1f\x1b\x1b\x1bv-\xef#P\
\x88D\x22=\x14\x22\xdf\xcbv\xd0\x98s\xa2\x13\xdd+\
\xf5\x1e\x0e\x87\x91N\xa7\xcd;\xa4\x87\x11\x0a\x85P,\
\x16q\xe5\xca\x15\xfc\xecg?\xc3\x9bo\xbe\x89b\xb1\
h\xed\xa3\xa7\x16\x89D\xacN\xf4\x86H\xe5\xb9 \x88\
J@\x15\xb8\xd7X\xf1\x9aV\xab\xd5C\x8d\xb2~\xbc\
\x8f\xcaekk\x0b\x85B\x01\xb5Z\x0d\xe9t\x1a\xa9\
T\xca\x9eO:\xbd\xddn\xc3\xef\xf7\x1b\xbb244\
\x84V\xabe\xcc\x07\xc7khh\x08\xf1x\xdc\xde\xcb\
v\xb1\xbd\x1c?~\xe7\xca\x92\xb6\xcd\xef\xf7\xf7\xf49\
\x95(\xe5J\xc1\xa3;\xc6\x94C\x17(\xaa\x0cmm\
mahh\x08\xd1h\x14\xcdf\x13\x8dF\xa3\xa7\xaf\
i\x10B\xa1\x10n\xdc\xb8\x81\xe7\x9e{\x0e\x0f=\xf4\
\x102\x99\x8c\xe7\x5c\xf9eJ8\x1cF>\x9fG\xa3\
\xd1\xb0\xfa\xd4\xebu\x03\xa6j\xe0\x15$w:\x1dD\
\xa3\xd1\x9e\xb1\xa5'J\xa0\xa3aC\xca\x87\x86\x02\xd8\
O\xb1X\xcc\x0c}\x22\x91\xc0\xe8\xe8(\xce\x9c9\x83\
\xf5\xf5u\x9c={\x16G\x8e\x1c\xc1\xddw\xdf\x8dH\
$\x82d2\x89\x07\x1ex\xc0\xea_(\x14p\xed\xda\
5\x14\x8bE4\x9bM\x9b?\xac\xaf\xdf\xef\xc7\xd6\xd6\
\x96\xcd=\x050\xaenP\xb6\x82\xf5\xd6\xb0\x97\x1a\x7f\
\x97)\x02`:G\x0d5\xe7,\x7f\xc8\xf8\xb0\xdf\xc8\
V\xb8\xac\x1be\xd5\xb5\x0dZ'\xcege\xc2\x5c\x1d\
\xecR\xfc*\xb3\xfa\x5c2h\xaa\xe3\xb4]\xe1p\xb8\
G_\xb0\xed\x89D\xa2g.4\x1a\x0dc0\xf4\x19\
\x9cS\xc1`\x10\xcdf\xd3\xfa\xcd\x0b\x88{\xd9 \x97\
!\xe8g?\xf4s7\xec\xecU\xfa=O\xeb\xd6\x0f\
\xa4x9\xad^\xf5\x0azU\xb4_\xe5\xbd\x80\xc2\xed\
\x14\xb7\xb2\xee\xf3\xfa\xfd\xdd\x0f\x0c\x0c\x02\x09j\xd4U\
Q*\xf2\xa5\xb2\xec7\xd0\xfa?\x95\xa6k`\xd4\x9b\
\xa2bQ\xda\x97\x1e,\xdf\xa9\x9e!\x00S\x08T\xac\
\xf4x\xf4\xbd|\x1e\x0d:\xe3\xb3\xcdf\xf3\x16c\xc6\
\x09\x18\x0c\x06\x91N\xa7\x91\xcb\xe50<<l\x06\x8a\
t}\xb7\xdb\xbd\xc5\x80\xb3.\x8a\x88\x83\xc1\xa0\x85\x00\
\xe8\xc9\x12I\x0f\x0d\x0d\x19\xe5\xad\x1eG$\x121#\
N\x85V\xaf\xd7177\x87s\xe7\xce\xe1\xf9\xe7\x9f\
\xc7\xd5\xabW-7\x80\xb4\xa5\x02\x01\x0d\xc7hl\x8e\
\x0aO\xdb\xec\x152qe\x83\xde/\xc7\xc8\xbd\x87\x0a\
\x8a\x8a\x89\xc6\xd0\xe7\xf3\xa1R\xa9`ss\x13\xf1x\
\x1c\x91H\x04\xcdf\x13\x95J\x05\xd5j\xb5\x87B\xd4\
g\xa8\xbc1f\x1c\x0c\x06\x11\x8f\xc7\x01\xa0\x07(\xb0\
^\xaeB`]\xf5s\xf7o\xca\x15\xbdK*IU\
\xc4n(\x81\xf2\xa1s\x80\xdf\x93\xba\xa5\xf1c\xac\x9d\
\xef%(m\xb5Zf\x98?\x08\xe3\x0f\x00\xfb\xf7\xef\
\xc7\xf8\xf88\xaa\xd5\xaa\xe5M\xd0P\x87B!3N\
\x04\xab\xc0\xce\xbcW\xea\x9b\xedc\xae\xc6\xd6\xd6\x166\
66\xd0\xe9t\xcc\xb0\x90n\x8f\xc7\xe3\x08\x87\xc3\x18\
\x1f\x1f\xc7\xe8\xe8(\xd2\xe94\x12\x89\x04\xda\xed6\xa6\
\xa6\xa6\x90\xc9d\xf0\xe4\x93O\xee\x89\xf5\xf8\xfe\xf7\xbf\
\x8fg\x9f}\x16\xeb\xeb\xebF\xafs~\xd1\xa8\xd2\x18\
\xd6\xebu\x1b7\x0d\x09\x91\xfe\x9f\x9c\x9cD.\x97\xc3\
\xc2\xc2\x02\xca\xe5r\x8f\x11\xe5Xr\x1e*3\xa7\x9e\
,=\xf7f\xb3i\xf7\x01\xbd@\x9a\xfd\xac\xf3D\x81\
2\xc1\xaf\x86\x81\x80\xed\x9c \x82\x8cz\xbdn\xe11\
:\x14\xecg\xd6O\x81-\x9f\xa3\xde=?\xe3\xfd\x1a\
\xc6\xe1\x5c\xa1\x97\xcf\xb1\xd3\xb9\xa7m\x22p\x0d\x87\xc3\
\x96\xabA\xc7F\xc3\x11.\xfb\xea\xc5&z\xd9\x0a\xf7\
;\x96A\xf6\xcd\x8b\xfdpu\x96\x97\x91w\xeb\xe0\xea\
\x05\x05U\xae\x8d\xf5\xb2\xdd\xb7\x15\x02\xd8\x0d\xb1\x0c*\
^\xe8cP\xc5\xdc\xf7\xeas\x5c\xa3\xed\xfe\xe8=.\
b\xe3\xe7^Fc\x10b\xd3\x1f\xf7{\xd7\x0b\xd7z\
)u\xa6\xf77\x1a\x0d\xfb;\x10\x08`ss\xb3\x07\
\xa5\xd3\xe8sb\xd0KH$\x12H$\x12(\x97\xcb\
(\x97\xcb=\x89PT\xfa\xf4\xd0\x92\xc9$r\xb9\x1c\
\xd2\xe9\xb4\xd1\xce\xf4\xc6\xe9M\x90\x15\xa0\xf0\xd7j\xb5\
\x1e\xc6B\x0dt\xb5Z\xb5\x09\xef\xf3\xf9L\xa1\xf1\x7f\
NFR\xc8CCC\xc6\x02\x94\xcbe\x5c\xbe|\x19\
\xe7\xce\x9d\xc3\xf4\xf4\xb4\xb5\xdf5\xc6\xeamh\x88\x82\
\xc6\xd4K\xb8\xfb\xa1`w\xdc]\x99p\x8d#\x8b\x82\
\x1f\xfe\xaf\x0a\x91\x06\x84\xcc\x08\x150s\x03\xca\xe5\xb2\
\xb1,4\x96\xadV\x0b\x91H\xc4\xde\xa5a\x1f\xa5g\
\xf5\x7f\xf5\xdeY\xbcdV\x0d\x9d+\x8b^`\x80\x8a\
O\x95&\x8d\x07e\x87\xc6\x1e\x80)M\xbf\xdf\xdf\x93\
\xd0\xe9\xf3\xf9z\xa8\xf9;]:\x9d\x0e666\x0c\
\x80\xb1\x1fhL\xd4c\xe4\xdf\xac\xb3\xca\x8e\x86\x97\x08\
\x04S\xa9\x14\xf6\xef\xdf\x8f\xc9\xc9ILLL \x9d\
N\xc3\xef\xf7#\x93\xc9X\x1f\x0e\x0f\x0f#\x93\xc9\xf4\
\x18\xec\xfb\xee\xbboO\xc6\x7fff\x06\xcf=\xf7\x1c\
\xea\xf5\xbaQ\xd1|\x7f\xbf\xf1\xd2\xbeW\xb9l6\x9b\
X[[3y\x89F\xa3\xd8\xd8\xd8\xe8\xc9\x7f\xa0!\
\xe3\xdc\xe33\xf9\xb9:\x08\x00z\xee\xa1\x81V\x99p\
\xf5\xa9\x02\x5cM0\xd59\xa5\x8c\x9d\xebh\xa9\x9e\xe0\
\x9c\xd09\xa9\xac%\xfb\x81s\x84\xe3\xadc\xee\x86j\
\xd8^\xea*\xbe\x8b\xce\x15\xf5\x1c\x9d\xafV\xabec\
\xa3\x8e\xa0\xeb\x00\xb1\xb8Fw\x90\xcd\x1a\x04\x12\xbc\xae\
\xeb\xf7\xff^\x8b\x17 \xd8\xeb3\xf7\x0c\x00\xdeo\xe5\
\xdc\xb2\x97\x0e\xe4u{y\xaf\x0b(\x061\x15\xea!\
\xed\xe5\x1d^`\xa5\x1fK\xc06\xe9\xfb\x99\xdd\xab9\
\x00jh(\xa0.\xdb\xc0B\xe1\xf7\xf9\xb6)^z\
\xec\x8c\xdfollXF\xb1\x1a\xff`0\x88T*\
\x85\x5c.\x87L&c\xb4\x1ec\xd3>\x9f\x0f\xd1h\
\xd4Pp,\x163\x83\xce6\x10|hf<\x15Y\
0\x18D\xa3\xd1\xb0\x09I\xf4\xcf\x848f\x04'\x12\
\x09\x9bl\xb3\xb3\xb3\xb8p\xe1\x02fffzB\x18\
T:\x9a\xc0E\x96\x81\xcf\xe3;\xbd&\xa6\x16/\x00\
\xa8\x9f\xebg\x1a\x22r'\x90*Kz\xc2\xf1x\x1c\
>\x9f\xcf\x12\x99\xa8lH\x97\xfb|\xdb\x09Y\x0c\xd1\
\x10\xd0\xa9q%\x8b\xa2\xac\x14\x80\x9e\xacu*!\xfe\
\xed\x82\x1f5f\xeaM\xb1\x8f\xa885$\xc36\xba\
\xac\x97R\xcd\xfcM\xc3BF\x8a\x0a\xd4}/\xc7\xa9\
\xd5jayy\x19\xe3\xe3\xe3}\xc7\xe5\xfd\x96\xad\xad\
-\xac\xaf\xaf\xf70U\xe1p\xd8\xe4J)aM\x08\
\xa3\x11\xe4\xdc!0\xa0\x17\x18\x89D066\x86\xd3\
\xa7O\xe3\xe1\x87\x1f\xc6\xc1\x83\x07oyo\xb1XD\
\x22\x91@,\x16\xc3\xd2\xd2\x12\xd6\xd6\xd6l\xa5\xcb\xc2\
\xc2\x02R\xa9\x94\xc5\xe4\xddR.\x97\xf1\xdak\xaf\xa1\
X,\x9a\xa1\xa2\xe1RC\x08\xe0\x16\x83\xcby\xa4\xed\
\xeav\xbb(\x95JH\xa5R&o\x04\x9b\x9a\xdcF\
\xfd\xc2\xbePf\x8e\xc5\x9d\x0b\xecC\xde\xa3a\x05\x9d\
s\x94em\x0b\xe7\xac:*\xfa\x1eeg8\x06l\
\x93\xca?eKc\xf9\xf1x\x1c\x81@\x00\xcdf\xf3\
\x16V\x87\xf5c\xdb\xc8\x5c\x91\x99P\xd0@=\xcc\xe7\
\x01\xe8\xe9/\xd6\x95\x9f\xe9\xdc\xe0\xb5^\xf6\xc1eG\
x\xad>\xefN\xd9L-^\x1e\xbd\xdb\xef\xfa]\xbf\
bz~\xaf/\xed\xf7\xd0~\x1ew?\x14\xe4\xe5e\
\xf7\xa3)\x06\xb1\x06^\x9e\xbd\xa2\xc8~\x9e\x92W]\
\xd4px\x19t\xa5a\xfb\x0d8\xaf\xd3\x18\x9d\xfb,\
\xa0w\x82Q\x89j\xdc\xd7\xa5i5g@\xb3\xea5\
\xa3\x96lA \x10@&\x93\xc1\xd4\xd4\x14\xc6\xc7\xc7\
\x91\xc9d\x10\x8dF\xed^\x1a\xedP(\x84D\x22a\
qG\x00\x16\xe3g\xa6\xbe\x9bEL\xa3\xc0\xfbC\xa1\
\x10*\x95\x8ay\xb7^\x06\xae\xd1h\xe0\x9dw\xde\xc1\
\xe5\xcb\x97\xf1\xea\xab\xaf\xe2\xf5\xd7_G\xb1X\xecQ\
:\xf1x\x1cCCC\xe6\x99Q\x19\xd0[\xa6\x11\xe3\
w\xae\xc1v=\x1b7\xa7\xc3K\x1eu\x1c]\xf9T\
%\x1a\x8b\xc5\x90N\xa7{\x0c<\xa9\xffn\xb7\x8b\xa1\
\xa1!\x1b+\x82(\xbf\x7f'\xc7\x82++\xe8e\xf0\
\x99\xfc\x5c\x93+\x09\xc6T1\xaa\x17\xc6\xf6Q\x16\xd5\
HP\xdeH\xbb\xaa\xa2\xd3\xf9\xa5\xb2\xa7}\xe1zZ\
\xd5j\xd5\xda<44\x84T*\x85\xad\xad-S\xc6\
\xccuh\xb7\xdb\x98\x98\x98\xf8@\x8c?\x00\x9c?\x7f\
\x1e###\x18\x1e\x1e\xc6\xf8\xf88\x8e\x1c9b\xcb\
W\xd7\xd7\xd7Q\xa9TP\xab\xd5P\xab\xd5\x10\x8dF\
144\x84`0\x88\xc3\x87\x0f\xe3\xf0\xe1\xc3H\xa5\
R\xa6\xcc+\x95\x0a\x82\xc1\xa0\xadvh6\x9b\xb6\x22\
fss\x13W\xae\x5c1\xef:\x18\x0cbxx\x18\
\x85B\x01KKKXYY\xb183\xb0\xbd4v\
\x10\x10M\xa5R\x98\x9a\x9aB*\x95\xc2\xe2\xe2\xa2\x8d\
)\xc3>J\x87\xb3p|\x19v\xe2\xff\x9b\x9b\x9bf\
4\x19\xc2\x03`\xb1ue\xff\x80^\xaf_=r\xce\
\x1bM\x04usP\x08D\xf9\x99\x9bxLC\xcb\x10\
 \xaf\x8d\xc5b\x06\xb6('\x9c\xb7\x949`g\xae\
)\xfb\x11\x08\x04\x90H$\x90L&\x0dl\xaaw\x0f\
\xc0\xe6\x13\x99\x04]%\xa4\xf3\x9b\xf7\xb2\x0e\x81@\xc0\
V\x8cpE\x80\x86\xde\x5c0\xa1c2\xc8\x80\xaa\x0e\
\xd1v\xf4[E0\xa8\xb8\xcf\xda\xad\xec\xc5y\x1dt\
\x8dk\xd3\x06\x02\x80\xbd\xa0\x09U2\xfd\xfe\xdf\xadA\
\xaea\xdd\xed\xbe~F\xd8U\x9e\x83\x9e3\xe8}\xae\
\xd1\x1fdP\xbc\x18\x05\xd7\xb3\xd7w\x91\xa2\xa4\xd2\xd5\
\x98_?\x80\xa1In|\x9e\xc6z\x89f\x87\x87\x87\
155\x85t:\x8d\xad\xad-\xe4\xf3y\xa3\xbfh\
\xe0\xc9$0\x16\xa8\xd4\x1f\x95\x1c\x13\xc18)\xb9\xdc\
\x87\xf5V\xafS\x8d\x7f*\x952e\x9dJ\xa5\xb0\xba\
\xba\x8a\xcb\x97/\xe3\xb5\xd7^\xc3k\xaf\xbd\x86\xe5\xe5\
\xe5\x1eoW\x8b\x17ps\x01\x95k\xf8\xbd<\x19\xde\
\xc7\xfeS\x81w\x91\xb9z\xb6\xbc\x86\x8a\x90\x8a\x8d\xec\
I\xadVC\xa5R1\xda\x90\xe3\xc85\xc7\x0c\x9f\xe8\
:\xffV\xabe,\x01\xfb7\x93\xc9\x98\x17\xcb\xfap\
]4\xfbU\x95\xb6;\xde\x0a\x18\xb4?\xb4}n\x5c\
\x9f\xc0\x89\xff\xabB\xd6g\xe8^\x10T\xfe\xa4L\x99\
\xcf\x02\xc0\xf21\x080?\xa8\xf2\xfa\xeb\xaf\xe3\x91G\
\x1eA\xab\xd5\xc2\xc8\xc8\x08&''199i}\
\xb1\xbe\xbe\x0e\x9f\xcfg!.\x00H&\x93f(\x87\
\x87\x87\xe1\xf3\xf9l\x95\xc9\xda\xda\x1a\xb6\xb6\xb6\x90\xcb\
\xe5\x90H$\x8c\xc9\xf2\xf9|\x18\x19\x19\xb1X}:\
\x9dF(\x14B6\x9bE\xa9T\xc2\xd4\xd4\x14r\xb9\
\x9c\xc9\xcb^\xca\xf8\xf88>\xf5\xa9O\xa1R\xa9`\
mm\xad\x87\x0a\xd7U \xc0\x0e\xfdO\xc0\xc5q'\
 \x04\xb6Y\x85\xd9\xd9Y\x8c\x8f\x8f#\x9b\xcd\xa2\xdb\
\xedbee\xa5\xe7\x1a\x1a}\xfe\xaf2\xe4\x82h\x97\
\x92W\xb9Q\x0a_\x9f\xa7FS\x99\xc1\x8d\x8d\x0dc\
\x02Yo\x05\xaa\x94a\xea)&\xf4v:\x1dcY\
\xf89\x19,Mv\xd6\x1f7?\x88\xfd\xa6\x86[\xf7\
\x86\xd063\xfc\xc5\xfb5\xe4\xea\xda!/\xa3\xd9\xcf\
H\xf3\x9d\xef\xa7x9\xbe\xbb]?\x88\x05\xe8\xe7H\
\xf7\xbb\xae\xef>\x00\xae\x81\xbc\x9d\xf2~\xa8\x8f\xbd\x18\
\xfc\xf7\xf3\x5c/C\xbf\xdbg\xee\xf7\x8a\xb0\x95m\xe8\
W\xff~t\x98K\xa5\xaa\xa7\xcfI\xa1\xfd\xaf\x0a\x97\
\x86\x97qvz\xf3\xa4\xcbFFFL\xb1\x91\x9a#\
\xaaeR\x9e\xd2\x84\xa4Du\x82+\x9aU\x1a\xd5\xef\
\xf7[\xe2\xa1\xaej`]S\xa9\x14\xd2\xe9\xb4\xd5#\
\x9dN\xa3R\xa9\xe0\xfa\xf5\xeb\xb8p\xe1\x02\xde~\xfb\
m\xac\xae\xae\x0eL\xa0T%\xa4\x94\xa2\x02)M\x00\
\xf2\xf9|F\xe7rS\x22\x1a]\xf5\x8a\xf4\xb7\x16\xe6\
(\xb0\x1f4\xfeN\x0f\x82\xe3\xb2\xb9\xb9\x89\x8d\x8d\x0d\
c\x5cX\x1feK\xb8\xc1\x8b.\x8b\xa2\xd2\xd1\xdf\xa1\
P\xc8<He\x03\xbc@\xa4\x97l\xf5ST^}\
\xab\xf1R\xaf\xb0\x02\xdfK\x00\xaa\xb1]\xf6'\xdbM\
\xa6\x8a\x00\xc9\xef\xf7c\xdf\xbe}\xb8\xfb\xee\xbb\xf1A\
\x95\xc3\x87\x0f#\x91H\xa0\xd1h`xx\x18\xa3\xa3\
\xa3&\xc3\x5ci\xc2\x1c\x04\xd6\x89\x06\xa8^\xafc}\
}\x1d\xa1P\x08\xe5r\xd9\x96\xee\xd5j5\xac\xaf\xaf\
cll\x0c\x89D\x02\x9dN\x07\x99L\x06\xd9l\x16\
[[[\xb8x\xf1\x22\x16\x17\x17\xcd{\x5cZZB\
\xb3\xd94/7\x16\x8b!\x99Lbll\x0c'O\
\x9e\x04\x00T\xab\xd5[\xc2\x01\x87\x0f\x1fF\xb9\x5c\xc6\
\xcb/\xbf\x8c\xabW\xafZB\x9cz\xb6*\x9b\xf4 \
\xd5kV\xb9\xe5\xde\x12\x0c\x05P\xee9\xa64@\x9c\
?\xbcG\x1d\x18\xa5\xefy\x1f\xebA\xe0\xa7u\xe0\xbd\
\x9ak\x00\xec0\x04\x94\x97nw\x9b\xcd\x8bF\xa3=\
\xc9\x81\x0c)\xf2G\xc7\x88:\x88\xcc\x0dY\x19\x86\xfe\
4\x04\xd8/\xc1\x932\xca\xcft\x0e\xb0\x0d\xfc[\xc1\
\x0d\x7f\xbb [\xdf\xa1E\xe7\xa2\x02\x86\xff\x8d\xe2e\
\x9b\xfa\x15/[\xe7\x96[\x00\xc0 \xc5\xe3e$\xdd\
\x8e\xe8\x87\x92\xfay\xed^\xff\xf7+\xfd\xbcv\xd7\xcb\
\xf6z\x9e\x17\xd2s=F\xafw\xb8F\x87\xd7\xa8W\
N\xc1\xd3\xf6p\x02+\xaauc]:\x11\xf4\xb7\xd6\
\xd9\xef\xf7\x1b5_\xa9T\xcc\x0bm\xb7\xdb\x18\x1a\x1a\
\xc2\xf0\xf00\x0e\x1c8\x80\x5c.g\x9e\x05)8N\
0\x1a\x19N\xe6X,\x86h4j\x19\xe9\xa4\x02\xdd\
\xd8)'\x1eiCf\xc0\x13\xf1w:\x1d\xa3\xc9\xa7\
\xa6\xa6\x90L&\xd1\xedv\xb1\xb4\xb4\x84\x0b\x17.\xe0\
\xd9g\x9f\xc5\xb9s\xe70??o\xe0F\xfbeh\
h\xc8~\xda\xed\xb6-9#XROX\x97\x22r\
\xadz,\x16C6\x9b\xb5\x1d\xf84\xb1\x87\xe0\x80\xe1\
\x11.}\x02\xb6=\x96`0\x88L&c\x1e\x08=\
\xaa\xa5\xa5%T\xabUlnn\xf6\xfc\x10(\xb0\x1d\
|.\xbd\x0f\x0d\x85(3\xa3\x1ex\xb3\xd9D\xadV\
\xb3:(\xe5\xaa\x00\x86\xb2\xa4F\xdc\x05\x98\xcaVP\
\x1e\xf5\x7fU~\xca\x0e\x10Lj\xb2\x1c\xafe\xccW\
\xe7\x10\x00\x03J\x9a#\x12\x8b\xc5p\xe4\xc8\x11\xdc\x7f\
\xff\xfd\xf8 J\xa9TB(\x1426%\x1a\x8d\x22\
\x99L\xa2X,\xda\xf24&v\x15\x8bE\x14\x0a\x05\
\xf8|>c\xaa:\x9d\x0e\x96\x97\x97\xad\xed\xd5j\xd5\
\xd6\xd2G\x22\x11\xc4\xe3qlnnbnn\xce\xd6\
\xbd\xcf\xcd\xcd\xe1\xed\xb7\xdf\xc6\xdbo\xbf\x8d\xf5\xf5u\
\xac\xaf\xaf\xa3V\xab\xa1\x5c.[=\xb2\xd9,\x1e\x7f\
\xfcq|\xf9\xcb_\xee\xe9\x9f\xff\xfc\xcf\xff\xc4\xddw\
\xdf\x8dt:\x8dl6k\xdf\x8d\x8d\x8d\xf5\x84\xce\x80\
\x1d\x9a\x9f\x09k\xaac\x987\xc4\xb1\xd0\x90M\xb5Z\
5\x10\xc1\x1c\x00\xca\x1a\x8d+\x19=\xbe\xc7\x8d\xd9+\
8e?q\x5c\xc9|q\xee+P\xd0x\xbb\xb2\x19\
\x81@\xc0\x96@r\x99%\x9f\xe9\x82o\xae\x22P\x00\
O\xd6qcc\xc3\xc2\x1a\x9a\xdb\xa2\xc6\x1b\xd8I6\
\xd4P\x9f\xd6\xd3\x0do\xe9w\xaa\xf3\x95\x15\xf0\xb2;\
\xfd\xec\xd8/S\xd4\x8eh{\xbc\xec\xa1;\xef\xfb\x01\
\xb7~\xb6V\xbfSP\xa3\xef\xf0\xf9|\x08\xba\x94\xb9\
\xfb \xbd\xd8\xcb\xf3\xe8g\x94\xdd\xe2\x22-\xf7\xd9^\
\xd7\xf7\xab\x97[?6rP]\xbc\x84\x85\xcfP\xb4\
\xeb\xbe\x97\x82\xe8\xb6A\xb3\xd3]\xf0\xa1JT'\x0b\
iT\x1ag\x05\x11\x5cb\xa7\x13\x864,\x97\x5cq\
\xe9\x1f'\xb6\xd6\x8bFZ\xe9-z\xb3\x8c\xa1\x85B\
!\x8b\x81\xf2>*\x0f*'\xc6\xc8t\xf9\x0d\x8d+\
\xe3i\xec/\x86\x17\xa2\xd1(\xd2\xe94\xd2\xe94\x16\
\x16\x16p\xee\xdc9<\xfd\xf4\xd3\xb8p\xe1\x02*\x95\
\x8a\xd5\x95}\xa3K\xb4\xa8\xcc\xc9n0\x96\xed\xf3\xf9\
zb\x9e|\x86\xd2\xd1\x04\x01\xa9T\xca\x14\x09\xbdB\
f\xddk\x98\x82\x9ec(\x14\xb2\x8dN*\x95\x0a\x02\
\x81\x00\xea\xf5\xbaQ\x8e\x1c\x1b>3\x95JY\x18\xa4\
\x5c.\xa3R\xa9\x00\x80\xc5\x1ci\xcc]\xe5\x05\xf4.\
\xf3b\x08$\x9b\xcd\xda\xf6\xc9\xf1x\xdc\xc6\x96\x86\x5c\
\xc3!\xea\xc5\xb9sK\xbd\x7f7\xab\x5cA)\xbd\x1d\
]\xd5\x00\xc0</R\xfa\xeaA\xe98\x93\xd5P\xb9\
\x19\x1a\x1a\xc2\xc1\x83\x07{\x8c\xdd\x9d,[[[\xf8\
\xb7\x7f\xfb7\x1c;v\x0c\x07\x0e\x1c\xc0\xab\xaf\xbe\x8a\
X,\x86\xabW\xaf\xe2\xad\xb7\xde2f\x822LV\
\x8c\x85\x00\x931}\xb2:\xc0\x8e!\xd2>\xd5\xbd\x1b\
j\xb5\x9a\x8d\x83\x86\xda\xa6\xa6\xa6\x90H$p\xf5\xea\
U<\xfb\xec\xb3x\xe8\xa1\x87\x8c\xb2\x9f\x9d\x9d\xc5\xf5\
\xeb\xd7q\xff\xfd\xf7\xe3\xe8\xd1\xa3\xa8T*\xe8v\xbb\
8z\xf4(\x8e\x1d;\x86\xb5\xb5\xb5\x9e\x04L\x00=\
s\x8e\xff\xab\xf2\xf6\xf2F\x8b\xc5\x22*\x95\x0a\x12\x89\
\x04\x86\x87\x87\x8d\xd5\xd0\x0c}\xde\xa7!4\xca\xa1\xea\
:\xf5\xa8I\xe1\xeb\xdc\xa3\x17\x0f\xec\x84\x17\x94\xd2\xe7\
\xbd4\xe0de4WIs\x06\x08r)K\xf4\xf4\
\xd5\x19RY\xa3<+\x08\xd2z\xf3\x7f\x9d/^\x1e\
2\xbfs\xed\x98\xeaqM\xd0\xd61\xd7\xb1\x18\xe4\xf9\
\xef\x050\xb8\xb6G\xff\xd6\xfb\xbd\xc6\xdeK\x16\xbc\xde\
\xebU\x8fA\x00'\xa8Hc7c\xde\xcfP\xf7c\
\x03\xbc\x8a6\xf2v\xae\xdfk\x1d\xbc\xees;\xd7\xbd\
vP\xe7*\x92T\xcfJ\xefu\x9f\xa9\xf7h;\xe9\
\x9d\xb9\xde\xbf\x1a5\x0a\x22\x11==z\xa5\xc4h\xa0\
\x98\xe9O\xaf\x80^\x06\x9f\xaf\x7f\xd3\xa0\xa9g\xec\xae\
\xdf'H\xe1$\xd5\x10\x00\xaf\xe9t:\x96\x1f\xa0\xdb\
\xe4\xbe\xf9\xe6\x9bXZZ\xc2\xdbo\xbf\x8d\x9f\xff\xfc\
\xe7\xb8|\xf9r\xcf\xfaq\xbd\x9f\xc6[W\x17\xd0\xd3\
\x06v6\xc3!HPEF\x0f<\x12\x89`kk\
\x0b\x0b\x0b\x0b\x98\x9b\x9b\xbbe\x12\xab\x97\xabmSo\
ccc\xc3\xbeg\xdf2>\x1f\x08\x04,>\x9c\xc9\
d\x90L&\x91H$\x90J\xa5L\x09\xb3\x8e\x04G\
\xdcDD\x91\xb7\xc6\xee766P*\x95,/\x80\
\x0a\xd2\x0b\xecR\xa64~\xef\xe6\x80\xb8F\x9f\xf7\xb1\
\xbd\xee|P\xb0OJ\x99\x85\xfd\xd3/\xa7\x85IU\
4Rccc\x98\x98\x98\xf0\x9c7w\xa2\x5c\xb8p\
\x01\x0b\x0b\x0b\x96q\xafy\x19\x8c\x813[\x7f}}\
\xdd\xbcX\xed/2j\x0c\xf7p%\x07\xfb\x9f\x1e+\
\xd9\xa7B\xa1\x80r\xb9\x8cX,f\x8c\x0e\xefo6\
\x9b(\x16\x8b\x08\x04\x02x\xec\xb1\xc7\xf0\xe9O\x7f\xba\
g\xd3\x9c\xb9\xb99\xd4j5\x9c8q\x02\x95J\x05\
\xc5b\x11\xf5z\xbd\xc7\x93S\x1a\xda\x1dG\xce\x0b\x17\
\x9c\xeb\x127\x1a\xc2\x8d\x8d\x0d\xdb\xce{mm\xcdV\
\xa5\xf0\x1d\xae\x91\xa3\x8c\xaa!\xd3\xfd\x1c\xd8\x06\x97\xee\
g}\xe9\x5c\xe8\xaa\x12>\x9bu$\x80W\x10\xec\x02\
R\x8e\x0b\xf5\x1c=y:5\xcc\x1dP\xda\x9f}\xe1\
\xeaR~\xce\xbea_\xb2\xf4\xd3\xc1\xfa[\x93e\xfb\
1\x0az\xef #\xbf\x9b\x11\xde\xad\xb8\xf7\xf7\xbb\xc6\
\xcb\x81v\xafqm\xb2\x97m\xe4\xf8Y\x08`\x90\xa7\
};\x95\xbf\x9d\xd2\xafb\xfd\x9e\xdf\xaf\x8ej\xa0\xf6\
\xf2N7&\xac\xcfw\x0d\xfen\xf5V\x83\xe3U\x0f\
\xa5\x82\xf97\x0d\x1c\x95\x11\x0d\xb5K{+{\xc0z\
Q\x092\xee\x9eJ\xa5z\xe2\x93\xba\xf5.\x97K\xb1\
-\xdc\x9aW\x111\xb0\xa3(5\x06L\xa0A\xe3\xc6\
\xc9M\x85\x98L&\xd1n\xb7Q(\x14033\x83\
K\x97.\xe1\xfc\xf9\xf3\x98\x99\x991\x1aPQ;\xdf\
E\xc3\xacK\xbb\xd4[P%\xc8\xb1\x22\xcb@#\xaa\
\x0a\x94\x0a_\x91\xba\xb6O\xc1\x04\x00S\xfc\xadV\xcb\
b\xc3\x5c\xe3\x9eJ\xa5\x90\xc9d\x10\x89D\xb0\xb1\xb1\
a\xfb,\x94\xcbe\x8c\x8e\x8e\xda\x81H\x91H\xc4\x14\
F\xb7\xdb\xb5\x1c\x017k\x9am\xa7\x02\xedv\xb7)\
^n'\xcc\xfbiXU\xee\xd4S\xd2\xf1\xe7\x8fK\
u\xb2\xb8\xfd\xe7*9\xf6\xbf\x8e\x0f\xc7T\xe5\xdf\x95\
_\xd70\x8d\x8e\x8e\xe2\xec\xd9\xb3\x9e\xf3\xe3N\x94w\
\xdf}\x17\x9b\x9b\x9bfL\x99`\x1a\x89D\x10\x8dF\
M\xfe\x1b\x8d\x06VVVP\xab\xd5\xac\x9f\xb9\xa3e\
2\x99D<\x1e\xef\x09\xf3\x90m\xa3Lq\x93\xa1J\
\xa5\x82\xa5\xa5%\xac\xae\xae\xdau\x95J\x05\xab\xab\xab\
\x00`\xfbc\x8c\x8d\x8d\xe1\xc3\x1f\xfe0\x1e~\xf8a\
\xab\xeb\xe5\xcb\x97q\xe3\xc6\x0dK*\xa4\x17\xcbe\xa1\
\x94/2h\xae\xe1tA\xb8\x82\x03\x9d;j\xe0\xc8\
\xecq\xce\xaa<\xd0\xb0\xbb@\x80\x9fQ\xb6\xf4\xf9\xee\
;\x94-\xd0\xfa\xf0\x1d\xfaC\xddA\xc0\xdc\xcfp\xea\
\xbcU \xe6\x9e\x8d\xc1\xf7\xbbl\x88\xfb\x9d\x96~\xfa\
z\xb7\xcf\x08Bt\x0f\x04\xf7\xb9\x83\xca\xed8\xbf\xbb\
=\xc7\xb5s.h\xf1\xb2Y\x83\xea\xe4\xfe\xed\xf5\xd9\
\xfb:\x0b\xa0_E\xbc<\x18\xaf\xd2\xef\x9e~\xf4\x85\
*4\xaf\xef\xbd\xfew\x8d:\xb0c\xac\xbd\x92?\xd4\
\x88\xe8\xdf,\xaa\x84\x81\x1d/U\x11\xbc&\xb8\xa8a\
RA\xa6\x12\xe6\xa4Q\xf4\xa9\x09<4\x1c\xa4\xfd\xe9\
\x81\xd1\x0b\xa5\x92\xa3\x97\xceX\xbf>\x9f\xf5\xd4g6\
\x1a\x0dc\x02\xa8,H\xfbqi \x15)\x93\xd4\x98\
TE\xafacc\x03+++\xa8\xd7\xeb\xb8r\xe5\
\x0a^}\xf5U\x5c\xb9r\xc5\xe8~\xb6\x9bh\xde\x0b\
\x18\xa9\x12t=e\xf6C,\x16\xeb\xe9g\xb2\x184\
\xca\xba\xe9\x892$\x1c/\xc6z\x99\x9dLC\x07\x00\
\xe9t\xba'q\x8f\x9e\x7f(\x142\xe3O\xaf\x92\xf1\
`\x8dw\xea\x1e\x07\xc0\x0e\x85\xec\xca\x22\xc7\x91`\x84\
K8U\xf6\xa8\x08\x19\x13\xd6\xe7hN\x81\xd2\xb7\xea\
\x1d\xaa|\xab\xb2V\x05\xa2\x8a\x9d\xf7\x90\xdd\xe1\xfb5\
\x0c\xa3F\x9f\xffk\xb8(\x95J\xdd\xb2~\xfeN\x16\
\xf6;\xfb\xaeR\xa9`yy\xd9r^\x08\x9a8n\
\x94q\xeec\xc0\xad\x9bC\xa1\x901\x04\xccQa\xd8\
eee\xc5vu\xe4=\x93\x93\x93H&\x93\xb7\xcc\
\xef\xe9\xe9i\xbc\xf7\xde{\x18\x1e\x1e6\x19bI\xa7\
\xd3\x18\x19\x19\xc1\xec\xec,\xb6\xb6\xb6\xb0o\xdf>\xec\
\xdb\xb7\x0f\xd3\xd3\xd3\xb8p\xe1\x02\xfc~\x7f\xcf\xe6=\
\xec[\x8e-\xc1\x97\xe6\x99\x10t\x030p\xa8\xabo\
\x96\x96\x96\xb0\xbc\xbclI\xc0\x94\x7fe,4\xa9X\
\x0d*\x9d\x00M\x1c\xa4,P\x06\x00\xf4\xb0*,*\
k\x0c\xab\xd1\x80\xfa\xfd~\xcb\xe9i\xb5Z\xb6\x9c\x94\
\xcf\xe1;ti#\x00K\xc2%p\xd1\xf8<e\xdd\
e\xb4(#\x0a\x8a\xbc\xf4\xb6\xb2\x0e^\x0c\x81\xe6\xd0\
\xb8\xba\xdf\x050^Fw\xd0g\xfd\x9cY\xb7\x8e\xae\
}s\x9f\xa9\xf1\x7f\x05u^\xcf\xf3rf\x07\x95[\
\x18\x00/\x04\xe4\x85\xb6\xdc\xe2\x05\x0a\xfa]\xa7\xef\xea\
g\xd0\x07\xbd\xd7\xcbx\xeb\xb3\xf7\xc2$\x0c\xa2F\x80\
\x9d\x09\xe3\xb2\x05\xfc\xdb\x8bj\xd3:i\x8e\x80&\x02\
\x020\x0f\x98\x06U=0\x9d\xf8J\xa5q/r\x1a\
\x7f>\x87\xec\x01\x8d\x19\x95\x08'\x13\x8d\x07\x05\x9cT\
;\x95\xa3*w~\xce\x1d\x07\x03\x81\x00\xca\xe52Z\
\xad\x96-\xd5i6\x9bXYY\xc1\xf2\xf22\xae^\
\xbd\x8a\xe9\xe9i\xac\xac\xac\xf4d\xbf\xbbc\xe4\x8e1\
)Y&\xe5qE\x03Y\x07Nx2\x22\xa4\x09\xa9\
h\x182\xa0\xd7\xa7^\x0c\xef\xe5\xd8\x95J%D\x22\
\x11\xa4R)\xa3\x92}\xbe\x9dcI\xdd\xa48z2\
z\xda\x1f\xb0\x03\x1e5IJ\xdb\xc9}\xde\xd5(\xab\
,\xa9\xb2\xdd\xdc\xdc4\xf0B\x85K\x0fHc\xb8Z\
4~\xec\x82J\x95_eZXO\xd7;\xa4\xe2\xd5\
~\xd3\x1f\x1a8m\x0b\xfb\x07\x00FFF\xf0\x89O\
|\xc2\xe4\xf0N\x97\xf5\xf5u\x5c\xbcx\xd1\x8c!\xeb\
B#W(\x14\x90\xcdf\xb1o\xdf>\x1c:t\x08\
\x99L\xc6\x0c>\xc3;\x04\xc4|F\xa3\xd1@*\x95\
\xb2\xfd\x0d\x08\x1a\x96\x97\x97\xcd8d\xb3Yd\xb3Y\
\x03\xd1\x94\xe9H$\x82\xc7\x1f\x7f\x1c\x0f>\xf8 \xd6\
\xd7\xd7q\xfc\xf8\xf1\x9e\xfa>\xf3\xcc3XZZ\xb2\
e\x87\x85B\x01[[[\x96\xb0\xcb\xd0\x82\xbb]3\
\x8b\xb2?*C\xaa{\xf8\x99\xca\x1d\xf3nZ\xad\x96\
y\xd2d48n>\x9f\xaf\x87\x81\xd2-\x94)\x17\
\x04;\xbc\x8e\xef!\xe8`]\xf4\x1e>\xcf\x05\xbdL\
@f\xdf\x95\xcbe\xab\x07\x99I\xb2\xa0|>\xf5A\
\xb5Z5]F\xdd@\xe6\x91\xefS6@A\x81\xdb\
\xa7l\xbf~\xaf\xf5f\x9bT\x8f+\xb3\xe0\xda\x08\xd7\
9\xdcK\xe9g|]\xe3\xef>\xd35\xf0\xee}\xfd\
@\x8e\xdb\xe6~\x8c\x82\x96\xa0\x97\xb2\xd1\xf2\xcb6v\
/\xd7\x0d\x02\x04z\x9f\x0e\x86>\xab_\x87\xb9\xefp\
;\xcdk\xc0w\xeb\x8fA\xcfs\xbf\xe7\x8f\xc6\xb0\xf5\
:e\x0e\x80\x9d-\x81\x95\x8a\xa7\xb2b\xe6>ih\
\xa5\xf3\xf4\x80\x93n\xb7\xdb\xb3\xa6\x5c\xb7\x22\xe5\xa4\xe2\
\xa4u\xcf\xcb& \xa1\x91#X`\xe6}\xa7\xb3\x9d\
}\xbc\x18k\xdbV\x00\x00 \x00IDAT\xb0\xb0\
\x80\xf3\xe7\xcfczz\xda\xe2\xfc\xee8\xb9\xa8\x94?\
\x0aZ\xb4\xcfi\xbc\xa9Th\xf0\xe8a\xe8\xd9\x07l\
+=\x07\xbe\x87\xe0\x80\xed\xa1beB\x18\xf7\x0e\xe7\
\x121&\xfd\xb1\xcd\x1a\xcb\xe78p\x0c\xe8\xdd\xf0\x90\
#*\x0f\xd2\xb0\x04u\xae\xc2\x05n\xdd~\x95\xe3\xee\
&\x0e\xaa\xa1\xe6X\xe8\x0a\x03\xedG/\x99\xe3\xbd,\
\x04U*\x87\xee\x1c\xe2;U\xe6\xc8\xc0\xb8\x0c\x0d\xef\
;t\xe8\x10\x1e{\xec1\xef\x89q\x07\x0a\xd9\x177\
L\xa1m\xa4\x91-\x16\x8b\xc8f\xb3=^\xe3\xe6\xe6\
&VWW\xed([\x1e\x22\xc4\x5c\x0eeI\xe8\xc5\
\xf2\xc7\xdd\xef \x14\x0a\xe1\xe4\xc9\x93\xf8\xd0\x87>\x84\
F\xa3\x817\xdf|\xb3g\xef\x83f\xb3i\x9bE\xc5\
\xe3q[\x22\xc8\xe5\x87\x95J\xc5V(\xe89\x1c\xda\
&\xce\x03\xcd\x81Q\xc0\x05\xf4\xd2\xde\xc9d\x12\x07\x0f\
\x1e\xc4\xfe\xfd\xfb\x11\x0e\x87M\x9e\xd7\xd7\xd7\xd1\xedv\
-I\x95\xf7);\xa9zO\xf5\x9d\xca\x85\xeb\xf0\xb8\
\x80\xd0\xcdY\xa0\x5cs\xbe\xe9RY\xd5\x05\xae\x83\xc5\
\xeb\x08\x86GFF\x0c\x80snp\xcf\x12^\xcf\xb9\
\xe5:j^\xfa\x9fc\xdc\xcf\x13\xa6\x9c\xeb\xb3\xbc\x8c\
\xb1\x96\xdd\x1c\xcb\xdb-^s\xd9\xcb\xe1\xdc\xabG\xaf\
\xcf\xddK}<\xf7\x01x?\x0d\xe9WvC6\xae\
\xc0\xf5{\xbfWR\x93\xab\xcc\xf4o\xf7\xf9^\xefQ\
\xafQ\xd7\xa1\xbb\x03\xaaB\xe6\xae\xb1e\xdd\xe8E(\
M\x07\xc0<<]\x06\xc7\xc4>R\xdaD\xbd\xfa,\
\xbe;\x1e\x8f[\xecS\x93\xb0h\xb0\xe8\x013\xdb\x99\
\x0c\x00\xeb\xcf\xac\x7f\xe6\x02\xd0Hi\x1f\xb2M\xcc\x92\
\xa6\xb7\xc5\xeb\xb8v\xbd\xd3\xe9`nn\x0eW\xae\x5c\
\xc1\xf5\xeb\xd7\x8d\xf2\xf7\x1ao\xb7\xff\x15i\xeb\xcex\
\xea\xb1\xb3>\xddn\xd7\x96\x1b\xb2-\x9a\x17\xc1:\x13\
\x040.\xdc\xe9t,\x9b_\xb3\x99\xb9\x1b\x22\x93\xbd\
\xf2\xf9<*\x95J\x0f\xf0!(a\xfd\xa8\xe08f\
\xb1X\xcc\xf6Z \xc5Z*\x95\x8c\xded\x22\xe7\xc6\
\xc6\x86\xadB\xd0\xa4\x227\x16\xcf>\xe0o\xcdY\xd0\
\x15\x18\x04#4\x1cn\xdcX\xfb]\xb3\xa1]0\xed\
z@d=8^\x9a\xa3B\xf9\xa6Q\xd4\x95\x0d\xd1\
h\x14\xfb\xf6\xed\xc3\xe4\xe4$>\xa8r\xf0\xe0A\x04\
\x83\xc1\x1e\xc0G\xefUe\x92k\xfao\xdc\xb8am\
\xe25\xdc\xe4\x8am\xe7\xe6M.\xc8m\xb5Z\x08\x87\
\xc3H\xa5R8p\xe0\x00\x82\xc1 \xf6\xed\xdbg'\
!\xa6\xd3i\x9c>}\x1a\x00\x10\x8dF\xf1\xe8\xa3\x8f\
\xf6\xd45\x12\x89\xe0\x8b_\xfc\x22\xc6\xc6\xc6\xf0\xfd\xef\
\x7f\x1f\x13\x13\x13\xb6\xbc\xb6\xd1h`aa\xc1\xde\xad\
@\xd0\xef\xdf9W\x81\xf3\x93L\x902\x85\xec{\x86\
\xf7r\xb9\x1cN\x9d:\x85\x93'Obll\xcc\x18\
\x86X,f\xfa'\x1e\x8f\x1b\xe8'\xfb\xc1\xa5\xc3.\
sI}\xc4\xf7QGP'\xa9\x91W\xbd\xe6n\xa2\
C\xf9\xe1\xd2c\xe6>\xe8=\xba\x9e_\x99\x03\xeeL\
:22b\xa1\x12\x02kn\x92U\xaf\xd7\xad\x1d\x04\
\xd9d\x0fT\xaf\x02\xbd\xec+\x8bK\xa3\xb3h\xfd\x94\
\xe1p\x0d-\xbf\xeb\xe7ak_\xa8]\xd2{\xfa\x01\
\xf6\xbd\x18u\xb6\x91\x7f\xf3>\x97\x95qm\xa7\x17\xdb\
\xa0\xdf\x05\xdd\x8e\xd1\x8bv\xab\xb8WG\xb8/w\xef\
\xf5zV?\xf43\xe8>\xad\xab\xd6\xd3\xed(\xaf:\
xyA^uP\xcf@\x8b.\xf3r\x8d\x17\x07D\
=t\xdd\xb6\x95\x82Jz\x92\xc6W\x158\x95{,\
\x16\xb3\xcd>\xd8^7\xd3\x9c\x89}|.\xc7S\xd7\
\xf3\xd3\x803\xb3\x9d\x14:\x11\xb6\xc64i$77\
7m\xb3\x11f\xdb\xcf\xcc\xcc\xe0\x17\xbf\xf8\x05.]\
\xba\xd4\x93A\xae\x93\xc6\x95\x19\x17 \x90\xee\xf3\xf9|\
\xb6\xb4\xce=\x82\x93J\x84\xed%\xa5\xc8\xf89\x01\x0f\
\x13 \xc9\x04P\xf9q\x07C\x1aL>\x97\x1b\xa9h\
\xe8\x80\xf5!;@\x06\x80c\xcb\xdd\xfb\xa8\x9c4\x89\
\xb3V\xabY\xffr\xb7?\xc6y+\x95JO\xac_\
=#\x821\xf5j\x08\x022\x99\x0cb\xb1\x18\x0a\x85\
\x821\x0b\x0c\x15\xb0\x0f\x5c\xc3\xee*\x22\xafD27\
4\xe2&G\xf2zM\xfc\xa2A\xa5WM\xa3\xf5A\
\xee\xfe\xa7\xb2344dI\x9f\x00z\x14>\x8d\xa5\
\x0b\x86YweOx\x1fe\xb9R\xa9\xd8\xd8\xfa|\
\xdb\xdb\xc4\x16\x8bE,..\xe2\x17\xbf\xf8\x05\x92\xc9\
$FGG\xf1\xab\xbf\xfa\xab\xf8\xe2\x17\xbf\xd8w\xcf\
\x7f\x96\x1f\xfe\xf0\x87\xf8\xc67\xbe\x81\x8f~\xf4\xa3F\
\xbf7\x9bM\xcc\xce\xcebii\x09\xb5Z\xcd\xfa\x90\
 \x84\x86\x81F[\xe7\xad\x8e)\xff\xced28q\
\xe2\x04\x0e\x1d:d\x1bIMOO\xf7\xac8\x08\x06\
\x83\x18\x1f\x1f\xb7\xd5-\x00P\xa9T,O\x82\xb93\
\x04w\xba2@\xeb\xa3+ T\x97*[\xa0\x9ex\
<\x1e\xef\xd9k\x9f\x86\x9au\xd7e\xcf\xeapi\x0e\
\x0f\xc1;\x996\x02h.]\x06`I\xc3\xecG\x00\
\xf6l\xea?eT\xd5\xf8\xaa\x13\xa7\xf2\xed\xe5\xd0\xb9\
\xb6\xc0\xcbH\xf7sT\xbd\x9c\xd9A\x06~/\xd7\xf0\
{\x05\x18\xda.\xf7y\x83\xea\xe3~\xd7\xc3\x00\xec\xc5\
X\x0f\xfan\x10P\xe8\xf7\xac\xdd\xee\x19\xc4Fx\x0d\
\xd8n\xefrA\x03\xdf\xe7v\xae\xd6\x81BE4\xac\
^\xad\x0e\x8c{\xbfz\xacZ/*s\xc6,I\x0d\
*\x1aU\x05\xc6MHT\xb1\xbb\xed\xa7ab\xf2\x9b\
&\x8c\x01\xb0\xbd\xb0y\xadN\x02\xad+\x0d&\x93\xf0\
\xb8\x13\xdb\xcc\xcc\x0c\xdex\xe3\x0d\x5c\xb9r\xc56\xec\
\xf0\x1a\x03\xafD\x9b~\xc5\x8dy\xb3\xaf\x18\xdfWc\
\x04\xec,\x17T\xf4O\xcf])S&\x87\xd1#o\
4\x1av\xaa\x1c\x0d4\x01\x06\xb0\xe3\xfd\xfa\xfd~$\
\x12\x09\xdb\x0a\x96\xec\x01A\x86R\xf6\xf5z\x1d\xa5R\
\x09\x85B\xa1\x07\x90\x84\xc3a;\xbb\x9eF\xcaM\xa8\
c68=<*\xc9n\xb7\x8bB\xa1\x80b\xb1h\
\x1e\x9c\xe6D\x901\xa2g\xa7\xb4=\x9f\xedR\xba:\
\x0ed]h@9\xfe\xca^\xa9\xf1\xd1$0z\x84\
l\xe3\x07]\xd6\xd6\xd6\xec\xd8[\x8dGk~\x88\x1b\
\x1f\xa6G\xef:\x01\x941\xcdw\xe1\xb8\x13\xa0k\x02\
\x1a\xb7\x04\xbex\xf1\x22\xdex\xe3\x8d[b\xfeZf\
gg\xf1\xa3\x1f\xfd\x08\xfb\xf7\xef\xc7\xf1\xe3\xc7\x91N\
\xa7\x91\xcf\xe7q\xe9\xd2%\x5c\xb8p\x01KKK\xd6\
\x9f\xca0i8\x86}\xaf\x14:\x0dc$\x12\xc1\xb1\
c\xc7p\xf0\xe0A\x8c\x8f\x8f#\x99Lbmm\x0d\
\xd3\xd3\xd3X\x5c\x5c\xecYe\xc0]\x0a\xc9\xf2\x85B\
!d2\x99\x1ef,\x1a\x8d\xda\xea\x04M0\xa5>\
\xe3\x1c\xa4L\xb8\xb9.\xaa\x0f\xb5\x7f\x1b\x8d\x86\xbd\x97\
\xe0\x81\xede\x1b\xbdt\x17\xb0-gL\xd4\xect:\
\x96\xe7\xc4c\x98C\xa1\x10\xf2\xf9<|>_\x0fX\
\xdf\xda\xda\xb2\xd3F9\xaf\xbd<q\xd7\xebe}X\
\xdc\x9d@]\xa3\xdc\xcf\x8b\xef\xf7w\xbf\xd2O\x1f\xee\
v\xaf\x97}S\xbd;\xc8F\xeeV\x82\x83*\xe6U\
\xfa\x19\xe7\xbdv\x80^\xeb\xa5\xa4\x06\xdd\xa7\xf7\xf6c\
\x1d\xdcg\xf2Z\x179\x01\xbdB\xe9~\xe7\xf5\xb9K\
\xcfS)\xed\xd6vW\xf0Ui\xa9\x02R/\x8cY\
\xd9\xf4x9\x11h\x10\x94\x99P\xe4\xcb86\x95%\
\x916\xb0\x93|H\x8fR'4'2\xe3\x9eD\xec\
\xcdf\x13\xf3\xf3\xf3x\xfb\xed\xb7-\xd3\xdfkR\xbb\
\x08{\xb7\xa2^\xbd;\x0e\xaa\x90\xd8n\xf5\x96\xba\xdd\
\xed\xb5\xfc<X\x88\x1b\x17i\x98\x88\xcf`;\x00\xd8\
\xe6)\xca\xbc\xf0yjh#\x91\x88-\xa9\xe4\x18Q\
\xc9u:\xdb\x87\xe5,//cee\xc5\x14\x0f\x0d\
\x0f\xc35\xa9T\x0a\x81@\xc0\xbc?\x8e7\x95\x8cz\
_\xeay\x93}`\xdd\xe8\x05QQk{\xbc\x12\x0e\
)\xeb\xeex\xb8\x9e\x9c\x17\xf8\xd3\x5c\x0f\x00Vw\xca\
O \x10\xf8@7\xffa\x99\x9b\x9b\xc3\xfc\xfc|O\
~\x06\xb0c()\xeb\xea9k\x1f\xf3\x1az\xda\xee\
5:\xd6\xf4\x96]\xe0^\xa9Tp\xe9\xd2%|\xef\
{\xdfC\xb3\xd9\xc4\xa7>\xf5)[\x22\xca\xbey\xe6\
\x99g\xf0\xf4\xd3O\xe3\xfc\xf9\xf3\xf8\xfc\xe7?\x8f\xbb\
\xef\xbe\x1b\xb9\x5c\x0e\x8dF\x03KKK\x98\x9d\x9d\xb5\
\xb9\xe0\x860]/\x95\xf2\xae\xf5\x18\x1d\x1d\xc5\x89\x13\
'p\xf0\xe0Ad2\x19lnnbyy\x19\x97\
.]\xc2\xdc\xdc\x1c\xaa\xd5j\x0fC\xb2\xbe\xben!\
C2V\xf1x\x1c\xa9T\x0a>\xdf6c\xb5\xb8\xb8\
h\x9bRq7A7\xc9\x8e\xbaR\xf3/t\x9e\xb3\
\xef\xd86\xcee\x95)\xca\xa3\xeb\x5c\x01\xf0t@\xc8\
\xe0P\x97\xb9^=\xbfs\xbdwM\xae\xe6\xfb\x00\xf4\
\x80Y\xd6\x93\x0c\x10\x81\xbc\xca\xbe;\x0f\xbd\x9cEW\
\xd7y\xd9@\xed\x17-j\xafv\xb3s{q\x96\xfb\
\xbd\xc3\xab^\x83J\xcf*\x80A\x8a{P\xe5\xd4\xb8\
j\x87\xeb\xf5^\xf7{\xdd\xe3\xd5\xa9\xaeq\xd6\xfbu\
r\xf7k\xb4;\x80\xees\x95\xea\x02p\x8b\xe2\xa1q\
V\x84\xa8\xf5u=\x7f\x05\x0c\xfd\xea\xab\xf5\xd2\xb86\
\xe3\xd9\x89D\xc2b\xd7\x5c\xfb\xafT7\x153\xbf'\
m\xce\x04\xb5nw'f\xca\xe4\xb5V\xabe\x94;\
\xef#\xf2-\x95J\xa6\x0c\x99\x8cX(\x140??\
\x8f\x0b\x17.\xdc\x92\xf07\x08\xfc\xa9,\xe9\xf80\x89\
Q\xd7\xff\xbbJ\x8fma\xff\xd3(2\x16\xae^\x0a\
w\xf3\xab\xd7\xeb\xb6\xde[\x8d\xb6z}L\x9edX\
\x85c\xca3\x0e\xd4{\xe1\xb2J\x9f\xcfg\x0aVW\
V\x94J%\xe4\xf3y\xdb\x89\x8e\xdf\xb3\xdd\xa9T\x0a\
\xc9d\xd2\x12\xd5\xb8u\xb2z\xaf4\xb4\xaa\x90\x5c\xcf\
\x83\x7fk\x12'\x81\x8e.\xcbc\xd1\x18\xaf;\x06\x0a\
\x004\xae\xab@\xb1\xdb\xed\x1a\xbdJ\xaa\x9f\xdfml\
l\xe0\xf8\xf1\xe38v\xec\x18>\xfd\xe9O{\xce\xb3\
;U\xfe\xe7\x7f\xfe\x07\xf9|\xbe';^\x7f\x14\x08\
\xb4Z\xad\x1e\xc6\x0b\x801\x14\x0a|h\xec9g\x14\
$s^r\x1c\xd8\x97+++\xa8T*8\x7f\xfe\
<\xbe\xf9\xcdo\xda\x09\x7f\x8dF\x03kkk\xc8\xe7\
\xf3(\x16\x8b8r\xe4\x88m\xcc\x13\x0c\x06\x91\xcdf\
199\x89P(\x84R\xa9\xd4\xf3\x1e>\x9bc\xca\
\xb0\x12=_2\x1b\x81@\x00O>\xf9$\xce\x9c9\
\x03\x9f\xcf\x87+W\xae\xe0\x9dw\xde\xb1\xdd5\xc9\x22\
*\xabCy]XX@>\x9f\xb7\xd3\x0e\xb9t5\
\x1a\x8d\xe2\xf0\xe1\xed3\x0a\xa2\xd1(J\xa5\x92\xc5\xd8\
\xb9?\x05\xf7\xb8p\xd9 =\x82\xdc-\x94/]M\
\xa0\x89\xc8.+H\x03\xcfyF\xd9\xe7\xdcd\xa8\x89\
,P\xa1P\xb0P \xb0\xa3\x8f}>\x9f\x01\x18\x9d\
?\x81\xc0\xf6)\xa3\xd4#\x94\x17]\x9e\xc8\xf1\xd7\xd0\
\x91\xb2C\x0a6(K^`\x9am\xd2\xef\xf9\xb9.\
-\xecWt\x9e\xba:s7\xdb\xa9\xc5\x05*^\xef\
q\x9f\x01\xfc\x1f\x00\xb0\x17\xa5>\xe8\xe5\xfc~P\x85\
\xfb\xbd\xa3\x9f\xf1\xe0\xa4\xf4z\xbf\x22T\x17 x\xd5\
\xdb}\x96\xdb\x0e*\x15M\x8ab\x1c\x8c\xf7\xaa\xd2\xe4\
{u\x82x\x09\x80\xeb\xd1\xaa`h]\xf5\xfbf\xb3\
\xd9Sgz\xa2\x9a\xf1\xae;\xdc\xb9\x94-\x0d\x9e\x1e\
U\xab\xc93\xa4\x91#\x91\x08\xba\xdd\xae%\xacq[\
_R\xecT$o\xbf\xfd6n\xdc\xb8a\xc6\xcem\
\xa7\x97\x5ch\x9f\xb8\x1e\x8e\xc6\xb0\xa9$\x5c/\x89\x0a\
D\x01\x8f\xbb\xc6\x1f\x80\xad\x81\x1e\x1e\x1e\xc6\xd8\xd8\x18\
\xd2\xe9\xb4\xf5C\xa3\xd1\xb0$=\x05\x14\x9b\x9b\x9b\x06\
\xae\xa8\xec5g@\x8d!A\x14\x15R>\x9f\xc7\xdc\
\xdc\x1c\x16\x17\x17\xcd\xf3WFB\x0d\x88\x1eqZ,\
\x16{6IQ/Ve\x81\xe3\xa3r\xa6+\x14t\
\x19\x95\xcb<\xe9\xfdn\x7f\xea\xfc\xe0\xf3)s\xac\x07\
\xafa\x98E\x81\xdb\xd6\xd6\x96\x85[\x1e|\xf0A\x9c\
:u\xea\x96\xb9t\xa7\xca\xf2\xf22\xbe\xfd\xedo\xf7\
$\xd3\xb2\xcf\xd86\xc6\xc9]\xc3\xed\xea\x16\xce\x0d\x1d\
S\x9d\xd7\xfa\xbd\x0b\x18i\xd4(\x8b\x95J\x05\x0b\x0b\
\x0b=\xcb\xd7\xf8\x8e\x5c.\x87\xc9\xc9ILLL \
\x16\x8bayy\x19\xd7\xaf_7\x8f\xbc\x5c.\xf7<\
\x9bc\xc5\xb0J<\x1eG6\x9b\xb5S;\x03\x81\x00\
\xc6\xc7\xc7q\xfa\xf4iLLL\xe0\xf2\xe5\xcbx\xe7\
\x9dw\xf0\xce;\xef\x00\xd8\xce\x0d\xa2\xc7\xadK\x0b\xd5\
\x08&\x93I\x0c\x0f\x0fc\xdf\xbe}6/\x0e\x1e<\
h{]\xb4\xdbmc\xb2\x98\x031??\x8f\xd9\xd9\
Y\xebO\xca\x05e\x82\xbaGC\x85\x04\xcd\xae\xfcr\
\xb9\xa1\xce\x7f\x1d\xcbn\xb7\x8bF\xa3\xd1\xc3\xee4\x9b\
M\xcbQ\xa0.\xd4\x15\x05\x94E\xca1\xc7MY\x03\
n\xa9N&Nu\x10\xef\x0f\x06\x83\xb6:JW]\
\xe9\xbc\xd3\xf9\xa2L\x13\xe7\x96n\xd8\xe6\x1a\xdf~\xb6\
\xd3\x0b\x08x}\xa6l\x96\x17\x00q\xef\xef\xe7 \xef\
\xf6\x9enw\xc0q\xc0\xbb\xd1\x11\x83\xbe\x1bt\xcf^\
\x8a\x17\x10\x19d\xe0\xf5>/\x16B\xbf\xd7\xef\xf4\xb7\
\x0e\xb0\x0a.\xbfw\x05D\xc1\x87\xfbn\xad\x9b\xb6\xc5\
\x05\x13n\xbd\x89\xa2\xb9\x99\x86K\xf7s\xe2Q\xb1\xeb\
$U\x14Le\xa9\xf7\x01;\xfb\x06\x00;a\x03\x02\
\x00n\x92R\xaf\xd7-!\xea\xda\xb5kXXX0\
P\xe2\xf6\xf9n\x82\xef\x1a\x1e]\x06\xa5K\xdb\xdc{\
4\xe6M\x8f\x84\x1e\x13\x91:Y\x92d2\x89l6\
\x8b\xb1\xb11\xc4\xe3q\xd4\xebu[\x0b\xceC\x5c\x80\
\x1d/\x85\x0c\x8b\x1a\x13\x82%\xbe\x8f\x89GT\xae\xcc\
B.\x14\x0a\xc8\xe7\xf3f\xcc\xd9.m+=\x0a&\
g\x06\x83\xc1\x9e\x1d\xdbX\x7fm\x1f=R\xc6\xa0\x15\
\x8c\x10\x94\x92\xa9\xd1\x15\x00\xbc\x86\xcaM\x0d\x80\x17\xfb\
\xe4\x82QW\xfe\xf9=\x19\x1a\xcd\xcd\x88F\xa38y\
\xf2$\xbe\xf4\xa5/\xdd2\xaf\xeed\xf9\xfa\xd7\xbf\x8e\
w\xdey\xa7\xa7\xaft>\xba\xf5\xd6\xfe\xa0\x11w\xdb\
\xabI\x82\x9c\x1b\x0a\x9cU\xc1\xbb\x8a\x9e\xcf\xeetv\
\x0e\xcd\xf1\xf9\xb6Y5\x1at\x02P&\x0b\xd2\xb0\x12\
\xb0i_\x02\xdb2\x93H$l\x0f\x83\xd1\xd1Qt\
\xbb]3^\xadV\x0b\x93\x93\x93\x88\xc7\xe3X]]\
\xc5\xc5\x8b\x17\xd1\xe9t\xb0\x7f\xff~\x94\xcbe;\xcc\
*\x12\x89\xa0V\xab\x19\xf0\xcfd28|\xf80\xb2\
\xd9,\xa2\xd1(\x8e\x1d;\x86\xa9\xa9)\xdb\xdc\xab\xd9\
lbxx\xd8\x982]VW\xaf\xd7q\xed\xda5\
\xbc\xfc\xf2\xcb\xb8t\xe9\x92\x01~\xad\xb3\xae<\xf1r\
|\x94\xbag\xdf\xa8\xf1U\xb0\xa9\x1bx1d\xe6\xf7\
\xef\x1cf\xc4\xbc\x00\xb2<t\x00\x14xi\xfd\x22\x91\
\x08\x12\x89\x04\x12\x89\x84-\xf7\xd4\xcd\x9c\xf4|\x02\xf5\
\xf2#\x91\x88\xed\xf9\xe1\xce!\x8e\x1d\x8bW\x18\xc7\x0b\
\x88k\xbfh\xf1\xd2\x91\x83\x8ak#v\xbbF\x8b\xd7\
\xfb\xbd\xee\xb5\x1c\x00\xbdQ?\xeb\xe7\xcd\xbb\xa8\xa3\x9f\
\xc1\xedwo\xbf\x0a\xef\xd6 \xa5_\xbc:\xc8\xeb3\
\x9d\xd0\xfa\x99;\xa0\x9a\xd4\xe7\xbe[\x97\xe7\xb8\xcf\xd2\
w\xb0\x0d\xda\x16\x1a\x17\xa5\xcax-W\x030\xee\xce\
\x0dL\x98\xc8\xa6 \x80\x9b}PPu\xe9 \x15\x17\
W\x04\xd0`\x02\xb0\x84\xbeh4\x8aP(\x84j\xb5\
\x8aj\xb5\x8aN\xa7c'\x8a1\xde\x9b\xcf\xe71=\
=\x8d\x99\x99\x19\x94\xcb\xe5[\x12\x85\xbc\xc6\xd1k\x9c\
\xb5\xfd\xbaMq \x100e\xe4\xc6\xb0\xe9\x15\xd1H\
\x93\xe9\xa0\xc1&`\x18\x1a\x1aB6\x9b\xc5\xe8\xe8(\
2\x99\x0c\xe2\xf1\xb8m\xc4\xd3h4P.\x97MQ\
\xea\x81$l\x87\x1e!\xac\x1e1C(\x5c\x8aD\xaa\
\xb0R\xa9X?q\x8ctkd2\x0c.\x08\xe4\x92\
L\x9e:\xa8\x0a\x86\xb1Y\xf6\x89\xc6@)k\x8c\xc9\
3\xacQ\xadV\x91\xcf\xe7-a\x8a\x8a\xd6}/\xfb\
Q\x15\xaf\x1aC\x05\x13\xaea\x22Hd\xa2\x22\xb0}\
\xa2\xdd\xe9\xd3\xa7\xf1\xd9\xcf~\x16\x99L\x06\x1fT\xf9\
\xc1\x0f~\x80\x7f\xff\xf7\x7f7\xa3N\x05\xbb\xb9\xb9\xd9\
\x93\x19N\xc0\xc6\x15-l\xaf\x82sM\x98d\xb2\xa5\
\xdf\xef\xb7\xfe\xe6\x9c&\xb8\xe5<\xd3\xd8\xb3W\x98@\
A\x11\xc71\x93\xc9`||\xdc\xda\xc1%\xac\x04\x8b\
\x94[\xcas&\x93\xc1\xc7>\xf61|\xe5+_\xc1\
\xc4\xc4\x04\x82\xc1 j\xb5\x1a\xae\x5c\xb9\x82\x95\x95\x15\
\xdcs\xcf=\x18\x1b\x1b\xc3;\xef\xbc\x83k\xd7\xaea\
||\x1c\xb1X\x0c333\xb6J\x87\x89\xaf\xf4\x80\
\xa7\xa6\xa6\xf0\xe8\xa3\x8f\xe2\xc9'\x9f\xc4\xe1\xc3\x87\xb1\
\xbe\xbe\x8e\xd5\xd5U\xdbr\x9b\x948\x0d\xdd\xea\xea*\
\xfc~?\xd2\xe94\x92\xc9\xa4\x8d\xeb\xea\xea*\xd6\xd6\
\xd6lo\x01\x86#\x80\x1d\x80\xc5\xdc$\x05d\x1a\x8f\
\xa7\xe7\xae9J\x1c#\xce\x0b\x86\xe1\xa2\xd1(FF\
Fl\xe31\x86\xd8J\xa5R\xcff\x5c\xae\xf3\xa3\xe3\
\x1c\x8f\xc7m{\xf4\xb1\xb11$\x93I\xbb\x86\x85\xfa\
\xaa\xd5j\xf5\x00s=p\x8d\xb2\xc4z\x03\xb7\xe6\x86\
(\x08wm\x8dkg\x069\xabz\xdfn\xd7\xec\x06\
\x1a\xfa9_{\xb9\xceB\x00\xae'\xe7e`\xfb}\
\xe6*\xfeA\x15\xf5*\x8a\x9a\x5c \xe0U\xafAE\
\x81\x82\x17E\xaf\xa8\xcd\x0d!\xb8\xa8R\xdf\xcf\xeb\xdd\
\xf7\xe8\xffJ\xa5\xea5\xfal\xfeP\x19\x13\x9d\xf2\xd9\
\xdc\x09\x90\x13\x5c\xe3\xd1\xbcN\x8d\xa5\xb6\x89\xf19f\
\xc6r\x89\x0c\x0fB\xd1\x8dq\xa8HX\x9fr\xb9\x8c\
\xb5\xb55\x5c\xbe|\x19sss\x06.\xfa\x818\xb7\
\xcf\xfb\x01;Nr\x1e\x1eDJU\x01\x80\xde\xcf\xb6\
\xd3\x8bVO\x9a\xca\x9a\xd9\xf9\x04J\x9c\xd8\x5c?\xac\
@\x8e\xca\x8a\x80\x88J\x9e\xb9\x12<\xa2\x97\x9e\x94\xd2\
\xf2:\xf1y\x1f\xeb\xab^\xbc\xcf\xe7C*\x95\xc2\x89\
\x13'\xf0\xc8#\x8f\xe0\xde{\xef\xc5\xc4\xc4\x04\xd2\xe9\
4\x86\x87\x87\x91N\xa7\x0d\xa0Q!{\x15\xd2\xcc\x95\
J\xc5h\xe5~\xd7.,,\xe0G?\xfa\x11~\xf2\
\x93\x9f`ff\xc6\x8e\xae\xd5\xfd&t\xce\xa8\xecj\
hAe\x9e\xca^\xb3\xed\x83\xc1 \xa6\xa6\xa6\xf0\xd0\
C\x0f\xe1s\x9f\xfb\x9cg]\xeeDy\xf7\xddw\xf1\
\x97\x7f\xf9\x97\xa8V\xab6\xa6\x1a*Q\xc0N\x06F\
\x19\x12\xde\xc31'\x8d\xad\xabL\x18:\xa0wK\x80\
\xa6\xb1j\xae\x96\xe1\xf5dC\x80\xde\x98.\xfb(\x97\
\xcb\xe1\xd0\xa1C8t\xe8\x90\xb5\xa5X,\xda\x0e\x94\
\x94\x91x<nm\xf8\x95_\xf9\x15<\xfe\xf8\xe3x\
\xf8\xe1\x87\x91H$\xf0\xea\xab\xaf\xe2\xda\xb5k\x98\x9f\
\x9f\xc7\xe6\xe6&.^\xbc\x88\xd5\xd5ULOO\xdb\
\x1a\xf9T*\x85v{{?\x80X,\x86\xc5\xc5E\
\xeb\x87t:\x8d\xb3g\xcf\xe2\x13\x9f\xf8\x04\x1e}\xf4\
QD\xa3Q\x5c\xbbv\x0d\xf9|\xde\xc6\xb6T*\x19\
\xe5\xbd\xb1\xb1\x81t:\x8d\xa1\xa1!\x94\xcbe\xcc\xcc\
\xcc\xd89\x08\xadV\x0b\xa7N\x9d2p\xb4\xb2\xb2\x82\
B\xa1`\xfaB\x01%\xe72\x80\x9e\x98\xba\x8e\x0b\xb0\
\xa3\x87T\x1eu\x87M\xd61\x10\x08\x18`\xe2RS\
e\xfe\xa8\xd3\x15\xd0RGf\xb3Y\xa4\xd3i\xf8|\
>\xac\xac\xac\x18\x98en\x0e\xc7\x99\x1b'\xf9\xfd~\
\xd4j5\xdb4)\x12\x89\xa0^\xaf\xf7\x00k`'\
?\x8bm\x03n\xb5S\x9c+\x0aN\xf6\x92\x1c\xee\xda\
\xcd~\xd7\xbb\xb6\xf7vX\x04\x9d7^z;\xa8\xff\
\x0c\xaa +\xa2\x9f\xbf\x1f\xb4\xa2\xd7yQ$\xfa{\
\xb7w\x0db.\xbc\x90\x98&\x90\xe93\x5c\x0fjP\
[t0\xbc\xee\xf5\xf2\x92)$4\xda\x9a\x85\xcc\x89\
A\x05D\xa3\xc8\xebi`\xda\xed\xb6m\xd0\xa1\x9e3\
\x19\x01\xa2j\x82\x01\x00\xc6 0\xf6\xcd\xe5{\x04\x0a\
<Nt~~\x1e7o\xde\xc4\xcd\x9b7m\xb2\xf7\
k\x7f\xbf\xbeq\xd1/\x15\x15c\x9a\x8a\x9c5\xa3\x97\
\xf7h{\xb9\x1b\x1b?S\x0a0\x12\x89 \x97\xcb!\
\x97\xcb\xd9\xe6?\xc5b\xd1\xbcu\xee\xed\xce\xe4>\xdd\
\xd1\x0f\x80\x01*\x82!R\xbb^\xc9sj\xfc\x03\x81\
\xed\xbd\xe2\xa7\xa6\xa6066f\xdb\xe0\xd2h\x0e\x0f\
\x0f\xe3\xc8\x91#\xb8\xf7\xde{q\xf0\xe0A\x93\x83\xad\
\xad-\xac\xaf\xaf\x9bW\xc4x\xaf&k29\x93\xb9\
\x02\xedv\x1b\xa5R\x09\xf1x\x1c###\xb70U\
\xc0\xb6W\xfe\x85/|\x01\xf7\xdf\x7f?._\xbe\x8c\
\xb7\xdez\x0b\xaf\xbc\xf2\x0a\xae]\xbbfl\x07\x0d\x95\
\xca\x11?\xebvw\x92D\x95\xa2\xa6\xfc\xf0\xe7\xf0\xe1\
\xc38t\xe8\x10N\x9c8\xe1Y\x8f;QJ\xa5\x12\
\xfe\xfc\xcf\xff\x1cW\xaf^\x05\xb0\xc3\xc4irV\xbd\
^\xb7D4\x8e\x0f\xeb\xec\xb5\xe7\xbd~\xee\xaei\xa7\
|\xeb2JeL\xf8,&\xcb*\x00`a?r\
Kb-\xb5Z\xcd\x92S)\xbb\xd5j\x15\xc3\xc3\xc3\
8u\xea\x14>\xf2\x91\x8f\xd8\xa6C>\x9f\x0f\xfb\xf6\
\xed\xb3\x8d\xa9\xb8\xcc\xb6^\xaf#\x10\x08\xa0T*\x99\
\xc1\xf2\xf9|\x88\xc5b\xa8T*v\x9eA\xab\xd5\xc2\
\x89\x13'p\xe0\xc0\x01\xdb\x81\x90\x00/\x93\xc9`c\
c\x03\xab\xab\xab\xa6\xfb8\x8f\xd8\xceJ\xa5\x82\xb5\xb5\
5\xac\xad\xad\xa1T*\xa1\xd5\xda\xde\xf6\x9b\xa1\x89\xe1\
\xe1a\xe4\xf3y\xac\xae\xae\xf6\xe4\xecp\xae\x11(p\
~\x93\x05p\x9d)e\x0a\xc8\xc0%\x12\x09;\xab\x83\
\xc9y\xdc?Cc\xf4\xaa\x13\xc9\x8c\xc5\xe3q\xa4\xd3\
i\xa3\xfd\xd9n\xde\xa7s\x9e\xac#\xef\xa7N\xe9v\
\xbbv\x22\xa4\xca?\xffV\x1d\xe5&\x05z\x85\xd2(\
\x7f\xaa\x9f\xd9v\xaf\xd2\xcf\xce\xf5c\x05\xbctn?\
\xef\x7f\x90\xc3\xa6\xd7\xed\xe90\xa0~\x86z/\xd4\x84\
W\x85\xf9\xdd \x03\xce\xcf\xf4s\xd7\xb3\xf6z.\x95\
:\x8d\xae\xfbN\xad\xdb\xa0N\xe2\xfdn=\xb4.^\
`C\xdf\xa1\xb1~5$\x8c\xf5\xb1\x9e4F\xbcG\
\x93\xd6\xd4\x1b\xe1~\xfcL\xd4\xa3B\xd0\x13\xff\xdc\xfe\
%\x9d\xc9\xc9D/\x9a\x93\xa6\xd1h\xe0\xe6\xcd\x9b\xb8\
z\xf5*\xaa\xd5\xea-B\xae\xfd\xd9\xaf\xaf\xb4\xfd\xa4\
\xd8\xf5\xc0\x1c\xcd\x0a&\xed\xe6e\xfc\xf97\xa9\xef@\
 `L\x01\x95\x02\x95\x07\xfb\x8f\xeb\xf1\x99<\xc4\xeb\
\x94zU\xd6\x85\x94:\xbd\x0d2.:>\xea\xe9Q\
\x91\x1e?~\x1cg\xce\x9c\xc1\xddw\xdf\x8dt:m\
u\xa2\xf2`\x08\xa1\xddncaa\xc1N\x19\xe4r\
\xcej\xb5\x0a\x00\xb6\x1f=\x93\xea\xf8\xae\x8d\x8d\x0d\xcb\
\xfd\xe0\x8a\x8c\x95\x95\x15\xab+\xc3\x1e\xa4K\x83\xc1 \
FFF022\x82\x07\x1ex\x00\x9f\xfc\xe4'q\
\xee\xdc9\xbc\xf4\xd2K\xb8q\xe3\x06\xca\xe5\xb2\x01 \
=v\x98'\xdf\xd1H\xa8\xccP\xd9r\x5cFFF\
p\xe6\xcc\x19|\xf4\xa3\x1f\xc5#\x8f<\x82\x0f\xaa|\
\xfd\xeb_\xc7\x9bo\xbei`\x16\xe8\xdd\xe0\x88^\xbc\
\xebU\xd1\x0b\xd7\xadj\xa9\xf8\xbdt\x96\xb2p\x1ck\
\x95oR\xd0\xee\x069\xedv\xdb\x92\xbe4\x8e\x1d\x89\
D\x90\xcdfo9\x14\x89gL\xb0\xdfy/w\x19\
\x9c\x98\x98@8\x1c\xb6})\xe8i/,,`u\
u\x15\x8dF\x03\x8b\x8b\x8b\x88\xc5b\xc6V0\xa6\x9d\
H$\x0c\x00\xd0\xe0NMMY\xa2_\xb1X4\xc3\
>??\x8fZ\xadf\xd9\xf4l?C#\xa4\xe9\xa9\
\x1f\xc8\x16\x92\x15\x03\xb6=\xe3\x89\x89\x09\x8c\x8d\x8d\xd9\
\x86C\xddn\xd7\x8eGn4\x1a\xc6\x94h\x8e\x05u\
\x0b\x81&\xc7\x87:\x82G\x8a\xebAN\x5c\x81Cp\
\xa5y\x04\x1c\xf7X,f9\x17ccc\xc8d2\
\x06\x985d\xc99\xa5\x1b+\xa9>\x04vt2\xf5\
\x1c\x1d3\x0d-iN\x09\xef\xe1\xe7\xeal\xf1Yn\
XS\x997-\xfd\x0c\xbd\x17\x8b\xda\xef;\xd7\x9e\xf1\
:\xd7V\xb9\xcf\xd1\xcf\xf7\xb4\x0f@?Ox7\xda\
b\xb7\xcf\xf4^7\xb6\xefu\xbf\x17H\xd0z\xb8\x86\
^Q\x9d*\x80A C\x7f\xbb\xa8L\xdf\xe5\x05\x1e\
\x5cV@A\x04\x15\x95\x1er\xc1\x09\xc7x\xb7z1\
\xba\xd9\x0d\xe9{\xd2f\xbc\x9fB\xa8\xa7k)\xdb@\
\x83H\x0a\x92\x93\xadR\xa9`}}\xdd\x94\x0e\x0f\xf3\
q\xc7\xb3_H\xc4\xf5\x94\xd43\x0c\x87\xc3\xc8f\xb3\
\x16\x87S:\xb9R\xa9\xd8\xa1(n\x7f\xabw\xc6\xf0\
\x03c{<\xe4\xa4\xdb\xedZr\x10\xdfM\x83\xc6$\
:]K\xccg\xeb\xf8\x91\x81\xd0\x0d{4C\x9f\x85\
}y\xd7]w\xe1\xa9\xa7\x9e\xc2\xe3\x8f?\x8eP(\
\x84\xf9\xf9y\x5c\xbf~\x1d+++\xe6\x9d\xf1]\xa3\
\xa3\xa38y\xf2$&''122bcB\xd6\
&\x91H\xf4\xb0\x07\xa4/\xd9&z\x9cccc=\
 \x901\xefz\xbd\x8er\xb9\x0c\xbf\xdfo\x09\x8f\xeb\
\xeb\xeb\x18\x1a\x1aB&\x93\xc1g?\xfbY|\xf6\xb3\
\x9f\xc5\xa0R,\x16\xf1\xec\xb3\xcf\xe2\xe9\xa7\x9f\xc6\xc5\
\x8b\x17-\x09\x94K<\xe9\x95\xb6Z-\x1c=z\x14\
'O\x9e\xc4\x993g\xb0\x7f\xff\xfe\x81\xcf}\xbf\xe5\
{\xdf\xfb\x1e^|\xf1E\xdb\xa4FO\xb1SYf\
\x5c]Y4\x00=q\xdbNg{9&\xb7\x90\xa6\
\xf1a\x1f\xab\x01\xa7\x91\xa2,2\xd9L\xf5\x03\xe7*\
\x8d\x8a\xbb\xc2\x22\x18\x0c\x22\x97\xcb\xe1\xd8\xb1c=m\
:y\xf2$\xde|\xf3M\xbc\xf1\xc6\x1bV\xafP(\
d\xc7w\x07\x02\x01\x8c\x8d\x8d\xa1Z\xad\xa2^\xaf\xe3\
\xf5\xd7_\xc7\x7f\xfc\xc7\x7f\xd8\xb8\xcf\xcd\xcd\xe1\xfa\xf5\
\xeb\x06\xf2FGG\xcdh2TE \xc9-\x80C\
\xa1\x90\xedp\xb8\xbe\xbe\x8ew\xdey\x07o\xbd\xf5\x16\
J\xa5\x12\x80\xed\xbc\x03>\xbfT*\xe1\xe6\xcd\x9bH\
\xa7\xd3\x18\x1d\x1dE\x22\x91\xc0\xc4\xc4\x04\xfc\xfe\xedd\
Tz\xd1<\x029\x97\xcbahh\x08\xb1X\x0c\xab\
\xab\xab6\x8f\x12\x89\x84\xc9\x0e\xe9t\xbf\xdf\x8fd2\
i\xcc\x17\xe7;\xfb\x90s\xb4\xd1hXX\x84\xc6\x93\
\xb9>d\x22\x08\xcc\xb8\x09\x17\x13v\x87\x87\x87\x91\xcd\
f\xad?\xe8\x04\x90\xd9\xa4N\xd4\x04D>\x8f\xe0\x82\
s\x0b\xd8^\xb1\x13\x89D\x0c\x00k\x86?e\x82z\
C\xe3\xff\x1a\x9e\xe25Z\x5c\xbb\xa0`\xc0\xcb\xd6\xf4\
\xb3\x99\xae\xec\xe9s]\xe7\xd7\xbd\xaf\x9fmc\x09z\
UjP\xe9\xf72\xb7\xd1\xfd*6\xe8\x1e-\xfd\x90\
\xcc \xe3\xeb~\xef\x1al\xaf\xef\xdcN\xd4\xba\xab\x12\
\x1a\xd4f^\xa34\xa3k\x90)\xbc\xdc\xc9\x8a\x0a$\
\x1a\x8d\xf6\x00\x00\x0a\x12\x91:)t\xfe\xf0y\xa4\x90\
uY\x92\xd6\x89Tr8\x1c\xc6\xf0\xf0\xb0!\xfbR\
\xa9\x84\xf5\xf5u\xe4\xf3y[/\xcc\xf8\x9d\x02$/\
\x0f]\xe3\xe3\xba~\x96\x9eu<\x1e\xb7x\xbd\xee#\
\xce\xf7\xd6j\xb5\x1ejN\xd14\x8d\x0fc\x9e\xc9d\
\xd2v6# *\x95J\xe8v\xbb\x96C\xc0v\x92\
\xee\xa7\xf7\xe6&s\xf2\xd9\xcc\xf0\xeft:v\x18\x10\
iZ^\xab\xc0krr\x12\xa7O\x9fF\x22\x91\xc0\
\xc2\xc2\x82\x19\xe1X,\x86\xfd\xfb\xf7\xdb\xe1%L\xb2\
J$\x12\x18\x1d\x1d\xc5\xc8\xc8\x08\xba\xdd\xed\x5c\x85\xb1\
\xb11{.\xcf\xa7weV\xfb^e\x22\x16\x8b\xf5\
dK\x13\x18\xe9\xd6\xc0|\x0e\x97;2V\x0b\xec\x1c\
\xe7\xacexx\x18O=\xf5\x14\x9ez\xea)\xfb\xec\
\xef\xff\xfe\xef\xf1\x8do|\x03\xeb\xeb\xeb\xd6\x87\xa3\xa3\
\xa38~\xfc8N\x9e<\x89\xfb\xee\xbb\x0fw\xbaT\
\xabU\xfc\xdd\xdf\xfd\x1d^}\xf5UT\xab\xd5\x9e\xa4\
=\xb2\x5c\x1cc\x95K\xca\x0f\x8f\xc3&\xe0#SD\
\x8fTc\xb7*gd\xa3\xd8g\x9c\x8b\x94g\x026\
\xf6\xa52\x03\xf4H\xf9\xae\xbb\xee\xba\x0b\x87\x0e\x1d\xea\
Y\x85\xf0\xec\xb3\xcf\xe2\xfc\xf9\xf3x\xed\xb5\xd7\x8c\x81\
\x89\xc5b\x18\x1b\x1b3&ebb\x02\xb3\xb3\xb3\xa8\
\xd5j\xb8x\xf1\x22\xea\xf5:\x9ex\xe2\x09\x5c\xbe|\
\x19?\xfb\xd9\xcf077\x87r\xb9\x8cnw\xfbH\
\xe4\xa5\xa5%KzM&\x93\xd6/d\x98\xb8\x82\xe7\
\xfc\xf9\xf3\xa8\xd5j(\x16\x8b\xf0\xf9\xb6s\x038\xfe\
\x13\x13\x13\x18\x1d\x1d\xb5}@\x00\xe0\xd2\xa5K8\x7f\
\xfe\xbc\x9d\x94\xc9\x9d\x06\x09(H\x87\xe7\xf3y\xcb\x8f\
 \xa3\xa1\xbb\x97r\xff\x02\xea9\xe6Y\xb0\xb0/\x99\
_\xa2\x9e8O\xfec\x0e\x8f\xea\x1fM\x1a\xa4\xae\xcb\
f\xb3\x96\x0f\xc1\xdd\x0c\x994\xe8\xe6-)\xb0%\xa3\
C\xe0G\xf6C\xf3}\xe8\xc1\xf3}\x1a\x0as7\x22\
Rg\xcd-\xae3\xa1\xc6\xd7\xb5u\x83\x1co-^\
\xf9g. \xf0z\xee P\x01\xa0\xf7,\x80\xbd\x94\
A/s_\xe2U\x11/\x80\xb0\x1b\xa8\xf0\xfa\xae\x9f\
g:\x08\x1c\x00\xb7\x9e*\xe6\xd5\x96A\xe8\xcc\xad\x87\
\xfb\x0c\xa5\xcb)pLF\xd1\xe4&\x9f\xcf\xd7Cu\
\xbb\x1e\x0f\x00[\xff\xdfj\xb5\x8c\x96\xa2gHtJ\
c\xc5\x89\xa7\x09\x8e\xacK\xb7\xbb\x9dANC\xb9\xb1\
\xb1\x81\xa5\xa5%\xe4\xf3\xf9[b\xf1^@J\xbdx\
\xaf\xfe&z'\xe5\xaf\xf1{\x1ak&\xd8\xec\xc6\xae\
\xb0\x7f\x88\xe0\xfd\xfe\x9d\xfd\xf8\x99\xe1\xafh[iZ\
\xfe(\xd5\xab\xe3\xaa\xed\xa1\xe7\xef\x02'\x82\x96\x5c.\
\x87\x07\x1f|\x10\x0f?\xfc0\xc6\xc7\xc7\xd1j\xb5\x8c\
i\x08\x85Bv\xfc,\xb7#M\xa5R\x060\x98H\
\x16\x0e\x87Q.\x97\xed\xb9|?\x8dX(\x142\xba\
\x95K\x17\xab\xd5\xaam\xc1\x0c\xc0\xb2\xa3\xc9X\xf0\x9c\
\x86h4\x8aL&c\xd9\xdb\xcce\xa0\xa2*\x97\xcb\
X]]\xb5,u&\x86z\x95\xaf~\xf5\xabx\xea\
\xa9\xa7\xf0\xfc\xf3\xcf\xe3\xdc\xb9sx\xf6\xd9g\xd1j\
\xb5\x8cf\xbd\xd3ess\x13\xef\xbe\xfb.\xee\xb9\xe7\
\x1e\x93\x9f+W\xae\xf4\xac\xd1f.\x07\x13\xcf\x14P\
\xbbF\x9dE\x952=Fe4\xbcb\xf9\xaeLk\
>\x04\xaf\xe5{\xdddB7\x94\xc4X\xfd\xf2\xf22\
\xaa\xd5*\xd6\xd7\xd7\x0dxNMM\xe1\x9e{\xee\xc1\
\x89\x13'\xe0\xf3\xf9\xb0\xb4\xb4\x84\xa5\xa5%\xbc\xf7\xde\
{8}\xfa4\xba\xdd\xed\x958+++(\x16\x8b\
\xd6\x0e\x1a\xcd\x8d\x8d\x0d\xdb\xa2\x98a\xa5H$\x82L\
&\xd3s^\x03\x9d\x09\xceW\xea\x0e\x02\x85h4j\
\x0c\xc2\xf2\xf22\xda\xed\xb6\xad\xff_\x5c\x5c\xb4k\xb8\
\x99\x95\x9bd\xeb\xf6\x95\xaeD\x1a\x1e\x1e\xb6\x15$\x0c\
s\xd1\x1b\xa7\xd1\xa5\xceb^D\xbb\xdd6\x16\x8d\xf3\
\x9f9\x1b\xbar\x8a@C7\x0a\xe2\x1cv\x13x\xd5\
\x0e\xf0}\xd4\xc3\x1a\xe3\xd7\xd3\x17\xb9\xd2Fe\x84s\
\x96\x8e\x0e\x81\x0cW@\xa8\xcc\xb1O\xdc\xcf\xf8\x7f?\
\x1b\xdb\xcf\xf3we\xfav\xca 6\xc1}\xe6-!\
\x80_\xa62\xbb\xa1\x8dA\xd7\xf4{\x97\xfb\x9d\xd7\xff\
\xae\xc7\xda\xef9^\x00a\xaf\xcf\xefW4\x19\x04\xd8\
\xd9\xa0\x82\x8aD'\xa3\xc6\x96\xf9~M>\xe3s\xd4\
\xa3\xa0\xd0\xd1\x9b'\x83@\xe3\xca%R\xf4\x02\xe8\xc5\
0\xb1\xa6\xddnc}}\xbd\xe7\x10 *(\xad3\
\xeb\xa3a\x13\xaf\xbaRa\xd3\xc0Q\x11r\x17/\x82\
\x11NR\xee;\xae\xe1\x0b\x17Xi\xec\x9d\xed\xe2\xd9\
\xe0TF\xa9T\xca&=\xc3\x1a\xec\x07\x1a\x05M\x06\
\xd3w\x114\xf1\x9d|/\x93\x83\xd8&z~\x81@\
\x00\xa3\xa3\xa38|\xf80&''\x91J\xa5,Y\
\x8aJP\x0d\x10\xe3\xa5T\xae\xa4\xf8\xe7\xe7\xe7\xd1j\
\xb5lmr\xa5R\xe9Y\x89ACE\x90\xc7\xa5\x8b\
\x5c\x17\xcd,\xeet:m\x86\x98\xf9\x13\x04\x8e*\x87\
d\x98\x22\x91\x88\xc5\x95\xcb\xe52\xaa\xd5\xaa-\x99\xec\
'\xcb\xc9d\x12\x9f\xfb\xdc\xe7\xf0\xb9\xcf}\x0e\x1b\x1b\
\x1b\xf8\xab\xbf\xfa+\xcb1\xb8\xd3\x85\xfdp\xf7\xddw\
#\x95J\x99\xdc\xad\xaf\xaf\x9b\xb7M\xb0\xc7\xb0\x07W\
\x07P\x065#\x9d\x1e=\x97\x0a\xaa\x92\xe7\x9cb\xae\
\x06\xe5\x06\xb8u\xd9\xaf\xceuw\xef\x01`G\x97\xc4\
b1\x04\x83A\x1c?~\xdcX\x00\x16f\xa4\x93i\
\xc8d2\x96\xa1\x9e\xcdfQ*\x950??\x8fR\
\xa9\x84\xeb\xd7\xafcuu\xd5\xd6\xdd_\xbdz\xd5\x00\
#\xb0s\xd0W:\x9d\xb6\x13\x18\x19^cXhd\
d\x04\x81\xc0\xf6\x96\xd3\xd1h\xd4\xfa\xca\xef\xf7[\x92\
\x1d\x00[\xceJ\x96\x8e\x8c\x157\xe3a\xdeA\xa1P\
0\x99;r\xe4\x08\x0e\x1e<hs\x83!\x02\xa5\xd4\
\x09\xb8\xe9$p\x9es\xb5\xcb\xf0\xf00\xaa\xd5\xaa-\
a\xa6\xe3\x12\x8b\xc5\x10\x8f\xc7m\xbe\xeb\x11\xdb\xd45\
L\xd2\xect:\x06(\x80\x9d\x1c\x0b]\x9e\xcb\x84g\
\xcd\xff\x22\xf8\xa2\x1e\x8eF\xa3\x06\xb4t\xec\x19:\xd2\
\xa5\xa4^+~\x5c\xf6HA\x8b[\xf6bO\xf5{\
/\xe3\xbc\x9b!\x1f\xf4\xbc\xdd\x8a\xb1,^/\xdd\xcb\
\xcd^\xd7\xf63\xf4\x83\xd0\x92\x17\xbd\xde\xef>\xf7\x99\
\x1c,\xf5\x22\xf5;}\x87Wf\xean\xc6\x9f\xef\xd6\
\x81\xf6\x1a0\xd7{\xa7\xd0p\xd2(#\xc0%q\xdc\
H\x84\x88Ri~\x22wM\x12\xa4\x80\x12!\x03\xbd\
\xd9\xd2j8\xb8\xe4\x85\x89:4ZkkkXX\
X0Z\x8c\x13Y)pN8m\x17?\xd7\xc9F\
\xadF\x00\x00 \x00IDAT\xf6w\xbb]\xcbO\
 \xb5\xcd=\x08\x1a\x8d\x86-\x1fR/[\xfbA\xfb\
\x5c\xfb\x9d\xdeN\xb7\xbbM\xa1\xd3{\xa1\xb7\xc3\x89\x0f\
\xa0\x87\xfaU\x00\xc5\xb1\xd0\x09N\xb6\x85FDw\x19\
\xe3X\xf9|\xdbI\x95\x87\x0f\x1f\xc6\xa9S\xa7\x10\x8b\
\xc5p\xfd\xfau\xdbI1\x1c\x0ectt\xd4\x94\x16\
\xfb\x99Tf\xb9\x5c\xb6x\x22Y\x0f\x8e\x17\x95.\xf3\
\x19\xe8}\xb0\xcd\x00,y\x92\x9e \x0d\x17\xe9}\xc6\
\x90I\x03S\x89\xba\xa7\xf3\x85\xc3aLNN\xf6\x1c\
\xd9\xab\x89^\xbbe\xf3\x0f\x0d\x0d\xe1O\xfe\xe4O\x06\
^\xf3\xcb\x94v\xbb\x8d\xabW\xaf\x9aA\x98\x98\x98\xc0\
]w\xdd\x85k\xd7\xae\x99!\xa0\x1c\xae\xad\xadan\
n\x0e333\x96\x19\xaf\xde'\xc7\x9e\x1e \x155\
\xc7\x99\x06\x8e\xd9\xded\xa1t\x0d=A\x1fu\x04\xfb\
\x87 M\x8f\xee&\xed\xfe\xd0C\x0f\xe1K_\xfa\x12\
\x9ex\xe2\x89\x9e~\xbbz\xf5*~\xfa\xd3\x9fby\
y\x19\xd1h\x14CCC8v\xec\x18\x1ex\xe0\x01\
[\xe3\xbe\xb9\xb9\x89b\xb1\x88\xe9\xe9i\xcc\xce\xce\xe2\
\xda\xb5k(\x14\x0a(\x95J67h\xbc\x92\xc9$\
FFF,\x1f\xe3\x9e{\xee\xc1\xfe\xfd\xfb\x11\x08\x04\
\x8c\xc5+\x95J\xb6R\x82\x00\x94\x149\xb7\xd1-\x97\
\xcbXXX\x00\xb0-\x0b\xf9|\xbeg\x95\x02\x0d9\
u\x01\xcf\xda\xb8q\xe3\x86\xe5!0'\x87\x86\x97\xf9\
\x1a\x9a\xbc\xc9\xbed\x1c\x9fz\x82[K\x93\xcd\xe3J\
\x83L&\x83T*e\x0c\x18\xc7\x93\xce\x83&dr\
c \x9f\xcfg,\x91&\xb2*\x9bI\x9d\xa9\xc6\x9a\
\xcbd\xc9\x9a\xb2\xf8|\xbe\x9em\xce\xd9\x17\xfc\x8e\xed\
\xe4\xbd^9F,\x83\x18\x81~l{?\xe7u7\
C\xef\xb2\xa8\xee\xfb\xbd\xaes\xdf\xb9\xa7U\x00^\x15\
\xfee\xafQ\xbaN=xm\xf4 *\xc55L\xfd\
\xae\x07z\x07\x94\xf7\xb8\xef\xebW\xdf~\xcfw\x8d\xa3\
\xd6\xcf\xfd\x9f\x7f\x93\xdaV\x8f1\x1c\x0e\xf7\x9cp\xa7\
\x80\x86\xde\x10\xb0=\xb1\x94\x1a\xa3\xf7\xa7y\x00\xfcq\
c\xa7\xdchduu\xd5(t\x97&\xd7\xfb\xb5h\
\xbf\xb9!\x0dz\xe6\x0at666\xb0\xb6\xb6f\xd9\
\xccz\xaf+\xd0\xac\x87\xc6k\xf9|`\xfbp\x13\x8e\
\x1f\xe9\xbft:m\xde\x0c\x15\x96K\xfd\xbb\xb4\xb0\xae\
\x06Q\xefP\xdb\x1a\x0e\x87q\xf4\xe8Q\xdc{\xef\xbd\
8p\xe0\x80\xad\xdd\xaf\xd7\xebX[[C\xbb\xbd}\
\x16;\xdf]\xab\xd5L\xd9\x11\x08\xb5\xdbm\x14\x0a\x85\
\x9e\xf1i4\x1aF\xdb\xf3;\xf6\xa3\xde\xcb\xcf\x99\x9b\
@z\x99I[\xcc\x9f\xe0J\x032:\xf9|\x1e\xed\
v\xdb\xc0\x81\xd2\xa0\x9a,\xc7\xdf\xff7\x94V\xab\x85\
K\x97.aee\x05'N\x9c\xc0\xf8\xf8\xb8\xf5I\
<\x1e\xc7\xd9\xb3g155\x85N\xa7\x83\xd7_\x7f\
\x1d\xcf?\xff<\x82\xc1 \x96\x96\x96P\xa9Tz\x00\
\xb0\x86\x898\xfe\xba\xbc\x11\xd89\x85\xcfe\xe7|>\
\x9f\x9d\x01A\x00\xc1\xf9N\x86ECK\xadV\x0b\xf7\
\xdf\x7f?\xfe\xf0\x0f\xff\x10\xbf\xf9\x9b\xbf\xe9\xd9\xb6@\
 \xd0\x03\xba\xc7\xc6\xc6\xf0\xf0\xc3\x0f\xe3\xa9\xa7\x9eB\
,\x16\xc3\xec\xec,J\xa5\x12\x96\x97\x97\xb1\xb6\xb6\x86\
t:\x8d\xd5\xd5U\x0b\x1fP\x0e\x80\x9d9Io~\
dd\x04\xf1x\xdcX\x0fR\xe7\x04\xa2\x95J\x05\xab\
\xab\xab\xa8V\xab\xc6V\xd1@3\xc9\x92']j\x22\
\xae&J\xd2\x88\x12\x5collX}\x09\xf2yR\
_\x22\x91@\xb3\xd9D0\x18\xb4\xcd\x89\xba\xddnO\
\xb8\x8f\x8e\x0eY\xc2t:\x8d\x5c.\x87\xb1\xb11\x8c\
\x8e\x8ebbb\xc2\x003\xb7('\x8b\xc13\x17\xd6\
\xd7\xd7Q(\x14z2\xf4\x01X\x02$\xb0\x938\xad\
aQ\xd6G\x19\x01\xcey\x8e7\xc7\x9fm\xa6\x5cP\
\x87R\x8e(cL\xbeV\x1d\xca\xb1\xf2*^6f\
\x90m\xec\xe7\xf5{]\xb7\xdb\xb3\xfa}\xaf\x8e\xd2/\
\xa5\x15\xbc\x14\xfa\xed\xde\xe3\xc5\x14\xb8\xff\x0fz\xee \
\xe4\xa3\x9f+p\xe8\x87\xd8\x5c&\xc1\xcb\x0b\xd6\xe7\xeb\
\x8f\x9b(\xa7\x9e%'\x98&\x97p9\x0d\xb7\xe9\xa4\
\xd0\xd2\xfbP\x85MC\xa1\x86\x8c\xffS \xdd\x0d`\
\x18\xb3c\x5cyee\x05kkk=k\x9f\xd5\xe8\
\xdf\x0e\x0a\xe5\xc4a\xc2\x1f=\x06\xbe\x8b\x9e\xbf\xd7\xfd\
\xfan\xaf1\x22+B/\x9bT07\xefI$\x12\
\x16#U\x00\xc1z\xb9\xec\x85N~7\x0c\xc0\xbe\x8d\
D\x22\xb8\xeb\xae\xbb\xf0\xe8\xa3\x8f\xe2\xc8\x91#\xb6\xd3\
\x1f\xbd\x0c\xc6\xdf\x03\x81\x00\x96\x97\x97mS\x95@ \
`\x09\x8b\xec{nm\xca\xe5I\x1c_\x1a\x04&7\
rs\xa7X,f\xa7\xebQ\x06\x18\xfe\xa0\xcc\xa4R\
)\xa3\x86\xc9\xf4P)1\xd1\xa9^\xaf\x1b\xf5K\xea\
\x98K\xc7\xc80h\xc8\xe0\x7f\xb3p\xcf\x89+W\xae\
 \x1c\x0e\xdbiw\x07\x0f\x1e\xc4\xe6\xe6&\x1ex\xe0\
\x01[\xd6v\xe2\xc4\x09\x9c>}\x1a\x17.\x5c\xc0\xbb\
\xef\xbekGR+\x0b\xc4y\xc1\xb9\xe5\xceM\xa07\
\xdcD\x99!\x08S\xaf_\xf5\x04e;\x95J\xd9r\
\xbb\xdf\xfb\xbd\xdf\xebk\xfc\x01`ff\xc6\xeaD@\
K\xb9\xcdd2X]]\x05\xb0\xb3z\xa1\xdb\xedZ\
\xc2,\xa9g~\xa7\xf2\xcb\xc4:\x02A\xe6\xda\xd4\xeb\
\xf5\x9e\x9d&\xc9(\x104\xea\x1aw\x86\x03(?\x04\
D\xaec\xa5L\x1d\x99\xadr\xb9l`5\x1e\x8fc\
ll\x0c\xb9\x5c\x0e\x9dN\xc7\xe8~7w\x87\xfd\xcc\
\xefu\xb7\xbe\xb1\xb11;\xff@7\xf3\x19\x19\x19A\
\xb3\xd9\xc4\xe2\xe2\x22\x16\x17\x17Q\xab\xd5\x10\x8f\xc7-\
dI\xfd@\x9dJ=Q\xaf\xd7m\x0c\xa8\x8f4i\
\x9a\xbaJ\x93\xfeT\xefQ_\x93m\xe3\xa9\x8ft\xc2\
\xb8|\x9ac\xa4 m/6\xcd\xcb`\xab>\xdf\xab\
\xe1w\xcb\xed\xdc\xe3u\xad'\x00\x18\xe4\x85\xbb\xd7h\
\x03\x07\xd1\xf9^\xa5\x9f\xd1\xeeW\x0f\xafz\xf5\x1b\x00\
\xadK?Z\xc6\xeb\xf9^\x83\xa7\x06^\xdb\xaaT*\
\xff\xd7\xf5\xdd\xf4\x94\x15ej\x22\x13\x157\x9f\xbb\xb5\
\xb5e\x93EW\x15p\xf20\x91\x06\xd8\xf1j\x98\xe5\
K:\xb4\xddn\xdb\xd2\xb9\xe5\xe5e\xdc\xb8q\xc36\
\x02Q\xfa\x94\xbf\x15\xc5\xba\xe0\xc8\xfd\x9f\x86_\xf7\x12\
\xe7\x12\xbaJ\xa5\x82b\xb1\xd8\xb3_\xba\x0a\xb6\xf6\xe5\
 \xb0\xa6\x8a\x99@\x86@\x801q\x82\x18\xdd \x88\
\xf5\x1b\x04\xe0\xe8\x11k6o<\x1e\xc7\xf1\xe3\xc7q\
\xf6\xecYd2\x19\xdb\x90\x87[%\xf3\x99\xf4<\xc8\
<\xe8\xd6\xca\xfc\xe1Z}\xe6C\xb0\x9d\xcc\x09\x08\x04\
v\xf6\x80\xa0\x81\xe6r&n=\x1c\x0e\x87\x91\xcb\xe5\
z\xf6Gg;\xc9\xaap\xc5E(\xb4}\xda\x5c\xa5\
R\xb1\x13\xe2\xfc~\xbfm\x92\xc2\xc4\xbf\xff[\x0c?\
\xcb\xcf\x7f\xfes\x5c\xbat\x09\xd1h\x14\xcf=\xf7\x1c\
\x8e\x1c9\x82C\x87\x0eY=WVV\x0c\x00\x00\xc0\
\xd9\xb3gq\xf6\xecY\x00\xc0\xd5\xabW\xf1\xado}\
\x0b/\xbe\xf8\xa2-_\xedv\xbb=\x1e\xb1f\xf4\x03\
0\xef\x9a\x9e\xafkTI\x17S\xb6h\xe8R\xa9\x14\
\x1e|\xf0A\xdcu\xd7]h\xb7\xdb\xb8\xef\xbe\xfb\xf0\
\xc8#\x8f`zz\x1a\x95J\x05\xa7N\x9d2C\x01\
\x00O?\xfd4\xbe\xff\xfd\xef\xa3X,Zh\xa1R\
\xa9\xe0\xe6\xcd\x9bx\xf1\xc5\x17\x91\xcb\xe5l\xae\x0c\x0d\
\x0darr\x12\xcb\xcb\xcb=K=5;\x9d\x9fs\
y\xe4\xcd\x9b7\xb1\xb1\xb1\x81#G\x8e\xe0\xc8\x91#\
\x88\xc7\xe3\xb6\x16\x9f\x80\x9b\xa0\x8fK\x0c\xe9-\x93\xf2\
\xa6w\xabK#]\xdd\xed\xeaVM\xb8e\xf8\xacR\
\xa9\xe0\xc6\x8d\x1b\xb6T1\x97\xcb\x99\xfe\xd1X\xbc:\
?\x89D\x02\xe9t\xda6\xf0\x22\xd0e\xf2\x22AP\
>\x9f\xc7\xd2\xd2\x12\x16\x17\x17\xb1\xb0\xb0`{%\x10\
LP\xf7P\x87\x11\x10D\x22\x11K\xc6d\x9b\xd4A\
\xa1\x87\xcf\xd39u\x8f\x12\x16\xea\x13M\x00$\xb0\xd7\
>P\x96\x91\xfd\xaa\xc6\x5c\x99F\xbdF\xf5\xdf ]\
\xab\xfd\xcf\xef\xdd{\xfa\x15}\x96\x97\xde\xd5g\x04|\
>\xdf\xc7\x01||\xd7\xa7\xf6)\xae\x92\xf52\xb6\xfd\
\xee\x1bt\xcdn^\xbf\x1b\xc7\xf422^\x9e\xad\xeb\
\x1d\x0e\xf2\x16\xdc\xfa)%\x07\xec\xd0\xe3D\xd2\xc0\x0e\
\x10\xd0\xc1V#\xcbIB0\xe0&\x9bp\x82\xe9\xf2\
\x13\xd2xD\xb24.\x1a\xc7\x06v2^I7/\
..\xda\x99\xf5\xea-{\x09\x9a~\xe7\xf5=\x15(\
7\xe1\xa1b\xd8\xd8\xd80\x0fAO\xfas\xfbq7\
\xa6A\x0b'\x98\xf6\x1f\x93x\xa8L\xf8n/\xfa\x9f\
\xcfW`\xe0n\xbc\xc3I\x1f\x8dF\xb1\x7f\xff~\x8c\
\x8e\x8e\x1a\xdd\xc9x;\xa9I\x9e\x9d\xc0~\x0c\x87\xc3\
\xb6=+s xV\xbc\xd6\x83J\x8ft2w1\
\xe4\xb2L\xe6N\xd0\x8b\xa1b\x0e\x04\x02(\x97\xcbX\
YY1\xe3\xc5\xd8\xe9\xe4\xe4$\xf6\xef\xdfo[\x0c\
\xc7b1\xa3j\xc9F\x90q\xa0\xf7\xc2\xd8\xaa\x0bZ\
\xff7\xcak\xaf\xbd\x86\x1f\xfc\xe0\x07x\xef\xbd\xf7\x8c\
aY^^\xc6\xd2\xd2\x12\xd6\xd6\xd6P,\x16Q(\
\x14p\xcf=\xf7xn\x83\x9c\xcdf\xf1\xf1\x8f\x7f\x1c\
\xa7N\x9d\xc2\xc1\x83\x07166f\xe3\xc7\x0cv\x00\
\xc6\x90\x91\x11P\xd9\xa0\x82\xe7\xf9\x14\xf4@)\xab\x89\
D\x02G\x8e\x1c\xc1\xa3\x8f>\x8a3g\xce\xd8^\xfc\
\xa3\xa3\xa3\x88\xc5b\xb6\xc7\xbf\xae\xd6(\x16\x8b\xf8\xd6\
\xb7\xbe\x857\xdex\xc3\xe62\x00[=\xb2\xb4\xb4\x84\
\xf9\xf9y,--\xa1\xdb\xed\xe2\xd4\xa9S\xc8f\xb3\
\xf0\xf9\xb6\x97\xeb\xd1\xc01'\x07\x80\xc9<\xe7[\xa5\
R\xc1\xf4\xf44^y\xe5\x15\xbc\xfb\xee\xbbv\x9c/\
\x8d\xfa\xc2\xc2\x02\x16\x16\x16\xb0\xb8\xb8h;\xf7q\xbe\
)\xb0\xa6^\x01\xd0#{4n\xfc\x5c\xbd\x5c\x82a\
M\x08$8en\x117\x0ab\xbe\x04\x99M2]\
\x1a\x97g\x88K\xdf\xc1\x1d\x09\x0b\x85\x02*\x95\x8a\xad\
\x12\xd0\xbd\x09\xe8T\xe9\x0a\x01.\x1d\xe6\x5cch\x95\
y=\xaaw\x08\xaat\xf35e\x0e\xa9\x1f4\xb9\xd1\
\xcd3s\x9d\x1b/[\xe6:N\x1a~\xdak\xd9\xcd\
\x11w\xf5\xab\x97\xf3\xca\xbf\xfb\xe9\xdc;\x16\x18\xecW\
A-\xfd*\xc8k]\x0f\xbc_\xa5\x07\xbd\xebv\xd8\
\x0b\xaf\xef\x071\x04\xfc^3M\xf5\x7f^\xaf\x94\xb3\
RU\xaa\x84\x5c\x80A\xc5\xac\xff\xf3<v\x9d\xbc\xee\
2\x17\xd2\xff\xbc\x97q\xe1\xa5\xa5%,//\xdf\xb2\
tG\x13\x15\x07\x19d\xb7\x8e\xba>\x1d@O6\xb0\
\xee 7\xc8\xb8\xef\x95\xe6b\x9f\xaa7\xc4u\xf1l\
\xbf\x1e\x8f\xac\xfd\xa6\x85\x13\x8f\xf7\xd2\xcb\xd3\x8cp&\
Ze\xb3Y[\x82\x06\xc0\xaea\xbbI\xa7\xd2X\xb8\
I\x99<L\x09\x80\xd1\xfb\x0c\xc3\xb8\xe3\x03\xc0\xf6\x03\
(\x14\x0a\xe8t:\xb6\xc4P\xc1\x1c\x80\x9e\xc3\x84\xbc\
\x0a\x8d\x157\x1e\xa2\x07\xd3no\x9fgO\xaf\x87\xa1\
\x06.\xed\xfa\xdf([[[\xf8\xef\xff\xfeo\xcbv\
\xefv\xb7\x97\xa7F\xa3Q\xac\xae\xaeZ\xb6\xfc\xc2\xc2\
\x02\xba\xdd.~\xe37~\x03\x87\x0f\x1f\xf6|\xd6\xc3\
\x0f?\x8c\xc3\x87\x0f\xe3\xa5\x97^B\xa9T\xb2\x98\xf7\
\xfc\xfc<\x96\x97\x97\xcd\x18\x91!\xa1\xb1R6@\x95\
8c\xfc\x91H\x04G\x8f\x1e\xc5\x993gp\xe8\xd0\
!LNNZ=\xa7\xa7\xa7\x11\x8f\xc7\x8d\xad\xb9y\
\xf3\xa6=\xf7\xe9\xa7\x9f\xc6\xab\xaf\xbez\xcb\xca\x1d^\
K\xa6\xec\xc4\x89\x13\x98\x9c\x9cD\xb5Z\xc5\xdc\xdc\x1c\
\x8e\x1e=j\xdb\xfaj\xe2\xa8\xe6\xfa0y\xb0\xdb\xed\
Z\xce\x07A!\xd7\xc6oll`yy\x19\xf9|\
\xdedI\x1d\x14\xce\x9bf\xb3i\xc7\x0eoll\x18\
{\xa0L\x1ap\xeb\xea)\x17\x0c\x00;[\xe52\xf6\
NC\xcd#\x8e5\xf3\x9e\xfa\xac\xdb\xed\x9a\xf1\xd5y\
\xce\x9d+\x19>!;\xaa\xa1U\xde\xa7{\x90\xe8\xf2\
cM\xeeU\x00\xc1\xf7\xab\x8d\xe1\xb5\xd4Y^\x89}\
\x04/\xba\x84\xd7M\x10\xec\xe7\xf0\xb8\xb6n/\x86\x7f\
\x90~TY\x1d\xf4\x99;~\xee\xdfn\xf1\xdc\x08\xe8\
v\xe8\x06\xb7\x92\xfa\x9b\xcf\xb8]\xda\xc2}\x9e\xfb\xbf\
z\xf1^a\x07\x97\x09\xf0\xea /0\xe2\xb2\x03\xfd\
\xdaD\xa1PcL\xa3O\xca\x9fF\x82h\x95B\xe7\
\xbe\xcf\x05\x0f4\xb6\xf4\x04\x89\x98I}\xd1\xb0\xf0Y\
\xf4t\x98\x0f\xc0D\xa0\xa5\xa5%\x9b@4TD\xee\
\x14n\x9d\x1c\x00z\xea\xa2B\xaeqeN4*\xcc\
~\xfd\xe6\x16}\xcf\xa01Pt\xcd\x9fP(\x84\xe1\
\xe1a\x8c\x8e\x8eZ\xb2\x13\xbdeM\xf4\xd2\xf7\xe8\xbd\
L^\x02v6\xd4\xe9v\xbb\x88\xc5b=\x09I\xe1\
p\xd8\xa8S\x8e\x17\xd7[k\xdd9\x0e\x95J\xc5\xe4\
\x8e\xc6#\x95J\xdd\xd2n]\xda\xc4>\xe4\xf3\x17\x16\
\x16,\xbe\xca\xd8\xa3n\x88\xc4-\x9bU\x8e\x95\xd9\x00\
`\xd7\x11\xfc\xf19\xac\x1bi\xefV\xab\x85\xf9\xf9y\
T*\x15$\x12\x09d\xb3Y\x93\xab\xff?\xca?\xfc\
\xc3?\xe0\xdc\xb9sX]]5\xd9']K\x99&\
-\xfc/\xff\xf2/x\xf9\xe5\x97\xf1k\xbf\xf6k\xf8\
\xccg>\x83\xd1\xd1Qt:\x1d\x03Wlw*\x95\
B\xb5ZE*\x952ve\xff\xfe\xfd6\x96\xcb\xcb\
\xcb\xc60\xb0\x9f\x99\xb0\xc6\xbe\xa1|s\xe5\xc4\xd8\xd8\
\x18\x8e\x1e=\x8ad2\x89b\xb1h{\xf4\xd7\xebu\
\x8c\x8e\x8e\x22\x18\x0c\x22\x9f\xcf[\x5czcc\x03\xe7\
\xce\x9d\xc3\xca\xca\x8a\x19e\x0d5\xd5j5\x9c>}\
\x1a\x7f\xf4G\x7f\x84\xa1\xa1!\x14\x0a\x05|\xe7;\xdf\
\xb1ws\xa9\xe8\xc4\xc4\x04Z\xad\x96\x85\x10\xd4i\xe0\
AW<\xf1\xf2\xddw\xdfE\xa3\xd1\xc0\xc8\xc8\x88e\
\xe5s\x19)e\x83r\xc2\x8d\xaa\x98\xab\xa2\xb2\xc3\x84\
dud\x5c&M\xbf\xe7}*\xd3\x9aTI\x03\x5c\
\xaf\xd7\x91H$\xccps\xce\x91=\xe3\x8a!\xbf\xdf\
o\xc0\x07\x80e\xdcso\x0c:R\xf4\xda\xb9:\x80\
\x00\x87\xf2\xcb\x9d\xfc\xb8\xb4\x97\xfa\x89?\xba\xc4\x8f\xef\
\xe0*\x02\xea\x0a&\xfeq\xfc\x08\xa4YOu\xba\x5c\
\xfd\xc8\xcf9O\xc9n(K\xd0\xcf\xbey\x01\x87A\
\xce\xa9\xd7g{\xf5\xf8\xddr\xdb\x1b\x01\x0d2\x96,\
\xfa]\xbf\x8a\xf3\xbaA\xdf\xbb\x9d\xe1\x0a\xa4W]\xdc\
\xe7\xee\x06,\xf6\xca2\xd0\xb0\xa8\x07\xad\x09G\x14\x16\
Nj`'^D!\xd6$@E\x9eD\xfb*$\
\x8caj\xfd}>\x9f\xc5,\xd3\xe9\xb4\xc5\xcf8\x09\
99\x18\x17d\x1d\xf8n>\x8f\xedqs\x01X\xbc\
(/\xb6E\x95\x83\x82\x0bm\xaf\xebI\xf4\x93\x11\x1d\
\x0f\x1dc\xb7\x8f\x0b\x85\x02\x80m\xe3=66\x86\xe1\
\xe1aK\x80\x22\xbd\xed\xa2r*+\xf6\xab\x22\x7f\xa5\
\x823\x99\x0cr\xb9\x9c)\x8d`p{{W=<\
\x89\xab\x11\x18\x02\xa1\x01\xaf\xd7\xeb(\x14\x0a\xa8\xd5j\
H&\x93\x16\xc7^[[\x83\xdf\xbf}R\x1cW\x12\
P\x81\x15\x8bE,//\x9b\x92\xd0m\x9c\xa9\xb4\xb8\
\xa1J\xb5ZE\xa9T\xc2\xec\xec\xac\xc5\xfd\xf5\x0c\x07\
\x9f\xcf\x87L&\xd3C{OLL\xdc\x22\xcb\xdcD\
\xa6X,\xa2\xddn[\x92\xe3\x8d\x1b7\xd0j\xb5\xec\
\xfct\xd6Y\x15\xfd\x9d*\xdf\xff\xfe\xf7\xf1\xdd\xef~\
\x177n\xdc\xb0\xf5\xfe\x94\x1d\xf61\xf3(\xf8y\xb1\
X\xc4\x95+W\xf0\xedo\x7f\xdb\x8c{.\x97\xc3\x91\
#G0>>\x8ev\xbb\x8d\xc5\xc5E\x5c\xbf~\xdd\
\x0e\xe4I$\x128~\xfc\xb8\x19\xdf\xa9\xa9)\xdb\x94\
\x87\xbb`\xde\xb8q\x03333\xc8\xe5r\xf8\xd8\xc7\
>\x86?\xfb\xb3?\xeb\xcb\xb0\x0c*\x9dN\x07\x85B\
\x01\xd5j\x15\xbf\xfb\xbb\xbf\x8b\x8f|\xe4#\xb8~\xfd\
zO\x88 \x1a\x8d\x22\x9f\xcf\xe3\x93\x9f\xfc\xa4\x01-\
\x1e\xb3\xcb\xbd:\xd8n\x86\x88\xd8v.\xdf\xe3r=\
\xf5R\xb9\xcf\x03w\xf0\xe3^\xfd\x0b\x0b\x0b=\x09\xb8\
d \x81\x1d\x9d\x02\xc0\xce\xce 0\xd4e\x91\xee\xbc\
g\xd1y\xac\xc9\xa54\x92\xea\x10P\xa7pGG\x9f\
o\xe7\xdc\x92\x8d\x8d\x0d\xc4b1\x0bor\xd9&\x13\
}\x99x\xcb=\x09\x08\x9a\xf9<M\xfe+\x16\x8b\x06\
b\xb8\xc2\xc1\xe7\xf3\xd9\x1e\x16L$\x0c\x04\x02\x16*\
\xa3\xce$\x8b\xa8\xabIt\x99\x1f\xe7%\xc7Z\x13\xb3\
\xd9^u\x00\xd8v\xeau\x00\xb7\xe8\xf5\xbd\xd8\xa3\xdd\
\xec!\xaf\xdb\xcb5^zW\xedb\xd0\xeb\xe2A\x80\
\xc0\xcb\xd3v\x0d\xb9k\xb0\xbd\x8c\xb5\xd7\xf5\xee={\
\xad\x87\x17@\xe8WW\xb7\xadn\xdd\xbc\xbc\x7f\xb7\xd3\
\xd4\x9bU\xc4G\xe4H\xc3CCA\x81\xe2}\x9a3\
\xa0FI?#\x22\xf5\xf9|\xe6\xc1\xd2`p=+\
'\x14\xe9\xde\xeb\xd7\xafc~~\xbe'\x81\x8d\xef\xa3\
g\x09\xec\xa0wU(\xea5\xbb\xfdH\x04\xce\x187\
\x93r\xdcp\x82\x1a\xe2\xbdPP\xeaq\xb8\xe3\xe6\x86\
Wt\x17En\x0eC\xc5\xe8NZ\xf6!\xc7\x80\xb1\
d\x02$z\x22L\xd6\xe3\xe7LR\x8a\xc5b\xf6l\
\xd2\x8b\x9c\xec\xedv\xdb\xf67\xa7\xd7\xcf{\x08\x0a(\
+4t\xec\xb7\x85\x85\x05\x93\x93d2iK(\xa9\
\x1cGFFzb\xbeT\x96\x00l\xa9\xd5\xfa\xfa\xba\
\x85B\x14|\xb1\xdfHk*k144\x84T*\
eJ)\x1a\x8d\xf6\x9c\xe6F\xef\xb1T*!\x16\x8b\
\xe1\xc0\x81\x03\x18\x1d\x1d\xbdc\xc9\x83o\xbc\xf1\x06\x9e\
y\xe6\x19;\xc2Vsd\x08\xa2\xd9\x16\xa5\xae\x090\
\x8b\xc5\x22._\xbel\xa1\x1c\x82\x1eR\xec\x8dF\x03\
\xc9d\x12\xe9t\x1a\x07\x0f\x1e\xc4\x89\x13'p\xe8\xd0\
\xa1\x9e\xa5\x9c7o\xde\xc4\xec\xec,*\x95\x0a\xee\xbb\
\xef>\xfc\xf5_\xff5\xce\x9c9\xf3K\xb5\xcb\xef\xf7\
\x9b\xa19|\xf80>\xf6\xb1\x8f\xddrM\xb5Z\xc5\
\xec\xec,\xee\xb9\xe7\x1e\x00\xc0\xb9s\xe7\xf0\xc3\x1f\xfe\
\x10\xe7\xcf\x9fG4\x1a50\xdbl6\xcd\x9b\xa5q\
\xe4V\xd5:/\x95\x99\xe2~\xfb\x04\x89\xea\xf1\x86B\
!\xcbq`(\x91 \x97\xbbOr_\x04\xf5\xe6\xdd\
U\x14,\xfa\x19\x8d/Y\x06\xce=e\x17\x81\x9dU\
\x04<\x82\xd8\xe7\xf3\xd9|\xd2\x9d\x02)\xb3[[[\
v\xa0\x8f\xcf\xe7\xb3\xa4>\xd6\x99\xef\xa43\x93\xcf\xe7\
\xed\xf0#\x86\xd4x\xba w\x07d\xb8\x80!:\xdd\
\xc0\xc8M$\xd4$F\xd5\xfd\xd4\xa1\x1a\x96\xe4\xfd\xfd\
l\x0e\xef\xf3\xca\xb9r\xaf\xfde?\xefw\xcd \xc6\
\x80\xf2d!\x80~\xa8cP\x19\xe4\xa1\xef\xe5\x9a\xdb\
a\x1e\xbc\xca^\xeew\x85x\xb7k\xbd\xaeq\xb3\xcb\
y\xad\x1b\xb7\xd7\x89J\x04\xcc{5\x03\x1f\xd8\xd9\xdf\
\x9a\xcf\xd5$;.\x05\xd2\xa3luI\x0b\xc3\x03\xea\
Er\xcfp\xd2\xd2j\x98u\xe2\xba\xca\xc4\xfd\xcc\xed\
\x0b\xd2\xa3\xdc\xd4Dc\xcc\xca\x1e\xa8\xa0{=[\x9f\
\xdb\x0f\xe4\xb9\xc6\xcc\x95\x15R\xe3\x9c\x5c\x1a\x0bd]\
\x95\xbd\xa0W\x01\xc0\xa8S\xcd\xf8e\xb2\x10A\x04\xef\
\xa5B\xa4\xe7\xd1\xedv-\xbeI\xb0@\x0f\x8f\xa7\xf3\
\xd1\xdbc\xc6p\xb9\x5cF \x10\xb0\xc3Vj\xb5\x1a\
J\xa5\x92y\xedcccH&\x93\x96\xb4\x94\xcb\xe5\
z\xbcP\xb6K\x13\xe1\xe8\xbd\xf8|;\x87\xe304\
\xc3\x04\xc6\xcd\xcdM\xcb\xb4\xd6\x12\x8dF\x8dF\xa7<\
u\xbb]\xcb\xbe^ZZ\xb26\xd1P\xdc)\x00p\
\xff\xfd\xf7\xe3\xde{\xef\xc5\xdf\xfc\xcd\xdf\xe0\xc7?\xfe\
1\xae_\xbf\xde#C\xc0\x8eG\xd9\xe9tz\x00\x1b\
\x93\x19i J\xa5\x92%\xd2i2-\xe7\xce\xdc\xdc\
\x1cn\xde\xbc\x89\xe3\xc7\x8fc\xdf\xbe}\x96\xf3@\xba\
\xf7\x93\x9f\xfc$\xbe\xf2\x95\xaf\xdc\x91v\xed\xa5$\x12\
\x093\xfe\x97/_\xc6w\xbf\xfb]\xbc\xf0\xc2\x0b\xa8\
V\xab\x18\x19\x191\x1a\x1b\xd8\x01<\x5c\xc5C\x96\x8b\
\xa0\x88\xf3\x8d\xf2J\x10\xef\xf3\xf9\xcc\xeb'\xf8\xe3.\
\x80\x0a\xa6i\xb8\xd9\xaf\x04\xb1\xae\xaep\x9d\x1b\x16\x9d\
\xaf\xf4\xc8\x15\xc4\xeb\xfc\xe7x\xd1\xabf\x22\xa4\x8e\xf3\
\xfe\xfd\xfb\x8d\xb1*\x14\x0a\x963@\xc7\xa7\x5c.c\
mm\xcd\xe2\xf9\xb5Z\xcd\xeaS\xa9T\xec\x0c\x00\x82\
\xd8V\xabe+`\xc2\xe1\xb0\x85\x15\xd8n\x1a\x7f:\
\x06\x04\xc0.\x03\x0a\xf4\xee[\xc2p/\xe7\x85\xcb\x84\
\xaa\xbe\xd5\xbeR\xa7jP\xd9\xcd\xd9\xddk\xd9\x8b\x03\
\xef\x96\x80\xdf\xef\xff8\x80\x8f\xab\x91\xa0\xc0\xf0\xa1\xfd\
\x10\xa1~\xaf\x9f\xbb\xd7\xbbF\xc8\xeb\xba~?,^\
\xc6\xc9m\xfc\xa0\xfb\xbd:\xca\xab\xde\xfa\xae~F\xb4\
_\x1b\xa9\x8c\x5c\xba\x9d\x02\xa7\xb4\x11\xffW\x83\xa5\xe8\
\x96\x02\xa8\xf9\x00,\xdc\x1e\x97\x0a\xa2X,bnn\
\xce\x12\x84\xdc~s)\xfdA}\xea\x8e\x91\xbe\x9f\x09\
\x87\xba76ce\xeed\xd0w\xf4\xebg\xb6Y\x7f\
\xbc\xeee<\x9c\x86\x8d}\xcblwz\x10\xba\xce\x9f\
FAs\x034D\x11\x0am\x1f\xf6s\xf4\xe8Qd\
\xb3YK&\xf2\xf9|(\x14\x0a(\x97\xcb=\xbb\x96\
\xe9x0\x9e\x99\xcb\xe5\x90\xc9d\x90N\xa7-aL\
\xf7\xee\xe7\xb1\xa5\xb9\x5c\x0e\xfb\xf7\xef\xc7\xd9\xb3g\xf1\
\xd8c\x8f\xe1\xec\xd9\xb38x\xf0 \xf6\xed\xdb\x87\x91\
\x91\x11d2\x99[2\xde}>_\xcf\xe9d\xc0\xce\
\xeep\x81@\xc06\x17\x22#BO\x8b\x1b4\xb9\xe0\
\x94u\xf7\xfb\xfd\xe6U%\x12\x09\x0c\x0f\x0f\xa3\xd3\xe9\
\xa0T*Yx \x12\x89\xd8\x99\x04J\x81\xbe\x1f'\
\x81%\x10\x08\xe0\xd1G\x1f\xc5o\xfd\xd6o\xe1\xd7\x7f\
\xfd\xd7-\xe3[\xbd=\x05\xcb\x94/2\x5c\x0a\xf0H\
9w\xbb]\xa3\xcf}\xbem\xf6\xa5R\xa9`nn\
\x0e\x17.\x5c\xc0\xb9s\xe7\xf0\xc2\x0b/\xe0\xd2\xa5K\
(\x95J\xf8\xd3?\xfdS<\xf6\xd8c\xef\xbb\x0dn\
\xe1\x06>\x5c_\xbf[\xc9\xe5rx\xf2\xc9'\x91L\
&\xe1\xf3m3D\xd3\xd3\xd3\xb6\xa9\x94z\xe1\x9aO\
D&\x91\xe0\x9f\xe3\xa8\xab\x17\xf89c\xec\xba\xa3\xa2\
2\x03\x8c\xcf\x13<\x03\xe8\x01\x12\xae\xcec\xe1\xfcd\
N\x13\xcf\x1c\xd0\xd0\x84\x1bNf{\x08\x9e\xcb\xe52\
\x16\x17\x17\xb1\xbc\xbcl;\x03\xee\xdb\xb7\x0f\xb9\x5c\xce\
t\x19sv\x82\xc1 2\x99\x8c\x85\xafxh\x19\xcf\
\xb8X]]\xb5\x5c \xd6\x9f\xfb$P.\xb4\x1ed\
\xc74\xf9\x97F\xddeg\x15\x9cR\xe6\xd8\x97d7\
\xf8\x5cMRd\x7f\xb99\x01\xbc\x96}\xebe\xbbx\
\xcf\xed\x86\xde\x5c\xc0\xa6\xa5\xdf\xbb\xf4oc\x00\xf4\xe2\
\xdb\xa1\x1a\xfaQ \xfa\xb2\xdbE8^\x8a\xc6K\xb8\
\x5c\xe3\xebv\x9e{\xcd \x03\xa8\xcf\xe8g\xb0X\x8f\
~ @\xe9}.3\x22\xfdK\xd4\xc8\xe4@=\x12\
\xd6\xed+\xd2w\xc0\xceF'\x1c'&w\x11\x19/\
..Z\x5cU\xeb\xeb\x1aY\xa0w\xefs\x15xN\
 \xed/e$tKM\xb2\x12l\x93\xf6]?\x16\
\xc1\x1dW\xaf~\xf7\xba\xc7\xe7\xdb\x09\x01\xc4b13\
H\xba\xb2\x02\xd8aG\xbc\x00\x03\xe3\xe5T\x16lW\
:\x9d\xc6\xd1\xa3G-\xd9\x8b\x99\xd1\xf4\xfc\xb9\xd5o\
8\x1c\xb6\xa3zS\xa9\x14\x12\x89\x84e\x86\xd3h\x87\
B!D\xa3Q\x8c\x8c\x8c`ll\xac\xc7\x00\xdfn\
\xb9~\xfd:\xbe\xf3\x9d\xef\xe0\xc7?\xfe1\x0a\x85\x02\
\xee\xbe\xfbn<\xf1\xc4\x13x\xe2\x89'p\xf4\xe8Q\
\x93\x99\xd1\xd1Q\x00\xdb\xcc\x06\xbd\xa0\x5c.g\xe1\x8b\
r\xb9l\xec\x82\x82\xc7@ \xd0\x93\xa8\xa8c?<\
<\x8cT*\x85t:m\xcbI\xe99\xb9\xc9\x8d\xb7\
S\x18\xe3e9u\xea\x14\xbe\xf9\xcdo\xda\xff\xeb\xeb\
\xeb\xf8\xd7\x7f\xfdW\xfc\xd3?\xfd\x13\x96\x96\x96,V\
\xed\xae0\x01v\xe4\x99\x0cE\xbb\xdd\xb6\xb0\x02\x0d#\
\xb03\x17#\x91\x08~\xfb\xb7\x7f\x1b\x7f\xf0\x07\x7f\xf0\
\xbe\xeb\xefU\xd8?n\xfb\xf2\xf9<j\xb5\x1a\x22\x91\
\x08\xb2\xd9\xacy\x9a\x94\x1f\x9f\xcf\x87/|\xe1\x0b\x18\
\x1e\x1e\xc6?\xff\xf3?\xa3X,bii\x09\x9b\x9b\
\x9b\x16v\xe1AO\x9a\x7f\xc2P\x95\xeevG\xf9\xa7\
\xe7\xcc\xfePPN#DFQ\x99Eu\x0e\x94a\
\xe0\x1ct\x93M\x098(\xdf\x5c\x9aG\x87\xc0+\xd3\
\x9d\xcf\xe38Qw\x90%\xbby\xf3\xa6\xed\x06\xc8\x90\
\x067\x13\xd3=.\xc8\x84h\xdd]\xe7\x8cl)\xcf\
\x1e\x88F\xa3\xb6BGw[%h\xd0p\x87\x9e3\
\xa1\xfd\xa7\xf9\x0d\xcaN\xb9\xc7\x0d\xbb\x0c\x88z\xffn\
\x7f\xb2\xb8\xf6\x8b\x7f\x0fr\xa0x\x9f\xcb\xb6x\x15/\
;\xea\xe6J\xbd\xef$@\xbe\x5c?W\xf4\xe8\xf5\xcc\
\xbd\x80\x0c/\xb0\xb0\x1b\x90\xe0\xe7^\xe1\x8c~@e\
\x10C\xe0>C\x9f\xa5H\xce\x05\x0d\x1cd\x1amM\
\xba\xa1\xd0\xd2\xe03\xf1F\xd7\xa3R\x90\x94\xfaWE\
G\xaa\xb0\xdb\xdd\xden\x93G\xfar\x89\x90\xf6\x8f\xa2\
B5\xd4j,w\x1b+\x97=\xd0\xdc\x05\xf6\x91\x9b\
\xb70h\x8c\xdd\xf1\xe9\xf7^\xb7\xff9\x89k\xb5\x9a\
M,\x02,\x8dgs\xc2\xb2\x8dd(\x5c\xf9\xd0\x8d\
^R\xa9\x94m\xb1J\x80C\xcf\x86\xcb\xc8j\xb5\x1a\
\xc2\xe1\xb0\xed\x0d\xb0\xba\xba\x8a\xe9\xe9i\x5c\xbe|\x19\
+++\xf0\xfb\xfd\x16\x83\xce\xe5rH\xa7\xd3\xb6o\
:=:\xee\xe1\xef\xf3m\xaf\x81\x1e\x1d\x1d\xc5\x81\x03\
\x07011\x81P(\x84\x99\x99\x19\xfc\xe4'?\xc1\
\x0f\x7f\xf8CLOO\x9bw\xf6\xfa\xeb\xaf\xe3\xf2\xe5\
\xcbx\xf6\xd9g\xf1\xa9O}\x0aO>\xf9d\xcf\x1e\
\xff\xe1p\x18\xd9l\xb6'6I\xc5\xc9\x1d\xec\x06Q\
\xf9>\xdfv\xae\xc1\xd4\xd4\x14\xa2\xd1\xa8\x9d\x1f\x9f\xcd\
f-\xd1\x90\xf9\x07\x83N\x14\x1cTJ\xa5\x12\xde{\
\xef=\x94J%\xec\xdb\xb7\x0fg\xcf\x9e\xedI\xa8\xca\
d2\xf8\xda\xd7\xbe\x86\xaf}\xedkx\xe9\xa5\x97\xf0\
\x83\x1f\xfc\x00/\xbc\xf0\x02VVV\x8c\xb1q\x01*\
\xb0\xb3C&\xe5\x9b\xf3\x90m\xfe\xccg>\x83?\xfe\
\xe3?\xee9\xac\xe7N\x95@ `\xc7Ak\x92\x9d\
\xe6[0\x9e\xdd\xedn\x87\x90VVV,\xe9\xf4\xf1\
\xc7\x1fG.\x97\xc3\xf3\xcf?\x8f\xff\xfa\xaf\xff\xc2\xa5\
K\x97\xccp\x11\xa02\x04\xc5\xfc\x12\xa5\xa1\xb9\x858\
\xdbL\xef\x9fL\x82\xd2\xd5d\x8b\x94\x01\xa3\xf1\xd3\xbe\
\xd3\xe2z\xaf\x9ag\xa3K\x92u\xc5\x03\xef\xe3=\xd4\
\x89\xfa\x0eMX.\x14\x0a\x98\x99\x99\xb1m\xbe\x01\x18\
[\xc0\x1fz\xe8\xbc\x97E\xf5\x04\xff\xe6\xb3\xb9\x92\x84\
zXW\x00\x00\xe8\xd1\xaf\xaa\x8f\xd5\xd3w\x9f\xef\x15\
\xee\xd0~P0\xa1\xcf\xa0\xbe\xd2~\xd1g\xd1f\xb8\
\xfd\xad}\xc8\xa2\xef~\xbf\xc5m[P\xbf\xd0\xce\xf5\
2\xa2\xfd\x8c\xa6\x97\x91\xd5kwC1\xfd<C\xf7\
~m|?\xaa\xca\x05\x22\x0a\x1e\xbc\xea\xec\xb6\x7f\x90\
7\xaa\xb4\xbe\x0e2\x95\xa8+\xec\xee\xf9\xd4\x14\x06\xa5\
\xa28Y\xe9\xb1\xe8;U\xe04Q\x87\xfb\xed\xaf\xac\
\xac\x18\xe5\xe5\xd6\x9f\xc8\xd5\xbd\x9f\x82\xab\xfd\xaa\xcb\x03\
5\x1e\xe6z]|\x96n\xf0\xc1\xfb\x14\x0cx\xf5\xaf\
\xdb\x9f\xbb\x81A\xfd\x8e\x1b\x1b\x91\xb6c\xf2c*\x95\
B,\x16\xc3\xfa\xfa\xba\xa7\x81O$\x12\x9e\xb2L\xea\
\x911xn\xcf\xcb\x1c\x01*\x0e\xc6.\x99)\xcf\xd3\
\xd3\xa6\xa7\xa7\xf1\xdcs\xcfavv\xb6'\x81\x93\xf4\
!\xc7V\x953\x93\x05i\x1c\x9a\xcd&\xd2\xe94&\
''-S\xfc\xea\xd5\xabX[[\xeb\x19/2/\
\xaf\xbc\xf2\x0a\xae\x5c\xb9\x82\x85\x85\x05|\xf5\xab_\xed\
\x01\x01TB\x00,\xc91\x93\xc9X\x82\xd9nY\xfd\
z\xe2_ \x10\xb0\xb3\x09(\xcf\x94m\x16\x82\xd7\xbd\
\x96\x91\x91\x11\x8b\xcfomm\xe1\xfc\xf9\xf3\xf0\xf9|\
v\xc2\x9d\x96\x0f\x7f\xf8\xc3\xf8\xf0\x87?\x8c\x17_|\
\x11\xdf\xfa\xd6\xb7\xf0\x8b_\xfc\x02\x85B\xc1\x0c\x10\xeb\
\xc89\xa3\xa0\x18\x00\x86\x87\x87q\xf4\xe8Q|\xf9\xcb\
_\xfe\xc0c\xfd\xdc\x14\x8bE3\xeei\xb8Y\xaf\xf9\
\xf9y\xdb\x98kdd\x04\xfb\xf7\xef\xc7C\x0f=\x84\
\x87\x1ez\x08O>\xf9$\xfe\xf1\x1f\xff\x11/\xbf\xfc\
2\xae_\xbf\xdes\x82\x9f\xb2\x1a\x1aZ\xd4p\x1c\x93\
\xe9\x18\xda\xeavw\xb2\xd0\xf5 \x1b\x05\x00\xea\xed\xb3\
\xb8\x86G\x7f4\xc1\x97\xb2\xce\xbf\xfb\x85\xee\xf87\xaf\
a\x98A\x816\xf5\x89\xb2\xa4\xfa7\xdb\xad\xcc\x0f\xe7\
\x17\xd0{V\x09\xff'p\xe5\x8a\x1a.\xcb\x0e\x06\x83\
\xb6\x952\xd0k\xdcY_\xca6\x19(\xdd}\xd55\
\xd2J\xffw\xbb\xdd\x9eq\xa0\xb3\xa7a+\xbd\xcf\x05\
3\xfa\x1c\xfd\xdc\xcbN\xdd.\x00\xf0\xb2\x91,=\xab\
\x00\x06\xdd\xe4U)\xd73w\xffWA\xeaW\xfaU\
l\xb7w\xbaB\xea\xd5\x8e~\xc6\xdf-n\x92_\xbf\
z\xab0\xf3>]c\xaf\xde\x08O\x7fs\xd7\x93j\
\x02\x9f\x22T\x1av\x82\x02f\x03\xd3\x18\x10e\xe6\xf3\
y\xac\xae\xae\xe2\xc6\x8d\x1b\xe6\xf9k\x9b\xdd\x09\xe9\x02\
\x0ae\x04\xdcI\xce{\xdb\xed\xb6\x19Q\x1a]\x22j\
\xee\x86\xf7\xff\x11\xf7e\xb1\x8d\x9d\xe7\xd9\xcf!\xb5P\
\x94(q\x11\xb5o\xa3\x99\x8c\xc7\xfb\xd8M\x10\xc7u\
\x10;i\xea\xb4A\x83\xa0-\x8a\x22\x17]\xd0\x02\x01\
\x8a\xdc\x14\xe8U/z\xd1\x9b\xde\x04\xbdp\xdb\xab6\
-\x8a\x06E\x9a4I\xd34uk;\x89\xe3\xa43\
v\x9cx\x1c\xcfx6\xcdh4\x1aQ\x1bIq\xd7\
N\x9e\xffBy^=\xfc\xe6\x90\xd2x\xc9\xff\x01\x82\
\xc8\xc3\xb3|\xe7[\xde\xe5y7\xb5?*R\xe0\xce\
\x81;\x17\xee\x02w\x7f\x0f\xfaL\xd8zpp\x10\x9d\
\x9d\x9d\x06\x07\xee\xef\xef\x1b\xa1%\xac\xe8\xfb\x87\x1e\xfe\
\x0cw\xe3;\xd3\xfb\xfe\xe4\xc9\x93x\xec\xb1\xc7p\xf6\
\xecY\x83\x1f9\xe6\x00\x8c8\x11\xc5\xa1\xc0\xb1\xb7\xb7\
\x87\x8d\x8d\x0d\x5c\xbdz\x15\xb7o\xdfn\xaa\xe8\xc7y\
P\x9f\x03\x15\xc6\x08\x9dF\x22\x11\xcbv\xe7y\x1e\xc6\
\xc6\xc6,\x0c\xafV\xabY\x02\x1b\x00ML\xd8\xf7}\
\x14\x8bE|\xe5+_\xc17\xbe\xf1\x0d<\xfa\xe8\xa3\
\xf8\xfd\xdf\xff}<\xf1\xc4\x13M\xfe\x03\x9a\xacI\x9b\
j\xd1$pA-\x1e\x8f\x03\x80\xa5\x1c\x06\x0eb\xc5\
\xd5\x04\xe02\x7fB\xb3D8\x82\x9e\x1d\x8b\xc5\xccl\
\xa1\x02\x07\xbd\xdf\xdd\xf6\xd4SO\xe1\xa9\xa7\x9e\x02p\
\x90\xfe\xf7\xb9\xe7\x9e\xc3\x95+W\x90\xcb\xe5LHa\
|{:\x9d\xc6\xe7?\xffy|\xf0\x83\x1f\x0c|\xa7\
\xf7\xb2U*\x15\xec\xed\x1d\x94\xf9\x0d\x85B\x06k\xd3\
T\xa6mww\x17\xf3\xf3\xf3M&<\xe0\xc0w`\
gg\x07CCC\x18\x1e\x1e\xc6\xc3\x0f?\x8c?\xfd\
\xd3?\xc5\xf6\xf66VWW\x01\x1cz\xd03\x22\x84\
6{*\x0fdh\x1a\x0a\xacJ\x02\xb5~u\x18T\
\xefv\x1ec\xdf\x14\x9ds\x99\x0c\x19.\xf3.\xd0;\
\x9f\xcc\x94\xd7\xea;\xba\xda\xadk+W\x84\xd3\xd5\xbc\
\xf9Y\xab\x0c*\xc3'}VF\x0e\x1c\xd2\x13\x0a(\
\x9c\x0f\xe6\xc1\xe0\x98\xe9\x98\x90.+d\xaf\x82f\xa3\
\xd1hr\x5cT\x1aGaA\xa3\xbd\x14\xf1\xd5h\x08\
\xf5\xf1`\x7f\xd9/}\x87\xa01\xe4\xf3Z1\xfeV\
\xbc\xda\xbdO\x90\xd2\xd5V\x8co%\x14\xb4\xd2\xb0\x83\
:\xd2\xea\x98\xfb\xb9\x1d\x0a\xe0\x0eB;\xa6\xef>\xd3\
\xbd&\xe89A\x1a\x92B4zL\x7fs\xa1\x7f\xc2\
\xb6d\x1c\x0aYsQ2\x81\x0d\x9di\xd8T\xc2\xa6\
\xf4\xa9\x05-(5\x17\x8bE\xdc\xb9s\xc7\xb4\xde \
\xcd_7T\xbb\xf1VI^\xa5PJ\xeb\x0c\xdd\xd1\
\x0c|\xcc\xe6\xa5\x99\xf2\xa8\xed\xba\x8bT\x09\xc9\xbd8\
\x91\xe9\x9cQC`j\xdcD\x22\x81\xe1\xe1a\xa4R\
)#>\xf4\x10\xe6\x06\xa5W\xb0\x96\x82\xe5\x98RC\
\x8c\xc5b(\x16\x8b\xe8\xed\xedE\x22\x91\xb0\xfc\x09J\
\x98h/\x1d\x1e\x1e\xc6\xc8\xc8\x08\xb6\xb7\xb7q\xe5\xca\
\x15+\x11\xac\x91\x10DV41\x13\x1d\xa4(\x0c\xd2\
\xae\xcb\xd8\xe8\xb5\xb55$\x93I\xcc\xce\xce\xa2\xaf\xaf\
\x0f\xf9|\xde\xc28\x99\xf6\x94\x82\x1fpHTz{\
{\xf1\xdak\xaf\xe1\xc2\x85\x0b\xf8\xc8G>\x82?\xfa\
\xa3?\xc2\xe3\x8f?\xdevL\xe9\xc0u\x5c\xed\x81\x8c\
\xc7\xf3\x0eR\xd5\xd2\x86\xca\x90Pm$\x80\xa5R\xc9\
\x04\x88l6k\x11\x16\x9e\xe7Y\xa1\x97\xa0\xe7\x00\x07\
\x8c5\x16\x8b\x05\xf6\xe5\xd4\xa9Sx\xee\xb9\xe7\x8e\xd5\
\xef\xf7\xaaQ\xa8\xd5=\xca\xf5\x90J\xa5\x00\x1c\x08F\
\xb45\x07\xb5\xce\xceNLNNb}}\x1d{{\
{H$\x12\x16I\xb2\xb9\xb9\x89\xa5\xa5%\x0c\x0f\x0f\
\x038\xa8\x1a\xf8{\xbf\xf7{\xd8\xd9\xd9\xc1+\xaf\xbc\
b\xe8\xd3\xfa\xfaz\x93\x92\x01\x1c\x0asT(\x00\xd8\
\x9a\xd7\xdc\xf6.*\xc5\x08\x12\x85\xff\xdd\xbd\xc6wW\
:A\xba\xa0q\xfbd\xa8Z$G\xafS\xf4R\xef\
\xc9?u\xbccb&U*ThRDL\x91J\
WX\xe1{\x90&loo[\xf4\x92\xa6\x11\x8f\xc5\
b\xb6\x07\xf9\x1c-b\xa4\xcf\xe1\xd8\xf2y*\x94\xeb\
:\xe1g\xaew^\xa7c\xa7\x82\x96\xce\x0d\xfb\xccc\
zo]\x8f\x9c\x0f\xb7\x1d\x97\xae\xea\xbc\xb0\xbd\xebZ\
\x00\xf7\xf2\xf0\xe3\x22\x01\xad\x8e\x1d\x11\x99\xbc\xfe\x00\x00\
 \x00IDATW\xa3ou\x7fe\xe8\xad\xee\x11\
\xa49\xb3\xa9\x14K\xa6\xa7\x1e\x9f\xd4\xe6I4\xc8D\
ta\xa9\x94\xaa\x8b\x078\xacLG\x8d\x94\x9b\x8dN\
]\x1b\x1b\x1b\xc8d2\xe6\x18\xd4j\x9c\xf4\x98n\xba\
\xa0\xdf\xf4\x1c\x15\x00\xf8\xfe\x1d\x1d\x1d\x96\x03\x80R,\
k\x15(\x02\xa2Ru\x90\xd0\xd7n\xbc]aN\x89\
\x0e\x8f\x11\x9ag\xc8\x1c\xa1\xbd\xdd\xdd]\x0b\x13\xa2F\
N\xa6O\xe8\x8f\xf3\xd0\xd1\xd1\x81\xd1\xd1Q\x8c\x8f\x8f\
\xdb\xfd\x19M\xc1\xf0\xb2R\xa9d!uL!\xcb\xf9\
\xb8u\xeb\x16^z\xe9%\x5c\xb9r\xa5i\xa3\xabM\
\x8f\x04E\xb5\xedX,f\x9a>}7\x98K\xa0\xb7\
\xb7\x17\x83\x83\x83\x88F\xa3\xe6\xeb\xc0\x92\xc0D\x8e\x14\
.T\x18wgg\x07\xb7o\xdfF&\x93\xb1,v\
G\xb5\xa0u}\x9c\xf3(\xdc\xa8\x19L\xcf\xa5\x99\xc3\
\xf3\x0e\xa2(\xd6\xd6\xd6\x8c!Qplg\x86\x08B\
\x01\xfe\x7f4\xc2\xc7\xae\xbf\x0b\xbd\xd1\x19\x1dA\xcd\xaf\
\xdd;5\x1a\x0d\xab\x0c\xc95\xc4\x10_\xcea\xa3\xd1\
\xb0\xc2G\xa3\xa3\xa3\xa8T*X\x5c\x5c\xb4D@\x5c\
K\x8c\xa5'\x12\xc0?\x86\xf4Q U\x079\xae\x1d\
e2\xae\xd0\xea\xd2Dw\xef\xbaJ\x13\x85i\xeeI\
\xee\xad\xe3\x0a\x96A~Z\x14\xb4t})#\xd6\xf3\
\x95\x96\xb5B\x1ay.\x1d\xfe\xa8\xa8p/\xd3L\xa2\
N}\xad|!\xf8\x1c\x22\x88jns\x05\x12\x9e\xa7\
6}\x8e\xa9\x9a4\xdc{\xbb\xef\x15t\xceq\xf7m\
\xd0x\xb4\xfb\xed.\x04@\x07\xba\x95\xe6\xee.\x98V\
\x1d\x0fb4Gu\xec\xb8\xc7\xdd{\x1f\x85\x0a\xb8\x0c\
E\xafi\x87\x0e(\xdcO\xe9\x94\x04\x8f\x12%\x17\x84\
J\x88\xca\xdc\xf5<\x15\x22\xb8H\xb8@=\xcfk\x8a\
\x10 \x8aP\xa9T\x90\xcb\xe5\x90\xcf\xe7\xef*\xb8\xe3\
\xbeO\xd0\xf8\xe8\x02R(M\x09BP\xb8\x17\xdf\x99\
}\xd7\xe7\xd0,@\xe9V\xa1\xc0 \x02\xd2J\xe8\x08\
\xd24\xf4\xf9\xfa\x9d\xc4\x86\x09q(-+\xc3'\x91\
U!&\x12\x89`dd\x04\x91H\xc4\xb2\xfe\xb1\x0c\
\xed\xe0\xe0 677\x8d\xe9\xaa}\xbb\xb7\xb7\x17c\
cc\x96e\xed\xe2\xc5\x8bXZZ\xb2\xe7\xba\xde\xe9\
\xaaeq~;::,,\x8b}\xd7T\xa5\x99L\
\x06\xd7\xae]C(tP\xc5orr\xd22\xc5\xb1\
?\xee>\xa3]\x97\x02\xd9\xf9\xf3\xe7\xf1\xe6\x9bob\
ff\x06\x9f\xfd\xecg\xf1\xeb\xbf\xfe\xeb\x18\x1a\x1a\xc2\
{\xddt\x1e\xa9\x81*L\xedy\x07H\xd5\x95+W\
0<<\x8cH$b\x0eY\xf7\xe23\xf0\xff\xa3\xd1\
\x96\xce\xaa{\xb1X\xac)\xabb&\x93A\xbd^7\
\xa4\x89\xe1\x9f\x1d\x1d\x1d\xd8\xde\xde\xbe\x0b\x15a\xe5\xc6\
\xc1\xc1AD\x22\x11c0\x14\x9ci^#\x9a\xc0v\
\xe6\xcc\x19\x9c9s\xc6\xf22p\xad\xf1\xfeL|\xe3\
\xee\x17]\x1fD\x99\xdc=\xa7\x10\xb6\xcbd\x95a\xb9\
Mi\x14i \xf3\x08\xa8\xd0\xcf\x16\xc4\x1ftOk\
?\x00\x98\x82\xc1\xf3y\x0eQ4\xf7\x1aU\xa24$\
\x94t\x89(\x1ep\x08\xe3\xb3\x1f\xa4\x9f\xea\xdd\xef\xfb\
\xbeE!\xf0\xf9JsT\x80\xe2\xf3Ig\xa8\xfch\
\x18\xa5\x22\xcaA\xfc\xd1=\xd6\xea\xb3\x8e'\xc7\xe6\xa8\
\xe6\x9e\xd7\x0e9\x00Z \x00GI\x1bA\x8c\xf2\xb8\
\xe7\x04\xdd;H\xb08\xee\xf3\x8fsn\x103\xd4\xdf\
\x82\xaeW\x81\x81\x9f)\xfd\x91I\xabC\x0e\xcf#\x0c\
\xe4z-\xf3\x1d\xd5\x91\x87aZ\x9e\xe7\x99\xa6DO\
^\xfa\x040\xf3\x1f5\x82v\xe3\xd6\xae)\xf4\xa6\x12\
\xaaJ\xaenV=2\x5c\xb5gq\x0ctsk,\
\xb0\x8e)7\x92n@\xfe\x05\x11.\xb7\xa93\x90j\
0\x84\xb3\xa91\x90(1\xf4\x8a\x95\xe1T\xa8\x8a\xc7\
\xe3H\xa7\xd3H\xa5RF|\x19\x22\xb8\xb4\xb4d1\
\xe9\xc0\x81\x1d\x9d\xa1\x81d\x0a\x97/_\xc6\x0f\x7f\xf8\
C,,,4\x15\x11q%{\x15\xfcB\xa1\x83\x02\
(\xa3\xa3\xa3\x98\x9a\x9aBww7J\xa5\x92\x85\x8a\
\xf1]b\xb1\x98\xa58\xa6\xb9\x835\x09Z\x11\x13u\
\x1a\xa56\x96\xcb\xe5\xf0\xdak\xaf\xe1\xdf\xfe\xed\xdf\xf0\
\xd3\x9f\xfe4\xd0\xc9\xee\xbdj\xea\xe0\xa8\xeboqq\
\xd1R\xb32\x81M,\x163S\xc8;\xd1b\xde\xef\
\xc65\xcc\x14\xda\xf4\xdda\xd4\x83\xef\xfbX__\x07\
p\xe0dH\x04\xa0\x5c.\x9b\xa7>\x1b\x19\x16\x13\xd2\
T\xabUtww#\x1a\x8dZ\xbd\x82\xa1\xa1!\xec\
\xef\xefc``\xa0\xa9\xec1\x00\x8c\x8c\x8c\xe0W\x7f\
\xf5W\x91\xc9d\xb0\xbc\xbc\xdc\x14e\xb0\xb9\xb9\xd9\x84\
\x08q\xedq\x8f\xd2\x17\xc0\x0d\xcbS\xf4\xd1\xa5\x9d\x5c\
OA\xa6@W\x11\xe2\xdeg\xc6B\x9a=]\x1f\x02\
e\xd4\xadh\xbd~\xd6>+\xdd\xa0\x02\xa0\xe8\x9a{\
\x8e{O\xed/\x7f\xa3O\x04\xc7O\xc3\x88]m\x9d\
\xd7\xf0;}\x06\x5ce\x894\xdb\x8d4PeJ\xc7\
\x22\xa8\xaf.\x9a\xd6\x8a\x0f\xb9c\xea\xde\xef\x9d\xee)\
\xdf\xf7\xdf\xbd\x09\xe0\xa8\xe62\xd9v\x82A\xd0\xe7\xe3\
\xdc\x9f\xad\x15sW\x86\xa4ZxP\xff\xdc{r\x11\
\xea\xa2\xa4\xb6\x19\x942R\xffx/-\x83\xc9\xc5\xa6\
)j\x95\xa9\xf1<\xa6gee?\xa6\xf7u\x17\x10\
5\xf4Vc\xe6j\xd9G\x8d\x9f\xfb\x1bQ\x00\xfd\xd3\
d\x19\xdc`\x0a\x03\xb6\x12\xcc\xda\x09k\xae\xa0\xe6>\
_\x1d\xfbx\xac\xaf\xaf\xaf)\xccO\x11\x8b\x9e\x9e\x1e\
\xf3\xa6\xf6\xfd\x03\x0f\xddT*\x85\xe1\xe1a\xf3\x90g\
\xbc?\x9d\x0a=\xef0\xdf\x00\x853:\x12^\xbat\
\x09\x17/^\xb4\xa8\x0b\x12\xa5\xa00C]k\xf4\xf4\
\x1f\x18\x18@\xadV\xb3\xb2\xb7.d\xcb\x92\xc2\x9d\x9d\
\x9d\x86\xfcT\xab\xd5&\x04@\x8535\x05\xa8p\xc7\
\xb1[[[\xc3\xc5\x8b\x17\xb1\xbd\xbd\x8d\xf1\xf1\xf1c\
'\xaby7\x8d%h\xc7\xc6\xc6l\x0cC\xa1\x90%\
xQ\x1b\xbf\xef\xfb\xa8T*wE\x18\xbc\x9f\x8d\xe6\
\x22\xda{\xc9X9\x8f\xa1P\x08\x95J\xc5>S\x00\
\xa8\xd7\xeb\xc6\x8ci\xaaP\xfb.\x1dS\xc9\x08X5\
\x12h\xce\xf8\xc9\xc6k\x1a\x8d\x06j\xb5Z`xe\
\xb1X\xc4\xa5K\x97P\xa9Tl\xde\xf9<\xcdf\xc9\
\xc6\xb5\x17\xe4\xac\xa6\x02w\x90\xc3\x1e[+\xdaLz\
\xa6&\x0f\xfa\x1c\xd0,\xc1v\x14]o\xa7\xc9*\xca\
J\x84\x91\xd7\xbb\x90z\xd0\x9a\x0f\xba\xb7\xbe\x13\x19\xb8\
\x8b\xdej\xf4\x15M.\xda_W\x90R\x1b\xbd\x0a*\
\xae2\xa3&R\xa5\x0f\xda\xb7v\x0a\x906\xa5\xa9\xc7\
e\xfeA\xbf\xdf\xa5\x90\x06]\xd8\x8e)\x04\xdd\x84\xc7\
Z\xbd\x10\x8f\xeb\xff\xa3:\x1e\xf4\x9cv\x12_\xd0}\
\x83\x18\xb9{?e\xee*\x0d\x92\x80+\xc4\xafq\xe5\
\xee\x22P\x9f\x00\xbe\xa7\xc6`k\xff\xd8\x0f:\x15Q\
*\xd5\xc5N(+\x9f\xcf\x1b\xd3\x09\x9a\x13u&q\
\xb5|\x9e\x1b\xb4\xd9\xb5\xb5\x1a3\x95\x82)\xf5\x93`\
wuu\xa1T*\x99\xc7z+\xdbY\x10\x0a\xe2\xbe\
\x87\x0aM\xba\x19\x15\xda\xa7\x06\xc5\x14\xa7d.\xac4\
\xa6sK?\x81p8\x8cB\xa1\x80B\xa1`\x08@\
2\x99D\x22\x91\xc0\xc0\xc0\x00|\xdf7-\x8e\xcf\xa0\
\xa0199\x89\xa1\xa1!lnn\xe2\xca\x95+\xa8\
\xd7\x0f\xb3\xe4\xb1\xcf\x9cK7\xaa\x82\xfd\x88D\x22\x18\
\x1a\x1a2\xe77&$qM%,-\xcb\x0a}\xcc\
\xd0W(\x14\x9a\x98\xbd;n\xbe\x7f\x983\x82\xce\x87\
\xfa\xdb\x9d;w\xf0\xa5/}\x09?\xfc\xe1\x0f\xf1\x07\
\x7f\xf0\x07\xf8\xe8G?\xdav\x1d\xbc\xdb\xd6\xd9\xd9\x89\
\xe1\xe1\xe1&\xa78\x0a1z\xcc\xf7}\x5c\xbbv\xcd\
B\xf9\x06\x06\x06011\xf1\xbe\xf6\x8dN\x86\x14\xba\
\x89\xae5\x1a\x0d\x83\xd7\x09\xd5\x97\xcbe\x0c\x0c\x0c4\
\x15\xa9I$\x12\xb6\x06X\x90\x8b\x02D\xb5ZE>\
\x9f\xc7\xe4\xe4$\x80\xc3\xca\x90\xdc\xd7\xc0A\xaa[\xfa\
\x9cp\x8d\xb2\xcctP\x1b\x18\x18\xc0\xf0\xf00\xd6\xd7\
\xd7-5.+>nmm\x192\x14\xc4\x18\xdd=\
\xac{Ci\x10\x7fs\x99\xa8\xdb8F\x9a,ks\
s\xf3\xae\xd4\xda\xf7\xda\x94\x1f\xf09A\x0e\xcc\xa4\x0d\
\x8a\x06\xf2;M\x93J\xe3H;\x94Y\xf3Y\x9a\xa6\
\x9bk\x92\xe7s=\xf0Z\xf6Ay\x87\x9b\xef@\x99\
\xbb\xfbL\x0a\x17D\x98\x5c\x01\xe5(\xba\xec\x8e\xd5q\
\x8e\xb5\xfa\xdd\x15\x9c\xf8\xfd.\x04\xe0(\x8d\xf0\xb8\x8c\
;\xe8\xdcV\x90P;\xed5\xe8\xa5Z\x0dF+F\
\x06\xb4OB\xe3j\xc9\x9a\xe0A\x19\x9b{\x8c\x8bS\
\xe3==\xcf3G>]\x9ct\xde!1g\x98\x0e\
\x7fg\xb60\xc2\xe9,\xeb[*\x95\xee\x82\xd6U\xd8\
r\xa1)E\x1eT\xf8\xe0\xb1 \xe8,\x88p\xf03\
\x05\x80\xde\xde^\xa4R)\x8c\x8e\x8e\x1a\x0cJ\x18\x9d\
c\xa0\xce5\xc0\xa1\xc0\xa4\xc7\x82\xd6\x08\x05\x0c\x16\xc8\
\xe9\xef\xef7-=\x1e\x8f\x1b\xe3\xa7V\xce\xd8\x5c\x86\
`Q[c\x0ep&S\xa9V\xabXYYA\xa9\
TB\x7f\x7f?N\x9e<\x89\x13'N`bb\x02\
\xc9d\xd2\xb4bjY,\x9e\x12\x0e\x87\xed\xf9\x8d\xc6\
A\xc57\xa6}%\x94H\xc1M\xcd\x1f:\xee\x9d\x9d\
\x9d\x96\xf4\xe6\xe4\xc9\x93\xa6E2q\x13\xe7\xd4u\xd4\
\xa20\xc25B-\xcb%\xb4$4\xba\xbe\x5cM\x8f\
\xc2\xc1\xe6\xe6\xa6\xa5\x9c\x1d\x1b\x1b{\xdf\xd0\x00\x8e\xbb\
6\xceGGG\x07VWW\xb1\xbe\xbe\x8eb\xb1\x88\
t:m\x99\xf1\x1a\x8d\x86\x8d-\xafy/\x1b\x8b\xc6\
h\x86F&7\xcaf\xb36\xf7\xdc\x1f\xdb\xdb\xdb\x88\
\xc5bM\xa5\x87\xb9\x1e\x08\xed3w\x04\x05T\x86\x05\
\x16\x8bE\x83\xc7\x17\x17\x17\x0d\xd5cu\xbb\xd5\xd5U\
\xd4\xebu\xab\xfb\xc0\xf0R7,\xd3\xf3<\xac\xac\xac\
4\xe5\xed'\xe4L\xc5\x82\xfe\x01\xa6\xcd\xfd\x1cu\xe0\
\xfa#J\xa9\xa1n\xae\xd2\xc3\xf3y/\x0a\xd5\xae\xc6\
I\xe8_\x15\x15\xf5\x01`\x9f[9\x89\xea\xbaT%\
\xc8=\x97\xfbI\xd1Z\xd7\xc1\xda\xed\xbf\xdeG5\xf1\
 Z\xc3=[\xadVM\x80aZc>C}\xb0\
t\xdf\xe9\xbb\x12\x95\xd4\x22k\xca\x83\x94\xf1\xab\xd0\xe2\
\x8e\x09\x9bkrq\xc7\xef(f\x1f4\x96\xad~o\
\xa2\xed\xeeI\xed \x94\xe3@\x15\xed\xee\xa5\xc7\xb4\x13\
\xad\xa4\xcf \x04@\x17f+\x8d\xb2US\x22\x1d$\
\xa4(\x01u\xcd\x05\xd4F\xb5\x0f:i\xae\xf7\xbf\x9b\
\xf8\x81\xf9\x00T\xab\xe6}i\x1be\xc1\x9a\xb5\xb55\
\xe4r9\xab\x04\xe6\xce\x81;N\x5cH\xea\x90\xd3\x0a\
\x0d\xd0\xb1u\xc7\xd0\xdd\xf4\xfc#|\xdb\xd3\xd3c1\
\xf2\xd1h\xd4\xf2\xb0wuu\xa1P(X\xe2\x12\x1d\
\x0f\xdd\x08\xca,\x15a!\x93P-\x83\x95\xcaH\x00\
\xe8\x87@\x0d\x8d!>'N\x9c\xb0\x8cl\xdc\xd4\x0c\
\x99\xa4\xc7\xf6\xe3\x8f?\x8e_\xfa\xa5_\xc2\xf8\xf88\
FFF000`\xc9\x94vww\x11\x8f\xc7\xed\
\xb9$\xb2[[[\x16&\xe4\xfb\x071\xf8\x99L\x06\
\xd9l\xd6\x1c\xacZ\xcd\x075\xc5d2i\xa9\x81Y\
6\x98vHE?\x1a\x8d\x83\x5c\xfc+++\xe8\xeb\
\xeb\xc3\xd8\xd8\x98\x09V\xea\x9d\xccyt\x1dMu-\
\xba\xce\x89\xc0a\xcd\xfbr\xb9\x8c\xb9\xb99\x84B\xa1\
\xbb\x9c\xcf~\x11-\x99L\x9a\xafK\xb9\x5c\xb6\xb8\xf2\
\xcd\xcdMD\xa3QK\xdc\x04\x04\x87\xe6\xbe\x93\xc6\xf1\
\x1e\x18\x18\xb0\xbc\xfd\xa1P\x08\xf9|\xde\xeaA\xb8Y\
\x09\x07\x06\x06P,\x16\xdf\xd1\xf35\x8fB,\x16\xb3\
\xe2Q\x95J\x05\xb5Z\x0d\x9d\x9d\x9df\xfa\x88\xc5b\
\xd8\xdb;(i\x1b\x0a\x85\x9a\xaa\x01\x12\xf1\xca\xe5r\
6f\x9e\xe7\x99\xa9\x8d\x11\x00\xba\x0e8\xff\xaa0\xb8\
\xf9I8\xb6\xaeP\xce?E-\x94\xd9\xb1\x22\xa9\xe7\
y\xa8\xd5j\xb6?\x5cs\x83:\x11\x07\xf1\x8evt\
\x9b\x8a\x8c\xef\xfbM\xe1\xd2\xa4a\x14 \x94\xce\x91>\
\xab\x03\x9f\x8bj\xe83\xdc\xe7q<\x80\xc3\x84C\xe5\
r\xf9\xae\x84A.\x83V\x9a\xc4\xef\xaa\xd1\xeb\xb5\x8a\
*k\x1f\x94\xde\xb6C\x03\x82xr;\xde\xaa\xe7\xe9\
\xf1\xa0k:\xf4\xc1A\x12\xc4\xbd2\xfd\xa3\x9av\xea\
^\xd0\x80\xa0Eu\x1c\xa9\x88\xd7\xb4{7\xbd\xb7B\
\xd1\x5c\x5c\xfcSF\xebJ\xbb$X\x5c(\xee\xb8R\
\x08\x00\x0e\x19\xb6\xc6\x9e\xf2Y\x9b\x9b\x9b\xc8\xe7\xf3\xc6\
\xfc\xf5][\xbdC\x90\xf7\xbdj\x88A\xcd\x15\xa4\xda\
\x8d%\xb5\xc8H$b\xd9\xf3x\x8fp8l\xb5\xe4\
\xd5q\x8d\x9bWM&4y\x10.S[=\xb5\x0b\
J\xdf\x84\xeb\xd4k\x9e\x9b\x88\x88\xc9\xe6\xe6f\x93\xb3\
\x1f=\xf8\xfb\xfa\xfa\x8c\x81&\x12\x09|\xecc\x1f\xc3\
\xc3\x0f?l\xd2z\xa3\xd10\xa2L/v\x127:\
\xaeQ+]^^\xc6O~\xf2\x13\xdc\xb8q\xc3\xbc\
\xf3\x83\x04)\xae\x01\xe0\x80\x90\xc4\xe3qK2\xc4|\
\xef\x1b\x1b\x1b\xe6\xc8\xa9(\x12\x05\xa4J\xa5\x82\xb5\xb5\
5\x13\x9c\xc8\x08hg\xe5<\x051G\x85\x1e}\xff\
\xb0\x92\xa1:Jj\xc1#\x16\x0e\xfaE6\x15\x967\
66\xacpM:\x9d\xbe+J \x9f\xcf\xa3\x5c.\
crr\xf2]\xf5\x93\x9a\x1d\x19\x18\x91\x91v\x02\x90\
\xe7y\xef\xaa\xf6\x01\x00\x8b?W\xc6\xcb:\xf7\xbb\xbb\
\xbbV\xdc\x86\x1e\xfb\x91H\xc4\x10\x9b\xae\xae.\xa4R\
)LMM!\x95J\x99\xe7\xbf\x0aG\xca\xec\xc2\xe1\
\xc3\xa26J\xafH\x1b\xa8\xb5s\x7fpo\x01\xcd\x82\
%\xafQ\xc6\xa6\x1a-\xfd\x16\xd4\xf9\x8f-\xc8\x06\xae\
\xf7t\x8f\x01w\xd3 6\xaee\xadp\xc8\xff\x5c'\
Z\xc8\x88t(\x08ap\x85t}\x0eQ\xd9\xad\xad\
\xad\xa6\xe2l\x8d\xc6\xdd\x89{\x5c\x85Q\xb5{\xd7\xb4\
\xccwT\xb3,\xe7M\xdf_\xc7\xa0\xddx\xb5k\xed\
h\xf7qxdS-\x80 \x86\xdc\xae\x1d\xc5\x8c\x83\
\x06]\x7fs\x07\xe2\xa8\xe7\xe8u\xba\xf8Z\xf5\xff\xa8\
>\x03\xcd)}\xd9\xd4S\x9f\xe7r\xd1+\x04EF\
\xa6\xda \xb3Ai\xf6(.\x14\x12\xe3P\xe80I\
\x0c7=m\xfe\xd4n])\xf6(\xe4\xc3u\x5ci\
%0\x04\x8dy\xbbq#\xb3\xadV\xabV\x8d\xcf\xf3\
<\x83\xcd}\xdf7\xf8\x9d\xcek\x0c_c\xb2\x0d>\
C\x9dp\xf8\x1e\x0a9\xd2\x0cB\xc6_\xadV-)\
N\x90\xc6B\x87\xb9b\xb1h\xe1V\x9c?\x16\xedy\
\xe8\xa1\x87p\xfa\xf4i\x13\x5c\x88\x0cP\xb0\xd8\xda\xda\
\xb2:\x03L\xd7\x9bN\xa7\x11\x8dF\x91\xcb\xe5\xf0\x93\
\x9f\xfc\x04o\xbc\xf1\x06\xee\xdc\xb9c\x04\xc9]?\xca\
|\xa9\xc91y\x90\xef\xfb\xc8d2X\x5c\x5cl\xaa\
uN\xcdF5:M\xfcB\xb89\x91H\xa0V\xab\
\x99\x16\xaf\xda\x1e\x9b\xfaP\xd0Y\x8b6f\x22+$\
\x8a.l\xf9\x8bl\xa1\xd0\xa1C\xe0\xf0\xf0\xb09r\
\xba\xadR\xa9\xa0\xbb\xbb\x1b\xbd\xbd\xbd\xd8\xd8\xd8\xc0\xc8\
\xc8H\xe0\xfd666LhtM\x0fld\xa6$\
\xd2\x1c\x83\xa3\x9a\x0b\xc9\xbf\x93\xc6\xb5\x0e\x1c\x16\xd2a\
fI\xe6\xb1`\xce\xfbP(d!\x86DC\x1e|\
\xf0A<\xf8\xe0\x83\x98\x9f\x9fo\x0ay\xe5\xbd\xb8\xb7\
\x94\x0e\xa9\x9d\x9c4\xc5\xd5Fy>\xc7L\x85r\xde\
O\x95\x22\xbe\x07\x85\x17\xde\x9f9\x0d\xe8\x83\xa4\xef\xed\
\xd2-~V\x9a\xa3fS\xf7\x1c\x8dH\xd2T\xbe\x1c\
\x1f\x0a \x9a+\x81\xcfj\xc5\x8f\x94Y\x13I B\
\xc45\x14\x0a\x85\xcc\xd7G\x05o\xcd\xf2\xe7\x22\x11\xda\
\x7f\x15\x988\x1f\xc0\xdd\x10\xbf\xcb\xd3\xf4\xbeA\xe3\xa8\
\xdf[\xdd'\xe8\x9av\x0a \xf0s\x04\xa0\x1d\xa3n\
\xd7\x8e\xf3 v\xaa\x1d\xf4\xc3sZ=\xc3\xd5\xb2\x5c\
\xe6\x164\x08\xee`\x05\xf5O\xe1}\x12O\xf5<\xd5\
\xa4\x0f<\x8f\x90\xbd\xd6\x91W\xa2\xac\xd07K\x99r\
\xe3z\x9e\xd7dSb\xa5@j\xfd\x95J%P\xb0\
q\xbf\xeb\xbb\xa9--\x08\x0dh\x87|\xb8\x9b\xd3\x1d\
c\x12\x1b\x0dub]u\x8e1\xb5z\xf5\xbe\x1f\x18\
\x18@(t\xe0\xad\xbc\xbd\xbd\x8d\x5c.\x87\x5c.g\
5\xce#\x91\x08B\xa1\x90\xe5\xf8gR\x1c\xc2\xef\x1a\
RH\x18\x5c\x13\x9cP\xe2\x07`\xd1\x12\x94\xe0{z\
z\x90H$p\xdf}\xf7\x193\x1f\x1d\x1d\xb5\x8ck\
\xd4\xfa\x8b\xc5\xa21\xa2\xbe\xbe>\xec\xef\xef#\x97\xcb\
Y\xcd\x81h4\x8aR\xa9\x84\x8b\x17/\xe2\xca\x95+\
\xa8\xd5j\xe68\xa6k\x92\x0c]m\x92\x0a]j\x02\
\x19E\x0fT\x83\xe1<\x11%Q\xff\x00jp\x9a\x93\
\x9c\xc4D\x85)~&\x9aAs\x0a\x8b\x10\xa5\xd3i\
+?\xfc~\xf8\x00p\x8d\xb7k\xe5r\x19\xa1P\x08\
\x93\x93\x93M\x0c[s/\x00@,\x163\x81S\x8f\
\xd3)\x8f-\x99L\x1a*\xd3J\x00\x00\xee\xbd\xc4\xea\
\xfb\xd1\xe2\xf18\xf2\xf9<\x8a\xc5\x22:::\x90\xcb\
\xe5,\xc3&\xe7\xbc\xbf\xbf\x1f\xa5R\xa9)\xac\x8f\x99\
7\xb96\x98\xfa\x97\xc2\x02\xd7\x882t\xd2\x02:\x0b\
*\xe3W\x05J#\x0bZ!\x86\x14\xb4\x99\x03\x81\xe6\
5\xbd\xdeE\x10\x94\xee\xb6\x1a\xfbvH\x81\xa2\x5c\x8a\
\xc6\xf23}\x15\x80C[\xbb\x0a\x13\x1c\x13=\xc6\xbe\
\xb8\x823}\x99Tc\xa7\x82\xc6{\xd4\xeb\xf5\xa6\x88\
-\x17\x01\xe1\xf8\x07i\xf8\xee\xfb\x06\xf1\xa1V\xbf\x1d\
\xf5\xdd=~\x14z\xa0\xe7\xb1\x8f\x1dA\xf0\xc5\xfb\xd1\
\xdc\x97l\x876\xb8\xd2\xe7q\x07\x22\xa8\x051\xc2 \
\x08\x8aM\xed\xd3\xae\xc3\x1f\xa59\xb7x\x85n*.\
\x02\xd7\xeb\x93\xcfP\x89\x90\xf0\x1f+\xce\xb5[$A\
\xc7\x83\xc6&H\x9a\xd6k[\x09Z\xad\xee\xa5\xe18\
dfd\xc8\x84\x95Y<F7;\x05!\x12\xb6P\
(dHB\x10\x94\xae\x02\x8dnb\xfe\x16d\xaa\xa2\
\x00R\xa9T\x10\x89D066\x86\xa9\xa9)$\x93\
I\x13F\xe8\xe9\xcb{\xd393\x1c\x0e#\x99L\x22\
\x12\x89`\x7f\x7f\x1f\xa5R\x09\x9ew\xe0\x84\x97H$\
\xccimee\xc5\xd2\xb7\xba\x0c\xd8\x15F\x834'\
\xce\xb1\x962U\xe2\xe6\xce\xad\xa6`\xee\xeb\xebk*\
\xe1\xca1\xe3\xbb\xa8\xb0\xaa\x0eL\xf1x\xdc\x9c\xd6R\
\xa9\x14R\xa9\x14&&&\x90N\xa7\xdf\x17\xe6\xbf\xb7\
\xb7\x87|>\x8f\xbd\xbd=\x8c\x8f\x8f\x07\x12}\x0a\xcb\
4\xcfh\x0bB#(\x94Q\xb8\x04\xd0\xe4\x9c\xc6\x16\
\x8f\xc7-1\x92\xef\xfb\xbfp\xb3\xc6\xbd4\xa6\xa4%\
\x0a200\x80F\xa3\x81l6k\xe9i=\xcf\xb3\
4\xb6\xe5r\xd9\xd0,2b\xae\x1f2B\xeeQ\xe0\
\x90\x9eqm\xaa\xa0H\x81\x944K\xc7\x9c\x907\xd7\
7\xd7\x97j\xe3jv\xa3\x03,\xcfe;J[\xd5\
\xfe\xe9\xf9A\xe7\x01\x87\x09\x8d\xd8_5)*\xb2\xb2\
\xbf\xbfok\x80cC\xc1\xa0\x9d\x12\xe8\xfb\xbe\xf9Q\
(]\x00\x0e#9\x80\xc3\x9c\xfd\xa4g|\x16\xdfS\
Q\x07\x15\x22\xf4}\xdf\x09\x7fu\xd7z\x10\xb2\x11D\
\xb3\xdd\xb1mE\xf3\x81#j\x01\xb8-\x08)p;\
x\x9cc\xda\xb1v\x90M\xbb>\xb4\xfa\xde\xea\x18\x8f\
\x07\xfd\x05]\x17\x84 \xf0\x98\x16\x81Q\xe8U\x19\x97\
\xdb\x07\x97\x811\xfe\x9c\xceA\x1aK\x1b\x04\xfd\xb8\x9f\
\xdb\x8d\xab2\xd2\xa3\x90\x19}\x9e\xfe\xa7\x10\xa4y\x06\
\x98,\x85\x90t4\x1aE<\x1e7\x02\xa2~\x0e\xd4\
\xea\xba\xba\xba088\x88t:\x0d\xdf\xf7\xcd\xd9\xad\
P(\xa0R\xa9\x98\xcd\x9d\xfdP[\xdeq\xcc\x1a\xa1\
\xd0A\x18\xd9\x03\x0f<\x80\x8f|\xe4#\x18\x1d\x1d5\
\x07%\xc2\xbf\xd1h\xd4\x98\x12\xb5d:\xfd5\x1a\x07\
^\xfet\xfa\x1a\x1c\x1cD<\x1e\xc7\xca\xca\x0a.^\
\xbch\x9e\xd8\xf4C`\x7f\x14Jt\xe7[\x89\xaeK\
4TkPa\x93\xf7#1c\xfdxz\xa7\xb3&\
:\xc7\x80\x82\x99\x9a\xa2\xba\xbb\xbb\x91H$055\
\x85\x99\x99\x19\x8c\x8d\x8dY\xe2\xa3t:\x8d\xa9\xa9\xa9\
\x96y\xeb\xdfM\xeb\xec\xecD\x22\x91@\xa5R\xc1\xce\
\xce\x8e=C3\xe4\xd1\xce}/\xb6u\x12\xf7\xad\xad\
\xad\xa6\x90-\xb7uww\x1bB\xf4^\xb6\xf5\xf5u\
\xcb\xe2\xf8n[\xa3\xd1\xb0\xec\x93\x99L\xc6P\x22\x0a\
\xaf\xf4\x01a\xdd\x85j\xb5js:<<l\xfb\x89\
f(2\x7fW)\xe1\x1eV\x06\xaeL\x91\x0cJ\xc3\
F)\x9c\xa9\x13\xb3\x0a\x16\x9e\xe7\xddU\xb4I}\x07\
\xf4yl\xdc#|\x9e\xee]W1R\x14A\x1b\xe9\
$\xdf\xbd^\xaf[$\x90\x22\x00j\xfa\xd2\xc4e.\
MU\xe1\x88}\xe1\xbe&]\xd0j\x8e\x8a\xea\xb21\
\x09\x98\x86\x86\xbbf\x17\xbe\x1bi\x19\x11\x05\x1d;\x9d\
\xbb\xa0\xf7>Nk\xc5#t\x8c\xdb\xdd\xcb\xf7\xfd\x03\
\x01\xe0()\x22\xe8\x81z\xec8\xda|\x10t\x7f\x94\
\xc0\x10DT\x83\xb4w\xfd|\xd4\xbd\x94\x80\xbaI \
4\xee\x9f\x8c\x9cZ\x95\x86\xdc\xb8\xf7\xe3qM\x94\xa1\
\x0e\x83\xda\x0fnB:\xa1\x95\xcbe\xdb\xa8\xad\x84\x91\
VR\xb6{\x9d\xfe\xe6\x9a\x12\x8eZ\x08\xfa;\x19w\
__\x9f\x85\xd6\xd5\xeb\x07u\xe65\xf6?\x1c\x0ec\
mm\xcd\xc6\x88p;\xfd\x04h\xab$\xcc\xb9\xb9\xb9\
\x89\xee\xeenLMMahh\xc8\x92\x1c\xb1\xe4.\
\x89Q\xbb\xa6\xc8BGG\x07R\xa9\x14\x1e}\xf4Q\
<\xf1\xc4\x13\x98\x99\x99A$\x12A__\x1f\xc2\xe1\
0\xa6\xa6\xa60==\xdd\xa4\x15\xd2\x86\xc8\x18\x7f\xa6\
l\x05\x0eR\xff&\x93I\x14\x0a\x05\xfc\xe0\x07?\xc0\
\xf9\xf3\xe7\xb1\xb6\xb6faI\x1c\x07\xa2;4\xf3(\
\x1cJ\xcdnhh\xc8\xbc\xc9\x89\xf0\x90\x09\xe8\xba\xe0\
\xfaUB\xce\xb5\xb7\xb1\xb1a>\x0a\xd4\x1e\xa9%\xd2\
\xbc@T\x83a\x9a333x\xf8\xe1\x87\xf1\xf0\xc3\
\x0fcll\xcc\xec\x9c\xe3\xe3\xe3V\x8d\xef\xfdhZ\
\x1aW\xa37j\xb5\x1az{{\xcdn{\xaf\xcdM\
\xb1\xdb\xaa\xbd\x97>\x0d\x8dF\x03KKK\xe6\xa4\xb7\
\xb5\xb5\xf5\x8e\xa3&(\xe4\xd1\xb9\x8f&\xa6\xed\xedm\
\x5c\xbdz\xd5\x18\x12\xd73\xeb|\x84\xc3ad2\x19\
\x14\x0a\x05\x84\xc3a\xb3u+:\xc9wV&E-\
\x1fhf\xc2\xaa\xdd\xfb\xbe\x8f\xed\xed\xed\xa6>j&\
;\x8d\x1a \xf3UX\x9c\xebO\x19\xb9k^\xd0\xff\
\xaaL\xa9f\xcc>\xba4\xccU\x5c\x94i\xfb\xfea\
\xf9`\xf6\x8b\xe3\xa1NyL\x9c\xa6\xe6\x8dVJ\x1f\
}\x19\x18\xe1\xe4\x0a$\xf4\xb7\xa0\xdf\x10\xfbBD\xc6\
\xa5\xbb*h\x00\x87J\xa2\xfb[+\x05\xad\x95 \xdb\
j\xcc\x82\xaeu\xc7S\x8f5\xbd{\xd0\x83\x82\x18x\
;f\xdd\xee\xa1\xeeo\xae\xa4w\x94&\xcb\xdfZ=\
7\x08f\xe1\xc2w\x8f\xf3\x98+\xf92^]\x9d\xb2\
\xb8\xb0\x1a\x8d\x86-\x0c\xda\xf3\xa9\xe9*\xcc\x04\x1c\xc2\
\xfe\xaaA\xbb&\x04j\x83t\xf6k\xc7\xc4\x8f\xd3Z\
\x8d\xb3;vz<h\x5c\xb5\x1f\x5c\xdcZ\xeeW3\
\x7f\x918\x90\x19\x92@\xf1\xbd\x98\xac\x87\xe3Cg\xb6\
X,fq\xf4\x91H\x04\x93\x93\x93H\xa7\xd3(\x14\
\x0a\x16\x1f\xceBCn\xdf\xd9?\x85\xe1u\x9e\xe9\xd1\
K-\x98f\x80J\xa5\x82x<\x0e\xdf?H\xfaS\
.\x97\xcdy\x8a\xd2<\xc3\x10GGG\x11\x8dFq\
\xe1\xc2\x05\xbc\xf6\xdak\xc8d2wi\xf7$\x18\x1a\
\x8d\x004\xa7H\xa6@\xe4y\x07f\x13\x16*R\xd4\
@\xd7\x09\x85H\xfe\xad\xaf\xaf\xc3\xf3<\xcb \xd8\xd5\
\xd5e\x95!IL874\xc3$\x93I\xdcw\xdf\
}x\xfa\xe9\xa7\xf1\xe4\x93O\x22\x9dNc{{\x1b\
\x85B\xc1\xfc2\xdeI\xdb\xd9\xd9\xc1\xfa\xfa\xba\xcd\xdb\
\xea\xea*>\xf8\xc1\x0f\x06V\xf6c\xa3\x90C\xa6D\
G7\xf7\x9a{A\xfe~Q\xad^\xaf\xa3X,\x1a\
\xdc\x1c\x8b\xc5\x02\x1d\x15\x8f\xdb\xd4\x1c\xc2\xc8\x8b\xed\xed\
m\xab\x03\xa0\xb92X\x88\x0a\x80E\x80P\x00Y\x5c\
\x5c4\xb8\x9a\xeb\x87\xccJ\xebB\x90\xe9QK\xde\xdc\
\xdc\xbc\xcb\xe9\x96\x88\x80j\xf1\xbc\xceUl\xb4\xff\xd4\
z\xd5\x04\xa6\x9f\xddwV\x81@\xd1\x00\x97\xde\xb9\xf4\
\xa8\x15S\xdc\xdc\xdc4\xc1\x87\xa5\xd2\xf9,\xe6Z\xa0\
\xafDooo\x93\xef\x10\xf7\x1a\xdf\xc9U\xe4H\xdf\
\x00\x98\xc2\xc7\xc6\x9c\x0aD\x9ah\xa6\xe3{q\xfc\xf8\
]s\xa2\xd0g*\x14\x0a\x19\xbd\xd7\xeb\x82\xde\xb5\xdd\
\x18(\xf3\xd7q\x0bR\xd6\x8f\xa3\xf8\x85}\xdf\x7f\x1a\
\xc0\xd3A\xd2\x11o~\xdc\x16tm\xbbIu\xcfk\
5\x18\xecl\x90\x90\xe0\xf6\xbb\x95\x16\xcd\xc5\xed\x1e\x0b\
\xb2\xf7\xf37\xb5\x09\xf1~\x5ct\xaa\xed\xeb`\xbb\xb0\
\xb9J\xad\xf4:\xa7\xe3\x9bB@\xed\xc69h^\x82\
\xde\xb5\xddX\x1c\xf7~d^\xf4 \xa73\x1f\x13\xb5\
\xd0\xfe\xe7\x0aU*e\xf7\xf6\xf6\x22\x16\x8bYx`\
>\x9f7\x1b;\x05*\x86\x0f\x12\xe6\xd6*]*e\
s|\xdd\xbe\x87\xc3\x07\x99\xbc\x86\x86\x86011a\
Y\xde&&&p\xea\xd4)\xf4\xf4\xf4\x98-\x95\x0e\
L\xcc\xb1\x0f\xc0P\x0a:4\x0d\x0c\x0c\xa0\xaf\xaf\x0f\
\xb7o\xdf\xc6\x8b/\xbe\x88\x9f\xfd\xecgM\xc8\x84\xce\
\xaf\x0a\xb3J8=\xef\xb0\xf0\xd0\xd0\xd0\x10vvv\
\xb0\xb0\xb0\x80\xc5\xc5E\xb3\xfb*\x11u\x93\xa6\xe8\xfd\
I\xc4c\xb1\x18<\xcf\xb3\xd4\xc0$`\x9c+\x8e\xc1\
C\x0f=\x84O\x7f\xfa\xd3x\xf6\xd9g1==m\
\x04\x12\x00R\xa9\x94%\xaa\xb9\xd7Fa\x87^\xd2\xf9\
|\x1e\xdf\xfe\xf6\xb7\xf1\x95\xaf|\x05\xb5Z\x0d\xeb\xeb\
\xebh4\x1aH&\x93-\xef\xd1\xd9\xd9y\x17\x8cN\
\x82^\xaf\xd7\x91\xcb\xe5Z\x96\x02~7-\x9f\xcf\xe3\
\xf2\xe5\xcbX]]\xc5\xde\xde\xde\xb1\x84 :\x86\xf5\
\xf5\xf55e\x0e\x0cj\x14\x88\x88\xc2\xb4kd\xa8\xdc\
\x1b\x84\xb2\x89\x22\xb1\x18\xcd\xe6\xe6\xa6\xa1@\xcc_P\
\xab\xd5\xac\xc6\x02\x85Nj\xe3\xae6\xa9\xc2\x01\x80&\
&\xce\xb5\xecB\xcfA\x9a*\x8fQ\x10\xa2\x86M\xe1\
Ai/\xd7\xb4\x22\x13JS]\xc1\x028Z\xd1i\
\xc5\x0f\xd4\xe9\x9a\xfbD\xd1\x0b\x8d\xe0b\xd6B\xa5\xd3\
\x8a\xd0rm+o\xa1BH\x1a\xae\xe5\x96U\x88 \
*\xa8\xd7\xbb\x0e\x8b*D\xf1:>\xc7\x15\x92\xdcw\
o5&\xf7\xd2\x82\xf8\xa5{\xbc)\x0c0H\x8b\x0c\
B\x03\xdeI\x0bb\xe4\xba\x88Zi\xb0\xae\xa4\x16\xc4\
\xe0\x83\xfe\xbb\xc2\x87.T~\xe6d\xd1\xfeC\x0d\x93\
\xcfV\xad\xce\x06\xec\xe7\x8bF\x17\x95.<\xf5\x09P\
\xd8+\x1a\x8dZ\x15;\x8d\xf1g\x7fZi\xe5@\xb3\
9A\xcf\xd7\xf7\xbbW\xe4\xc0\x85\x86\x94\xa9\x92\xf9\x13\
\xf5`EB\xc2\x90z\x0d\x17=\xef\xc9>\xf6\xf4\xf4\
X\xd1\x14&7\xda\xd8\xd8@\x7f\x7f\xbf\xc5\xa3sS\
\xf5\xf4\xf4\xe0\xd4\xa9S\x98\x9d\x9d\xc5\xca\xca\x0a\x16\x16\
\x16\x0c\x9aWg#}\x1e\x09'\x9d\xdd\x92\xc9$\xee\
\xbf\xff~\x9c9s\x06\xd1h\xd4\xc6Y\x89\xb3\xa27\
\xf4\x92\x07\x0e\x18d$\x12A&\x93\xc1\x8b/\xbe\x88\
\xb7\xdez\x0b\x89D\x02===\x16\x8e\xa8i|)\
\xc8pn8\x07\x0c\xdf\x1b\x1a\x1a\x82\xe7yXXX\
\xc0\xdc\xdc\x9c\xa5\x1e\xd5\xb5\xa4\xebL\x89\xb6jS$\
\xb44\xaf\xb0\x940\xe1Oj\xf6\xb3\xb3\xb3\xf8\xe4'\
?\x89g\x9ey\xa6I\xcb&|N\x07\xa7w\xdab\
\xb1\x98\x95\x9c\xa5\x80W*\x95\xf0\xdcs\xcfY\xe6\xc2\
\x9e\x9e\x1e|\xees\x9f\xc3o\xfe\xe6o\x1e\xeb\x9e\xbc\
O6\x9b=6\xcc\x7f\xafmkk\x0b\xab\xab\xab\x86\
NMMM\xbd\xeb{nnn\xe2[\xdf\xfa\x16\xde\
~\xfbm\xf3\xc9\xf0}\x1f\x9f\xfb\xdc\xe7p\xea\xd4)\
K\x04\xa4\x8d\x9a?#4\x00\x98\xe3i.\x97C*\
\x952\x93\x0eKPs\x9dvuuaff\x06\xb3\
\xb3\xb3\x16\x16\xcb}IAY\xd1\xc5F\xa3\xd1\x14\xaf\
O\x14\x93\x0e\x95l\x5cg\xaa\xb9\xabM\x9f\xfb\x9b\xe6\
%B\xe44_\xb8\xca\x92:\xe7\xf9\xbeo\xa9\xba\x89\
\xb2\x12]u\x13U\xb9\xcf\xd4\xfe\x01\xc1<\x87f\x0e\
\x15H\xe8/Bd\x8cc\xc4\xf7\xa70\xc0{+M\
\xe5\xde\xac\xd7\xeb\x86\xb4\x91\x16\xfa\xfeA4\x85\xeeK\
u\xe2\xa5s\xae\xe7yM~\x15\x9aE\xd0\x15\xd4T\
 \xe0\xefAJp\xd0x\x04\xb5{\x11\xaa\xdc\xef\x1d\
\xca\xa8\x5cA\xe0\xa8\x07\xb4\xea\xa0{~;\xa6\x1e\xa4\
\xdd\xb9\x10G\xabg\xb9\x8c^\xdf\xa5\x9d\xc0\x01\x1cj\
o\x5c\xb0\xbe\xef7\x95\xfb\xa5\xa4M\x88\x8e\xc4\x9bB\
\x82+mr!\xd0.\xc4E\xcf{s\x13\xaa-*\
h\xec\x82\x98y\x10$NX\x0a@S>\x81V\xcd\
\x15\xea\x5c\xa1\x89\x1b\x89\x9f\xb91\xe8\x94\xa6\x9e\xbfn\
\xdf4\xb2\x81!v\xa1P\x08\xe9t\x1accc\x18\
\x19\x19\xc1\xf0\xf00n\xdf\xbe\x8d\xd5\xd5U\x00\x07!\
\x5c\xcc\xe6G$\x80\x04r``\x00\xcb\xcb\xcbX\x5c\
\x5c\xc4\xc6\xc6\x86m0w\x8c\xd4\xa1\xef\x91G\x1e\xc1\
c\x8f=\x86\x8e\x8e\x0e\xb3\xed\xe7r9\xdbh$\x08\
\xbc\x86\x0c\x94\x05x\xe6\xe7\xe7\xf1\xea\xab\xafbnn\
\xce\xb4\x87\x9e\x9e\x1e\xa4\xd3i\xd3\x06H\x0c\x18\xd6H\
\x13\x82\x8e\x17\x05\x00znk,\xb1\x1b*\xa7kC\
\x85\x0a\x00\xc6\xec\x99\x9b \x14\x0aYf9:\xd4\xc5\
b1<\xf2\xc8#\xf8\xdd\xdf\xfd]|\xf4\xa3\x1f\xbd\
\xcb\xc3_\xed\xf2\xef\xa6\xed\xec\xec\xa0R\xa9`yy\
\x19\xd9l\x16\x99L\x06\xab\xab\xab(\x95J\xe6\xa5\xbf\
\xbb\xbb\x8b\x7f\xfc\xc7\x7f\xc4w\xbe\xf3\x1d|\xe9K_\
:\xd6}I \x13\x89\xc4\xbb\xeecP\x9b\x98\x98x\
Ok\x0c\xbc\xf4\xd2K\xf8\xda\xd7\xbef\xe1\xadd\x88\
\x00\xf0\xdcs\xcf\xe1\xf3\x9f\xff<~\xf9\x97\x7f\xf9\xae\
\xeb\xc8\x84\x98\x18\x88\xa1\xb0\x8dF\x03ccc\x00`\
\xcc\x83\x1aw6\x9b\xb5\xf4\xd8\x1f\xfe\xf0\x87\x0dM\x9b\
\x9b\x9b\xb3(\x1a\xa2B\xb4a3W\x04\xd77i\x15\
\xcdOn\x05<\xd20\xa5+\xc0\xa1\x0f\x10\xe3\xe3i\
\x8a \x83\xdd\xdd\xdd\xb5h\x00\x15\xa8i\xe6\x8bF\xa3\
M~1\x00\xac\xb0\x19\xe9\xa4\xeb\xac\x17\xa4\x14\xea\xf7\
 \xc8\x9e\xefK\x87_\x8e\xaf\xd2O\x860\xbby4\
\x94>s\xac8\x07\xbb\xbb\xbb\xc8f\xb3\xe8\xeb\xebC\
OO\x8f]\xcfL\xb0J\xef\x88\xeaiH$\xe7Q\
\x1d\x02\xdd1W\x9f\x0c^\x17\xc4'[5\x97\xaf\x05\
\x1d?N\xebP\x09\xec^[\xabk\xdc\xe3\xed\x04\x87\
V0E+\xe1\xe1^\x9bJ\xaa\xaaE\xeaqW\xc3\
W\x0d\x8c\x13\xac\xcfWHMQ\x05\xd5\xc6\xb9\xc8\xf8\
y{{\xdbb\xc9\xdd\x10\x9a\xa3 \x1f=\x8f\x02\x09\
\xbd\x88\x89:p\x11)\x5c\x1f\xe4Y\xdb\xeayj\xba\
\xe0\x82f\xcc/\xa1Z\xed\x0b?S\x9a\xe6=\xf7\xf6\
\xf6\x0cf\xe7\xb5\xf1x\xdc\xc2\xee\x00\x98\xf3_\xb1X\
\xc4\xc8\xc8\x08\xe2\xf1x\x93\xdd-\x95JY,\xfe\x9d\
;w\xb0\xba\xbaj\xf63\xedo,\x16\xc3\xd8\xd8\x18\
>\xf0\x81\x0f4\xa5t\x0d\x87\xc3\xe8\xef\xefG\xbd^\
7\xb8\x94\x1a'\x1d\xd2\x88N\xd4\xebu\x5c\xbat\x09\
\xdf\xf8\xc67\xf0\xca+\xaf\xa0\x5c.\x1b#\xa5]Q\
C\x0a\x09%OMM\x191\xe0\x1fs\xc8\xeb\xb3I\
`\x94\xe0\xe88\xba\xb6@%\xc6,\x13\xac\xf6`&\
`\xea\xee\xee\xc6\xec\xec,~\xe7w~\x07\x9f\xf8\xc4\
'\xda\xc6\xc1\xbf\xdb\xc6u\x9d\xcf\xe7\x91\xc9d\x90\xc9\
d\xcc\xc9\x8a\xa6\x0d\x12\xb4r\xb9\x8c?\xfb\xb3?\xc3\
\x17\xbf\xf8\xc5#\xef\xdb\xd9\xd9\x89t:\x8dJ\xa5b\
\xe6\x1f\x00\xc7\x8eTX]]5\x9f\x8f\xf7\xb3\xf9\xbe\
\x8f\x7f\xfa\xa7\x7f\xc2\xf7\xbe\xf7\xbd&g\xb0\xdd\xdd]\
+\x1b\xedy\x1e\xd6\xd6\xd6\x02\xaf\xe7\xba\xa6/\x04p\
\x10\xe6\x18\x89Dl\xaflmm!\x1a\x8dbgg\
\x07kkk\xc6`\xc9\x5c\x93\xc9$fff\x90\xc9\
dP*\x95\x9a\xd6\x8b*3@\xb3g\xbb\xbb\xae\x82\
|\xb0\x5c;?\xe9\x08\x05\x01\x22M4\xdf1\x951\
\x05\xf6x<\xded\x93\xe7\xfe\xa1?\x10\xd1#-\xaf\
\xed6U.Z\xf1\x0f\xde\xdf\xd5\xc65$\xaf\xbb\xbb\
\xdb\x185\x11\x08\xd2H\x0a\x0d\x9aV\x9cc\xa4\xce\x7f\
\xbe\xef[\xae\x05\x0a=\x8a\x22S\x19\xe2\xbc\xd21W\
\x11\x09}/5\x11\xf2\xb9\xaax\xe9{)2\xd0\xae\
\x1d\xc53Z\xfd\xe6\x8em`\x14\xc0q\x1e\xdaJ\xe3\
o\xc5\xd0\x83\x98\xfe\xbd\x08\x0aA\xc7\xdc\xdf\x15\x9e\xe6\
\x7f\x85hu\x22\x82>S\xa2\xe3\xa4\xa8_\x80\x0b\xf9\
\xea\x82\xe2u@\xb3w7\xaf#3P\xe6\xcf\xfe\x1d\
\x85\xae\xb8\x82\x07\x1957\xa0\xda\x10\xe9\xbd[\xadV\
-l\x8c\xc8@+\x89\x91\xef\xc2\x8d\xce\xcdCG\x17\
f\xf5k5\xfe\xee\x9a rB\xa1\x871\xf4\xfd\xfd\
\xfd\xe8\xea\xea2;,#\x0a\xd6\xd6\xd6\xcc\xd6J\xbf\
\x0a\xda\xbf\x87\x87\x87-\x14*\x9b\xcd\x1a\xf3\xa3\x06\x95\
L&1::\x8a\xd9\xd9\xd9&/m2{&Z\
\xf1<\xcf\xfaD\xa9\x9e\xed\xea\xd5\xab\xf8\xf2\x97\xbf\x8c\
\x17^x\x01\xc5b\xd1\x0a\xf1\xb8\x8ez\x9c\xc7\x8e\x8e\
\x0e\x0c\x0d\x0d!\x95J!\x91H4\xf9{h\xde\xf7\
R\xa9\x84\xc9\xc9Ip\xb8\xad\xe4\x00\x00 \x00ID\
ATx\x9e\x87;w\xeeX\x1a`\x15\x10]\xb3\x80\
\x8e%\xef\xdb\xd5\xd5\x85d2i\x1aU\xa5R\x81\xe7\
yH\xa7\xd3\xf8\xf0\x87?\x8c3g\xce\xbc\xaf\xcc\x1f\
8\x08\xe7[^^6\x93\x06s#\x10\xf1\xa2s\x1a\
\x05\x9d\xf3\xe7\xcf\xe3\x8f\xff\xf8\x8f\xf1\xe7\x7f\xfe\xe7\x98\
\x9d\x9d=\xf2\xfe\xb4\xff\xaf\xad\xad\xa1\xa7\xa7\xc7\xf2\x05\
\xb4k\xd5j\x15\x85B\x01}}}\xe8\xea\xeazO\
\xf3\x1b\xac\xad\xad\xe1\xab_\xfd*\x9e\x7f\xfey\x13N\
\xa8\xf9\x8e\x8c\x8c`oo\xcf\xaa\xfbq=uww\
#\x97\xcb\xb5\xbd/\x85X\xfa\xffhvJ\xad\xad\xa1\
\xcaB\xb5Z\xb5\xfdp\xe2\xc4\x09\xdc\xb8q\x03\x1b\x1b\
\x1b\x964\x8c{W5S\x00\xe6\xbb\xc3\xcf\xca\xdc\xd4\
d\xa7LK\x15\x18\xceg(\x14\xc2\xd8\xd8\x18&&\
&\x10\x0a\x85P(\x14\x0c\xe1\x8b\xc7\xe3\x18\x1e\x1e\xb6\
\xfe\xe5r9\x94\xcbe\x00h\x12Hh\xf2$\x02A\
\xf3\x00+!\x92\xb1\x06!\x13.\xc3T\xc7k\xcd\x8b\
\xc1\xcf\xbc\x97:1s\xff*\xf3W\x18_\x957\xee\
s\xeeg\xf5\xa1 \xeda\xbf\x5c3/\xdf[\x11=\
\x15\xf4\xd5\xe4\xa2\xef\xac\xe8\xb5\x9e\xab-\x88y\xbb\xbf\
\xe99\xc7U\x9c\xef\xaa\x06\xe8\xde\xd8}\xb0\x12+\x97\
\x01\x04i\xacAp\x8e~\x0er\x10q\x19t\x10\xd3\
iuL\x172\x80\xa6\xc5\xee\x1es\x7fw\xfbA\xd8\
\x96\x1bD\xedZ.J@MQ\x17\x02\x17\x1b\x19\x83\
F\x09\x04\x8d\xad;\x8e\xeeg\x1d\x1b\xfe\x059\x1d\xc6\
b1\x0c\x0f\x0fcpp\xd0b\xe05k!\x9b\x8e\
=\x99\x8d.D\xbe\x83.Fw\xfc[\x09\x85\xb4Q\
j\x9aQ\xf6\x9d\xfe\x01]]]\xa8\xd5j\xc8d2\
V\xf4DK\xacnmm\xa1\xbb\xbb\x1b###\x18\
\x1d\x1d\xb5\xec\x8b|.5\xf1\xe9\xe9i\x0c\x0f\x0f[\
fE\xa6\xf6e(#\xd1\x04j \xc0\x01zs\xfe\
\xfcy\xfc\xcd\xdf\xfc\x0d\xfe\xfb\xbf\xff\xdbL\x0dLC\
LbM\x07E\xae\x03\x12\xdbZ\xad\x86B\xa1`\x04\
\xba\xb7\xb7\x17###x\xe0\x81\x07\xf0\xc4\x13O\xe0\
S\x9f\xfa\x14\x9e}\xf6Y\xdcw\xdf}\xe8\xea\xeaB\
\xb9\x5cn\x12\xa6\x087\xba\x08\x1c\x11\x1e\x8e_OO\
\x0f&''q\xe2\xc4\x09+\x13|\xe6\xcc\x19\x9c=\
{\x16\xcf<\xf3\x0c\x1e|\xf0\xc1\xbb\xd6\xcf{\xdd2\
\x99\x0c\xce\x9d;\x877\xdf|\x13\xb7n\xddB>\x9f\
\xb7\xf5LA@\xa3h:;;Q.\x97\xf1\xd2K\
/\xe1\xa5\x97^\xc2\x7f\xfd\xd7\x7f\xe1\x9b\xdf\xfc&\xee\
\xdc\xb9\x83\x07\x1ex\xa0\xa5Y\x82su\x9cd>\x5c\
\xef\x9d\x9d\x9d\x81v\xf7w\xd2\xbe\xf8\xc5/\xe2o\xff\
\xf6o\xf1\xaf\xff\xfa\xaf\xb8|\xf9\xb2%\x83\xa9\xd5j\
\x96\xbb\xdf\xf7}\x13N<\xcfC2\x994\xad\xd0\xf3\
<|\xfc\xe3\x1foy\x7f&\xcd\xda\xd9\xd9\xc1\xe0\xe0\
\xa0\xd1\x9e\xfe\xfe~\xec\xef\xefcqq\xd1\xd6<i\
\x0d\x05\xce\xe1\xe1a\xdc\x7f\xff\xfd\xe8\xee\xee\xc6\xce\xce\
\x8e9\x04*\x93q\x05A\xd2\x06U\x80\xa84\x90v\
h\x85?\xa5\xa1JWvvv\x0c\xe9\x18\x1c\x1cD\
*\x95\xc2\xf0\xf00\x86\x87\x871==\x8d\xde\xde^\
3\xad\x01\x07e\xaf\x99\xd1\xb0T*\xa1P(\xd8\xf8\
\x90Fr,\xb4n\x07\x91M\xfa\x95\x04\xd1\x19\xf5\x8f\
\xd0\x94\xd6\xdcGnR \xd24^O%\x89\xc2\x12\
\x15\x0fm\xca\xac)\x14\xb8\xc8\xae:\x00SkW\x01\
\xcc\xf5\xafpM\xaf<\xa6}S\xf3\x8d\xfa:\xb9L\
\xddUly\xec^\xe0\x7f\xa3\xfb.qw?\xb7\xd3\
\xd2\xdd\x97i\xc5\xb8\x5c\x81\xc0\xd5\x90\xdd\x164X\xed\
Z;'\x0a\xc2;dl\x84\xb8\xb5qA\x91I\xe9\
s\x83\xe0\x1c\xdd@\x9cD\xb5\x05\x11Bb\x0c6k\
\xa2\x1f5\x86\xad\xde]\x17\x88\xeb\x94\xa8\x91\x0at\x00\
\x22\x13\xd1\xcab\x91H\xa4\x09\x15\xd0gql\xea\xf5\
\xba\x092\xb45+z\xa0\x1a\x82+0\xe9q.N\
\x8e\x0f3\xe1\xd1\xf3\x9e\x0c\x99\x8e9\xd9l\x16\xeb\xeb\
\xeb\xe6\x14511\x81\xb1\xb11\xa4\xd3i\x1b[\xdf\
\xf7\x91L&166\x86Z\xad\x86X,f\xcc?\
\x95J\x19\xf1\xe3\xa6d.\x007\x94\x89\xed\xfa\xf5\xeb\
x\xfe\xf9\xe7\xf1\xd6[o\x99&\xa2\x9bxss\x13\
\xa5R\x09\xab\xab\xab\x88F\xa3&\xb4\xb0\x5c1\x11\x06\
\x120>\xabZ\xadbtt\xd4\x12\xde|\xecc\x1f\
C<\x1e\xb71XYYiJ\xd1\xaaR?\xb5\x06\
\x12\x1c\x9a/h\x0bVbw\xff\xfd\xf7\x1fK\xbb~\
\xb7maa\x01o\xbe\xf9&\xe6\xe6\xe6\xb0\xb4\xb4d\
\x84\x9dk\x83Nm\xea<E\x04\x89\x91\x17$X\xab\
\xab\xab\xf8\x9f\xff\xf9\x1f\x9c8q\x02_\xf8\xc2\x17p\
\xe6\xcc\x99w\xdc/\xfa\x98\xbc\x93v\xf9\xf2e\xcc\xcf\
\xcf#\x9f\xcfccc\x037o\xde43S\xa1P\
0A\x99\xb6~\xc6\xc2\x93\x01\x02\xb0\xc48\x5c\xe7\x00\
000\x80\xa5\xa5\xa5#\xfd\x0e\xba\xba\xba,\xd5q\
\xa5RA>\x9f\x87\xef\xfb\xe6tV,\x16-$-\
\x14\x0a\x99I \x1e\x8fc||\xdc\xf6\x0d\x05 \xee\
g7\xb5/!{\xdd\x9fjkv\xed\xd6<\xae%\
\x8a\x95>\x90\x86\x0d\x0c\x0c\x98p\xcc\xda\x1fKKK\
\xb8}\xfb6\x96\x97\x97\x8d\xc6\xe8\xf3\xb5<\xb1\x9a\xbd\
h^\xa36L\xe6MGCE\xcb(\x14\xbb\x8c\x93\
{H\x9557$\x9bk\xd6e\xfe4\x01\xd0\x17\xa1\
^\xaf79\xfb\xb6\xd2\xa0\x15U\x00\xee6\x01\xab\xd9\
\xa2\xd5}\xf8\x5c\x00\xd6\x0f\xad\xf0\xa8\xef\xa6\xbc,(\
\xe9U\xab~*\x9dV\x85\x83\xff\x9b\xa2\x00\x8e\xba\xe1\
QB\xc1q\xees\xdc\xfb\x06i\xbe:\xc0A\xe7\x04\
]\xcb\x05\x044{l+\xa3W\xa6\xae\x10\x90;6\
*h\xf0\xbbj\xcb*@\xf0^\x1a\xae\xd3\xae\x9fn\
k5\x96\xec\x1f\xbf\xab\xe7jWW\x97i\xfc\xea\xbf\
\xc0\xd2\xa3\x14\x0aX\xceS\xb5i\x15\x82\xf8>n\xbf\
\x83\xe6\xc7\xed\xa7.^nXzas\x8c\xd41N\
S\xefV*\x15,--\x99\x06\x9eJ\xa5\x8c\xe1\xb2\
$)\x19q:\x9d\xc6\xf8\xf88\x92\xc9\xa4='\x12\
\x89X\xa8%\xb5\x8c \xe6\x7f\xe3\xc6\x0d|\xeb[\xdf\
\xc2K/\xbd\x84\xa5\xa5%\x9b#\xf7}\xe9\x07Q\xa9\
TL[\xa20\xa0\xa1\x8e+++\x96Aphh\
\xc8\x1c\x13i\xee8y\xf2$>\xfa\xd1\x8fbii\
\xc94f\x12mW\xaa\xe7\xd8sl777Q(\
\x14\xd0h4\x10\x8f\xc7\x0d\xf2\xfe\xc0\x07>\xd06\xf4\
\xee\xbdj[[[\xb8}\xfb6\x0a\x85\x82\xd9\xb0\x09\
\x8d\xaa\x90Ga\x85\xcec\xd4\xf6j\xb5\x9aik<\
677\x87\xbf\xfa\xab\xbf\xc2_\xff\xf5_\xff\xc2\xca\
\x12\x17\x0a\x05<\xff\xfc\xf3x\xf9\xe5\x97\x0d^g\xc6\
H\x00\xe6\xd4\xa7\x0c\xc2\xdd\xfb\x9c\x1fE\xdc(\xe0\x86\
\xc3a\xac\xae\xae\x1eK\x00\xd0\xa8\x0a\xb5\xb7\xd3\x97\xa2\
\xbf\xbf\xdfJV\x93\x11\x93A\xa4\xd3i\xcc\xce\xce\xe2\
\xe6\xcd\x9b\xd8\xdc\xdc\xb4\x12\xdc\xad\xf6\xab\xd28\x15\xd0\
U\xb0V\xc1\xd2\xf3\x0e\x13\x9b\xf1:\x86{\xd2\xe1\x90\
\xe6\xbcp8l\x8e\x88kkkX^^n\x8aN\
\xd0\xc4AT(|\xff\xb0(\x9a\xef\xfbML\x98\xfd\
\xe0^\xa0\xc9\x8c\x8eyJ\xfb\x83\x14W\x8e\x13\x93s\
\xd1{\x9f\xe3\xe3*\x04A\x919\xc7\xf5\xcf:\xaa\x05\
1q\xf7\xb36\xfa*P S:\xac\xfe\x01G1\
\xfa z\xdc\xee\xd9a\xcf\xf3\x9e\xf6\x0e\xcc\x00\xefi\
S\xc2\xe6j\xd5\xee\xf7\xa3\xce\x0b2\x13\xb4zF+\
\x98D\xb5V\xb5\xe3+\xf3S\xbb\x11\xefAxJ%\
\xc4 \xa6\xafp\x91:\x9bh\x0ey\xf7\xdd\x95\x89\xb6\
\x12\x10\x82\x84\x19}>\x13S0Q\x8b\xe6\x8c\xa7\xe4\
K\xc7#\x86\xdf\xd16\xae\x0e(\xb4\xab\x93\x08\xd1\xd1\
\xa9\xdd\xe2\xd51\x0c\xda(\x1c{\xf63\x1c\x0ec`\
`\x00ccc\xe8\xe9\xe9\xb1\xf0\xb8\xf1\xf1q\xab\xe6\
\xd7h4P*\x95\xb0\xb4\xb4\x84L&c\xcc\x9cv\
\xd1\xfe\xfe~\xcc\xcc\xcc`rr\x12\xb1X\x0c\xbe\xef\
\x9b\xc0@\xe7'B\xb2\xa1P\xc8\x12\xf2\xb0\xad\xac\xac\
\xe0;\xdf\xf9\x0e\xbe\xfe\xf5\xafcnn\xae\xc9\x13Y\
m\xff\xaa\xa5\xf0w\xa6h-\x95J\xc8\xe7\xf3X]\
]E.\x973\x9b\xff\xf6\xf66\xf2\xf9<\x96\x97\x97\
\x11\x89D088\x88\xae\xae.lnn\xa2X,\
buu\x15\x99L\x06\xe5r\xf9.\x1b\xa4\xce\xb7n\
v\xdf\xf7M\xf3\x9c\x9a\x9a\xc2\xe4\xe4$\x06\x06\x06\x10\
\x8f\xc7\xdfu\xc9\xda\xe3\xb4\xef\x7f\xff\xfb\xb8t\xe9\x12\
\x96\x97\x97\xb1\xb1\xb1qWQ#\x15pI\xd4\xd56\
K\xa6\x0f\xc0\xd6\xd4\xf6\xf66J\xa5\x12\xbe\xff\xfd\xef\
\xe3\xa1\x87\x1e\xc2\xd0\xd0\xd0\xfb\xd2\xf7\xff\xfc\xcf\xff\xc4\
\xdf\xfd\xdd\xdf\xe1\xab_\xfd*\xbe\xfd\xedo\xe3\xc2\x85\
\x0bX[[3\xf3\x0d\x111\x00\xc6\xa0\x14\xe2U\x94\
\x8fk\x80\xefD\xf3\x07\xfdI\xea\xf5\x83|\x06\xc9d\
\x12\x8f=\xf6X\xdb~)\xf4\xce=\xc70\xe4\x8e\x8e\
\x0e\x13&\x15\xbef\xff\xc8\xb4vwwQ.\x97m\
\xbf\xd7\xeb\xf5\xa6\xb2\xbf\xee\xbe$C\xd1\xa8&2b\
\xd29\x15j\xf8Y\x15#\xae\xcb\xe5\xe5eT\xabU\
\xac\xac\xac \x93\xc9\xe0\xd6\xad[(\x16\x8b&@\x91\
\xde\xb9P9\xfbF\x7f(-\xbd\xcdq\x0d\x87\xc3\x86\
X\x92.+cSH\x9c\xfbG\xc7\x94\xa8'\xaf'\
}\xa4\x8f\x93\x9a\x22I\xf3x.iU+\x93g+\
\x06\xact\xfc^\x04\x86 \xfa\xee\xf2<\xee\x1f\x17m\
\xd5\xf7\x0fz\xaek\x22\xd0~\xea\xe7w\xe4\x04\x18\xf4\
\xc0{\xbd\x87{\xbf\xa3\xee\xe3^\xa7\x12Z\x10\xd3\x07\
\x0e\xf3D\xf3\x5c2x\x1e\xa3\xc4\xc8\xc5\x0f\x1c:z\
\x10j!$C\xfb\x8c:\xfbq\x11\x01\x87\xde\xdc\x84\
\xbd\x98t\xc6\x0d\x9f\x0b\x92,\x83\xc6\xb2\x9d\x86\xed\xda\
\xefH\xb4vwwQ(\x14\x90\xcf\xe7Mc\xa6s\
\x11\xdf\x89\x1b?\x99L\xa2\xa7\xa7\x07\xa5R\xc9\xec\x8e\
\xd4\x08T\x03u\x11\x17WhQ\xa6\xd5j\xf1\xd3\x0f\
\xa2X,\xa2\xbf\xbf\x1f\xc3\xc3\xc3H&\x93\xd8\xd9\xd9\
A6\x9b\x85\xef\xfb\x98\x98\x98\xc0\xe8\xe8(\x96\x96\x96\
p\xeb\xd6-d\xb3Y\xec\xec\xec\xe0\xd6\xad[\xc8d\
2f\x0b\xa7C\xd2\xcc\xcc\x0c|\xdf\xb7\xea~\xf4\xd2\
/\x95Jh4\x1a\xe8\xe9\xe9i\x82\x1b\x01\xe0\xda\xb5\
k\xf8\x8f\xff\xf8\x0f|\xf7\xbb\xdf\xb5pD\xd7\xf1H\
\xdfM\xed\x83\xaa\xb9P\x18\xf0}\xdf\xbc\xb8S\xa9\x94\
i\xfc\xcb\xcb\xcb\xf8\xe67\xbf\x89\x17_|\x11\xb3\xb3\
\xb3\x98\x9d\x9d\xc5\xde\xde\x9e\x85D\xae\xae\xae6\xad\x0b\
%t.\x12@\xe2\xcc\xfa\xf0\xc0AEC\xf6\xf5\xfd\
l\xe7\xce\x9d\xc3\xeb\xaf\xbf\x8e\xeb\xd7\xaf[\xdd\x06-\
\xb8\xa2\x91\x0dj\xc2 !\xf7\xbc\xc3\x5c\xee<\xb6\xb3\
\xb3c\x1e\xe3kkk\xf8\x8b\xbf\xf8\x0b<\xf3\xcc3\
\xf8\xc2\x17\xbe\xf0\xae\xfb\xbb\xbc\xbc\x8cW^y\x05\xe7\
\xce\x9d3\xd3\x1b!}F\xb4pl)\x88\x00\x87\x19\
!\xd9\x98q\x8e\xfd\xe5^\x1f\x1d\x1d\xc5\xd8\xd8\x98\x09\
0\x0cy\xa3\xe3\xa2\xce\xddq\x1b\xfb\xc8pXuP\
-\x97\xcb(\x16\x8b\xe6p\xd8\xd3\xd3c\xe6\xb1\xc1\xc1\
A3K\xb8\x020p\xb0W\x89\xc6P\x80\xe1\xdc\xd0\
qY\x05P-\xba\xc3\xb5E\x04mtt\x14\x89D\
\x02;;;f\xa6+\x16\x8bM\x9a\xaaF\xc3\x10E\
P!Z\xc3\x145\x85.\x85\x15\xce\x073[\x12E\
\xe3\x9cQ\xd0'Mw\xcd\x98\xc0\xa1\xe3!\xdfI\x1d\
\xa5\xa9\x84\x84B!\x0b\x19\xe4\x9al4\x1a\x86li\
\xa23u8T?\x00\x8e/[;z\xcdsU\xc0\
P\xa5\xd4m\xdc+\xca\xe4)Pq\xcf\xa9\xc3\xa4\xfb\
|6\xf77\xa5\xd7\xda\xaf\xb6N\x80\xef\xb6\xbdS\xf8\
$\xa8\xb9\x83\xd5\x8a1\x02\xc1y\xf0uc\xba\x93\xa8\
\xd0:\xff\xf4\x1c2N\xd5t\x14=\xe0w\x95r\xb7\
\xb6\xb6\x9a`\xf6{y\xc7v\x8b\x89\xc7\xf5\xbdH\xac\
Tc\xa13\x1b\x1d\xe2(m\xeby\xfa\x07\x1cBb\
\xdc\x98$(\xca\xe8[\xf5E\xfb\xdejq\xab\xf9\x82\
\xe71\xde\xbdR\xa9 \x1a\x8dbll\x0c\xe3\xe3\xe3\
H$\x12V\x08\x87&\x03j\x96,s\xdb\xdf\xdf\x8f\
\xdd\xdd]\xac\xac\xac\xc0\xf3<$\x12\x09#vt\xa4\
c\xf2\xa5\x1b7n\xe0g?\xfb\x19.]\xba\x84\xeb\
\xd7\xaf\xa3X,\x1as\xe5\x1f\x89\x0e!X:;\x8d\
\x8c\x8c`||\x1c\x93\x93\x93\x98\x9c\x9c\xc4\xe8\xe8(\
FFF066\x86\x99\x99\x19\x9c:u\x0a##\
#\x86\xb0\xc4\xe3q\x8b\xcd\xe63\xb6\xb7\xb7\xb1\xb6\xb6\
\x86l6k\xfdSaT\xc7\x8b\x9b[MN4?\
\x10\xb2f\x91\x9f\xf7\xab\xbd\xf8\xe2\x8b8\x7f\xfe<\xde\
|\xf3M\x83y\x95\xd1\xb8D\x8fD_\x05\x02W\x98\
\xd42\xb2\x5cW\xdb\xdb\xdb\x98\x9b\x9b\xc3\xff\xfd\xdf\xff\
\x19\xbas\xaf\xed\xb5\xd7^\xc3\xb7\xbe\xf5-|\xfd\xeb\
_\xc7\xc5\x8b\x17\x91\xc9d,\xfb$ar\x0a\x22\x84\
\xfd\xe9\xc3@\x0d\x9a\x9f]\xed\x8f\xf3@S\x1aK\x14\
S0\x88\xc7\xe3\xe8\xe9\xe9\xc1\xfe\xfeA\xa1\xac\x8e\x8e\
\x0e\xcc\xcc\xcc\x1c\xdb<\xa3&\x14\x9a\xe88^\x144\
t,\x19u\xb0\xb3\xb3c^\xf74\x03\x90\xb9\xe9\xb8\
\xf3=\x5cMP\x95#\xeeI\xf5p\xa7\x03\x9dF\xdc\
0\x09\x90\x863\xbb\x1a\xbc:\xb0\xb9\xe8+\xff\xa8\x95\
\x03\xb0\xcfD\x0e\x94\xd1\x125\xa4P\xa2B\xaf\x223\
\x8a\xc0\xaa\xb0\xc3\xefJ\x9f5\xda\x88\xca\x10pXx\
J\x99\xbf\x8e[;M\xfa\xbd\xe4s:_A\x88\x84\
>3H\x18\x09\xbaW\xab~\xfa\xbe\x7f\xe8\x04x\xd4\
K\xb4\xd3H\xf5\x86\xad\xdaQ\xf0H\xbb\x97R(\xb9\
\xd5\xe0\xeb\xef\xee\xbd\x80f\xb8D\x09\x94\x0b\xfbRP\
p\x1d\xfe\xdc>)\x12\xa0\x8e\x15\xb4\xe9\xb9\x1e\xf7A\
c\x164\x96n\x9f\x83\xce\xe3\xbbr\x83\x90\x81\x91\xe9\
(\xa4M\xc9\x9bD\x10\x80\xa1\x02\x9e\xe7\x99\x93\xa0\x0a\
+.\xdc\x194o:\xc6.\x82\xd3j\xb1\xb1t\xef\
\xda\xda\x1az{{144\x84p8\x8c[\xb7n\
\xe1\xd6\xad[\xa8V\xabx\xe8\xa1\x87066\x86\xa1\
\xa1!lmm!\x9b\xcdbaa\x01\xcb\xcb\xcb\xd8\
\xd9\xd9\xc1\x9d;w\xf0\xc6\x1bo\x98g\xfe\xee\xee.\
666\x10\x0e\x87122b\x0ez\xf4\xf6UB\
\x9f\xcdf\xb1\xba\xba\x8ap8\x8ct:msD\xcd\
\x81Z\x18\xed\xec\xae\xcd\x9f\xb6Ou\x14\x02`\xb6\xdc\
\x9d\x9d\x1d\xf3)(\x97\xcb\xd8\xdb\xdb\xc3\xc4\xc4\x84\x8d\
sGG\x07\xa6\xa7\xa7\x11\x89D\x90\xcf\xe7\x8d\xa9\x92\
\xc1\xba\x9a(5\xb3\x5c.\x87\x85\x85\x05\x8c\x8f\x8fc\
ff\xc6J\xfb\xbe_\xed\xbb\xdf\xfd.\xde|\xf3M\
s@$l\xce5\xa4\x1a\x0d5\x12\x0d\x8br\xcdK\
\x14\x8c;::l>\xd4\xac\xd2h4LHc1\
\xa7t:\x8dd2\x89\xfe\xfe~{&32j9\
n\xa6{&#\xd1\xf5\xcey\x22qW!\x9f\x9fU\
CR\x04\x86\xe7Sce\xff\x19YBs\x8f20\
\xcf\xf3\xb0\xb4\xb4\x84\xe5\xe5e\x9c:u\xeaXcM\
\x9b\xfa\xd6\xd6\x16\x0a\x85BS\x1a\xecp8l\x8e\xb3\
\x00\xcc\xfcD\xc1sff\xc6\x84g\x8e\xb7j\xf7\xaa\
m\xaa\xbd[\x995\xaf\xe1ZV\xdf\x0e\xbe?#\x00\
\xe8\xab\xd0\xdf\xdfo\xf3\xe02K\x85\xe8\x959\xbbL\
\x1ah\xf6\x1d\xa3vN\x93\xe9\xd6\xd6\x96!\x1cLM\
NM\x9d\xa6$\xa5\x8f\x9cO\xaeQ*m\xf4=\x01\
\x0e\x85\x06\xfa\x04p\x1chR\xe9\xea\xeaj\xca\x96\x18\
\xa4\xad\x07\xf1\x16\x97o\x05\xd1\xfdv\xbcQ[+\x1e\
\xc9\xf9q\xe7P\xc7W\xd7rP\xdf\xdcc\x9e\xf7\xf3\
L\x80\xc7\xe9`\x90\x04\xe4^\xd3\xee^.S\x08\x82\
$\xda=W\xafw\xff\xebD\xaa\xa6O\x18H\xa5G\
\x17\xa2\xd4~P\xda\xe4=\x5c&Hb\xa0\xd7r\xb3\
Q\xdb\xcc\xe7\xf3\x16\xe7\xeb\x0aW\xee\xc2w\x85\x19\xf7\
\x9d\x8f\x92\xf0\xb8\xc0\xb5\xec\xac25w\x1e\xb6\xb7\xb7\
Q,\x16Q\xaf\xd7-\xd4\x88\x84\x81\xe1IdJ\xaa\
\xe5\xb5\x92~\xddcAB\x81\x0add\x92\xba\xc9\xf8\
\x9cz\xbd\x8e\x85\x85\x05\xac\xae\xaebbb\x02\x0f>\
\xf8 N\x9e<\x89\xe9\xe9i\xdc\x7f\xff\xfd\x96\x19\xd0\
\xf3<LNN\x1ac\xa8T*\x16\x97\xcc\xc4#\xcc\
g\xc01\xda\xd9\xd9\xc1\xe2\xe2\x22vwwq\xf2\xe4\
I\x9c8q\x02\x9e\xe7Y\x86\xbb\x8e\x8e\x0e\xa4\xd3i\
\xf4\xf7\xf7\xc3\xf3<\x83\x03\x19\xbe\xc9\xf1\xa0\x13\x145\
\x08\x16?\xda\xda\xda\xb2\xec\x7fw\xee\xdc\xc1\x85\x0b\x17\
P\xab\xd5066\x86D\x22a\x84\xb4^\xaf#\x9d\
N\xe3\x81\x07\x1e0\x84\x22\x97\xcbann\x0e\xb7o\
\xdfF6\x9b\xc5\xc6\xc6FS\x89d\xa09\x5c\xb3\xab\
\xab\xeb}\x8d\xfb\xff\xcaW\xbe\x82\x97_~\x19\xb3\xb3\
\xb3\x98\x9c\x9cD>\x9f\xc7\xf5\xeb\xd7\xcd\x17\x83\xcc\x0a\
\xc0]6g\x1e#ca\xd8&\x99\x0c\x99\x8e\xa2l\
\xfa\x9e\x1b\x1b\x1b\xe8\xed\xed\x85\xef\x1f\xc4\xca_\xbdz\
\x15'N\x9c\xc0\xc4\xc4\x84\xad\x0f\x12~2\x7f\xa2)\
$\xfc\x5cO\x14\xa6\x88\xbelnn69\xa6Q\xa3\
g\x1fh\x83\xe7\x9a\xa7#\x19\x9d\xf0\xa2\xd1(\x12\x89\
\x84\xd5\x8c(\x16\x8bM\xa5\x8e\xf9\x1e\x84\xad[5\x0a\
L\xdah\xae+\x14\x0a\xa6\xcd\x13\x95\xa0@\xcf\xac\x8b\
\x8c\xac\xa0c/\x19=}}\x88L\x90\x96i\xd2\x1a\
\xeeC\x8d\x16\xa0\xf6\xef\xd2E\x86:2\xbb\x1eM@\
\xc5b\xd1\x22Y8^4\x93\xeaZ\x08R\xd4\xe8\x00\
\xcc>\x03\x87\xbe\x09J+]Am\x7f\x7f\xdf\xcc#\
4\xb1r|\xf4:\xce%i\xb2\x8e\xa3\xd6\x05\xa0\xe0\
\x09\x1c:\x7f\xea;\xf0=\x5c\xf4\xd6\xe5\x17@3\xad\
V:x\x94@\x10\xa4\xec\xba\xd7\xb8\xc7\xf9\xae\xae\x99\
IM\x15\xda\x5ceW\xe9\xb9\x09\x00\xfa\x80\xe3\xb4v\
\x0c\xdb\x85*Z\xbd0\x9b\xfb\x22\xae@\xe0j\x96G\
\xddO\x19\x9f2f.\x22\x97\x19\xa9\xd6\xaf\xc4\x81\x84\
\x83\xc4\x8a\x15\x9d\xf8\xdd\xf3\x0e\x9d\x03\xf5\xd9\xca\xf4\xdb\
\xf5\xbd\xdd\xfb\xa9\xf3\x86\x8bp\xe8\xf9\xdc\x08\xfc\xad\xbf\
\xbf\xdf\x9c\xe2\xba\xba\xbaP(\x14\x9a\xb4z\x8e\x0d\x89\
Dww7\xfa\xfa\xfa\xcc^\xce1\xed\xed\xed\xb5>\
0n=H\x08\x0b\xd2\xfc\x83\xe6\x088D\x148^\
\xf9|\x1e\xd7\xae]C>\x9f7Adtt\x14\xc5\
b\x11\x85B\x01sssX[[\xc3\x85\x0b\x170\
44\x84\x91\x91\x11\xa4R)\x9c={\x16\xa9T\x0a\
\xa7O\x9f\xc6\xd8\xd8\x98\xa1\x09\xf4\x03\xa0gt:\x9d\
6\x1b\xe9\xce\xce\x0en\xdc\xb8\x81\xef\x7f\xff\xfbXX\
X0\x8d\x9e\xc2\x22\xfd\x1e|\xdf\xc7\xc6\xc6\x86\xa5\xba\
\xcd\xe7\xf3M\x85Y\xb8\xa6\xd4\x83\x991\xef333\
\x88F\xa3X^^\xb6T\xad\xf5z\xddJ\x01W\xab\
U\xd3br\xb9\x1c._\xbe\x0c\x008s\xe6\x0c\x1e\
}\xf4Q<\xf5\xd4S\xb8~\xfd:\xce\x9d;\x87k\
\xd7\xaeaee\xc5\xf2\x0b\x90\x89f2\x19\xcc\xcf\xcf\
crr\xf2}\x13\x00^x\xe1\x05\xbc\xf0\xc2\x0b\xc8\
f\xb3\x18\x19\x19Agg\xa7\xd5D\xc8f\xb3\x00\x0e\
\xf3\xda\x93\x90\x92YR\x8b\xdb\xdc\xdcl\x12H\xb9\xc7\
T\xebRG;\xaeu\x86\x8bQ\x08\xf5<\x0f\xbf\xf6\
k\xbf\x86\xdf\xfa\xad\xdf\xc2\xe8\xe8(~\xfc\xe3\x1f[\
(\x22\x9fE\xe4\x81\x02\x07C-=\xcf3A\xc0\xd5\
\xe2\xe8\xf0\xa5\xe8\x18\x19\xa5\x12J\xd2\x00\x22MZz\
Y\xed\xfd\xae\x22\xf1\xc6\x1bo \x1e\x8f\xe3\xa9\xa7\x9e\
\xba\xab\xc6A\xadVC\xbd^74\x88\xd9\x14\xf7\xf7\
\xf7\xadd\xf4\xde\xde\x1e\xa2\xd1\xa8\x8d%\x85\x95\xc9\xc9\
I\x00\x07\xfe\x0a\xa9T\x0a\xd1h\x14\x8f?\xfe8\x16\
\x16\x16\xb0\xb4\xb4dP\xbdj\xf4|\x07u(#\xad\
\xe3\xfc\x10\x1d\xd19%\x82\xd5\xd3\xd3c\x89\x9e\xc8H\
\x89\x86\x11Mt}\xa6H\x0bt\xff\xeb\x7f\x0aV\xea\
\x94\x08\xc0|k\x94~\xaa\xb9\x88\x82\x11\x9f\xc5Z%\
\x14x\x88\xbe\xb2?\xbe\xef\xa3V\xab\xdd\xe5\xc8I\xa5\
\x89\x8a\x81\xae=\x15\x80THR\xe1\xa2\x9dr\x16\xa4\
0\xb5\xa3\xfd\xadx\xa9\xfb\x0cmj\x1a<J1\xe3\
q\xb7?J\xc7\xef\xd9\x93\xa8\x1d\x93~/\x9b+\x01\
\xb9\x08\x02\xd0Z\x83\xd6\xd0\x0eWBS?\x01\x85\xf6\
U*W\xd8R\x91\x01E\x18\xd4\xce\xb4\xbd\xbdm\xc9\
9\xe8L\xd3\x0a%\x09z\xbf\xa3\xc6\xc1m.#\x0e\
\x87\xc3\xe8\xeb\xeb\xb3\x84\x22;;;\xa6\xf9\xb8c\xc3\
w\xa7P\xc3\x84#|_\xa2\x01\xd4\x90\xd4\xde\xe7\x12\
T\xb7OG\xad\x05^\xbf\xbb\xbb\x8b\xf5\xf5u\xec\xec\
\xec`xx\xd8\xf2\xed\x87\xc3aK\x22\xb2\xb3\xb3\x83\
|>\x8f\xc5\xc5E$\x93I\x8c\x8c\x8c\xe0\xcc\x993\
x\xe8\xa1\x87\xf0\xc8#\x8f \x91H`ee\x057\
o\xde4\xf4\x85!\x84d\xe4\xa1P\x08\xeb\xeb\xeb\xf8\
\xf1\x8f\x7f\x8cW_}\x15\xc5b\xd1\x08\x98\x12nn\
*\xc6\x81\x13\x8eW\xcd\xce\x9dw\x8e\xd5\xf0\xf0\xb0\x09\
P\x1a\x81\xc1\xfb\x95\xcbe\x14\x0a\x05\xd3\x1c\xfb\xfa\xfa\
\xb0\xbb\xbb\x8b\x1b7n`mm\x0d\xdb\xdb\xdbx\xe8\
\xa1\x870::\x8ag\x9ey\x06\xb1X\x0c?\xfd\xe9\
O\x91\xc9d\xcc\xdeO\xc1-\x9b\xcd\xa2T*59\
\x95\xbeW\xad\x5c.\xe3\xc6\x8d\x1b\xa8T*\x86v,\
..Z$\x86B\xa6A\x82>\x8fQp&\x93\xe5\
\xf9\x8a\xc0\xa9\xe6\xaf\x11\x05\x9e\xe7\x99w8\xab\x172\
\x81\xd2\x9bo\xbe\x89\x9b7o\x1a\xa3%\xbc\xaf\xf3\xc1\
9\xe0\xb3\xc9\x948Wd&\x8aT\xaaW8\xfb\x00\
\x1c:\x10\xf3\x1d|\xff\xc0\xe1\xb4R\xa9X\xb9\xebB\
\xa1`\x82\xa1\xee\xc9\xdb\xb7o\xe3\xea\xd5\xab8{\xf6\
l\xd3\x181\x9ds(t\x90Q/\x9b\xcd\x1a\xb3f\
\x98\xac\xee3\x16\xb3\xe2\xbaq\x99\x0e\xaf#\xfa\xa1\xf5\
@<\xcf3\x86Gs\x18\x15\x186\xce\x8d\x9a>\xdd\
\xdf\xea\xf5:666\xec\xfd\x82\x1c\x9a\xb9\x7f\x14Q\
P\x85f\x7f\x7f\xff.\x7f\x172eE[9\xee\xbc\
\x17\xfb@\x07N\xbeK,\x16\xb3\x90_u\xca\xa5P\
H!\x8f\x8c\x5c\x0b\xf3\xd0\xd9V\x85T\xde\x83\xeb\x8a\
k\xc6\x15\xb4]\x01Q\xff\x82\xb4\xff\xa0\xef\xda\xde\x0d\
\xef\x0cR~\x83\xf8I+a\x8c\xed\x9e\x04\x80v\x0c\
\xb8]\x07[1\xeavPI\xd05\xfa\x9f\x7f*\x1c\
x\xde\xa1\x13\x0a7\xb5.Dj\x22\x84\xbd5\xdcG\
\xef\xadN~\x5c(|\x962Mj\x1c\xf4\x8e\xadT\
*\x81\xc2\x8a\xabA\xb7\x9b\xac\xa0\x89m5&|_\
f\xcebD\x00\x9977~\x90\x9f\x075\x05\xad\x98\
\xa7\xefH[:\xed\x8e\xcc\x8b\x1d\xb4\xe89\xbe\xaa\x09\
\xe9\xfb\xe8xP\x22\x07`\xc2\x12\xa3\x15\x98<\xa6\xd1\
h\x18\xbcKM\xad\xbf\xbf\x1f\xa7N\x9d\xb2\xf0\xbfP\
(d\xe1w|\x16\xc7\x9f\x99\xdb\xaa\xd5*\xae\x5c\xb9\
\x82\x0b\x17.`yy\xb9\x09\x86\xa6i\x88\xc4C!\
G\x00\xa6\xf1(!\xd1q\xf4<\xcfP\x14B\xe1D\
\x8b\x94\x80\xf0\x8f\x1a\x16\xe3\xbf\xab\xd5\xaa\xa5\xd7\xbd~\
\xfd:>\xfd\xe9O\xe3\xf1\xc7\x1f\xc7\xc4\xc4\x04z{\
{\xf1\xf2\xcb/cuu\xd5l\xae\x9c\x8b\x9b7o\
\xe2\xd1G\x1f}O\x8b\xdc\x00\xc0\xdc\xdc\x1c^}\xf5\
U\xdc\xbcy\x13\xa9T\x0a\x83\x83\x83\x18\x1e\x1e\xc6\xfa\
\xfa\xbaex\xa3\xf6\xb8\xb5\xb5\xd5\x94\xfc\x88\xbf\xd1\xc1\
\x8a^\xf1\x9c\x1bwosOq\xff\xf0Z\x85\xe1k\
\xb5\x1a\xde|\xf3M,--\xa1X,b~~\xbe\
i\xbf\x02\x87\x05aT\xcbu\xed\xdf\x8a\xdc\x11\xa9\xa0\
\xd6\xa89\xde\xc9t)\xc0\x90\xf9)c\xcc\xe7\xf3X\
[[3\xdb|oo\xaf1a\xdf?\xf4\xa0__\
_\xc7\xf9\xf3\xe7\xef\x12\x00\xb8\xf6\x0a\x85\x02\xd6\xd6\xd6\
\x10\x0a\x1d\x86\xa9*\xca\xc02\xd4\x8dF\xc3\xa0o\x86\
\xf9\xee\xef\xef\xe3\xce\x9d;\xa8\xd7\xeb\xb8z\xf5*\xe6\
\xe7\xe7\x9b\xcch\x1a\x12\xc8\xf7\xe6;j\xb2&\xa0\xb9\
\x12\x1e\xd7<\x19%\x8f\xd3\xe4R\xab\xd5\xcc\xd9\x91c\
\xabNs*\xec\xf1~J\x07\xf4\xbeJ'\xd4\x96\xcf\
s]:\xa5\x82\xa7\x0a\x19D\xe4\x98g\x82\xebI\x05\
L\xf6\xcf\xf7}\xf3\xe9\x01\x0e\x05E\x0a\x15*8\xd1\
|\xa8\xf4@\xd7\x97\x22\x0e\x8aX\x04)HA\xc2@\
\x10\xdfS\xde\xa0\x02\xedQ\x8a\xa4\xde;\xe8yz,\
\x88\xe7\xb4\x14\x00\xda=\xf88\xda^;xC_\xb6\
\x9d$\xe3\x9e\xa7\x8b\x8b\x83\xc4\xdf\xd5\xc9\xaf\x1d\xa3\xf5\
\xfdC\x0fwN\x1e\x09\xbd\xde[\xa5S\xfe\xe6\xfe\xce\
\xeb\xa2\xd1h\x93\x0d.Hxq\x99\xa2;F\xda\x7f\
u\x96\xd1\xeb\xf5\xbb\x22\x10\xf4h\xdf\xde\xde\xb6XX\
\x96\xdb%S\xd2>(\xb3\xa6\xfd\x8bL\x8ca8\x1c\
Cf\xbfcH\x12\x05\x01\x9d#u\x08#\xd1\xd5q\
r\x85\x00n`j\xf9\x91H\x04SSS\x18\x1f\x1f\
G<\x1e\xc7\xf2\xf2\xb2%\x9f\x01`\x09\x8e(\xe80\
\xc1\xcc\xdc\xdc\x1c\xee\xdc\xb9c\x10&m\xa9\xf1x\x1c\
\x8dF\x03\xb7o\xdf\xc6\xc6\xc6\x86\x85\x08*qp\x93\
\xff\xb8\x8c@\xe7_\xcf\xd3u\xc94\xb4\x89D\xc24\
\x1d\x0a\x99\x5c\x1fDO<\xef\xa0\xec1\x91\x8c\xc1\xc1\
A\xf8\xbeo\xe3\xbb\xb8\xb8\x88j\xb5\x8a\xe9\xe9i<\
\xf9\xe4\x93\xe8\xe9\xe9\xc1\xad[\xb7ll\xa9!j(\
\xea{\xd9\xb6\xb7\xb7\x91\xcb\xe5P\xab\xd5\x90H$\x0c\
\x0d!\x0a\xc2\xf1\xe0\xdckjW\xfe\xb1X\x12\xb3!\
2\x8d.\x89&Q'\xaeK\x15\xb4\xc9\xbc\xb8\x9e<\
\xcf\xc3\xad[\xb7p\xf3\xe6M[\xbb<\x8f\xe3\x09\x1c\
fPSOv\xfeg_]\xad\x97\xfdU\x8fo\xd5\
\x82u\x9f\xa9\xc0\xb1\xb7\xb7g!\x9c\x83\x83\x83v\x0d\
3\xe3\x11\x92^[[\xc3\xbf\xff\xfb\xbf\xe3\xbe\xfb\xee\
kJ\x0dL\xa7Vz\xee3\xda\x84\x8c\x8cI\xac\xf8\
\x5c\xda\xcc\x99)\x90\x1a\xeb\xf5\xeb\xd7\xcd\xf95\x91H\
\xa0P(\x18cc\xce\x09\xe6\x9a \xe4N\x86\xa7\xe3\
\xed\x96@W:\xaaL\x90>\x00t\xca\xa3\x00G\x13\
\xc6\xce\xce\x8e\xadS\x85\xdc\xb9n8G*\xa0\xa9\xc0\
DAK\x19+\xfb\xa9\x99\xef\xa8t\xd5j5c\xd4\
\x9a\xca\x98B\xb6\xfa\xa0\xd0\x0f\x80\x02=k;\xf0\xfd\
<\xcf3s\x02\xcf\xe1X3#\x22\xf7\xb5\xa2\x12\x14\
,\xdd\x9c\x17\x1c[\xf2\x16\xd7\x04\x15\xc4\x8f\xf8?H\
(\xb8W\x94\x80\xe3\xd4J\x10\x08D\x00\xda1\xcb\xe3\
|?J\xd2\xd0\x8d\x15\xc4\xf4[\x09\x0b\xca\xe4\x95\x18\
\xeb5\xaa\xbds\xe1\xb4\xd2N\x81\xe6t\x99.\xec\xcf\
\x85C\x18\x09\xb8\x1b\xa2\xe4&\xa4\xb4I'\x12\xb7\xca\
\x9f\xf67H\x1at\xdf\x8fD\xec^\xc6\x5c7\x14!\
Q\x12i-|\x114\xd6\x1cGu*#\x93\xe1\xbb\
\xf3s<\x1e\xc7\xe0\xe0 666,\x06\x98\x8ej\
\x0a\x8b\xb9}t\xd7\x83\x0a\x1e\x9c\x8bJ\xa5\x82\x8d\x8d\
\x0d\x8c\x8c\x8cX\x92\x22\xbe\xcf\xc0\xc0\x00N\x9f>\x8d\
'\x9f|\x12g\xce\x9c\xc1\xc8\xc8\x08\x86\x86\x86\xb0\xb7\
\xb7g\x9e\xf1\xb9\x5c\xce\xbc\xf6\x09\xfdmll\xa0P\
(`}}\xdd\xc6_\xd3\x1a\xab?\x08\xdfS5%\
\x1eSB\xa4k\x9c\x9ab\x22\x91\xc0\xf0\xf00b\xb1\
\x989\x0a\xd2^\x0a\xc0\x12\x071W\x00\xc7<\x16\x8b\
YV=\x0dm$q\x1f\x18\x18\xc0\xf8\xf88\xb6\xb7\
\xb7\xb1\xb4\xb4d}S\x18\xf5\xbdn\xaf\xbe\xfa*<\
\xcf\xc3\xe9\xd3\xa7m-\x9112\xbc2\x9f\xcf\x9b@\
\xa0&\x11\x8e\xcd\xe6\xe6\xa6\x99\xa2hcU\x0f\xf9\xa0\
}\xeejL\xdc_\xbav\xb97Ht\xb9\xbf\xc88\
\x18\xa2\xc6z\x0e\xae\x9d\x94\x0c\x89\x82\xa2f\x86\xd38\
\x7f2\x18\x968\x06\x9a\xcdm\xe1p\xd8\xcc!\xd4\x18\
)\x5cR\xc0!\xfa\xb0\xb7\xb7\x87\xd7_\x7f\x1d\xa7N\
\x9d\xb2\xfc\x0d\xca\xc0|\xdf\xc7\xfa\xfa:B\xa1\x83\xa2\
:Dx\xe8TJ\xcd\x9f>\x03\xfcM\x9dDWV\
V\xac40\xc3J\x15Y\xd1\x8a\xa0.\xfcN\xfa\x00\
\x1c\x86\xc0)\xca\xc5\xb1w\x99\xa9Ks\xd4\xb7G\x99\
\x9e\xd2\xc0\xa0\xc6\xf9\xa4 \xa9&&\xf6S}-\xd4\
\xc6\xcf\xf3Is\xe9\xf4K4\xd4\xf3\x0e\xfc\x97T\x19\
QAC\xed\xfc\x9cg\xd2\x7f>C\x1dJ9NJ\
\xbft<\x95'\xa9\xa0\xa3\xf4Q\xdbq\xf6\xaf\x8b\x82\
\xb4\xe2\x91\xee=\x83\x84\x86 \xfe\xces:\xdc\x93\xda\
u&\x88\x91\xb9\xda\xae+\xc9\xb4\xd3\x86\x83\x9e\xd1\xea\
\x1c\x0e\xba\x8b\x0e\xb8\x93\xa2Z\x1c\x17\xaaJ\xa5*\xe5\
\xea\x02\xe5\xa2P\xc8H\x9fA\xa9\x97\x04\x0a\x80\xd9\x9e\
\x99\xf0\xc7e\xe8\xee\x18\xb8\x8c2Hpr\xaf=j\
\xbcU2\xd5\xfe\xaa\xdf\x82\xdal\xf5<F\x10(a\
R\x0d \x14:,\xdcC\xd3\x07\x11\x06\xdaf\x83\x12\
\x1d),\x16\xb4\xe8\xf4{\xbd^G\xb9\x5c\xb6\xaa\x80\
Z\x07`ee\x05\x0f=\xf4\x10~\xe5W~\x05'\
N\x9c\xc0\xde\xde\x1e\x8a\xc5\x22n\xdf\xbe\x8d\xf9\xf9y\
K\xc6\x02\x1c\xc2\x974Y\xb0l*\x992\x09\x0c\x89\
@+\x89\xdcuNShP\xd7^ww7\x06\x06\
\x06\x90H$,,\x8c>\x00\x00,q\xd1c\x8f=\
\x86\x07\x1ex\xc0\xa2,J\xa5\x12VVV\x0c\xda\xde\
\xdf\xdfGoo/\xd2\xe9\xb4!I\xc9d\x12\xa7N\
\x9d\xb2<\x07KKK\xe8\xec\xec\xc4\xc4\xc4\x84\xd9\x82\
\x09}\xbf\x17\xed\xd5W_\xb5\xb1&\xacO\x0d/\x99\
L\xe2\x91G\x1eA&\x93A__\x9fU\xa2c\x06\
=\xce\xa3z\xfb\xd3q\x8c\x09\x9a\xc8\x90\x14rw\x09\
dGG\x07\x92\xc9$\xce\x9c9\x83h4\x8a\xeb\xd7\
\xafc}}\x1d\x9e\xe7\x99\xad\x97\xbe\x04$\xd2\xf1x\
\x1c\x9f\xfc\xe4'\xf1\xa9O}\x0a\xbe\xef\xe3\xeb_\xff\
:\xfe\xf7\x7f\xff\xf7.\x1f\x05\xb5\x85\xab\x16\xa7\xfbm\
\x7f\x7f\xdf\xcc\x87\x5c+\x1a)@\xf4\x82\x8c\xaf\xbf\xbf\
\x1f'N\x9c@GG\x87E\x98\xf0\x0f8\x08\xd9\xbb\
v\xed\x1a\xbe\xfb\xdd\xef\xe2\x0f\xff\xf0\x0f\x9b\xfa32\
2\x82|>o\xa9\xafk\xb5\x1a\xe2\xf1\xb8\x99\x12(\
\xc0\xeb\x1e\xe4\xda\xe1\x9eU\x9f\x01e@T^\x22\x91\
\x88\x99\xd8\x94\xb6\xf1<\x97\x89\xe9Xp\x1e\x99\xa5P\
\x9d\x0a\xe9k\xa0\xf3\xc8{\xb2)3W\x81N\xf9\x87\
K\x8f\xd5\xe4\xc2\xe7p\x9e\xe8?\xa2\xc8#\x1b\xfb\xc2\
\x8a\x90,\xd6ES\x15\xd1LU\xae\x88j\x84B\x87\
a\x87\xea\x14L\xc1F\x91?\xae\x17E\x85U\xb9\xe3\
{\xb9\xda\xb6{\xcc\xd5\xec\x8f\xf3\xd9\xbd\xf7\xbd\xb6V\
\xfc\xdb\xf3~\x9e\x08\xc8\xf7\xfd\xa7y\xa0\xd5C\x94q\
\xb8\xc4P\xff\xbb\x0f\xd5\xef|p\x10#w\x99\x9f{\
\x8f\xa0\xf3t\xa1ix\x1e\xa59\xa09CU\x90\x86\
\xe7n\xa0\xa0\x09P\x88\x90}'\xc3\xe1\xe2\x22\xe1o\
5~\xee;+\xfc\xe9\x8e\x93nLE*Z\x09\x17\
\xdc\xd8\xae\xcd\x99\x9bW\xf3h\xeb\x18\xe8\x82\xa6\xd6B\
\x06\xea\xfb\xbeAc\x0a\xcfF\xa3Q$\x93I\xa4R\
)c\xbe\xea,\xe7n\x80\xa0\xf7\xd7\xc6y \xf1L\
\xa7\xd3x\xf0\xc1\x07q\xe2\xc4\x09\xbb\x07!ijA\
?\xfd\xe9O\xf1\xc3\x1f\xfe\x10\xd9l\xd6\x92\xf7\xd0N\
IbU,\x16Q\xa9T\x9aB\xf9h\x02P\xc1Q\
\xfb\xc0\xa6c\xe562\x85h4\x8aT*\x85\x99\x99\
\x19\xc4b1\xe4\xf3y,--acc\x03]]\
]\x16\xbe888\x88B\xa1\x80Z\xadf\x11\x08\xa1\
\xd0\x81/\xc0\xfa\xfa:\x16\x17\x17q\xfb\xf6m\xdc\xbc\
y\x13\x0b\x0b\x0b(\x95JMv\xeb|>\x8fb\xb1\
\x88\xde\xde^\xcc\xcc\xcc\xe0\xfe\xfb\xef7?\x88w\x9b\
\x0d\xb0\x5c.#\x9b\xcd\xe2k_\xfb\x9a\xe5\x22\xc8\xe7\
\xf3\x98\x9c\x9cD:\x9d\xb6\x98v\x86\x9d1\x22`o\
o\xcf|5\x5c\x08\x9e}\xa6\x16\xedB\xa8$\xb6\xea\
\xc1O\xf3\xc1\xf4\xf44>\xf3\x99\xcf\xe07~\xe37\
\x10\x89D\xf0\xf6\xdbo79\xe1q\x1d\x0d\x0c\x0c\xe0\
\xcc\x993x\xea\xa9\xa7\xf0\x97\x7f\xf9\x97\x98\x9e\x9e\xc6\
\xcc\xcc\x0c\xca\xe52~\xf4\xa3\x1f\x19mP\xa1\x0f\x80\
A\xde\xf4\xc6\xe7\x1c\xabv\xc80D>\x8bk_\xf7\
\xe3\xe8\xe8(FGG-\xd9\x0f\xb5\xff\xce\xceND\
\xa3Q\x8c\x8e\x8e\x22\x1e\x8f\xe3\xce\x9d;\xb8s\xe7\x0e\
\x06\x07\x071;;\xdb\x84:\xf8\xbeo6}\x96\xd8\
\xed\xed\xed\xc5\xf4\xf44\x12\x89\x04\xaa\xd5\xaa\xedA\x86\
\xa4j\x0c<\xfbX(\x14\x9a\x04\x83F\xa3\x81\xb1\xb1\
1ttt\x98/\x81\xd2>\xd7I\xcfu\x98\xe6|\
h)\xdd\xfd\xfd}T\xabU3\xc3\x91A\xb2)\x1a\
C\xdaK\x8d\x9c\xb4\x97\xfb\xcc\xa5}\x9ew\xe8\x93C\
z\x0c\xb4\xb6\x97\xab\xc0AD\xc2\xf7\x0f\xd0\xb1\xfe\xfe\
\xfe\xa6\x1c'\xf4/PDW\xcd\x7f|w~&\x92\
\xa0>/\xae\x92\x19D\x1b\xf8\xd9\xf5\x0b\x08\xe2k\xc7\
\xe1\x9dA\xed\x9d2\x7f\xed\x1f[\x93\x19\xa6\xdd\x89A\
\xbf\xb5\xda\xccM\xa0\x00\x00 \x00IDAT\x22\xf0\
\xad4\xdbV\xdao\xd0\xf3t\xb0\xdc\x81\xd2\xe3\xae\x93\
\x89.\x0a\xd7\xc9\xc5\xbd\x9f+\x84h\xdc\xbf\xc2@\xbc\
\x17\xa5U\x12:z\xc5\xd7j5T*\x95\xa6\xcan\
\xda\xa7&)+\xc0)F\xa1\xd3v\xe3\x14\xa4\x85\xb2\
\xef\xec\x17\xe1o\x85-\xd5\xa6\xe6\xdeO\xdf\x89\xefO\
\x06\xcc\x0d\x9b\xcf\xe7\xb1\xb3\xb3c\xcc\x9e\x9a\x1c\xed\x8a\
,v\x93L&\x9br\xe3\xb3\xb2\xdeQ\x08\x88ja\
\xdc\xa4d\x0e\xa3\xa3\xa3\x88F\xa3(\x95J\xe8\xe8\xe8\
@<\x1e\xc7\xde\xde\x1e.^\xbc\x88\xd7^{\xcd\xb4\
\xd1D\x22\x81\xee\xeen\x13N(\xed\xe7\xf3y\xb3\x13\
\x020SM\xab\x0d\xecnp\xa0Y\x8b\xd1\xb1SX\
\xb2\xbb\xbb\xdb\x9c\x08I\xf0Xv\x98\x90.\x89e2\
\x99\xb4R\xaa\x8dF\x03\x1b\x1b\x1b\x88\xc7\xe3\xc8\xe7\xf3\
\xd67\xdau3\x99\x0c\x12\x89\x04R\xa9\x94\xe56'\
*\xc3\x90\xb5j\xb5js\xf8N\xda\xe2\xe2\x22^~\
\xf9e\xcc\xcf\xcf\xe3\x8d7\xde\xc0\xce\xce\x8eUPd\
\x06=\x16/\xd2\xa4*\xdd\xdd\xddH$\x12\xa8\xd5j\
\xd8\xd8\xd8hZ\xc7\x14\xbe\xd4n\xcb\xb1R\x81Ya\
i~\x1e\x19\x19\xc1\xb3\xcf>\x8b'\x9f|\x12\xeb\xeb\
\xeb\xb8t\xe9\x12\xf6\xf6\xf6\xd0\xdd\xdd\x8d\xb3g\xcf\xe2\
\xe3\x1f\xff8\x06\x07\x07q\xe2\xc4\x09\xcc\xcc\xcc\xe0\xea\
\xd5\xab\xe6d\x08\x00\xdf\xf8\xc67\xf0\xf7\x7f\xff\xf7\xa6\
%2\x5cO\x93eqNY6\x9aB;\x91\x88\xbd\
\xbd=\x94\xcb\xe5&gZ2\x17\xce?m\xdet0\
\x05\x80\xc1\xc1ALLLX\xd4L\xa9T\xc2\xda\xda\
\x1a\x80\x83\x88\x80\x17^x\x01\x0f<\xf0\x80\xf9El\
mm!\x97\xcb\x99c\x1f\x9f\xd1h4P.\x97Q\
.\x97\x01\xa0)\x9f=\x05\xce\xdb\xb7ocoo\xcf\
r\x11\xb0R\xe0\xd6\xd6\x16\x12\x89\x04\xfa\xfb\xfb\xcd\xd7\
\x84\xfdp\x95 \xc2\xee\x00\x0c\xd9 -\xe4\x9c\xf5\xf7\
\xf7\xa3\xbb\xbb\x1b\x9b\x9b\x9b&\xa81\xb9\x15\xc7\x85&\
G\xcd=\xc01R\x87M\x0aN\x9co\x15\x1e\xb8\x1e\
\xb8\xb7\x14=\x0c\xa2\x19J\xc3y\x7f:0s\xec\xe8\
\x08\xc9\x8a\xa34\x17P\x19j4\x1a\x88F\xa3\xb6\x06\
H\xff\x80\xc3J\x88J\xb3\x94\xa9\xab9\xa2\x15\xffc\
s}O\xd8\xd8o\x17\x99m\xc5\x7f\xf9\x9bknu\
\x9f\xcf\xbd\xe6\x22`\xee\xfd\x95\x06\xbe\xa30\xc0\xa3~\
\x0bb\xec\xc7\xb9.\xe8\x98j\xa8\xbc\x0f\xa5M\x95\x08\
U\xd2W\xcdN\x17\x8b\xdeO=I\xb9\x08I,x\
/2G2a]\x0c\x9a\xc5\x8c\xcf\x0f\x92\xd2x\x0d\
\x9b\xf6\xd7}GW\x10P\x01H\xc7\xd6e\xa8z/\
\xfe\xae\x92<a-\xf7\x1a\x95\xb8\x95@p\x111$\
lww\xd7\x08\x0bc\x8dIh\xe9\x0dM;&!\
b:\x0b\x06\xcd/\x9f\xcf\x0dM\xc2\xbb\xbf\xbf\x8f\xb7\
\xdf~\x1b\xb1X\x0c\xc9d\xd2*\x022\xfc\xed\xe2\xc5\
\x8b\xb8q\xe3\x86\xa1\x02\xaeT\x0e\x1c\x86\xa1\xe9\xfc\xbb\
\xc4E\xc7\xc9\x15\xdc8\xde\xfa\x9b{\xbe\xae=j\x0c\
<F\xa7\xbep8\x8cJ\xa5bv^\x96\x80%3\
\xef\xeb\xeb\xb3p&\xcd/\xb1\xb7\xb7\x87\x8d\x8d\x0d,\
//\x9bC\xa6\xc6\x85\xe7\xf3y\xe4r9\xd3 \x99\
\x8f\xde\xadi\xde\xae]\xbf~\x1d\xdf\xfb\xde\xf7p\xe1\
\xc2\x05d\xb3Y\x0c\x0e\x0eb||\x1c\xfb\xfb\xfb\x96\
u\x91\xa6\x16\xe6\xeeO&\x93\x16\x9a\xc7$4\xf5z\
\xddj/\xb8\x02\x94:\xfa\x91\xc1(\x81r\xd1;j\
\xf6\xa7N\x9d\xb2\xf9\xbf\xef\xbe\xfb\xf0'\x7f\xf2'\xf8\
\xc4'>q\xd7;\x9c={\x16\xaf\xbe\xfa*\xfe\xf9\
\x9f\xff\x19o\xbc\xf1\x06\xdex\xe3\x0d\xac\xac\xac\xc0\xf7\
\xfd\xa6\xb1\xd0\xf9\xe7\x9a\xd0=\x0f\x1c\x16\xc8!#\xe3\
\x5c\xa8s,\xf7?Me\x14>\x18\xa2\xc7y\xa5\xe9\
#\x14\x0a\xd9:XXX\xc0\xeb\xaf\xbfnE\x82\x98\
@J}\x88\xe8\x9f\xb0\xbd\xbdm\xfb\x8eB\x08\xb3O\
\xd6\xeb\x07\x91\x0cZ\xd6\x9b\xd7idM>\x9fG\x7f\
\x7f?\xa6\xa6\xa6\xcc\xf1P\xf7\xbf\xd2M\xf5{\x02\x0e\
3\xa0\x12\x95\xe1yDr\xb6\xb7\xb7\x8d\xa9\xba>2\
J\xebT\xe9Q\xf4G\xf7\x97\xab\x10)\xf3r\xd7\x93\
6\x97\x06\x12\x81QA\x87s\xaa\xbc\x80\x02!\x85-\
*Q\x14\x18\x98QR\x95\x13\x97\xc7\xb8\xcaT+\xcd\
\xbc\x95\xb2\xeb\xd2\xe9V<\xd3m.\x8a\xd0\xea\xfc\xa3\
\xee\xe3\xde3\xec\x1f\xc0\xffO\xb7z\x91 b\x18t\
\x5c\x09\xe4Q\xd7\x04\x9d\xab\xbf\xb7z\xae\xab\xfd\xb6\x82\
h\x80\xe6JQ\x5c\x0c\xaed\xc4\xe3\xae\xe6\xa76t\
2\x132B.4\x9e\xab\x9a\x0e[\xab\xc9\xd7ws\
m\xf7\xaed\xa7\xa8\x86{.\xfb\xe72#\xf5i\xa0\
\xd6\xc6\xbc\x00\xaa\xb9\xaa\xe6\xaf\x929\xd0\x5c\x0f\x80\xce\
`\xd5j\xd5\x9cj(m\x13\x92$Q\x22\x2200\
0`\x1aVPnu\xf7\xbd\xb8\xd9\xd4\xdb\xb8T*\
\x19c\xa8\xd5j\xc8d2\x98\x9b\x9b\xc3\xe5\xcb\x97\x91\
\xcdf\x0d\x82\xe7\x06\xe7\xb9\x91H\xc4\x1c\xb5\xca\xe5\xb2\
A\xa7\xccn\xe8&5\xa2p\xa7D\xc7E\x93\xdcF\
\xa1*\x99L\xe2\xc1\x07\x1f\xc4\xe9\xd3\xa7\xd1\xd9\xd9\x89\
l6k\x8c\x99\x0c\x83\xc4\x97q\xd4\xaco\xc0qf\
\x02\x18\x22\x05Jh\x98w\x9e\x9aJ\xbd~\x18\xda\xc5\
\xb1\xadT*\x96\xb7\x80\x10f\xab}\x0c\x00kkk\
\xf8\xd1\x8f~\x84s\xe7\xcea~~\x1e\x9e\xe7YT\
BGG\x87\x15z\xb9v\xed\x1a\xe6\xe6\xe6,\xfb\x9b\
\xa2)D\x89\xb8\x8e\xdc\x18l\xee\x1b\x17f\xe5\x9aU\
\x81\x8df\xaaP(\x84\x87\x1f~\x18\x9f\xfc\xe4'1\
99\x89\xbe\xbe>,..\xe2\xec\xd9\xb3\xf8\xccg\
>\x13\xf8.\xe5r\x19_\xfb\xda\xd7\xf0\x0f\xff\xf0\x0f\
\x98\x9b\x9b3\xe7K\x15\xc8[\xa19\x1cC\xae\x1f\x0a\
Z<7\xa8\xcf.\xb2\xc1\x04M\xa9T\xca4\xffj\
\xb5\x8a\xf5\xf5u\xac\xae\xaeZ\x12\x9fH$\x82\xde\xde\
^d2\x193'0\xa51\x0b\x01\xd1aO\xf3\x1a\
\x94J%+\x02\x14\x0e\x1f\xe4\xc7\xe0=+\x95\x0a\xf2\
\xf9<\xea\xf5:b\xb1\x18\xd6\xd7\xd7\xcd\xdc\xa2%\x84\
\xe3\xf18\x92\xc9\xa4\xd9\xe1U\xa8\x00`fSW\xb3\
\xe4>\xe2z#R\xe1y\x87\x05\x86\xe84H\x14\x85\
4\xc4\xa5Q\xae\xdf\x14\x15\x126>\x9b{\x8e{C\
\x930\xb9\xfb\xd0\xdd\xa7\x9a\x15\x90\xfb\x96H%\x91P\
U\xe2x\x0e\xe7^\x91R\xee35)\xd3\xaf\x80\x8a\
\x15\xfb\xad\xfb\xd5\xed_\x10\xffs\x9b\xbe\x87\x1e\x0b\xfa\
\x1ctm\xd0\xb9\xad\x94PW\xa1\xb4\xbd\xa0\x13\xe0\xde\
,\xe8B\x1e\xd7\xff@\xb3\x8d\xb7\x9dF\xaf\x84_\x9f\
\xd1\xea\xf9z\x8c\x8bJ\x17\xac+Hp\xc3\xb2O@\
\xb3W\xaaB\xfe\x00l\xa1\x11\xa2\xa4\xc4M\xa9\x9a\x8b\
\x83\xd5\xec4\x07v\xab\x16$\x0c\x1c%\xb1\xb9>\x01\
\xaep\xc5\xdfT\xf8 a\x0a\x85B\xe6\x8d\xac\xf5\xb5\
\x99\x02U\x11\x13]\xd4\xb4u\xf1w\xad\xd9\xceg\xd1\
4\xc0<\xf7t\xd6cZT\xe0\x10b\xa7$\xcd|\
\xfa,\x8d[\xadV\x9bb\xeau\xfe8'\xdd\xdd\xdd\
\xd6\xff\x8d\x8d\x0d\x5c\xbcx\xd1\xb2\x00\xd2\xde=88\
\x08\x00\xd6wf*#\x01\xa5\x86\x96\xcdfm\xb33\
\xbb C!u\x5cu]\xf07\xae\x1f\x12K\x15X\
\xd9\xff\xce\xceN\x0c\x0c\x0c\x98=T\xe7\x9bcV.\
\x97\xcd\x06\xeby\x1eVWW-\x13\xe1\xf4\xf4\xb4%\
m\x22\x03X__\xb7t\xbb\xf4aX^^6M\
\x8b\x85\x86\xd8\x1f\x86:2T\x92\xa6\x85 \xa1\x058\
d\xdc$\xaa\xf1x\x1cCCC\x88D\x22\xc8f\xb3\
\x98\x9f\x9f\xc7\xd5\xabW-\xb1\x12\xffHH\xc9p\xd2\
\xe94b\xb1\x18b\xb1\x18\xaa\xd5*\xba\xba\xba\x90\xcb\
\xe5\x90\xcf\xe7\x9b\x84Y\xae3\x17\x01\xf0<\xcf\x12T\
\xb9\x8e_\xd3\xd3\xd3\x00\x0eJ6_\xbat\x09\x9f\xfd\
\xecg\x9b\xde\xa1\x5c.\xe3_\xfe\xe5_p\xfe\xfcy\
\x5c\xb9r\x05\xe5r\xb9I\xf8\xd7\x9c\x1d\x14H\xc8 \
T\xb0'\x91\x07\x0e\xab\x02\xee\xef\xef\x9b?\x89+\xe0\
\x03hR \xd4'fii\xc9\xe6@k9P\x9b\
\x0f\x85BV\x90huu\x15===\xb67\xb5\x8f\
\xc3\xc3\xc3\xd8\xda\xda\xc2\xad[\xb7\xec\x19\x0c+\xe6z\
,\x16\x8b\x96\xf6:\x95J\xc1\xf3<T*\x15s\xca\
%\xe3f\xeb\xea\xea\xc2\xd8\xd8\x18\x86\x87\x87\xf1\xd6[\
o\xe1\xf2\xe5\xcb\x08\x85\x0e\xb3_\xba\xe6A\xfa\xa80\
\xaa\xa6V\xab!\x9f\xcf\x1b]\xd4h\x0a\x8dvqQ\
\x1d\xdf?,'\xac\xbeVd\xec\xca\xf84\xbc\x95t\
\x95s\xa4\x02\x1d\x9b\xcb7toj\xfe\x0d\xa5\x85\x14\
\x96C\xa1\x90\x8d\x11Q7>\x9f\x7fd\xf0\x0c\xf1S\
\x9f\x01\xde_\x11T\xf6\xc9E%\x8e\xc3\xfc\xf5=\xf4\
\x98\xdeS\xc7\xb7\xd5}\x82\x90\x01=\xe6\xf6E\xe7\xdc\
\x10\x00\xb7\x03A\x1dmu\xac\x153?\xea~A\xe7\
\xea5.Ct\x9bj\x90AB\x84J\x84J\xf4\x81\
C\x88J\xa5Y6]\xb4\xac\xaa\xa7^\xdej\xdb\xd1\
\xe7\x1d\x07\xb2r\xdf=\xc8\xc1P5z=\xcewf\
\x1fI\xd0h\x9b\xa56\xe5J\xe8\xf4t\xd5\xe7Rc\
V\x02\xe9\xf6\x85a5d\xb4\x14\x0a\xb6\xb6\xb6P\xa9\
TL\xb3\x06\x0e\xa1D\xde\x87\x0c\x9a\xf08\xfb\xa3k\
F5Fe\x12\x00\xcc\x1e\xbe\xbe\xbe\x8e\xdd\xdd]\xf4\
\xf6\xf6\x22\x99L\x1a\xf3\x1f\x18\x180oh:u\x91\
h\x12\x1e\xdd\xdd\xdd\xb5\x04M\xad\xe6M\xd7\x96+T\
\xbas\xab\xc2K4\x1a\xc5\xd4\xd4\x14&&&\xd0h\
4\x90\xcf\xe7\xb1\xb2\xb2b\xc5Y\x98\x9eX7$=\
\xabY-\x90\x04\xa8P(`cc\xa3\xc9\x1b\xd9\xf3\
\x0e\xe2\x93\x13\x89\x84eJ\xf4\xfd\x03\xa7\xb0\xfe\xfe~\
\x83\xe3\xb9\x06vww\x9b\x12\x9dh+\x14\x0a\x98\x9f\
\x9f\xc7\x9d;w\xb0\xb6\xb6f\xa5\x5c\x19c~\xe9\xd2\
%\x5c\xbdz\x15\x0b\x0b\x0bM\x08\x97\xaee\xc2\xbf\x9c\
\xc3\x81\x81\x01\x8c\x8e\x8e\x9a&\x0c\xa0)s\xa1\xeb\x8b\
CA\x89\x84TMp\x00\xf0\xd8c\x8f\xe1\xb7\x7f\xfb\
\xb7m\x8c\xa7\xa6\xa6\xf0\xc4\x13O4\xbd\xc77\xbf\xf9\
M|\xfb\xdb\xdf\xc6\xd5\xabWM\xa8\xe4\xfc\xa83\x22\
\xd7=?\xab)B\xd7\x802\xa6 ga\xb5e\xeb\
X0^_\xb5\xdb\xcd\xcdMc2\x9cC2\xccZ\
\xad\x86\x9d\x9d\x1d\x8c\x8f\x8f#\x95J\xc1\xf7\x0f\xcc7\
\xcc[\xc1z\x11\xa4\x07\x84\xa3Y\xe4\x87\xa6\x1f\xdf\xf7\
\xad \x952PF\xe9\xb0\x04\xf2\xf0\xf00\xe2\xf18\
\xd2\xe94FGG-\x7f\x06\x93V\xa9p\xd7\xd9\xd9\
\x89\x91\x91\x11\x9c>}\x1a\xa7O\x9f\xc6\xd4\xd4\x14\xe2\
\xf1\xb8%\xc7\xd1\xf0fE\xa0T\x80\xe0\xb8+\x8dr\
5{*\x1b\x14 \xf8|\x8e\xb76\x17\xc9m\xb5\x1f\
\xf5;\x9f\x17\x89D000`\xe6\x0b\xa2e\x0c\x95\
$\xf2\xa6\xfe\x1fA\xb4[\xe9 \x9f\xe16\x17ue\
\xdf\x83Z+D\xe0(AA\xefy\x14\xbf\x0c\xba\xaf\
\xcbw\xdc\xf3\xc3\xa1P\xe8i\x1ca\x02\xb8\xd7\xefA\
\x0f\x0f\x9aD\x17\x0dp;\xee~v\x85\x03\xf5\x02\xd5\
\xf3\xc8L\x14\xeeQ!\xa0\xd5=\xf9\x9d\xd2'=\xcf\
)\x89\xbb\x9a\xbf\xfb\x9e\xed&S\xdf\x97\xfdw5#\
}7\x9e\xa70\x1a\xd1\x0a\xa2\x18d\xb4\xcc\xa4Gb\
\xa4\xf6.\xc2\xe0j\xeb'b@\xafh\xda-]&\
\x07\xc02\xbb\x11\x15!\xa1\xdd\xdd\xdd5\xe7#u\x88\
\xd1\xf7\x0a\x87\xc3\xe69L\x06\xc8~\x90H\xba\xe6\x08\
\xe00\xc5)\x93\x9a\x14\x8bE\x00h\xaa\xc8\xc7pD\
\x12\x22>O\xa31X(\x88\x02\x82j\xa8\xad\xa4n\
\xb7\x1f:?\xcapY\xbavvv\x16\xc0A-\xfa\
\xf5\xf5u\x83\xf4]G\x22\xae\xa9\xae\xae.\xc4\xe3q\
\xc4b1\xf3\xdcf\x12\x1e\x96\x84e\x1f\xbb\xbb\xbb1\
44\x84\xf1\xf1q\x0b\x05\xd3\xfe\xaaF\xc52\xb7\x9c\
/\xb6j\xb5\x8a\xd5\xd5U\xe4r9\xcb\x8dP,\x16\
\x91\xcf\xe7177\x87\x9b7o\xe2\xce\x9d;\xc8f\
\xb3\x16_NT\x84B&\xc7\x82\xf3GF\x14\x8f\xc7\
\x0d\x12\x06\x0e\xcdd\xae\x89Jm\xedd\x00\x5c\x8b\xf5\
\xfaAH\xdd\xe9\xd3\xa7\xf1\xec\xb3\xcf\x028@\x94\x88\
\x06\xb0\xbd\xfc\xf2\xcb\xf8\xf2\x97\xbf\x8c\xb7\xdez\xcb\xb4\
b\x8e\x85\xc2\xb2.\x13\xd7}\xe42\x7f^\xabf0\
U\x04\x82\xb4:eH\xf5z\xddB\xee\xc80\xd5\xcf\
Cm\xf8\x9e\xe7aff\xc6|W\x88VD\xa3Q\
c\xb8;;;\xc6\xb8\xe8d\x5c.\x97-A\x13\x00\
\xcb\x0a\xa9\x0cjpp\xd0\x8a\xf7loocrr\
\x12333\x18\x1e\x1eF(\x14\xb2\xfb\x8e\x8e\x8e\xa2\
\xaf\xaf\x0f\xa1P\x08\xa5R\x09===\x18\x1b\x1b\xc3\
\xc9\x93'1;;kU&;::\x0c9\xa4\xbd\
\x9c\xe6\x0c\x8e\x1d\xc7Cs\x07p~y\x8e\x0aB\xdc\
\x9b\x1a\xca\xa7f\xaf\xa0\x10?\xa2\x01J\xbb\xb96\x83\
\x04\x04*+t\x9et+O*_ \xb2\xc5{(\
\x12\xc9=\xa5\xfbK\x05\x15W\x00Q\x14\xb1\x9d\x00\xa0\
\x9f\xdb\xf1\x8c \xbe\xa4\xc7\x8f+4\x1c\xc5\xab\x01I\
\x04\xe4^\x1c\xf4\xb9\xdd\x0d\x83~\xd3N\xb8\xbf\xab\x84\
\xec\xc2\xa8\x1c|>?\x08\x1a\xe7\xa4\xb8\x04Z'Y\
\xb5\x10\x85\xff\xf9\xcc\xa6\x81\xf8\xb9t\xa8\xf0\x8e\xcb@\
]\xedUa\xa0 \x04\x22\xe8/\xe8\x5c\x1dkn6\
\xed;\xdf\x8d\x02\x00p\x98;\x9b\x92\xbd2Y\xde\x9f\
LT\x8b]P\xabg\xb8\x8c\xbe\x9f\x0a\x0e$D\xf4\
\x92\xed\xe88HIK\x82B\xcd\x9apu\xa5RA\
<\x1e\xc7\xf0\xf0\xb0\x95\xd5$t\x18\x8dF\xad\x88\x0d\
5z2:E\x00H0TK\xa4\x83 \x1d\xd2\x86\
\x86\x86\xcc\xb9\x8a\x0et\xbc\x8e\xf7\x0d\x87\xc3\xc8\xe5r\
\xa6EQ\xb8\xe1\xdc\xebZr7\xae:F\xba\xa6\x0a\
\x8e\x1f\x05\x11\xa6\x1f\xe5u:&\x14\xc6\x14Qh4\
\x1aV\x1b`ff\x06\x83\x83\x83\xe8\xed\xedE\xadV\
\xb3\xba\x00L\xc0C?\x8ab\xb1\x88\x9d\x9d\x1d#\xbe\
\xf4\x17h4\x1aV2\x95\xd1\x07\xc0\x81 \xc2\x1c\xf3\
\x1cC\xe6\xaa\xa0\xd7\xf8\xb5k\xd7\xb0\xba\xbaj5\x0f\
(\xdc\x86B!\xf3\x82\xe6;\xeb\x98\x91\x19\xd0\x1c\xc6\
\xf1\x8b\xc7\xe3\xe8\xef\xefG$\x12\xc1\xfc\xfc|\x933\
-\x19\xa0j\x8cZH\x8b\x08U\xadV\xc3\xe5\xcb\x97\
\xf1\xc0\x03\x0f\xa0\xbf\xbf\xdf\xf6\xc4\xf5\xeb\xd7q\xe1\xc2\
\x05<\xff\xfc\xf3\xb8}\xfbv\xd3\xfc\xe9\xfcpO\xab\
\x7f\x02\xe7K\x85>\x9dO\x85}\xa9\x0d+\x92\xc0\xdf\
H7\x88\x08\xb2\x0f\x9b\x9b\x9b\xe6\xec\xcah\x9c\xce\xce\
N\x94J%\xc4\xe3q\xf8\xbeo\x02\xd2\xe0\xe0 \x06\
\x06\x06022b\xd1#T2\xd4\xe4@\x07?\x22\
I\xa5R\xc9\xfcA(\xc8\x9d8q\x02\xd3\xd3\xd3M\
\xb4nhh\xc8\x90\xb6\xce\xceN\x9c9s\x06\x91H\
\x04W\xae\x5c\xc1\xe2\xe2\xa2\xf9\xcd0\x8a#\x1e\x8fc\
tt\x14\xe9t\x1a333H&\x93\xe8\xec\xec\xb4\
\xe7\x87\xc3a$\x12\x09+\x7f\xcc\xe4_\xa1P\xc8\xf6\
\x94:\xdc)\x1d\xa7`\xa0\x05\x96\x5c\x9a\x0f\xdc]\xc5\
\x8e\xd7\xeb\xfe#- \x9dp\xf3\x8e\xf0\x1eL@E\
T\x904MsP(\xa4O\xe4\x8a\xcf`\xbf\xb5P\
\x18i(\x85Vu\x04Wz\x11\x04\xd1\xbb\x8a\xa9\xd2\
\x98 \xfe\xaa\xfc2\x08\x11\x09\xba\xaf\xdb\x82\xf6\x06\xaf\
\xe1\xfa\xd5\xeb}\xdfo\xce\x03\xa0\x0f\x09\xd2\xc0\x83\x98\
\x9c\xdb\xc1\xa0\xeb\xdd\xf3\x81CB\x1b4p\xae\xd4\xed\
j\xa6.$\xa7\x84\x5c\x09\xb8{\x0f\xd5\x0e\x14~\xd2\
\xf7\xe3\xb3i\xf7f\xffH,xO\xedC\x90\x06\xef\
\xf6[\xfb\xa06'\xf7\xbb\xda\xd2\xc8\x00\xb5\xdf$n\
\x1a\xefO\x8d\x5c3V\xb9v|\x17~'Cj5\
\x0f4}\x10J\xe7\xb3\x15\x89\xa0\xe0ABD\xe7$\
2&\x0a+\xdc`\xf4\x90'\x93QTB\xcd\x16*\
x\xa9v\xdf\xd7\xd7\x87T*\x85x<\x8ex<n\
\x0e\x87\x8cB\x00\x80\xf5\xf5u\xac\xaf\xaf\x1b\xa3%\x93\
s\xe7Z\xc7A\x05L%N\x1c#\x12)2A\x9a\
O\xc6\xc7\xc7-c\xdf\xf2\xf2\xb2\xd9\xf3\x15*w\xd1\
\x1c\xda\x16I\x84\x08\xa5\xa7R)\xec\xef\x1fdF$\
Q%\xe3\xa1\xcf\x81\xef\xfb\xe6W\xc0\x84;\x91H\xc4\
\x9c\xb4\xd4\xab\xbcT*a}}\x1dkkk(\x95\
J\x96O\xff\xda\xb5kX^^\xc6\xc6\xc6\x86\x8d\x0d\
\xd7Z\x90\x96\xcbc\x1a\x1e\xcb\xf1H\xa5RH$\x12\
\x16\xe2\x18\x0e\x87\x0dI \xe3\xa7\x86\xc8\xf8u\xae7\
\xce-\xd1\xa8\xe1\xe1a\xcc\xcc\xcc\xe0\xe4\xc9\x93\xb6\x06\
WVV\xf0\xe2\x8b/\xe2\x95W^\xc1\xdc\xdc\x1cJ\
\xa5\x92\xbd\x1f\x09\x1a\xfb\xae\xb0.\x9f\xab\x09l\xb8\x86\
\x88\x04p\x9dqN\x5cd\x82\xa6+\xae_\xae\x17j\
\x84\xfcNS\x17}\x08|\xdf\xb7qeX%5\xfa\
\xc7\x1f\x7f\x1cg\xce\x9cA2\x99\xc4\xd8\xd8\x18N\x9f\
>\x8dd2\xd9d\xa2cz]\x8e\xb9:\xb2QK\
\xde\xdb\xdb3\xb3V__\x1f\xba\xbb\xbb1>>n\
\xa6\xa2B\xa1\x80P(\x84\x85\x85\x05\xcc\xcd\xcdac\
c\xc3*L\xd6\xebu\xab\xf5\xd0\xdd\xdd\x8d\x89\x89\x09\
D\xa3Q\xa3\x15\xcc\x9d\xc1\xb5G\xfaB\xa1moo\
\x0f\xbd\xbd\xbd\x00\xd0TBW\x85F\xfa\x12)\xcdw\
\x958\xa5q|O\x97~\xf23\x85:\x17\x99\xe3\xef\
|\xa6j\xee\x14>U)\xe238\xd7\xaatp\xdd\
\xabiU\x95\x06\xce\x8fk\xb2Pf\xaa\xef\x17\xc4\x13\
[\x99\x13\xda\xa1\x01\xeey\xc7Q\xc8U\xa8j\xc7\xa3\
\x81\x16\xb5\x00\x8e\x821\x82n\xa6\x03\x10\xf4p\xedl\
\xab\x97h\xf7\xd9]H*\xcd+\x93\xd0\xe7\xb9DL\
\x990\xd0l\x7fW\xad\x93Z\x13\x17\xb8j\xfa\xfa\x0e\
A\x03\xae\xef\xa7\x82\x82{N\xd0\xb9\xeex\xba\xf7\xd4\
\xf7PGE\xd5rTks\x17+\x05\x03B\x92$\
\x92j\x93u\x85\x04n \x8e\x17\xeb\xa2+3_]\
]\xc5\xad[\xb7\xcc\xfb\x99\xcc\x9d\xd9\xedx?B\xf7\
\x84\xef\x192\xe8:\xd3(\xd1\xe6fd\xdc\xbf\x86\x1d\
\xb2\xac'\xbd\xb3y=\x19^\xa3\xd1@\x22\x91\xb0\x90\
5j\xd6\x91H\xc4\xb45\xe6P c\xa6\xd9\x80\x99\
\x0e\x95\xb8\xe9Z\xd3$'\x84\x7fY\x0d2\xc8'\x05\
8\xd0v\x0b\x85\x02\x1a\x8d\x86%\x8ca\xe2\x97\xdd\xdd\
]\x8c\x8c\x8c\xe0\xd6\xad[\xe6\x0c\x08\xc0\x92\xf3\x0c\x0d\
\x0d\x99g2\xe3\xc2\x19\x02X\xaf\xd7\x91\xcdf\xad\xdf\
\x9a\xc3\x9c\xfdb\xa2\xa2\xd5\xd5\xd5&\x9f\x08\x1d{\x00\
M~\x08\xba\x9et.T\xfbM\xa7\xd3\xe8\xed\xedE\
ww7R\xa9\x14\x86\x86\x86,\x0f=\x89)\xc7\x1e\
\x80\x11|\xee9e\x1aZ>w~~\x1e\xcf?\xff\
<\xce\x9f?\x8f\xb7\xdf~\xdb\xc6\x96y!X1R\
\x9d\xfe\x00\x18r\xa2\xa8\xa2j>\xb4\x09k\xa20\xd5\
\x02\xb9O\x94Aq_\xa8\x09\x88~\x17\x14f\x98\xee\
\x99>\x1aLZE\xd4\x8cc499i\x8c\x88Q\
 \xc5b\x11[[[f\x1e\xca\xe5r\xe8\xe8\xe8\xb0\
:\x01\xf5z\x1d\xb5Z\xcd\x04\xff\xdd\xdd]\xe4r9\
C\xf6\x98\xf5\xaf\xbf\xbf\x1f\x13\x13\x13\xb8y\xf3&\xde\
~\xfbm\xdb\x8fD(\xc8\xc4\xe8\x00\xcaL\x8b\x89D\
\xa2)Y\x16\x853\xa2X###\xd8\xdf\xdf\xb7p\
BU\x08\x5c\x85\x8a\x82\x04\xc7N\xe9\xabB\xfe\xda(\
$\xf2\x9e@s\x08\xb7\x8b\xa6q=\xba&\x16\xae9\
\xcd\xe6\xb7\xb5\xb5e{\x94\xd7\xb3/\xba\x16\x89\xfe\x10\
AT\x1f\x08*\x10\xdaO\x97\xa7\xb8\xb4\xdb=\xae\xd7\
\x04\xf1?E\xb3\xdc{\xb5jA\xc2\x87\xde\xd3=7\
\x88\x07w\xb8\x04\xe0()\xa4\xddC\xb4\xd3A/\xd9\
\x0a)p?\xbb\xf7w\xa1H.<\xb7\xdfJ\xacx\
\x9d\x0e\xa2>C\x99?\x17\x05p\xe8\xf9\xabp\x8f\xdb\
7w0\xf9\xac\xa0\xd6N\x98\xe2\x82w\xef\xed\x0aP\
.:\xc0\x14\xab\xb4\xe7\xa9\x9d\x8c\xf7#swm\xfb\
d\x1c\xe1p\xd8\xa2\x04T\x1bw\x05$n\x0cnl\
n\xa6t:\x8d\x0f|\xe0\x03H&\x93\x98\x9f\x9f\xb7\
pAj\xee\xb9\x5c\x0e\xfb\xfb\x07\x09p\xe8U\xccq\
\xa2S\x12}\x0ax\x9d\x12]%\xb8$\xaa\xf4'`\
x\x13\xcd\x11t\xf0\xa1\x93\xe0\xe4\xe4\xa4\x99>\xe8\xdf\
@_\x05\x0a\x0f\x89D\xc2\x92\xed\xc4\xe3qs\xa2Z\
__G&\x93\xb1\x0c}\xcb\xcb\xcb(\x95J\x16e\
@F\xd5\xdb\xdbk\xde\xf0\x8dF\xc3\xb4@\x12[\xce\
\x9b\xcew\xa3\xd10\x18\x95\x9e\xf3\xd5j\xd5\x12\x07\xdd\
w\xdf}\xa8T*\xb8z\xf5\xaa\xbd\x93\xe7y\x06\x91\
\xb3\x9f|\x06!cMrB\xc7\xceB\xa1`Z7\
C\xd3X\xd5\xd1\x0d\xcfT\xc8S\x050B\xe0\x5c\xab\
\xbag\xf6\xf6\xf6\x90\xcf\xe7122\x82z\xbd\x8e\xbe\
\xbe>\x0c\x0e\x0ebss\xd3R\xe3\xd6\xebu\x9bc\
\xe0\xd0\xe1\x96B\x9b2\x1a\xdf\xf7\xb1\xb6\xb6f\xb9\xee\
\x7f\xf0\x83\x1f\xe0\xdc\xb9s\x06\xfbS\x98\xfb\xd0\x87>\
\x84\xd1\xd1Q\xcc\xcd\xcd\xe1\xdc\xb9s\xa61\x03\x879\
\xed\x95\xa8\x0308Zm\xd2|7\xce\x99\xee\x1d]\
\xe7:\x7f\xbc\x17\xaf\xa7\xd9\x89\x08\x87\xef\xfbH&\x93\
V\xd7\xa1X,\xa2Z\xadZ\xba\xe8B\xa1`\xc8\xcf\
\xe6\xe6&\xae^\xbdj%\x98\x1b\x8d\x86\x99\x95\xd8O\
2 \xeeQ\xf5\xbfa\x08\xe8\xe6\xe6\xa6\x15\x96J\xa5\
R\x08\x87\xc3H\xa5Rx\xfd\xf5\xd7\xb1\xbe\xben\xf3\
\xe6y\x9e\x99%\x0a\x85\x82\xcd\xc5\xd0\xd0\x90E\x86p\
\x0d\xd0\x01WQ\x80X,\x06\xcf\xf3\x9aJe\xeb\x1a\
\xe7\xf8\xb1\x7f\xa4U\xa4\x9d\xa4\xabJ\x8f\xd57 h\
\xbcI\x0b]S\x8f\xaeG*\x15\x5cg*l\xd0w\
\xcb\xf5_\x22m\xd7\x04b\xfc\x9d\x88\x0bM7\xdc_\
\x9aE\xb4\x95\xd2\xd6\x8aa\xbb\xd7(\x1a\xc0\xa6\x90\xbd\
\x22\xd8\xad\x9e\xe7\xde\xff\xa8\xd6J(\x08\x87B\xa1\xa7\
=\xcf{\xfa(\x09\xe2\xa8\x9b\xe9\x06\xd2c\xed\xfe\xf4\
\x9cv\xcf\xd1\x01Sm\xdc\xbd\x97\xc2\xfaA\xf0\x1d\xef\
\xe3:v\x90\xe9\xd0\x1e\xc9\xc5\xe5Jz\xed\xde5\xa8\
?\xae\xe0\xd3\xea]]\xa6\xef\x9e\xa3\xda\xa7B\xa8L\
\xdb\xeb\xda\xe4\xf8>$\xe4\xea|\xa3\x12y\x90\x09 \
h\xd3\xf2\xbe|\xa6V\xe3\xd2\xb1+\x14\x0a\x06a\xd3\
!\x8a\x8c\x88\x9b\x8avH\xf6'\x16\x8b\x99G\x7f\xa3\
\xd1\xb0\xbe\xba\x126\x09'\xd3\xb0\x8e\x8f\x8fcbb\
\xc2l{\xdc\xac\x9b\x9b\x9b\xa6\xd5G\x22\x11\xc4b1\
\xa4\xd3i\x0c\x0d\x0dY\x81\x95\xfe\xfe~\xcbpH\xe8\
yzz\x1a\xd3\xd3\xd3\x98\x9a\x9a\xc2\xc8\xc8\x08fg\
g\xf1\xc8#\x8f\xe0\xf4\xe9\xd3F8=\xef\xc0\x8c\x11\
\x8dF188\x88\x8f|\xe4#\xf8\xd0\x87>\x84R\
\xa9\x84\x1b7n\x98S\xa4\x16J\xd2\x8d\x1d\x0e\x87M\
\x00\xe9\xe9\xe9i\xd26\xd8/\xfa\x04\xd0\xe6\xcak\xe3\
\xf18&''\x11\x0e\x87\xcd\xd4\xc0(\x81\xee\xeen\
sV-\x95J\x96\x92\x98h\x06\x9d\xc9XhFC\
\x1c\x95\x00S\xc0\xe1:P\x82\xc8~\x10E\x22\x81\x05\
\x80\xe9\xe9i\x9c={\x16333\xd8\xdf\xdf\xb7:\
\x0c\x14\x1e\xd4Q\x8c\xf3\xcbu\xcd\x827KKK\xb8\
|\xf92.\x5c\xb8`!k\x0b\x0b\x0b\x96\xd9-\x16\
\x8b\xe1\x83\x1f\xfc >\xf3\x99\xcf\xe0\x89'\x9e\xc0\xe0\
\xe0 \xf6\xf6\xf6\xb0\xbc\xbc\xdcT\xd0\x87\xefD\x1f\x16\
2*\xaeQ\x00M\x9a\x1eQ4\xdd\x13\xa4\x1f\xae\x19\
K\xf7!\xc7\x8b\xeb\x98{\x85L\x85\xe61\x0a`\xf4\
\x87\xa9V\xabXZZ\xc2\xdbo\xbf\x8d\xcb\x97/c\
uu\x15\xc5b\x11\x99L\xc6\x12^e\xb3Yd\xb3\
Y3emoo\x9b \xa8y\x03\x80C\xcf\xfcz\
\xbdnU\x01\x19\xde\xc9\xd0f\x0a\x8ad\xce\x14\x9a9\
6\xcc\xbd\xc0w\xdb\xdf\xdfG\xb9\x5c\xb6\xe8\x1b\xcf\xf3\
\xcc\xd7\x81\xfb\xd7\xf3\xbc\xa6\xb0U\x97\xce\xb1\x05E\xf8\
\xa8\x19\xc55\x0dp\x9f\xb0)\xddw?k!\x1f:\
\xfe\xd1\xd1\xd6\xf7\xfd\xbbL\x7fD\xd0H\xb3h\x1a\xe5\
X\x10a!\xe2B\xf4\x80\xf3\xcfg\xb7\xe3YA\x8a\
\xaf6\xd2\x04MXFt\xc2mA|\xf2(E\xdd\
E\x81\x8f\xe2\xad\x1d\xda\xe9 \xc6\x13\xc4\xc4Z5\x97\
\xd9\xeauA\xd7\xea9A\xd7\xe8\xf3]\x98_5\x18\
\xb5Y*\xf3\x0ab\xd2dv\xaev\xcd\x05\xe1N\xba\
;\x06\xed\xfa\x18\xa4\xbd\x07\xa1\x07Ac\xa1\x12\xae;\
6\xee\xfd\xdc\xbe\x91q\xd2N\xa7\xc4\x8b\xce]<F\
\xcd\x91\xef\x1b\x14\xdd\xa0\xe3\x03\x1cBt\xd4Jx.\
\xf3\xdbooo7\x85\xeci\x9f}\xdf7\xb8\xb6\x5c\
.chh\xc8R\x0bk\xa1\x0e2\x1aj\xe2\x8a\x08\
\xe8\xfa`HT$\x121\xef\xfeZ\xadfL\xf3\xda\
\xb5k\xc8f\xb3\xe8\xed\xed5&\xab(\x06\xed\xc3\xf4\
m\xe8\xea\xeaB*\x95B*\x95Boo\xaf\xf94\
hu\xb9\xcd\xcdMD\x22\x11+\xb7L\xad\x9f\x10#\
5\xbcj\xb5j\x1a\xbe\x0b[\x92\xe80\x954m\xf0\
\x9d\x9d\x9d\x18\x1e\x1e\xc6\x89\x13'\x00\x1c\x84\xec\xddw\
\xdf}\x98\x9a\x9a\xb2(\x08\x12o\xdf\xf7-z\xc0\xf3\
\xbc\xa6BD\xbe\xef\x9b\x96\xaf\xc2\x1c\x1d\xcd($\xea\
zW-K\x8bY\x01\x87\xb0\xabFUp\xaf\x91p\
\xb1\xce\xc2\xfe\xfe\xbe\xc1\xd8\x00p\xea\xd4)\xf3\x07Q\
\xc7[\x12a\xdd\xbf$\xd0\xdb\xdb\xdbXXX@\xa1\
P0\xe6Ea\x8as\xdf\xd7\xd7gH\x0b\xabR\xf6\
\xf5\xf5YV>2c\xd7\xefE\xdfK\x998\x99\x84\
\x9a<\xa8\x09\xaa\x09\x85\xc2\x832\x10:\xd3\x02h2\
)\x00\xb0\xf4\xc945\x85B!\x9bo\x86\xa9\xe6r\
9\xe4r94\x1a\x0dK\x07\xccq\x8cD\x22\x86*\
p\x0c8\xe7\x8dF\x03\xb5Z\xcd\xd6\xad\x0a\x84\xd4Z\
\xd3\xe94\xa6\xa6\xa6\xb0\xbb\xbb\x8bh4\x8a\xa5\xa5%\
\xcb?\xc0uK\xcd\x98\xb9\x07\x98\xd0\x88\x08A\xa5R\
\xc1\xc8\xc8\x08\x92\xc9$|\xff0\x94\x91\xa6\x87j\xb5\
j\xfdQ\xa5K\x15-\xce\x85*Z\x00L\xe0tM\
M\x5c\x0fj.P\x0d\x98\xc79\x8f.M\xe3\x5c\x91\
\xaei\x98(\x05(\x85\xf1]\xa1\x8e\xf4Ei\xb1\xfa\
a\xe9\xbeb\x1f\x82h\x7f\xab\xa64\x95\xcf\xa3\x82\xe6\
\xd2:\xf7\x9e:\x0e\xfc\xcdm\xca\x93\xdc\xcf\xaaL\xe9\
\xf1#S\x01\xb7b\xe0\xc7\x11\x08\x82\x9av$\x88\xd9\
\xb5\xd2\x80\xdd\xc5\xe5\xda(]8\xdf\x1d\xa0 \x06\xab\
\xfdPM\xd9}\xbf\xa3\xa4\xbe\xe3\xbe\x9f\xde/\xe8\xbb\
\xdb\xe7 i\xcf\xbd'\x17\xbe\x12J\x8d \xe8\xe8\xe8\
0\xa2\xa9\xbfi,\xaejx\xae4\xcf\xa6\x8b\x9fv\
\xc5j\xb5\xda\x04\xc3+t\xe5\xbe\x9f:\x14\xee\xed\xed\
\x99=\x9f\xa6\x01\x16\xf3`\xf6?J\xe0\x8a\x5c\xf0\xf9\
\xca\xd8\xe8p\x07\x1c2\xa4\x85\x85\x05lnn\x9a\xaf\
\x82F\x1aP0\x22\x8c\x7f\xf3\xe6M\x5c\xbat\xc9\x0a\
\xe0\xd0\x9b\x9d\xb0~\x22\x91\xc0\xfe\xfe\xbe\xf5\x8d\x89U\
B\xa1\x10\xb2\xd9,\x0a\x85\x02:;;144\x84\
\xa9\xa9)\xf8\xbeo\xd0>5,\x1d\x07n|\x12\xfb\
\xa5\xa5%\xdc\xbe}\x1b\x83\x83\x83f\x9aa-\x04\x00\
\x16n\xc9J\x8d===8y\xf2\xa4\xe5\xeb\x0f\x85\
B\xe6\x80\xb7\xb7\xb7\x87+W\xaeXN\x01j\x80\xf4\
g!\xf1S\xa2\xcc\xa6\xceN\xd4z\xb5\x91 s]\
\x13\xb9(\x97\xcbXZZ\xc2\xc0\xc0\x00\xfa\xfb\xfb\xd1\
h4Lx\xb9t\xe9\x12\xca\xe5\xf2]\x1a\x1d\xe7\xd3\
\xd5\x9a)\xfc\x11E\xe2X\xb1\xcf\xdb\xdb\xdb\xe8\xef\xef\
\xc7\xd8\xd8\x98\xa5\xdf\xa59\x89\xfe\x1a\xbaN\xe8\xe5\xad\
\xfbK\xfdc(\xe4\xf0<\xc2\xef\xfaL^G\xb4b\
dd\xc4\xfc.\xe8kAm\x99\x82\x1f\x1b\x85\x86X\
,f\x08L&\x93\xb1\xb4\xd0\xb4/\xd3K\x9d\x1a\xec\
\xd6\xd6\x961,\xeea\x222\xca4\xe9\x03\xc0\xe3\x0c\
\x05d\xb6L\xae\xfft:mH\x09\xaf\x8b\xc5b\xe6\
8[.\x97M\xa8!\x1a\xa1i\xa8\xb9\xb7\xa8QS\
\xd0S\x9f\x08\xf5\x13R\xfa\xe1\xc2\xee\x0a}+\x13\xe6\
\x9c\xb9\x8a\x95K;\x95&R S\xe1+\x1c\x0e\xdf\
E\x8f\x5c\xc5\x91\xfb@\x05s\x00\x96\xc7\xc1E5\x94\
9\x07)~|\x86\xbe\xb7\xfb\x99\xcfr\xc7G\x05\x10\
\xf7\xbav\xda\xbb*\x16n\x1f\xf4>A\xfd\xd2\xefa\
\xef\x00\xfe\x7f\xfa\xffq\xf6%\xcfme\xd7\xf9\xdf\x03\
gb\x06\x08\x10$@p\x16\xc5A\xa4\xa4\x96\xd4\xea\
\x96\xd3Vw\xc7\xd5\x9d\x8a\xe38U\x89\x9dE\xb2\xc9\
.\xffH6\xa9\xca>U\xd99U\xc9\x22\x15\xa7\x9c\
\xb2\xbb\xe38v\x0f\xfe\xb5\xba\xdb\x9aG\x8e\x02G\x10\
3\x09\x803\x09\xe0\xb7\xa0\xbf\xc3\x83\xab\x07J\xc9\xab\
b\x91\x04\xdep\xdf\xbd\xe7\x9e\xe1;\x93\xbe\xa9\xbe\xd8\
\xf4U\xd8\xbd\xb4\x9dp<\xef;\x1eZ\xa8\xeb\xc9\xd0\
\x1b\x89\x8b\xc7\x85\xd1\xf7\xd7\xcc\xc4\x5cL}P\xd8\xf1\
9\x14\x02d\xc4\xd4\x88u\xd7<\xbbI\xd4\x0a\x88\xf9\
nv\xef\xdfH\xa0\x9b\x87\xfe\x5c\xfb\xf3\xed\x16\x90\xcf\
\xb4\xd3\x08I\xd4\xda\xca'\x1c\xaa\x05-\xff\xd6\xda\xed\
y\x1bMG\xca\x02\xb0\x15\xc0\xe6\xe6\xd5\xef\xc5\xfb\xd1\
\x07^(\x14\xa4\x19\x0a\x85\x11\xd7\x8d>\xfe`0(\
\xf9\xd4\x1d\x1d\x1d\x12i\xceX\x002'\xfaq\x8f\x8f\
\x8f\xa5AM*\x95\x92\x0c\x80B\xa1 \xf5\xf3\x09\xab\
nll`ee\x05\x89D\x02\xb3\xb3\xb3\xb8\x7f\xff\
>\xee\xdc\xb9\x83\x07\x0f\x1e`ii\x09\xe9t\x1a\xb5\
ZM*\xefq\xde\x80\xb3\xa8d\x00\x12\xe5\x1d\x08\x04\
\xf0\xee\xbb\xef\xe2\xc6\x8d\x1b\xe8\xef\xef\x97\xb6\xbedz\
\xe7)\x9d\xfb\xfb\xfb\xc8\xe7\xf3\x92z\xc5T'\xa2&\
\xcc\x00`\xde=\x85\xec\xf6\xf6\xb6\x04\x8bE\xa3QD\
\x22\x11ttt`gg\x07\xd9lV|\x97\xda-\
\xa1\xadb\x93\x8eH7\xa6r\xcd\xa8y\xa2D\x5cG\
\xbe\xcf\xe1\xe1!\xca\xe52\x9cN'\xba\xba\xba\xeaJ\
\xbd2\x03AG\xd7[\x96%V6\xf7\x9fV.H\
_ZQ\xa1{\x88\xcfN\xa7\xd3(\x95JX[[\
C\xb1X\xac\xa3M\xa6*j\x05\x82\x02\x9e\x16)-\
G~NW\x80.\xceD_?\xe7hxx\x18\xdf\
\xfd\xeew\xf1\xee\xbb\xef\x22\x16\x8b!\x10\x08\xd4\xd5\xde\
 \xca\xc2\xd8\x8e\xdd\xdd]\xc9\x94a\xaf\x86l6\x0b\
\x00\xa2Dd\xb3Y\xc9\xb7\xa7\xb0\xa7bM\xe5\x9a\xb4\
N\x97\x06\x95\x83\x83\x83\x03\x94J%T*\x15IK\
\xed\xe8\xe8\x90b@\x95JE*v2\xea\x9f\xc8\x15\
\xady\xd2\x03\xddB\xa9TJb0\xb2\xd9\xac\xb8\xba\
\xa8\x18\xd1\xcdHE\xbeZ\xadJ\xe6\x03\xd7\x8f\xc6\x05\
\xd7P\xf3rm\xa4\xe9\xb95]e\x5cK}\x8e6\
\xf6\xf8\x99F\xf5H#\xe4\xedz\x1cT\xdet\x07M\
m\x19\x9b\x16\xbf\x96!\xd5j\xf5\x95\xea\x85&\x8f\xd4\
c7\xf9\xb9\x9d|\xd0\x0a\x8b\x19\x10\xfb\xa6\x87)W\
\x1b\xb9\xa4\xed\xce\xd5\x9f\x89\x0b\xa0\x91\xa0n\x04m\xd8\
\x9d\xaf}4zr\xed\xacbs2\xb5\xc2a\x0av\
\x93)\xe9\xbc\x5c\x13\xde\xd3D%Z\x8e\xca=\xa5\xbf\
\x85\x1a\xb8\xae#m2\xeaFs\xd1\xe8;=\xe9v\
\xee\x10}\x9e\x9e\x1f\xd3%\xd1\xe8\xbe<\xd7tyP\
\xc3\x06 B\x83E1\x9cN\xa7\xf8\xc9i\x99\x9a\x01\
\x82\xfa9\xe6\xfa\xda)Uz3\x98\x9a\xb1\xbeV+\
)\xa6_\x8a\xbe\xd1r\xb9,\xfex\x06O\x91\xf9\xf6\
\xf4\xf4```@`\xda\xee\xeen\xa9\xa6\xc6|]\
*!\x1c\xa3\xaeU\xdf\xc8o\xc7\xb1\xe8\xa0=Z6\
\x1b\x1b\x1b\xb8{\xf7.\x02\x81\x00\xa2\xd1(\x06\x06\x06\
\x10\x8f\xc7%\xb8\x8bM\x89\x0a\x85\x02\xfc~?\xbe\xf7\
\xbd\xefIw\xbc\xae\xae.\xbc\xff\xfe\xfb\x18\x1e\x1e\xc6\
\x95+W\xf0\xe2\xc5\x0b\xf1eooo\xd7\xcd7p\
V]\x8fc.\x16\x8bXXX\x90\xfbS\x00\x90\xb9\
\x0f\x0e\x0ebll\x0c\xa5R\x09\x89D\x02---\
\x18\x1d\x1d\x95\x1a\xf1\x5cW\xd6\x91\xd7\xf1 \xe6:\xd9\
\xc5\xc6T\xab\xf5\xa5\x84y\xben\x9e\xa2\xfd\xa4\x14\xa0\
\xa5R\x09w\xef\xde\xc5\xd6\xd6\x96T\x9ec\xe9`2\
q2k\xad\x0c\x92f\xc9`)x\xe9\xcf\xd5\xd9\x1d\
MMM\x12'@7\x92eY\x88\xc5b\x92\xe2\xa6\
\x15U\x0d\x07\xf3\xa0+\x88J\xaf\xf6O\x03g\x16;\
i\xc3\xe1p`ff\x06o\xbd\xf5\x16\xda\xdb\xdb\xb1\
\xb1\xb1\x81/\xbf\xfcR\x9e\xc7\xbd\xd4\xdc\xdc,h\x15\
\x7f\xa8\xa41@\x92\xf0:]#tC\xd1\xf2fo\
\x80\xb6\xb66\x899a\xfd\x87\xae\xae.T*\xa7\x99\
\x1eMMMu\xbe\xf7r\xb9\x0c\xcb\xb2$3\x80\x82\
\xaeZ=\xadN\xd9\xd9\xd9)\xcf\xf7z\xbd2\x1f\xdb\
\xdb\xdb\xc27vww%V\x87HJ0\x18\x94^\
\x14~\xbf_\xd2jugD\xcd;+\x95\x8a G\
\x9a\xd7k\x81\xcf\xebt\xac\x85v!\x98F\x8d\xb6\xbc\
\xf9?\xf9\x8ev\xed\x119\xd1\xca\x89\xc9\xcf\xb8\xc74\
2\xd6\x88\x7f\xf1s*/&o\xb7\xb3\xec\xcd\xdf\xfa\
;}?\xd2>\x7f\x9b\xee\x11\xcd\xaf\xce;\xccx\xaa\
\x98\xa6\x00\x00 \x00IDAT\xf1\xda\xb9%\xf4\xd1\
h\x5c\xa2\x8a\xd8A\x1a\xe7\xc1\x0bv\x83\xb0\xfb\xde\xce\
\x12\xd6\x90\x87\x9d\xb6d7&\xbd\x18Z\xe0iX\xd2\
n\x12\xf5\x02\xf0\xb9z\xf3\xe9\xef\xcc\xf7\xb2\xb3\xb4M\
\xa5\xc6\xeez\xf3}\x1a\xdd\xbb\xd1{7:\xb4\x92`\
\xa7\xb4\x11&\xe5\xbc\xd0B6S\x06\x19u\xcc\xf9\xb0\
\x1b\xbb\xdd\x98\xf5\xff$h\xbb\xf7\xd2kkB\xf7Z\
\x93'\x8a@\x88\x9b\x0cG\xa7\xe7Q\x00\xf2>\x841\
\x1d\x0e\x87DBS\x01`\x03 \xad\xc9\xeb\xe7\x99\xe3\
\xd7\xf3fYg5\xc4\x83\xc1 \xa2\xd1(z{{\
\xe1\xf1xP\xa9TD \xef\xef\xef#\x93\xc9 \x91\
H \x10\x08`xx\x18---x\xf6\xec\x196\
66\xd0\xd7\xd7\x87\x9e\x9e\x1e\x8c\x8c\x8c \x1c\x0e\xa3\
\xbf\xbf_P\x05V\xe2\xcbf\xb38<<|\x859\
\xee\xef\xef\x0bb\xc1t>F|3\x98\x91\x8d\x88h\
Q\xae\xaf\xafctt\x14\x17/^\x94\x00\xb2T*\
\x85\xe3\xe3\xe3\xba.p\x5c\x0f\xad\xc4j\x0b\x81\x9f3\
\xda\x5cG\xffS\xa1\xe2\x1c\xea\xa65\x9c\xb7\xed\xedm\
\xac\xae\xaeJ\x1c\x85\xa6W2j*vZH\xda\x19\
\x0bt\x09\x90\xc9s\xcf\xee\xec\xec`qq\x11\x81@\
\x00\xfd\xfd\xfd\xc2\x13\xfa\xfb\xfb\xd1\xd1\xd1\x81\xad\xad-\
)\x82\xa4S7k\xb53\xe8U\x07$\xd2\x88 \xcd\
j\xc5&\x18\x0cbhh\x08ccc888\x10\
\xb4hccCx\x0fpVs\xc0\x14\x5c\xc7\xc7\xc7\
R\xc4\xa9Z\xad\x8a@e\xe9\xe5\xb1\xb11\x5c\xb8p\
\x01mmm(\x95JR?\x81\xe8]\xb1X\x14\x17\
\x87\xdb\xed\x16>\xd7\xd2\xd2\x22q\x04\x9cG\xae5a\
\x7f\xbe\x1b\xeb\xf9\xeb\x82Q\x81@@\xe2\x13vww\
\x91\xcb\xe5P(\x14\xe4~\xed\xed\xed\x08\x04\x02\x88D\
\x22\x88\xc7\xe3r\x1d\xf7\xc6\xfe\xfe\xbeT#\xa5\xd5\xad\
cg\x88\xd8h\x03\x8e\xeb\xa7\xd7C+i\x9c3\xbe\
{\xa1P\x90}\xab\xf9\xbd\xe6'T\x804\xad\xea\x80\
`\x22*\xdc\xdf\xbaf\x819\x0e\xd3@\xd3F\x8f6\
L\xcd\xbf5\xdfk$\xeb\xf4\xc1\xeft\xc6\xc5yr\
\xe3u\x87\x1d_n$C\xed\xf8y\xadf\xc4\x00\x98\
\xc2\xe9u/d7\xe0\xf3\x06\xff&Z\x8d\x89\x14\xe8\
qh\x81E\xe6C\xc1\xc6\xcd`>O[\xa0\x0c\xac\
\xd1\xf7\xe2y\xa6\xb0\xb7#\x0c;\xe1\xdfh\x0e\xec\x88\
\xed\xbc\xe3M\x15,\xbd6\xa6\x82Af\xc6\x0a\x80l\
#Kk\x8ap$ab\x06\xcb\xd8=W\x8f\xc7\x84\
\xb8x\x8e\xa9\x04\xd8\x11\x9a\xd6\xda\xcd\xb5\xe3\xcf\xd1\xd1\
\x112\x99\x0c\xb6\xb6\xb6\x04\xb2d\x9aX\xadV\x13(\
2\x12\x89\xa0\xaf\xaf\x0f]]]\x12\x90\xc4\x82-\x85\
BAR\xfd4\xech\x17\xd3`\xfa\xdb\x1c\x8e\xd3(\
\xe2H$\x82\x81\x81\xd3r\xad:\xb2:\x9b\xcd\xc2\xef\
\xf7czzZ\x82\xf0vvv\x90L&\xf1\xe5\x97\
_J\x10\xd8\xfa\xfa:\x1e?~\x8c\xe9\xe9i\x8c\x8c\
\x8c \x14\x0a\xe1\xfa\xf5\xeb\xb8t\xe9\x12\xf2\xf9<\xb2\
\xd9,\xd6\xd6\xd6\xb0\xb2\xb2\x82\xf5\xf5ud2\x19T\
\xabUa\xf4\xa6\xdb\x8b\x0a\x1b\xe7\x9fU\xdc\xa8<\xe4\
\xf3ylmm\x09\xc3nkk\xc3\xe0\xe0\xa0\x94\xf6\
e\xda\x99\xb9\x97\xb4\xcbL\xef)30K\xd7X\xe0\
w\xc0\x99\x10\xd5\xf7hjj\x12+\x96\x0du( \
L\xe5\x9b\xe7sO\xea\x00+~\xc7g\xd3\xaa#:\
\xc15\x8eD\x22\x18\x1f\x1f\x97X\x8fD\x22!\x8d\xa7\
\x8a\xc5\xa2\xe4\xcbs.M\xc4\x90\x169\x00Qz\xaa\
\xd5\xd3\x14[f\x9a\xf4\xf6\xf6\xe2\xe8\xe8\x08\x8b\x8b\x8b\
x\xf8\xf0a\x9dp\xa8\xd5jp:\x9d\xf2\xdeZ\x80\
\xf1=h]3p\x94\xae\xb8b\xb1\x88Z\xad&\x19\
&\x89D\x02\x96eIL\x00\xd1\xa5J\xa5\x22(\x9e\
\xdb\xed\x16\x04\x8a\x15\x1d\xf7\xf6\xf6^\xa9\xb1O\xa5\x9a\
\xa8Q\xb1X\xc4\xf1\xf1\xb1\xc4\x011J\xde\xe3\xf1H\
a-\xa2\x0b\xd9l\x16\x96e\xa1\xaf\xafO\xf6\x19Q\
\x06\xddl\x8b\x8a\x04c\x0e\xa8\x04\xe9\xb8\x0a\x8dj\xd2\
\x85\xc4L\x08\x8d\xd4\xe8\xd8\xa2\xb6\xb6\xb6:W\x88^\
3\xae\x13y\x1cc6t\x5c\x04\x95\x12^\xc3{q\
LD{\x18\x98IZ\xa4ra\xf21=6\xcd\xfb\
\xb5\xf06y\x89\xc9\x93\xf9\xbf\x86\xfa\xf5\xb9\xfa|;\
yc\xf2.s\x8c\xe6g\xfa\xd0\xcfht\x8fW\x82\
\x00\xcf\x13l\x8d\x8e7\x19\xac\x9d\x92`\x0eN[\x19\
Z@h\xc6\xa3\xaf\x05\xea-K\xed[\xd1P\x11'\
\x9e\xccFW\xde2\xefg\xf7N\xe6\xbb\xd8\x091s\
\x0e^\xa7\x09\xbe\x09\x82`7G\xfa\x1e\xe6\xb8\xf5\xfd\
\xe8\x0bt\xbb\xdd\x00\xeasKY=\xcc\xe1p \x99\
L\xca\xe6\xb6{6P\x0f\x17\x9b\xdfq|z\xa3\xda\
]\xaf\xe7\xca|7\xae\xdf\xc9\xc9\x09\xf2\xf9<\xca\xe5\
2\x82\xc1 b\xb1\x98\x14\x0e\xb2,K \xd5\x8e\x8e\
\x0e\x8c\x8f\x8fc||\x1c\xd9l\x16\xab\xab\xab\x12\x05\
MZ!\xa31!6>\x9f\xbe\xfb\x9e\x9e\x1e\xc9\x16\
`>~\xadV\x93@\x22\xd6\xf5w8N\xab\xb9\x05\
\x83A\x8c\x8e\x8e\x0a\x84H\xc6\xcfL\x82\xb9\xb99\xfc\
\xfb\xbf\xff;B\xa1\x10\xae^\xbd\x8a\xcb\x97/\xa3\xa7\
\xa7\x07\x91H\x04\xbd\xbd\xbdx\xfb\xed\xb7aY\x16J\
\xa5\x12\xe6\xe6\xe6D\x81\x88\xc7\xe3\xe8\xe8\xe8\xc0\xec\xec\
l]\xa5;\x0a'\xbf\xdf\x8fx<\x0e\x97\xcb%\x16\
\x9deY\xc8d2x\xfa\xf4)B\xa1\x90\x8c-\x99\
Lbii\x09\xb9\x5cNP!\xd2\xbfN\x83\xe2z\
i\xc1\xa5\x19\x1c-Y2WZ\xe7\xb4T\x81z\xeb\
\x9e=\x0d\x08C\x87B!)qLK\x9e\xa9\x83z\
\xbf\xe8\xb8\x0a]s\x82\x0c\x1d8\x8b\xe3a\x0d\x8cX\
,\x06\xe0\xb4\xf4q*\x95\xc2\xdc\xdc\x9c\xb8Z\xe8\x07\
\x0e\x85BR\x17\x81\x91\xebT\x0a\xf8n\xdc[\x8c\x8a\
\x9f\x99\x99\xc1\xf4\xf4\xb4\xf4h\xb8s\xe7\x0eVVV\
\x84\x87\x10\xc5`\xda\x1c\xdf\x87\xdf[\xd6i^\xb9\x8e\
\x99\xe0wLg\xa4\x15O\xeb\x95>k\xd2Z<\x1e\
\x17\xa3\x86\x8ao8\x1cF\xb9\x5c\x96\x86M~\xbf_\
\x5cf\xda?\xdf\xd1\xd1!]4\x09\xcb\x93\xf6i!\
3\x06\xc0\xe1pH\x1f\x91\xce\xceNx\xbd^\xf4\xf6\
\xf6\xd6=\x8f\xef\xe1\xf5z\xa5\x82!i?\x9f\xcfK\
\xbc\x03\x95?\x8d\xb0j\x17\x87VD\x8f\x8e\x8e\xc4\x15\
\xcb\xb4]\xcb\xb2$nE\xa7\xf4\xe9l\x15\xae\x89e\
Y\xe2\xcf\xe7\xf7\xdc\xeb4\x1a\xb4bI\xa5R\xf7\x0f\
\xa1\x22C\x83\xc1\x94\x07ZI&\xff\xd4\xbc\xc3tO\
\xf0\x1a\x8d\x5c\x98q\x0d\xda\xdd\xa4Q\x5c\xd3\xf0%_\
\xb4C\x1a\xec\x0c\xe4\xf3d\x95\xf9\xbdy\xbf&\xcb\xb2\
n\xe3\xf7\xdd\x005S\xd6'\xe9\x9b\x9dw\x9c\xa7\x81\
\xe8\xc9\xd4V\xb1\x16\xfe\xe7Y\xb7\xda\x8a\xd0B_\x7f\
\xa6\x17\xdc\xbc\x8e\x7fkx\xd0\xee\xb0\x9b\xe8\xf3\x14\x9c\
\xf3\x14\x9eFsf\xa7%6\x82\xd3\xed\xfe7\x9fo\
gu\x93\xc8\x09\xedYV}\x9b\xdfZ\xad&\x10;\
7\x8f\x8e\x0c7\x15\xb3F\xef\xcby\xd7\xefm\x9ew\
\xde\x5ckk\xc1\x14>MMM\xf0z\xbd\x02\x81\x02\
\x10\xe1\xa2\xe1>\x22;\xf4a\x92)\xb3\xd1J$\x12\
A,\x16C<\x1e\x17\xeb&\x1e\x8f\xa3\xbf\xbf_*\
\xec\x91IX\x96\x85b\xb1\x88\xb5\xb55\xbc|\xf9\x12\
\xcb\xcb\xcb\xd8\xdc\xdc\x94\x86D\xfd\xfd\xfdx\xeb\xad\xb7\
\xa4\xd6\xfa\xda\xda\x9a\xd4\xd5\xcfd2\x12\x5c\x95L&\
\xb1\xb0\xb0\x80\xa7O\x9f\xe2\xc9\x93'XYY\x91\xec\
\x87\x91\x91\x11LMMatt\x14\x91HD\x94\x0f\
\x97\xcb\x85B\xa1\x80d2)\x85k\xb8N\x83\x83\x83\
\x18\x1a\x1a\x12\xff\xfa\xe2\xe2\xa2X\xbc\x0e\x87\x03\x91H\
D\xb2\x01h!\x16\x0a\x05\xc9\xa37\x99\x04\xe7\x5c\xc3\
\xacT\xc0\xb9\x9e\x1a\xaa\x07P\xe7;\xd5q8\xe6Z\
3J\x9eu \xa8\xd0h\x17\x10\x05\x05\xe9G+\xa8\
:SE\x9fC\x0b\xb6\xa3\xa3\x03}}}hoo\
\xc7\xde\xde\x1e\xa6\xa6\xa6\xe0\xf3\xf9\xb0\xb5\xb5\x85\xad\xad\
-\xc4b1LNNbbb\x02\xfd\xfd\xfdRn\
\xf9\xd2\xa5K\xb8y\xf3&b\xb1\x18\x9cN'\x8e\x8e\
\x8e\xb0\xbb\xbb\x8bZ\xed\xac\xd4m$\x12\x81\xdf\xefG\
6\x9b\xc57\xdf|\x83\x95\x95\x15A tL\x12\xdd\
\x05\x9cS*(Tdu\xfc\x05\xf7\x92\x86\x95\xb7\xb7\
\xb7%\xeb\xa4T*ass\x13mmm\xb8x\xf1\
\xa2\x94\x85\xe6<\xb3j%ax*B\xba\x9e\x81\x8e\
\xc9\xd0\x88\x1f\xb3j(\x90Y \x8b0\xb4\xd7\xeb\x95\
\xf3\x5c.\x97\x04(\x92Op\xcf\xd1\xdf\xcf}wp\
p \xb5+\xd8\xfe\x9b\x08#\x15j\x06\xea:\x1cg\
\xfd\x22\xd8F\x9c\xcd\xc8,\xeb\xac\xc6\x00\x0f\xeei\xfe\
p\x0e\xccx\x12\xcd\x9b\xcc\xdf\x5c'm`hC\x92\
.\x12\x16\x11\xd22J\xef\x15\x8dd\x98\xc8\x80~\x86\
\xe9f\xd4\x81\x8f\xa6, \xbae\x0ah\xfd\x9b\x9f\x9f\
gH\xea\xc3|F#\xa5\xc0\xbc\xe6\xdc4\xc0\xff\x8d\
\xd07\xb5\x17S\x93\xb1\x1b\xac)\x9c\xcf{\x19\xbb\xe7\
\xda=\x9b\xff\xeb\xc5\xd2\x9bQ\xd7\xf7\xd7\xf7?\x0f\x09\
h4\x06\xbb\xeb\xcdy\xb1\xbb\x97\xddg\x8d\xae\xb7S\
\x02\xec\xb4?\xbbq\xd3o\xaa\x8b~\xb0\x8ewss\
3\xdcn7\x02\x81@\x1d<\xa8\x95*\xf3yz\x0c\
\x8d4J\xfd\x9d\xa6\x03;\x1f\xbcV\x94\xf8\xc3\x88l\
\x97\xcb%\xedL}>\x9fD?\xb3\xfcp\xb1XD\
[[\x1b\x02\x81\x00b\xb1\x18\x8e\x8f\x8fQ(\x14\xe0\
t:\xeb\xfc\xc3\x00\xa4\xed*\xcb\xc4\xf23\xa6\x9d\x95\
J%\x14\x8bE\xb1\xb8\x19DG&K\xa4\xe4\xc1\x83\
\x07\x08\x06\x83\x92g=<<\x8c\x95\x95\x15\xcc\xcd\xcd\
!\x91H\x88\xa0\x03\xce\xd2%www\xb1\xb1\xb1!\
\xa5\x92Y\xa7\xdd\xe9t\xc2\xeb\xf5\xe2\xc6\x8d\x1bp\xbb\
\xddH\xa7\xd3\xd8\xdf\xdf\x97\x0a\x8f\x9c\x0b2\xe5\xbe\xbe\
>x\xbd^\xf1\xaf\x93\xa6\xd9\xd2\x97\xb9\xe1L\x13\x5c\
]]\xc5\xd2\xd2\x92\x9ck\xb76\xe6^\xd5\xe8\x89\xf6\
\x87\x03\xf5\xb0\xbf^O*\x9ad\xce\xecI\xa0\xab\xc5\
\x01\x90\xfa\x08:\xe6\xc4T\xb2i-j\xbe\xc0{h\
:\xf3\xfb\xfdhii\x11\xbf9\xa1\xe5\xe6\xe6f\x5c\
\xbcx\x11SSS\x88F\xa3\x92\xa6G\xcb4\x16\x8b\
att\x14---\x98\x9d\x9d\xc5\xc3\x87\x0fq\xef\
\xde=d\xb3Y8\x1c\x0e\x04\x02\x01X\x96\x85D\x22\
\x81B\xa1\x80\x8d\x8d\x8d:\xc8\x96V(afZ\x9b\
\x5coS\xa9\xa2 cYj\xeeIV\xde[\x5c\x5c\
Dww7\x9a\x9a\x9a\xa4\xda\xa5\xdb\xed\x96\xfa\x16\x0c\
\xe0\x05N\xe3Czzz\xe0v\xbb%\xf0\x95\x81|\
\x95JE\xe8\x99\x8a\x02\xb3#4\x02\xc2qroh\
~\xc8\xac\x06\x0af*\x9f,\x04T\xadV\x91\xcdf\
%cJ\xc7\x8a\xf0\x87BU?\x87q3\x96e\xc1\
\xe9t\xd6Y\xdd\xb5ZM\x1aK\x95\xcbeA\x12\x88\
.1\xbd\x90caF\x13i\xd2T(\x01\x88r\xc6\
\xe0L\xce9\xdd;\xe4q\xe43T\x00\x1c\x0e\x87\xd0\
\xac\xce\x06k\xc4\xc7\xb5\xc0\xd74B\x1a\xa0\x82\xc5\xb9\
\xa3\x1c\xb23\x88\xf9\xb7\xe9*\xb5{\xee\xeb,}\xfd\
\xd9\x9b(\x01\xaf(\x00o\xaaq\x98\x83:O`\x9f\
'\xdc5C\xd2\xda\x14\x89\xc0.\x02\x9d\xe7\x900\x1a\
m<m]\xd0\x9ah\xa4L\x98cm\xa4\x10\xd8\x8d\
E3\xacF\x96\xbf\xf9\xdc\xf3\x04\xa8\xdd\xb8\xccs\xb4\
un\x8e\xc1\x1c?\xa3\xac\x8f\x8e\x8e\xa4\x98\x0a\x83\x04\
\x09\x01\xf2\x5c6\x03\xd1\xf3\xae\x85\xb8V\xaeL\xe1\xde\
\xe83\xf3\x1d\xf4\xf7:\xe5\x91\xeb\xcer\xc5\xf41\xb2\
\xe8\x08\xcf\xa3\xa0\xa3\x05A\x0b.\x12\x89\xc0\xe3\xf1\x88\
\x8b\x87%Mi\x85r32\xab\x00\x80\x04\xcemo\
oK\xea\xa0\x19\xb8HK7\x9dN\xe3\x8b/\xbe@\
kk+\xbe\xff\xfd\xef#\x14\x0aabbB\xac\xee\
\xf5\xf5\xf5\xba\x16\xc4\xc0Y\x1e4!\x7f6\xe9I&\
\x93\xb8u\xeb\x16\xc2\xe10\xc6\xc7\xc7\x11\x8dF\xb1\xbb\
\xbb\x8b\x91\x91\x11|\xf0\xc1\x07by\x06\x02\x01\x11\x18\
,\x90\xb3\xbb\xbb\xfbJ\xd0\x16\xe3\x12h\x89y\xbd^\
\xe9\x09O\xf7\x85V\xeah9rM\xb4\x9f\x93\x0c\x1d\
8S44\xe3\x02\xce\xac(\xce)\xe1g\xfa\xbd\x09\
\x91k%\x8cV\xbfi\x10h:\xe0\x18\xa8\x90j\x0b\
\x97\xa8\x10}\xd0SSS\xf8\xc5/~\x81\xc7\x8f\x1f\
\xe3\xd9\xb3ghjj\xc2w\xbe\xf3\x1d\x0c\x0c\x0c\xa0\
\xb5\xb5URBY\xb9\xd2\xb2N\xeb\xe6_\xbbv\x0d\
\x1f\x7f\xfc1\xdcn7\xf6\xf7\xf7\xb1\xb4\xb4$U*\
WVVP*\x95\xea\xe6\x89{\x87\x11\xf9\xc0i\xc1\
&\xa2!\x14:\xe4=\x1c3\xe7\x85k\xa6\xe9\xfb\xe8\
\xe8\x08\x9b\x9b\x9bX[[CWW\x17zzzP\
\xadV\xb1\xb1\xb1!\xb19---uQ\xfc\xac\xae\
\xe8r\xb9\x10\x0e\x87\xc5\xed\xd2\xd4\xd4$\xe9\xa1\x00$\
\x10\xd8\xe9t\x8a\xf2\xe3\xf7\xfb\xa5\x98\x15\xeb\x16\x10\xa1\
\x89\xc7\xe3\xd2\xe0\x8b\xf7\xe4X\xe9\xaa\xe0\xfe`\xea \
\x95\x1f\xa6O2 \x97\xfcvggG\x82\x0d\xf9\xce\
\xf4\xf13\xd3\x80\xd7\xba\x5c.\xa1\x1f\xbe\x87FL(\
\x94\xf5s\xc9\xff5\x02\xa9Q\x03\xad\x08h\x9e\xa5\xcf\
e\xa7@\xbaCy_\xf2'\xae%\xf7\x86\xae k\
gD\xea\xe7\x98\xfb\x87|Pw%\xe4\xfe\xa0\x02\xd3\
HA6y\xba>\xec\x84\x7f\xa3\xf35\xda\xc7{\xdb\
\xba\x00\xcc\xa3\x91`\xd1?\xd4\x88L\xcd\xc6\xee\xd0\xd7\
\xf0\x1c\x0d\x95h\xa6\xa2\xad\x13\x9d\x05\xa0aC}\xbe\
~.\x05\xbfv\x0d\x9cw\xbc\x89\x15o\x1e\x9a\xa9\xda\
)\x03z\xfeL&j\xfen4>\xf3:\x1e\x8d\xce\
\xd7\xcf\xa3U\xa0\xad33\xb8\xcc\xb2,\x09\xb4\xeb\xed\
\xed\x954$m\xf5i\xff\x959.\xfd\xbfi1\xd9\
\xcd#\xbf\xe3=\xb9i\x81\xb3l\x0f2d\xc2\x8a\x0c\
h|\xfa\xf4)\x96\x97\x97%\xef\xdc\xedvK\x8a#\
\x9b\xe1\xd02bN=\x05%\xa1\xccR\xa9\x84T*\
\x85\x97/_baa\x01\xab\xab\xab\x92\xffLa\xe8\
p8\xea L\x9d:\xc9\xc2:\x8cE\xb8q\xe3\x06\
\x06\x07\x07q\xe1\xc2\x05\x8c\x8c\x8c\xe0\xf8\xf8\x18\x9b\x9b\
\x9bue\x91\xc9\xd4Y\x0c\xe6\xc5\x8b\x17x\xf8\xf0!\
r\xb9\x1c\xfc~\xbf\x14\x18\xea\xe9\xe9\x91r\xc4\x03\x03\
\x03\x18\x1b\x1b\x93\xbe\x07\xb4\x88\x96\x96\x96\xf0\xfc\xf9s\
\x14\x8bE\xd9\x17L\x9b\x8cF\xa3u5.X/\x80\
\x0a\x10p\x96\x16\xab\x19\xabfh|W\x1eZ\xa1\xb6\
[C2b\xa6\xd1\xd1\xaab\x9d\x04\x0aK2Q\xbd\
\x7f\xf9^\xa4\x03\xad\x1c\x12\x96gp\x19-SV\xc0\
c6\x06\x9b\xde\xb8\x5c.\xbc\xf5\xd6[\x88\xc7\xe3X\
__\xc7\xf2\xf22\xd6\xd7\xd7\xb1\xb9\xb9\x89\xf5\xf5u\
AhR\xa9\x14^\xbcx\x81R\xa9$\x88K\xadV\
C6\x9b\xc5\xe6\xe6\xa6\xbc\x1by\x9a\xb62)\xd0\xcd\
\x16\xe1\x1c;\xadI\xbe\x03\xe7NC\xfa|\xb7\x5c.\
\x07\xcb:Me\x0c\x06\x83R\xd0\x88s\xc5r\xd0|\
\xf7b\xb1(\xc2[\xe7\xb3\xb7\xb6\xb6\x0a\xa2\xc4\xee\x90\
\xc7\xc7\xc7\xc8\xe5r\xd8\xdd\xdd\xad\xab\xd9\x01@\xd6\x87\
AtD\xc7\xa8p\xd1\xea\xa72\xc0{0\xdd\x94\xed\
\xa5\xe9\x8f'L_\xadV_)\x80E\xd7\x01\x91\x00\
\xde\x83J\x15\xd1\x11\xee9\x06\x14\x92'1\xf8\x91\x0a\
\x04\x03/Y/\xc4\xeb\xf5J\xa7L\x00\xf2^\x94'\
T@HC\x9aG\xf3\xb9\xbah\x10\x036u\x80!\
\xe7_\xc7\xcahyc\xfa\xea\xb5;B\xcb3\xd2\x83\
\xe6\x8d\xda\x9d\xadQ\x93\xff\xad!\xfe&\x87\x9d\x11\xda\
l~\xf0&\x87\xa9\x99\xe8\x07\xd8\x09BS\xe3\xd7\xd0\
\x84\x16\x22\xfas\xd3*\xd1\x93\xc4{\xea\xc0\x1b\xad\x99\
\x91!\xe9`\xbf79\xec\x04w#\xa5\xc0\xb4\xb8_\
\x87z4R\x0c\xcc{\xbc\xa9\x02\xd6\xe8\xb9\xfa \x04\
\xc8\xcdCK\x84\x0a\x007\x06\x09\x9d\xd5\xee\x18`\x94\
L&\x91\xcb\xe5$\xdf\xd9<\x1a\xd1\x81\xdda\xf7\x9e\
Z\xa0\xd0\xdaat2\xad\x01F\xb7\xa7\xd3i$\x93\
I\x09Z\xdc\xdc\xdc\xc4\xf0\xf00z{{\xe1t:\
%+`ssS\xf2\xac\xab\xd5\xaaX\xcb\xa4\x172\
\xb2R\xa9\xf4\x8a\xefQ\x0b\x9fj\xb5*\xf02\x0fZ\
D\xcc\xc1w:\x9d\x18\x18\x18@(\x14B(\x14\xc2\
\xdd\xbbw\xf1\xec\xd93$\x12\x09\x00\xa7\xc1\x96\x14\x14\
\xb4$Y8\x89\xca\x00\xd1\x82\xdb\xb7o\x0bZ\xc0B\
3|\x06\x00Q,\xe8N\xa0;C\x97\x8aed{\
ss3b\xb1\x18\xae^\xbd\x8at:-\xb5\xe8)\
L\xf8~<\xc8\xc0\xf5\xfe\xe5>2\xf7\x16\xe1f\xad\
\xc0kTG\xe7\xc2k\x04\x80\xd7k\xff?\xaf\xd7L\
Q\xd3\x09\xef\xc7\xb1PqX^^Fkk+\xba\
\xba\xba\xb0\xb9\xb9\x89\x5c.\x87R\xa9\x84\xe9\xe9ii\
\xe8\xc4\x9a\xfb\x1b\x1b\x1bRO?\x97\xcbaccC\
\x0a\xe7\x10!\xf1\xfb\xfd\xd2j\x98\x87N}\xd4(\x04\
-j\xfa\xa5u\xf5P=\xaf\xfc\xad]\x1a\xbc\x1f\x83\
\xd1\x9a\x9b\x9b177\x87H$\x22\x9fk\xff;\x95\
G\xc6\xb4p.\xdcn7j\xb5\x9at`$\x8d\x92\
&\x18\xb5\xcf\xb1q\xee\xb9nN\xa7\x13\xad\xad\xad\x12\
%O\xe5\x9a\x82\x9b|\x82\xe7\xb3N\x00\x83I\xa9\x08\
\xeb \xc3j\xb5*\x85\x8fXNW\xbbE\xe8b\xd3\
\xc8\x1f\xbf\xa7K\x81\xf4\xc0 A\x06\xb0\xd6jg-\
}\xe9\xf6\xf3z\xbd\x82<P\x91\xd2J\x17\xe7\x92\xf3\
hY\x96X\xdev|\x89k\xa8\xef\xa3i_\xbb\x91\
\xf5=\xb4\xdbL\xd3\xb0)\xf45\x8fi\x84\x8aj%\
X\x8f\xedM\x8f\xd7\xa1\x05\xe6y\xaf(\x00\xe6q\x9e\
\xb01\x85\x98\x1dLx\xde\xfd\xb4r\xa0\x99.\xadM\
\xfd?\xff\xd6\x87\x09}k\x8bR[\x18vV\xa8\xa9\
h\x98c4\x19\x91\xf9\x1c\xf3}\xb4\xd2cw/\xf3\
o\xf3\x9aF\x8a\x92\x1e\xabf\xb2z\xbe\xf58L\xa4\
\x81\xccKWg\xdb\xdf\xdfG\xb1X\x94\x8d\xc6\xbc{\
\xa6\x1a\xb1\x88\x10\xb5m\x97\xcb%U\xfbX\xb6T\x13\
\xb8^#\xe0\xac\xb3\x9cI\x13\x8d\xe6\x9aV\x93\xc7\xe3\
\x11fL+\x80\xe3f@\xd8\xf6\xf6\xb6@\xfa\xcb\xcb\
\xcb\xf8\xdd\xef~\x87\xde\xde^\x0c\x0e\x0e\xa2\xa7\xa7\x07\
\x0e\x87\x03[[[H&\x93\xe2W4\xd3\x1c53\
\x06\xce\xa2\xce\xb5?\x91\xe7i+\x95\x82\x8b\xc1R\x1e\
\x8f\x07}}}\x08\x87\xc3ro\x967\xd6\x11\xde\xdc\
\xfc:e\x8c~\xcd\xc3\xc3Cx<\x1e\xf4\xf4\xf4H\
\xfe\xf6\x9d;w\xf0\xf5\xd7_\xa3\xaf\xaf\x0f\xd1hT\
\x1a\xb5\x90\x01vvvbxx\x18\x93\x93\x93\xe2\xbe\
\xa8V\xabR\x18\x89p\xb7\xd7\xeb\xc5\xf0\xf00\xc6\xc6\
\xc6\xa4b\xe0\xfa\xfa\xbaD\x7f\x93\xde\xa8\x94\xf0\x7f\x0a\
]M\x9b\xda\x85d\xae5i@\xa70j\x97\x9b\x86\
ei\x85\x99\xd7k\x0b\x9b\xf7\xa0%\xcd\xb1iK\x9a\
V2\x8bI\x91\xe1755I<\x07]1\x99L\
\xa6\xaeP\x14\x05Q0\x18D<\x1e\x97v\xc6\xcd\xcd\
\xa7m\x86\x0f\x0f\x0f\x05j\xe7s\x89\xa8h+\xd2\xdc\
\xc3<\xd7t\x9f\x00gH\x06\xe7\xb2\xa3\xa3C\x22\xdd\
\xcb\xe52\xbe\xfe\xfak8\x1c\x0e\x0c\x0f\x0f\x8b\xbb\x87\
\xfd'\xf6\xf7\xf7\xa5\x82 \xd1\x0f\x87\xc3Q'\x80\x81\
3\x9f;\xf9\xa0n\xf8\xe3p8\xe0\xf1x\x84\x17\x90\
/\xd4j5\x89A\xd8\xde\xde\xae\x8b\xdegv\x02\xef\
O\xa5\x9a<@\xc3\xf4\x14\xe2Tb\xd8c\x80{\x98\
\x0a8\x058\xb3\x16H\x17:\xceD#%GGG\
\xf0\xfb\xfd\x08\x04\x02\xa8V\xab\x12\x0cIaK\x9f=\
\xf7\x14\x15\x18\x22\x88\x1c\x07\xc7\xa5\xfd\xf3\x9a\xd6H\xfb\
TZ\xb5\xe1\xc9\xb9\xe5\xb84_\xd3\xbcB73\xd3\
\xbc\xc6|\xcey\x87Vt\xedx\xfa\x9b\x18\x88\xff\xdb\
C\x5c\x00obY\x9a\x02\xc7\xee;S\xdb5!b\
\xd3_\xac5E~N\xe2\xd2\xdf5\x9ax\xc23\x84\
\xac\xf4f4\xe3\x078\x867\xb1\x5c\xb5\xe0\xd2\x7fk\
!m'\xc4\xcd\xb9h\xb4\xf0\x8d\xae\xd1\xdf\xdb\x8dI\
\x13\x84\x9e_;\xe1\xaf\xad-\xed\x02a\x00\x11\x99!\
\x99-p\x06QZ\x96%\x81I\xa1P\x08>\x9fO\
,hn^\xf3\xfd\xf4\x86\xb1S\x98\xf87}\x82\x1e\
\x8f\x07\xdd\xdd\xdd\x88\xc7\xe3\x12\xe0D\x98\x9b\x1d\xcf\xf6\
\xf7\xf7\xd1\xd2\xd2\x82\xae\xae.\xb8\x5c\xae\xba\xda\xf8\xec\
/`j\xcd\x07\x07\x07R+\x9fkF\xfa\xd2\xccX\
\xd3\x92\xb9\x9e\x8c\x91`\x13\x95\x96\x96\x16D\xa3QL\
MM\xe1\xddw\xdf\xc5\x8f~\xf4#|\xf7\xbb\xdf\x95\
8\x05\x00\x08\x04\x02\xa8T*x\xf2\xe4\x09\x96\x97\x97\
\xeb\x1a\xf0\x10Jmii\x91\xa20>\x9f\x0f\xf1x\
\x1cW\xaf^\x95\xfa\xf9\xf3\xf3\xf3\xf8\xd9\xcf~\x86\xff\
\xfc\xcf\xff\xc4\x17_|\x81O>\xf9\x04\x9f|\xf2\x09\
\xfe\xeb\xbf\xfe\x0b\xb3\xb3\xb3\x08\x85B\x98\x9c\x9c\xc4\xd0\
\xd0\x10:;;\x05A\xa0e\xd8\xd7\xd7'\xc5^\x98\
\x0b\xbf\xb2\xb2\x82\xf9\xf9y\x14\x0a\x85W\xe8\x92{\xc8\
t\x93i\xcb\x95\xef\x00\x9cE\xe8\x93\x11s\x8fq\xdd\
\x18\xab@\xa8\x9fn\x19]\xb7\x9e\xbe_]\x1c\x06\x80\
DzSI`0\x16Q\x102\xd7J\xa5\x22\x81\x9a\
\xd5jU\xf2\xe3Y2\xd7\xe7\xf3I!\x1e]f\x99\
\x0a\x07#\xe33\x99\x8c\x04\xdc\x11\xe2\xa5\xe5I\xc1I\
\x05\x99tG\xbe\xc2\x1f\x0a^\x9dn\xac\x95`]V\
\x98\xf3\xce@V*\x9e\xe9tZ\x5c:\xed\xed\xed\xa8\
T*\x22\xd4t\xcf\x07\xae\x0f\xfd\xf7\xfa\xdel\x0d\x0e\
@\xea\x0c\x00\x10\x9ac\x9c\x88\xf6\x8bG\x22\x11\x09\x8a\
\xa4\xc0\xe73\xf2\xf9\xbc\xfcOK\x9c\xa8\x02\x95\x1c\x0d\
\xf9s\xed\x19|\x07@\xd0)\xd2\x0a\xef\xa5\xa1n\xd2\
\x12+\x0evuu\xa1\xab\xabK\x5cotO0\x9e\
\xa7P(`ss\x13\xe9t\xba\xee\xd9t\x0b0\xee\
\x80\xae\x1a\xc6\x16\xe8bJ\x9a?\xda)t\xbaj\xa0\
\x96)\xa6\x91\xab\xef\xa3\x15\x07\xf2@\xd3h5\xf9\xcc\
yJ\x81\x1do\xd2\x7f7\x92\x0f\xe6\xbd\xcd\xe7\x98|\
\xafY\xdf\xf0M\x04W\xa3\xc1\x9a\x83\xd0V\xbd~\xb8\
\x86\xec\xcdA\xe9C_\xd7Hq\xe0\xfdt:\x98\x1d\
Lc\xf7n\xe6\xf3\xf5\xe7\xa6\x85m~\xa7\xdf\xd9n\
!\x1a)\x17\x9a\xd8LE\xc7\x0e\xa90\x03\xe9\xb4p\
\xe2&\xd4\x96\xaa\x16\xca$nv$\xabV\xabu\x15\
\xdc\xa8\xcd\x93\xc8\x99\x0f\xaf-f\xfa\xc1\xc9\xa8\xd8\x04\
\xc7\xe1pH\x1drs|\xe6:\xf23\xfa\x16\xe9\xa7\
\xe4\xfa\xb0\x1dpss\xb3X\x16N\xa7S\x84X0\
\x18\x84\xcf\xe7\x13&\x02\x9c\x09\x02Z\x88\x85BAR\
\x994s1\xd7X#\x16z\xe3j\x94E_\xafk\
\xe7777#\x9dN\x03\x80\xe4a\xc7\xe3q\xc4\xe3\
qy\xc6\xdc\xdc\x1c~\xfd\xeb_#\x97\xcb\xc1\xe3\xf1\
\x88\xa2\xa2\x91\xa8\xc3\xc3C\xa4R)x\xbd^\x5c\xbc\
x\x11\x7f\xf1\x17\x7f\x81\xf7\xde{\x0fGGGXZ\
Z\xc2\x8b\x17/\xa4\xc8\x0b#\xb49\x9e\xf5\xf5uX\
\x96\x85\xef\x7f\xff\xfb\x98\x98\x98\x90\x80\xa9o\xbe\xf9F\
*\xd7\xb1\xc1\x0b\x00\x14\x0a\x05\xac\xac\xac`\x7f\x7f_\
\x0a\xd1\xe88\x07\xbdFDYhi\xd1\x22\xd2\xfe\x5c\
\xd2\x14\xbf\xd3\xc8\x01\xc7IDA+\x04D\x9f\xb4\xd2\
\xaa\x99%\xef\xcb{\x00\xf5\x01\x98Zyc<GO\
O\x8f\xa4\xf39\x1c\x0eLNN\xa2Z\xad\x22\x1a\x8d\
\xca\xb9\x8c\xe1`\x93\x17\x00B{\x1cK2\x99\x84\xd3\
\xe9D4\x1aE{{;B\xa1\x90\xac7\x83e\xb5\
\x1bL\xd3\x16\xd7U\x0bw\xe6\x99s\xec,\x8a\xa4-\
L~\xcf\xa8w\x87\xc3\x81b\xb1\x88\xbbw\xefbw\
w\x17CCC\xd2\x22\x9b\xa5\x95\xb9_\xdb\xdb\xdb\x05\
\x11\x02 \xf7$\xfaprr\x22\xc1\x7f:\x8b\xe5\xe0\
\xe0@P(V\xbb\x9c\x9a\x9a\x92\xe7p\xbdh\x18\xd4\
j5d2\x19y\x06K-[\x96%\xc5\x84h\xdd\
s\xefp|\x5c\xf7\xe3\xe3\xe3:\x8b\x9f\xebG\xfa2\
\xddPT\x18\xa8\xc0\x13\x8d\xe0\xf7\xc0\x19b\xa7\xabM\
655\xc9\xb5t\x83i\xf70Q\x15]\xa0J\xa7\
j\xeaX\x06\xba\x0b4\xbf\xe5w\x9a\xd6\xc9\xd3\xb4\xf2\
\xac\x8d.S\xfe4:\xce\x93#\xfa\xd0J\xc8\x9b\x1c\
oj`6\xeb\x13\xfe/\x03\xd5\x93d\x0a7\xf3\x81\
\xa6V\xa3\xefg\xa7\x15\x99\x9fqq\xb46\xac\xef\xc1\
\x8d\xa0\x19\xba\xdds\xec\x84m\xa3\xf1h\x01m'\xdc\
\x1a}gw\xd8\x09';K\xd9\xee\xf9\xa6F\xc7{\
hM\x96\x0c\x5ck\xd6\xdc\xa8\xa6\x92\xc4\xf1\xb0\xbd.\
\x19R{{\xbbt\xcac\xe52>\xa3\xbd\xbd\x1d\xe1\
pXZ\xe5noocgg\xe7\x5cm\x94%}\
\x19\xa8\xe4\xf3\xf9\xeaR\xd9hyQ\xe3&\xac\x17\x0a\
\x85\x10\x8dF%\xd0\x8f\xca\x08\xef\xa5}\xc2\xe5r\x19\
\xe9tZ\xe2\x18t\x80\x93\x89~\xe8\xb96\x15/=\
\xc7vtA\x06\x09\x00_~\xf9%\x06\x06\x06\xd0\xdd\
\xdd\x8d\xb6\xb66<}\xfa\x14\xff\xf8\x8f\xff\x88_\xfe\
\xf2\x97b\x05\xd9)DMMMb\xfd3\x9d\x8cc\
\xa4\xc0g\x11\x17\xed\xfff\x1c\xc7\xfa\xfa:\xbe\xfd\xf6\
[\xb4\xb5\xb5\xa1\xa7\xa7\x07\xef\xbd\xf7\x1eJ\xa5\x92X\
p\x14\xb6\x00\xa4\xb42\x99:\xad%\xcd\xd0L:\xd6\
{\x97\xe9}d\x8c\xa6\x02O\xba\xe4\xbe\xe4\x0f\x95J\
\xc2\xc1DQ\x1c\x0e\x87\xbc\x97\x16\xa2\xbcN\xbb\x08\xf4\
\x9ai%,\x10\x08 \x1e\x8fK\x03$\x97\xcb\x85\xc1\
\xc1A\x04\x02\x01)|D\x81\xa7\x1b\xf1hA\xcd\xe7\
47\x9f\xf6\x05X^^\x86\xdb\xed\xc6\xe4\xe4$\x22\
\x91\x88\x04Z>{\xf6L\xfc\xe9\x9c\x13\xae\x87\x89\x80\
\xf1s\xbe\x0f\xf7!\xd7\x83\xcfd\x14>\x05\x1e\x0d\x18\
*\xe8sss\xd8\xde\xde\x16T\x8c\x82K\xbb\x81\xe8\
\x07\xb7,KP.\xba\x80\xe8\xc6#R\xa0\x03>I\
'4\x0c\xb8\xc6\x0e\xc7i=\x80l6[\x87\x08\x01\
g\xb5\x1f\xb8.Dpj\xb5\xd3 a\xc6\x0fP\xb1\
\xe0\x5c0\x93\x80t\xa3+\xb6\x12M\xd1\xae\x04=\xaf\
\x1c\x93\xce\xcf\xd7.$\xf2*\xc6\x0d0\xf0T\xd7u\
 o\xa4+\x81\xeb\xed\xf5z\x05\xce'\xd2H\xd4\x87\
kA\xfa\xb5\x93\x89\x1a\x09#\x9ah\x22\x1b\xe6\x9e\xb2\
\xe3\x8do\x22\xc8\x1b\xc9\xd07\xbdG##[\xff}\
n/\x00~\xae\xbf7\x99d\xa3\x174\xff7\xcf\xa7\
6\xa9#)\xed^N_\xab\xfd\xfe\xfa;2\x1d}\
\xad\x9d\xf6\xa3\xef\xa57p#\xe1\xcd{\xd0R\xb4\x9b\
T\xfd\xcc\xf3\xe6O\x8f_\x13\x11\xef\xad\x85\xb3\x16\xd0\
\xe6\xc2\xd9\xc1VZ\xa9 \xe1j\x98V\xff\xaf}\x85\
\xbc\xbf\xceW\xa7\x10\xed\xed\xedEWWW]\x89Z\
\x00b\x95tuu!\x9b\xcd\x22\x99LJ\xc77\xad\
\x9c\x10\xa1\xf0z\xbd\xf0\xfb\xfd\xc2T(\xe4\xb5\x7f\x9f\
Q\xd5\x84\x19\x81\xb3\x00:Z\x1b.\x97K\xd2\xdch\
\x99q\x1e\x0f\x0f\x0f\x05\xb2\xa4\x02\xc3\x16\xac\x84\x9eu\
\xb1\x1f2\x222T\xce\x9d\xa6\x0dZ\x1ed\x98\x9c/\
\x068\xcd\xce\xce\xe2\xef\xfe\xee\xef\xf0\x0f\xff\xf0\x0f\xf2\
n\xe5r\xb9\xae\x1b\x1b\x85\x16\x151\xaf\xd7\x8b\xb1\xb1\
1\xbc\xfb\xee\xbb\x98\x9c\x9c\x94\xa6F\xdb\xdb\xdb\xe8\xec\
\xecD4\x1a\xc5\x8f\x7f\xfcc\xa9JG\x98\xb5\xb3\xb3\
\x13\xdd\xdd\xdd\xe2n(\x16\x8bX]]\xc5\xd1\xd1\x11\
\xfa\xfb\xfb\xf1\xf1\xc7\x1f\xe3\xe1\xc3\x87\xc8\xe7\xf3u\xf4\
\xebr\xb9\xe0v\xbb\xa5\xb8\x10\xc7Cz\xd3\x05\xb1(\
\xa8(\x8ctP\xa0\x0e\xe4cMu\xc2\xed\x14\x10\x9a\
\x0e\xe9\x92\xa3\xc5\xc9\xb5\xe5Z\xd37l2O\xdd\xdc\
E\x1fd\xde\x83\x83\x83\x18\x1e\x1e\x86\xcf\xe7\x93\xeb\x08\
OW\xab\xa7AhCCC\xb0,\x0b\xdd\xdd\xdd\xa2\
\x9c\xed\xef\xef#\x97\xcb\xc9\xd8ulF\xa5R\x91\xfe\
\x0e\x7f\xf2'\x7f\x82\xef\x7f\xff\xfbhmm\xc5\xb7\xdf\
~\x8bP(\x84G\x8f\x1e!\x95J\xd5\xf9\xa6\xf9\xae\
\x14H\x0e\x87C\xd04] \xc8\x14\x80\xfc\x9c\x96*\
+\xdbq\xfc\x9c\xf3\x8d\x8d\x0d$\x93I\x5c\xbcx\x11\
\xb1X\x0c'''\xe8\xed\xed\x85\xdf\xef\x17\xa1\xc7 \
Q\xba\x7fH\xc3,\x94\xe4\xf5z\xeb\xfaW\xd0\x10\xd8\
\xde\xde\x96X\x11\xba\xd7x\xcfZ\xed\xb4\xe8\x14\x8b\x03\
U\xabU\xa4R)\xa1o\xd6\xa9\xa0\xd0\xf4x<\x12\
\xc9\xcf5#j\xa6\xe9\xe9\xf8\xf8X\xaa\x8d\xea^\x02\
\x1a\xb9\xe0\x9e\xd3{\xad\xa3\xa3C\x84;\xef\xc1u\xa8\
T*R\xf5\x91\x85\x85\xa8\x04\x91\xb6\xe8:a\xd1\xa7\
`0(\x99)---(\x97\xcb899A:\
\x9d\x16YD\xa3\x86\xffk\x94P\xbbI5\xcf o\
\xe1\xde!\x8f\xd1\xcat#\xc3\xd9\xfc\xbc\xd1\xffob\
dj\xc5\xc7\xce\xfd`'\xc3\x1av\x03\xb4\x13\xa0\xa6\
02\xbf\xd7\xda\x9a\xf9\xa2\xa65\xaf\xcf\xe1\xc4\xda\x09\
x\x9e\xab\x85\xb1\x86Y4D\xa3\x035\xec\xc6\xf8&\
\x13n\xf7\xce\x8d\x84\xbb9wv\xcf\xb5\xbb\x9f\xb6\xda\
I(d\x16Z\x11\xe09z\x9e\xcc\xc2\x1bf\xac\x03\
\x03`\xe8;\xd3V\x8ff\x12d\xc4&\x81\xd5j\xa7\
~[6\xa6\x09\x04\x02p\xbb\xdd\x12\xb4\xc4wa\x91\
\x92\x96\x96\x16\xa9\x5c\xc7\x0dXG`*\xd3\x80\x11\xfe\
\xb4\xcaX\xbc'\x95JIe\xb1\x8e\x8e\x0etuu\
!\x16\x8b!\x1c\x0e\xa3\xbb\xbb\x1bn\xb7\x1b;;;\
\x12\x01\x9fN\xa7\xeb\xa0i\xe0L8\xd1bb\x073\
\x9d\x09\xc2\x0dIK[\xc3zZ\xc9\xa4\xc01\x11$\
^\xcf\x5cw2\x18~\xcf\x1cg2\x01\x8f\xc7\x83\x89\
\x89\x09\xbc\xfd\xf6\xdb\xb8p\xe1\x82\xf8\xfe\xb5\x02\x13\x0e\
\x87\x11\x0a\x85\x00\x00\xa3\xa3\xa3\xe8\xed\xed\x95\xc2>\xf4\
A\xebJh\x8c{`\x83\xa4\xe6\xe6f\x8c\x8c\x8c\xa0\
T*\x09\xa3&\xcd\xbcx\xf1\x02\xf7\xee\xdd\x13%B\
g=\xe8\xc8{\x1d\xedO!\xcc\xb90]):\xc5\
J\xc7_\xf0\x5c\xe0T!\xd3%hY\xb1\x8f\x96\x22\
\x150\xd2\x12\xe7\x9b\xf4\xcc\x00T\xc6\x9b\xbc\xf5\xd6[\
\x98\x9e\x9eF<\x1e\x177\x0c\xbb(\xe6r9\x14\x8b\
E,--\xc1\xe9tb}}\x1d\xe1pX\x14\xd7\
\xf6\xf6v\xf4\xf5\xf5I\xea\x1a\xad<\x8e\xdf\xe18\x8d\
kY__\xc7\x7f\xfc\xc7\x7f\xe0\xf8\xf8\x18\xef\xbd\xf7\
\x1e\xa6\xa7\xa7\xb1\xbf\xbf\x8fT*\x05\x8f\xc7S\x07\x19\
\xeb\xe6:\xdc\xa7\x84\xbe9G\xbc?p\xaa\x5c1\xa3\
D\x97\xb0%\xbd\xf0\x1eZ\x08Z\x96\x85\xe5\xe5e\xe9\
\x0eH\x9a\xf2\xf9|\xb2\x06\xd5jU\xe8\xe0\xe8\xe8H\
2\x19\xd8@J\xdf\x9f{\x91\xfb\x99\xd5*\x99\x9a\xc7\
\xde\x14\x9d\x9d\x9d888\xa8k)L\xab\xb9\x5c.\
\xa3P(\x88B\xc7\x8c\x16\x8e\x85\x02\xba\xb3\xb3S\xb2\
\x5c\xc8S\xb4U\x0d@\xd2\x08\xb9_\xe9~$\x1c\xcf\
\x82BZY\x00\xce\x02\x05k\xb5\x9a([\xc5b\x11\
\xfb\xfb\xfb\xc2\xfb\xa8dQ1\xa2\xd2\xc1\x98\x05\x1d\xc7\
B\xb7\x05\xe9C\xf3\x0bS\xeep\xafp<\xe4#\x1a\
=\xe3\xde\xd2\xf2\xa6\x91\xe06e\x9d\xc9o\xec\x0c\xe7\
F\xd7\xf3\x7f\xe0|\xe4\xc0\x94\xad\xcd\xfa\x9fF\xc2\xf0\
<\xa8A\x7f\xa7\xfdzZ(\xea\xc9\xe1\x86o\x04\xe3\
\xeb\xc9\xb2c\xd0\x9aqk\xad\xcc\x1c\xcf\x9b\x0az\xbb\
\xc3\x0e^\xb1[\x1c\xf3\x7f\xad\xec\xd8\x9d\xa3-{\xad\
\xf4\xf0\x87\x8c\x81B\xc6D\x0f\xb4\xd2\xa03\x1exO\
2p\x96\xe2\xe4AfEK[\xfbrM\x94A?\
\x9f\xc1\x82d\x02\xf4#\xf3\x9e\xb4\xc6}>\x9f\xf8I\
\xb9I\xf43\xa8\x908\x1c\xa7\xb1\x03:\xa2\x98\xd6I\
8\x1c\x16\x7f\xa4\xb6@6771??/y\xfb\
\xab\xab\xab\x02\x9d\xea9et8\xf3\xc1\x09=k+\
L[\xfbz]LX[\xd3\x80V,\xb5\xb0\xa7\xf0\
\xd0tI\x06\x17\x89D044\x84\x81\x81\x01\xa9L\
788\x08\xaf\xd7\x0b\xcb\xb2\x84\xd1\xb1\xaf=c+\
\x9e?\x7f\x8e\xcf>\xfbL\x8a\xc1p\x1c\xc0\x99\xeb \
\x1a\x8dbdd\x04\x83\x83\x83\x12\x11^\xab\xd5\xf0\x07\
\x7f\xf0\x07\xc8d2\xc8\xe7\xf3\x08\x87\xc3888\xc0\
\xfa\xfa:\xe6\xe7\xe7\xb1\xb9\xb9)\xfez;\xb4\xc9\x8c\
\xce7]m\x9c_\xbd\xbfu\x06\x80\x9e+\xce#\xe3\
M\x18\x84E\xfa\xa3\xa5D4\x82\xe3g\x0d\x013\xc5\
\xb0\xa7\xa7\x07ccc\xb8t\xe9\x12\x00HJ\xdf\xfe\
\xfe\xbe4=\x22\xe4\xdc\xd1\xd1\x81@ \x80\x99\x99\x19\
\x0c\x0c\x0c\xa0R\xa9\xa0\xbb\xbb\x1b\x07\x07\x07RG\x9f\
\xd6)\xa1h\xae)\x15\xa4O?\xfd\x14{{{\xb8\
t\xe9\x12\xda\xda\xda055\x05\x00x\xf0\xe0\x01\x96\
\x97\x97E\xc8k\x14O\xbbG(\xa8\xf9^,\x5c\xa3\
\x15\x1c\xee]\xbd\xc79o\xbc\x96\xa8B\x22\x91@\xa9\
TB\xa9T\xc2\xe8\xe8(.\x5c\xb8 A\xb9\x00P\
.\x97\xe5\x1e\xbb\xbb\xbbu\xc5\x82b\xb1\x98\xd4\xad8\
99\xc1\xfe\xfe\xbe\xc49\xd05T(\x14\xa4\x8e?\
\x8d\x05m\xb9\xb2R\x1f\xf9A[U\xe4\x91\x04\x00\x00\
 \x00IDAT[\x1b\xba\xbb\xbb\xa5`\x16\xf7\xc2\
\xf1\xf11\xda\xdb\xdb%~\x80%\x8bIW\xa5R\x09\
\xb5ZM\xb2\x0at`\xa4V\x22\xc8\xdb4JI\xb4\
G\xf3A\xce)y&]\x9cz\x8fS\x11\xa0\xf0\xe7\
\xdaq\xfeu\xc1\xb3Z\xed,\x92\x9fF\x92F\x1c\xb4\
\x5c\xd1\xb1 \x9a\xb7hcT\xf3\x10\xcdk\xf4\xd1\xc8\
\xe0\xd6\x9f5\x92%\xff\xdb\xa3\x91Ba\x9b\x06h\x9e\
t\x9e\x16\xc3\xf3\xcd\xefM\xcd\xc9\x14\xf0v\x02_3\
\x11~g\xc2\xe4\x5c0\x8d6\xf0s;mH?\xcb\
\xee\x1d\x1b\xbd\x8b\xa9\xb8\xd8\xdd\xd3D5x\xcey\x8a\
\x14\xbf\xd7\xe3%\xe3#\x93\xe0f#\xf3\xd0\x9bB\xcf\
\x87\x16j\xf4\x85iX\x9d\x01X:\x1e\xc0l\x98\xa3\
7\x19P\x8f\xb6\x90\x913\x92\x9aZ7\xc7HK\x9b\
\x91\xbb\xc9dR\xca\xaa\x921j\xdfZ\xa5r\xda]\
\x8f\x0a\x00a\xef\xe1\xe1a\xf8\xfd~\xd9\xb0\x14\x02\xb4\
\x12\xb6\xb7\xb7\xb1\xb6\xb6\x86d2)\x166\xc7\xaf\xd7\
\x9f.\x03\x16w!3\xd4\x1a\xb1V\x1eI_\x9aF\
x?\x93\x0e\xb4\x85K\xa6\xa0-g\xa2\x22\xdd\xdd\xdd\
\x98\x9c\x9c\xc4\xd5\xabW\xc57\xdd\xd1\xd1!\xd6\xd3\xd6\
\xd6\x96\xb4\x89M\xa5R\x18\xf8}\x1c\x81\xcf\xe7\x83\xd3\
\xe9D>\x9f\xc7\xff\xfc\xcf\xff\xa0T*I`\x13i\
\xc0\xedvczz\x1a\x1f~\xf8\xa1\xa0\x02\x81@\x00\
\x00\xa4 \x0a\x8fl6+\x99\x08&\x0dk\xf7\x1b\xd7\
\x9fV\xb1\x9e\x17S\xb1\xd5\xf3`~\xcf\xff9\x87t\
+9\x1c\x0eA}\xf6\xf7\xf7e\xffj\x05U[L\
Z8\xfa|>\x5c\xbf~\x1d\x13\x13\x13\x08\x85B\xd2\
&6\x97\xcbauu\x15\x8b\x8b\x8b\xe2f888\
\xc0\xe6\xe6&\x8e\x8e\x8e\x10\x8b\xc5$\x8e\xa2\xa3\xa3\x03\
\xa1P\x08\xbd\xbd\xbd\xc8d2\x92\x11\xa0as\x16~\
9<<\xc4\xda\xda\x1a~\xf2\x93\x9f\xe0\xd6\xad[x\
\xe7\x9dw0<<\x8c`0\x08\x8f\xc7\x83\x83\x83\x03\
\xac\xad\xad\xd5)\xe2|_MW\x0cx\xa3@a,\
\x04\x80:\x98\x98\xf3\xa0\x85\xbeF\xd9\x1c\x0e\x07vv\
v$c\xe1\xf8\xf8\x18\xa1P\x08\x83\x83\x83\xd2\xb1\xb2\
\xb9\xb9\x19\xb9\x5cN\x04*c\x00\xaa\xd5\xd3\xa0]\xd2\
\x02\xbb\x7f\xb2\xb0\x0e\x15\xf9\x5c.'i\xc0\xa4}F\
\xe0S\xb0\x926\xa8X3\x8b\x87n\xb9\xad\xad-\xb9\
\x96\xfb\x8d\xe7\x90W\xd0Z\xef\xe8\xe8\x10\xe5\x96\xbc\x88\
\xfc\xcc\xb2,A\x11\xa9\x00\x91\x7f\x10m \x8f$R\
B\xeb]\xd7\x9f BB>\xa2\x91\x15\x22>\x9a\xff\
R\xa03\x80S\xef\x03*&ZniEW+\x80\
v2@\x1b\xa8\xaf\x93Cv\xb2\xe6u\xd7\xbc\x89\xac\
>O&\xd9*\x00\xaf\xd3T\xec\x84\x9e\x09y\x98\x16\
\x95\xb6\x9e\xcc\xf3L-\xd8N9\xd0\xf7\xd0V\x87^\
L\xad8\xe8\xf7\xd0\x9f\x9b\x82\xdd|\xa6\xddw\x8d&\
\xd1N\xf1\xd1\xf73\xad\xd4F\xd7\xd2OL\xa6l\x16\
Q\xa1\x00\xe7yd\x92:\x1e@+G\xfc[\xbbT\
t\xfe7\x03v\x18T\xc7M\xab\x03r\xc8\xec\xb5\xef\
\x9e\x01G\xc1`\xb0\xaeZXs\xf3i_\x81x<\
\x8e\xb6\xb66\xf1E777\x8b\x7fuggG\x04\
\x00-\x94p8\x8c\x89\x89\x09LNN\xc2\xe3\xf1 \
\x9f\xcfcssS\xfc\xbal\xedZ(\x14\xea\xd2~\
t\x1c\x83\xa6Km\x81\xb1\x1b]&\x93\xa9\x0b\xe2\xa2\
\xf2\xa5-\x0c\xce\xa5\xf6[jz\x22\xe30\xe9\x8b\xef\
H\x8b?\x16\x8b\x09\xc4O\x81\xcc\x00\xc6t:\x8d\xaf\
\xbe\xfa\x0a\x9f\x7f\xfe9^\xbe|\x89\x93\x93\x13\xc4\xe3\
q\xfc\xd5_\xfdU\x1dT\x0c@\xde\x99\xcc\x8f\x02+\
\x9f\xcf\xe3\xb3\xcf>\xc3\xef~\xf7;LNN\xe2\xa3\
\x8f>\xc2\xed\xdb\xb71<<,\xef\xc1\xe0\xae\xbe\xbe\
>\xfc\xf8\xc7?\xc6\x8d\x1b7\xf0\xe8\xd1#|\xfe\xf9\
\xe7\xb8{\xf7n]\xa0\x9c\xf6]\xd2GO\x9a#\xf4\
\xaa\xbb\xf71\xa0\x93\x0c\x95\xeb\xa0\xe9\x87\x16\x1epj\
\xf59\x9dN\x81\x8b\xb5\x0fU\xc7a8\x1c\x0eqW\
1\xe8\xf4\xca\x95+\xb8v\xed\x1a\xdcn7\x82\xc1\xa0\
t\xb0\xabV\xabH$\x12x\xfa\xf4\xa9@\xe2\x1e\x8f\
G\x82\xc2J\xa5\x92(\x08,\xf8\x13\x08\x04\xe0\xf1x\
\xd0\xde\xde.\xcd\x91\x00HPk(\x14\xc2\xe1\xe1!\
677\xc5\x12^XX\xc0\xf0\xf0\xb0\xdccbb\
\x02\xf9|\x1e\x96eI\xac\x8c\xb6\xf6\xf8?\x85\xaf\xd3\
\xe9D0\x18DWW\x97T.L\xa7\xd3RP\xe7\
\xf0\xf0P2_\x98\x05\xc3h\x7f\x8e\x8fi\x90\x14\x84\
\xdf~\xfb-\xb6\xb6\xb6P\xab\xd5\xf0\xd7\x7f\xfd\xd7h\
mm\x95\xbd\xb8\xb2\xb2\x82\x81\x81\x01\xf1m\xd7j5\
)q\xad\xdbjwwwK&Ngg'B\xa1\
\x90\x04:r\x9f\xd3_N\x17\x1di\xe0\xf8\xf8\x18\xd9\
lV:\xf8Q\xd1\xe3\xfa\xd3\xf2\xe7\xf38\x17:\xf6\
\x82\xc1\xa8\xa4%B\xea\x8c\x1d \xff\xd2h%\xff\xa6\
A\xc2s\xb9\x87\xa98\xd1\xedD\x99@%S\xc7\xfa\
T\xabUQ\xae\x99\xa5\xc0R\xe8\x94#Z\xe91\x05\
*\xdfC\xaf\x8f\xfe\x8e\xbf\xb9\x8fL7\xadVv\xb4\
\x1c\xd3\x88\xb0\xe9B\xe7\xfe\xb3\x93A&\x0fl$\xfc\
\x1b}\xdel\xde\xc4<\xa9\xd1gv0\x87\x1d\x0a`\
jT\xa6r\xa0a\xfeF\xf71\xe1p-\xf44#\
o4)\x8d\x0e=\xb9ZQi\xa4(\x98\x87\xb9\xf8\
zn\x9a\x9a\x9a\x84 \xb5`6\xadQ\x12\xb3.\xd8\
\xc3(v2\x03j\xb6\x1a\xa2\xd3\x0a\x10\xc7\xa2!Y\
Z\xfbT,\xf4\x9c\xeb\xc8xj\xee\xbc'#|u\
\xd3$}o\x16aa\x83\x0f\xfa\xdcj\xb5Sx\xaf\
\xbf\xbf_\x04\xef\xfa\xfa:\xd2\xe9t\x9d\xefY+q\
\xf4\xa5\x93\xc9\xa4R)\xac\xaf\xaf\xd7\x95+\xe6\xbc\xd9\
\x1d\x1a\xea\xe3\x5cf\xb3Y\xf1\xb5wwwK\x958\
\xfa45t\xa7\x15\x1d\xe0\x8cQ\x98\xeb\xcd9\xd7\xee\
\x92\xb6\xb66\xf4\xf6\xf6\xe2\xca\x95+\x98\x9a\x9a\x92\xbe\
\xea\xba\x86{.\x97\x93\xea\x80KKK\xc8f\xb3u\
\xe9Jts\x10\x9eg\x5c\x81I\x97Z\x91\xb4\xac\xd3\
\xc8\xef\x07\x0f\x1e\xe0\xe5\xcb\x97\xf8\xe9O\x7f\x0a\xb7\xdb\
\x8d\x89\x89\x09\xfc\xe0\x07?\xc0\xe5\xcb\x97\xd1\xdc\xdc\x8c\
D\x22\x81\xc3\xc3CD\x22\x11\xb8\xddntwwc\
pp\x10\xdf~\xfb-^\xbcx!P-iHG\
\xab\xf3\x19: \x8fL\x9e\xc1\x5c\x9a\xd6\xb9>\x84\xd6\
I\x83\xdc\xa7L\x01e\x7f\x0429\xd3\x0a\xa3\xb2\xf9\
\xd6[o\xe1\xfd\xf7\xdf\xc7\xf4\xf44\x80S\x7f\xf1\xfc\
\xfc<\x1e<x\x80\xb9\xb99lll\xe0\xf0\xf0P\
2)\xd8\xd1\xb2V\xab\xa1P( \x91H\xc0\xb2,\
\xa9\xaf\xcf\x06Q\xf9|\x1e;;;\x82\x22y\xbd^\
)\xc1\xcbN\x82\x0c\xf2\xcb\xe5rH&\x93\x12O@\
\xa1744\x84Z\xad\x86\xcd\xcdM\xa1\x13*S\x0c\
0\xab\xd5j\x98\x98\x98\xc0\x1f\xff\xf1\x1f\xe3\xca\x95+\
p\xbb\xdd\xc8f\xb3\xd8\xdd\xddE\xb9\x5cF6\x9b\xc5\
\xd6\xd6\x16r\xb9\x1c\xb6\xb7\xb7\xe1\xf3\xf9\x10\x8dF%\
H/\x95J!\x95J!\x9b\xcd\x8a\xcf\x9d\xfbom\
m\x0d_}\xf5\x15FGG\xf1\xee\xbb\xefJ\x01\xa3\
l6+\x05\xbb\x88Fuvv\x22\x9dN\x8b\x12\x00\
\x9c*\x97\x5c{\xf6\xdb\xa0\xe0\xa7\x12\x02@\xfc\xf3\xcc\
|!\x12\xc5\xbd\xd9\xd1\xd1!\x05\x94r\xb9\x1c\x9a\x9a\
Nk\x110\x0a\x9fJ\x0b\xaf\xd3\x82MC\xe7\xa4\x13\
\x1a\x1b\xbaz\xa1\xce\x16\xd2\x01\x97\xe4i\xdc\xb3Z\x16\
\x00g\x06\x13\xff&/\xe5}t\xbd\x07*\x02\xbc7\
\xddUL\x1fe\x5c\x00\xd7\xdat\xad\x9a\xb5,4o\
\xe7g\xe4\xebD\x7f\xecd\x12\xf7\x8cV\x14\xf8\xb9\xe6\
C\xe7\x1dv2J\xcbi\xbb\xe3\xdcJ\x80v\xcc\xb0\
\xd1\x8d\x1a\x09C;\xa5\xc0<_\xfbu\xf8?\xcf\xb1\
c\xbe<4\xc4lw\x9c\x07\xa3\xd8\x9d\xab\x17\xb2\x91\
\xe5Nb6\x11\x0f\x0d\xf5h\x81K\x0bI\xc3\xed:\
\xbfU\x0b\x1f\xbdA\xb45f\x22\x0az|\xe6\x5c\xf3\
~\x95JE4Tn\x02\xc2k\xf4\x07j\x17\x01\xad\
\xb9\xa6\xa6&\xc9\x1f\xd6J\x037-\xd7\xa9\x5c.#\
\x93\xc9\xc0\xe1p\x88\xd5\xebt:\x05\x92\xa5\xe0\xa9\xd5\
jX__\x17\xff\xb8\x8689Nn\xfaB\xa1\x80\
\xb5\xb55\x94J%\xb1\xfcX\x1a\xd5n}t,\x05\
\x15\x9b\xbd\xbd=\x81\xd9Y\xdd\x90y\xd1Z\x19\xd3\xf4\
d\xb7\x96z\x1e\xf5>`\xbf\xf5\xa1\xa1!LLL\
`ff\x06\xfd\xfd\xfd8>>F2\x99\x94b%\
t\x9d0\xc8hpp\x10\x83\x83\x83\x22p\x8f\x8e\x8e\
$uI\x97`5\x19\x81^[\xd2\x07i>\x9b\xcd\
\xa2\x5c.\xa3\xbf\xbf_\x0a\xa5\xec\xee\xee\xa2\xab\xab\x0b\
~\xbf\x1f\xcf\x9f?\xc7\xe1\xe1!&&&\xc4\x15\xc1\
u\x9c\x9b\x9b\x93^\x05\x1a\xce\xd7A\xa9\xda\x92\xd1J\
'\xfd\xae\xa4-=\x7f\x0c\x90\x22\xc3\xe5\xc1\xd2\xcel\
\xb4c\xba\xfa\xb8\x9e\x17/^\xc4\xe4\xe4$\xbc^/\
\xf6\xf7\xf7\x91\xcf\xe71;;\x8b\x07\x0f\x1e\xe0\xd9\xb3\
g\x92BG\x0b\x92\x8c\x9a)n\x95J\x05\x9b\x9b\x9b\
\x82lutt\xa0\xbf\xbf\x1f''\xa7}$:;\
;\x85nX\x05/\x95J!\x99L\xd6\xed\xab\x5c.\
\x87\xb9\xb99\xb1\xb0\x0f\x0f\x0f\xd1\xdb\xdb\x8b\x8e\x8e\x0e\
\xa96\xc9\xbd\xcdHu\x8f\xc7\x03\x8f\xc7\x83\xa9\xa9)\
\xfc\xf0\x87?\xc4\xdbo\xbf-\xef\xdf\xdb\xdb\x0b\x00\x12\
\xcc\xaa\xad\x5c\xc6.P\xe0mll\xe0\xd1\xa3G\x98\
\x9d\x9d\xc5\xf6\xf6\xb6\x144\xe2\xfc\x86B\xa1\xba\x82;\
\xcc\x04`gH\xae\x1d\x85e\xa5r\xd6\x9a\x99n2\
v\xdad\x91\x1c\xd2\x9f\xee\x84\xb7\xbf\xbf\x8f\xdd\xdd]\
\x09\xca$_\xa8V\xab\x92-\xc0\xba\x04\x8c\xe7\xe1z\
\xe8r\xbe\x9co\xa7\xd3)\xef@z&\x0f\xa7\xe2I\
W\x09\x91\x08\x1d\x9bB\xd7\x82\xde\x97T\xda\xf9\x9d]\
\x16\x89\xa6c*\xefTphd\xb1\xea\xa1\x9d\x01e\
\x22\xb2\x1c\xab\x9d0\xd72G\xcb\x09}\x98\xe8\xa5\xdd\
\xa1yN\xa3s\xed,{\xf3\xb0\x93\xbfz\xdf5\xdb\
A\xa9\xaf\x1b\x98f\xe4\x9aq\xda\x0d\xea<\x14A_\
\x0f\xbc:1\x5cX-\xe4\xb4\xb5\xaf}oo:\x01\
\xaf\x9b0>\x83\xe7\xda-(\xbf3\x95\x19\xf3|Z\
5$Z6\xa4999y\xa5\xf68\xe1O2T\
\xfa\xd8\x08\x8f1Z\x97\x8c\x95\xda\xa8\xb6\xf0\xf9\x5c\xfe\
\x7fxx\x88\x9d\x9d\x1d)\xb5K\xa6\xc8\x9cq\x0ae\
j\xb2\x1a\xaa\xd2\xbeIn`\x06\xee\x91\x89\xb0\xcfx\
ww\xb7\x94\xac\xe5u~\xbf\xbf\xcew\x97\xcb\xe5$\
2\xd7\xb2N\xa1\xd2P(\x84H$\x82\xe6\xe6f\xa4\
R),--assS63\x15\x0e\xad\x8ch\
\x14D\x8f\x97\xef]\xad\x9eF\xfa\xa6\xd3ial.\
\x97\xab\xae\xe9\x08iM+\x9e\xa6\xc0\xe5\xa1\x9f\xed\xf5\
z1>>\x8e[\xb7n\xe1\xda\xb5k\x92\x96E&\
\xbd\xb5\xb5%1\x10\xe3\xe3\xe3\x18\x1a\x1a\xc2\xd8\xd8\x18\
\xa2\xd1\xa8\x9c\xa7\xfb\xb13P\xb1\xbd\xbd]*\xfa9\
\x1c\x8e\xba,\x09\xd3R\xe2Xu\xdc\x07\x1b\x98\x84\xc3\
a455I\x14\xbe\xcf\xe7\x93f@^\xaf\x17\xa1\
P\x08\xa3\xa3\xa3\xd2\xb5-\x91H\xa0\x5c.\x0b\x1a\xc3\
w\xd5\x85\x96H\x9b\xfc\x9eP=\x8375\x92D\x1a\
\xd7\xfbb\x7f\x7f_\xf2\xd8\x19\x95N\x9f\xb0V6j\
\xb5\x1a\x06\x07\x07155%\xf9\xef\xdf|\xf3\x0d\x1e\
=z\x84g\xcf\x9e\xd5\xb5\xa0\x05N\xddP\xc3\xc3\xc3\
\x00 \xd1\xec\xac\xd8\xb7\xb3\xb3\x83l6+\xa9\x93\xb4\
\xf0\x8f\x8e\x8e\xe0\xf5z\xe1t:\x11\x89D\xd0\xd4\xd4\
\x84B\xa1 mnuvL[[\x1b\x1e<x\x80\
\x83\x83\x03\x8c\x8e\x8eJ\x1f\xfb\xbe\xbe>\xf1\xc93-\
\xce\xef\xf7c``\x00\xef\xbd\xf7\x1e\xae_\xbf\x8e\xf1\
\xf1q\x00\xa7Vt&\x93\x91tT\x22\x00\xb5ZM\
\xc6\xe0\xf5zQ.\x97\x05m`\xd0\xa3\xdb\xedFO\
O\x0f\x16\x16\x16\x90\xcb\xe5\xb0\xb5\xb5\x05\xaf\xd7\x8b\x0b\
\x17. \x1a\x8d\x22\x1e\x8f#\x99L\x22\x91HH9\
dv\xb7\xab\xd5j\x22\xbc\xb86\xb4\xc8\xa9\x94\x96\xcb\
e\x1c\x1c\x1c\xc0\xe3\xf1H{eF\xd3\xd3e\xe6\xf1\
x\xe0\xf5z\xe1p8$m\xb0Z=\xed5@^\
\xd5\xdd\xdd\x8dP(\x84T*\x85b\xb1(\xa8\x00\xdd\
\x1cT\x1c\xb8\x87ZZZd\xad\x88(h%\x81h\
\x07\xe9\x9e\x88\x18QU\xeeO\x9dQ\xc0\xfb\x93\xee\xe8\
V\xa2a\xc3\xe2C\x14\xe6\xba\x06\x81Vj\xc9\x07\xa9\
\x80\xebz\x15T\x0e\xb4\x82d'S\xb4\x5c$\xef\x22\
\xfa\xc9\xef\xed\x8cY\x8eC\x1b$v\xf7\xb7\xfb\x5c_\
k\xf7\xfdy\xf7j\xb6\x1b\x8c\xdd\xa1\x07\xa6a\x05\xfd\
c*\x02\xfcm\xbe\xa8\x16\xeav\x96\x96\x19\x0c\xa3\x0f\
.,\x8f\xf3\x94\x00;\x04\xc3\x0c\xe8\xd0\xdf7R\x16\
L\xab\xdb\x0e\xed\xd0sB\xc1\xc9k\xc8\xb0\x09\xa1\x02\
g\x1d\xb9\x08\x0f\xe9y\x22\xd12\xd2\x96k\xe4\xf7\xfb\
\xc5\x22\xa6\xa5K_\xb1\x86U\xb5f\xca9\xde\xda\xda\
\x92\xbf\xcd\xa0@\xad5\x93\x91\xe8\xf2\x9ezCj\x85\
\x8f\xf5\xd6\x99\xb7<::\x8ax<.B\xa0\xa9\xa9\
\x09}}}p\xbb\xdd\xc8d2X[[C*\x95\
\x12F\xb5\xbe\xbe\x8eZ\xad\x86\xae\xae.\xd4j5\xb8\
\x5c.i\xcc\xc2\xdcmZ7\x1a\xe2\xd3\x90\xb8\x89\xc6\
0h\x90\x0dOtD\xbb\x0e\xee\xe3\xbb\xf23M3\
d\x00\xbc\xbf\xd7\xeb\xc5\xd4\xd4\x14\xbe\xf7\xbd\xef\xe1\xe6\
\xcd\x9b\xe8\xed\xed\x15X\xf7\xb7\xbf\xfd-\xf2\xf9<n\
\xdd\xba\x85?\xfb\xb3?\xab+\x0d\xac\x0fZ\xa3d>\
\x9d\x9d\x9db\xf1\xf1\x18\x1e\x1e\xc6\x8f~\xf4#\xdc\xba\
u\x0b\x8f\x1f?\xc6\x9d;w\xb0\xb0\xb0 U\x17\xb5\
\xe2Cf\x0a\x9cZ\x95\xf9|\x1e\xa9TJ,\xcbx\
<\x8e\x89\x89\x09\xa4\xd3i<|\xf8\x10{{{\xe8\
\xe8\xe8\x10K\xd9\xe7\xf3!\x1c\x0e\xa3\xb3\xb3\x13\xc9d\
R\xa2\xe85\xcaC&\x08\x9c5=\xd1\xd1\xf3\xa4S\
\x1d\xa7\xc0\xd4/\x8d\x1c\xb0\xf2\x1a\x03\x16\xd9\xad\x91\xbe\
\xe2J\xa5\x82h4\x8aw\xdf}\x17\x97.]BS\
S\x13\x12\x89\x04\x1e>|\x88d2)%\x99\xb9.\
\xfb\xfb\xfbR\xb4giiI\x82\xc0(<,\xcb\x12\
(\xba\xb9\xb9\x19\xa5RI\x14BZ\xc3\xfb\xfb\xfbb\
\xc930\xd0\xb2\xac:\xf7\x98eYx\xf0\xe0\x01v\
vv$\x18\x91s\xce\xfd\xfb\xa7\x7f\xfa\xa7\xb8|\xf9\
r]\x01&\x00\xd8\xdc\xdc\x94FD\xd9l\x16\x99L\
\x06\x85BA\xc6z||,\x08\x15\xe1s\x06\xaf\xb6\
\xb5\xb5\x89\xb2\xc0\x0c\x00\x96\x05\xde\xd8\xd8\x80\xc7\xe3A\
\x22\x91@\xa1P\x10\xf7\x16\x957V\x9ed<\x06\xaf\
?88\x90\x0c\x99\xa6\xa6&\xe4r9\xd9\xa3\xb1X\
\x0c\x96eI\xda,!\xf1p8\x8c\x96\x96\x16\xe4\xf3\
y\xb1\xc6\xf9\xdeZ\xb9\xd7\x86\x02{pp\xcd\x992\
\x09@\x14\xa6P(${\x96\x0a\x1b\xe9\x8a\xfb\x9b\x81\
\x9d4\x80\x18\x03\xc513\x85\x8f\xca*y(] \
\x9cO\xce5\x150m\x80p\x9e\xc8\xefXC\x84n\
M\xd69p8\x1c\x12\xc3Be\xd8\x0e\x95\xe4\xd85\
/\xe1\xde\xd7\xeeE\xf2e\xcdo\xf8^\xa6L\xe2\xbc\
\x9aq\x01\xaf3\xda\xf59v\x067\xc7\xdfl\x9e\xa0\
\x07e\x1e\x8d\x04\xe6y\xa8\x81y\x8dy\xae\x09\x05\xf2\
\x1c3\xb8F\xfb\xb7\xf5\xffv\x13r\xde\xb8\xce{/\
\xbb\xcf_\xf7\x8e\x9a\x00Lx\xc5\xf4Qsc\xf1<\
\x06\xa00pJ7\xb4\xe0\xff\xfa^\x9c\x97\x96\x96\x16\
\x89\xf6%\xbc\xcdMdF\xa4\x02\xaf\xfa\xd0\xb55\xad\
\x8bZ\x00\xf5=\xb5\xf5\xbd4\xe1p,D9\x08\xf9\
\xb1\xde}OO\x8fT\xe4\x0b\x06\x83\x08\x06\x83R\xda\
\xf7\xe4\xe4D\x82\xa9XL$\x1c\x0e\xcb8\xe8w\xe3\
\xf7\x1d\x1d\x1d\xc2l\xb4\xf5o\xae\x11\x05\x10\x99\x0a\x9b\
\x17\x09\xa1\xab\xbcm\xad\xb05Z[2\xb5\xae\xae.\
\x5c\xb9r\x05\xb7o\xdf\xc6\xad[\xb7\xd0\xd3\xd3\x83\xad\
\xad-\xfc\xbf\xff\xf7\xff\xb0\xb0\xb0\x80\xb6\xb66|\xf8\
\xe1\x87\x98\x9e\x9e\x96`\x22\x00x\xf9\xf2%\xee\xdd\xbb\
'\x85Wj\xb5\x9a\x04\xa8\x1d\x1d\x1d\xc1\xe5r\xc1\xe9\
tbxx\x187o\xde\x84\xcf\xe7Cgg'\xae\
\x5c\xb9\x22\xcf\xfb\xcew\xbe\x83O>\xf9\x04_}\xf5\
\x15\x96\x97\x97\x85\x81\xf1\x87\xe3\xe6\xfb\x96J%\x04\x83\
A\x94J%lmm\xa1\xbf\xbf\x1f\xbd\xbd\xbd\xd8\xdf\
\xdf\x97\xe0C\xae\x9f\xd7\xeb\x15!D\x05\x91\xb1\x1ad\
z\xcc\xf80\xd1>\xd2\x90\xce\xc7\xe6\xde\xe4\xf9\xa4'\
\xd6-\xd0u)\xb4\xa0ni9m>\x15\x8f\xc7a\
Y\x16\x16\x16\x16\x90\xcdf\xb1\xba\xba\x8aJ\xa5\x02\x9f\
\xcf\xf7J\xac@[[\x1b\xbc^\xaf\xc4\x0c0\x18\x90\
\xe9\x95'''\xf2=[\x01\xb3\xa0\x0d\x05e>\x9f\
\x97FA:B\x9c\xcf\xd0t?77\x87\xb6\xb66\
\xe9\x92\xd9\xdb\xdb\x8b\xb7\xdf~\x1bW\xaf^\xb5\xe5\x09\
,LE\xab8\x97\xcbI\xad\x0b\xd2)\x05\xc9\xfa\xfa\
\xba\xec\x13Z\x8cD\xe7\xca\xe5\xb2\x14\x97b\xd0\xa5\xce\
<\xa0\xe2\xa2;A\x12\xc1\xe0\x9e$\xda\xc4\xd8\x0d\xba\
\x9e\xec\x14zf\x1f1\xa0\x8e=\x1d\xb4\xf0eP\x1e\
\xfb\x88p_\xb1\xba\x1f\x95\x16\x22\x00:J\x9e\xd9\x07\
\xac\x1eH:\xe0\xf5\xdc\xabt\x8dPydl\x80\x0e\
\xe6\xd3B\xcc\xe4q\x14\xb8D\x02\xb42\x0f\x9ce\x1f\
h\xd4\x93\xe7\x11-\xd0\xee\x00\xce\x91\xae\x9d\xa2\xefg\
\xa7\x08\xf03\x93\x1f\xdb\x19\xab\xe7\x09s\xf3\xbe\x8d\xce\
\xd12\xf0u\xe7\xeb\xe3\x15\x17\x80\xdd\xa1'\xda\xfc\xdc\
\xfc\xdfd\x12&<\xa2\xad|;\xc5\xc3\xbcN#\x05\
\xa6\xbfW\x13q\xa3\xf1\x9c7f\xbb\xf1\x9ac1\x09\
\xcd\xeeZ;\x05\xc6\x84\xd2\xf5\xc65\x95\x18\x13I\xd1\
\xf1\x02d\xc4dP\x9a\xe9\xb2R\x96\xae\xcb\xad\xeb\xfb\
\xdb\xa1\x1dz\xad5|nfR\xd8\xcd\x95\x89\xf6h\
K\xbcZ\xadJ\x00\xdf\xee\xee.\xba\xbb\xbb\x11\x08\x04\
\xe0\xf3\xf9$\xd8\x88\x11\xde\x8b\x8b\x8b\xd8\xd9\xd9\x11\xe8\
\xda\xe7\xf3\xc1\xe7\xf3!\x12\x89\xc0\xe7\xf3avv\x16\
\xf9|^\x14\x1cj\xc1\x84!\xb5\x82\xa8\xd7\x88L\xea\
\xf8\xf8X,m\xfa\xf6\x5c.\x970%m\xe1\xe9\xf5\
\xd5~\xef\x96\x96\x16\x11\xfe\x1f|\xf0\x01fff\xd0\
\xda\xda\x8a\xe7\xcf\x9f\xe3\xc1\x83\x07H\xa7\xd3\xf0x<\
\x08\x06\x83\xd2\xb1\xad\xad\xadMr\xf9\xef\xdf\xbf/\x05\
\x92\xc8X\x19s\xc1\xf5\x8c\xc7\xe3\xe2\xa6\xd0\x02\x9c\xf3\
u\xf3\xe6M\x04\x02\x01\xf4\xf6\xf6\xe2\xb3\xcf>\xc3\xb3\
g\xcf$\xe5J\x8f\xb5\xbd\xbd]*\xdfuvv\x8a\
e\x1b\x0e\x87\xd1\xdb\xdb\x8b\xee\xeen\x0c\x0c\x0c \x91\
H \x9b\xcd\x8a\x10b\xc1\x1a\xce\xf3\xd6\xd6\x16vv\
v$g\x9b\xc2\x95\xeb\xaf\x15n*\x88:\xbe\x05\xa8\
\xcf\x98 \x03/\x97\xcbp\xbb\xdd\x828i\xc8\x97\xf3\
\x10\x0e\x87Q\xadV\xf1\xf2\xe5K\xbc|\xf9R\x14H\
\xb3b \x85\xf5\xc9\xc9\x89t}\xa4\xb0\x07 \x96\x1e\
\xd3Swww\xa5F\x05\xf3\xdf\xb5\x22\x90J\xa5\x04\
\x22\xd7\xd6\x9d\x898-,,\xc0\xe9t\xe2o\xff\xf6\
o\xf1\xe1\x87\x1f\xbe\xc2W\xf4\xa1\xc7\xba\xbb\xbb[W\
\xf2\xb6\xa9\xe9\xb4\xac3iX\xbb{(\xfc\xa8(\xb0\
(\x0f\x15\xe0J\xa5\x22\x15\x0d)\x80H\xd7\x1a\x1e\xa7\
\x90\xe6:\x10Y`\xe6\x01\xe9\xdb\xb2\xac\xbaZ\x1fD\
\xee\xe8\xaf\xd7\x8awkk\xab\xb8\xfcvww\xa5$\
6\xd1\x80J\xe54\xc5\x97\xd5\xf5\x08\x95S\x99\xb0,\
\xab\xae\x09\x14p\xaah\x91\x87\x01\x90\xbd\xa9\xd7\xc7\x0e\
\xf15\xddb\x1a\xa9\x22}\xeaZ\x13\xa4[Z\xfd\xe4\
Y\x1c\x8b^g\x1d\x87\xa3e\x0ci\xc2N\xa6h\x1e\
d\x0as\xad\x98\x98V\xbc\x1d\xdd\x98\x07\xf9\x9a\x19\x08\
o\x9ec\xf7\x7f#C^\x8f\xaf\x09\xc0\xed\xdf\xff\xd8\
\xdeX\x0b\xba\xf3\x04\xa5)\xb0M\xa6z\x9e0it\
/~\xa6\x85\x0d56s2\xec\xee\xa7\xefa'\xd8\
\xceS8\xcc\xbf\xcf\x9b\x1f\xbbk\xf4X\xb5\x1f[\xc3\
\xa6$f\x1dd\xa2\x09_oV\xfa\xef\xb5\xa5N\x8d\
\x94Z\xb4\xdb\xedF \x10\xa8s\x15\x98A\x92\xa6\xd2\
\xa3\x85\xe9ys\xd4\xe83=\xbfMMM\xd2\x8f\x9d\
\xfd\x05t3!2\x03fG\xb4\xb7\xb7cxx\x18\
\xd7\xaf_\xc7\x07\x1f|\x80\xf7\xde{\x0f\xb1X\x0c;\
;;\xe2*`\xbabkk\xab0\x1f]zV\x8f\
I3Y2&F\xf6\x12R$\xf3\xd4c6c;\
,\xcb\x82\xdf\xef\xc7\xcc\xcc\x0cn\xdf\xbe\x8d\x1b7n\
\xc0\xe9t\xe2\xc1\x83\x07\xf8\xcdo~#mus\xb9\
\x1c\x9e>}\x8a\xff\xfe\xef\xff\xc6\xbf\xfc\xcb\xbf\xe0\x9f\
\xfe\xe9\x9f\xf0\xaf\xff\xfa\xaf\xb8s\xe7\x0eVWWE\
\xa0\xea\xae\x85Dy\x5c.\x17.\x5c\xb8\x80\xc1\xc1A\
\xc4b1\xf4\xf6\xf6b~~\x1e\x7f\xff\xf7\x7f\x8f\x9f\
\xfc\xe4'H\xa7\xd3p:\x9d\x18\x1a\x1a\xc2\xb5k\xd7\
088(\xf05}\xe8\xb5\xdai\xe6\xc5\xc4\xc4\x04\
\xbe\xf3\x9d\xef`ddD\x82\x01\x97\x97\x97\x91J\xa5\
\x10\x08\x04\xd0\xd5\xd5%\xed\x85\x97\x97\x97\xb1\xbc\xbc,\
\xc8\x13\xa3\xe8y\x1e\x19.\xfd\xbd\xbaH\x0b\x85\x06-\
2\x9d\x8d\x03\x9cuZ\xd4\x0d\xa5(\xc0\xa8\xe8\xf1\xde\
\x87\x87\x87\xe8\xec\xecD\x7f\x7f?\xa2\xd1\xa8\xb4\x81v\
8\x1c\x12\xa0\xca5\xa1\x02\xcd\xf9#\xf3\xced2\x92\
R\xea\xf5z\xa5\x82d,\x16\x03\x00i\xa9KT\x09\
@\x1d=0&\x81L\x9f\xb5-\xf8\x1e\x8c\xb1im\
mEWW\x17\xbc^/\xa6\xa7\xa71::\xda\x90\
'\x00\xc0\xf2\xf22\x00Hm\x0b\x8e\x9b)p''\
'\xd2\xbdOC\xd8\x8c@\xa70cuA\xd2,\xd1\
\x8a\xa3\xa3#\x99c~F\xc5\x81\xbc\x84p6\x8d.\
Z\xde\xacx\x07\x9c\xa5\x9b\xf2|\xbf\xdf\x8f\x9e\x9e\x1e\
\xf8|>X\xd6\xa9\x9b\x91\x90>Sp\x19WD\xf4\
\x81\xb1\x04D!\x99aAW\xc6\xde\xde\x1e\x8a\xc5\xa2\
(\x0d\xec\xa8\xc82\xd5\xa4\x05\xf24*\xb4L\x11$\
O$\xd2A\xf4\x82kI\xe4\x90\xfc\x91\xc6!\x0dF\
\xf2?\x8d\x9a1\x1e\x82\xca8\xe7I\x07Ajw\xaa\
\xe65:V\xc8\x14\xfa:f\x86{\x86\xfb\x85\xef\xc7\
{\xd9\xf1SS\xd6\x98\xeeqm@\xbf\x89\x8cz\xdd\
\xe7\x96e\x9d_\x07@[G\xe7\xc1\x14\x8d\x84\xae\xbe\
\x07\xcfk\xa4\x10\x98\x13\xab_^[\xc5\x8d,P=\
\x99v\x93\xd4h\xec\xafS\x0e\xce;\xec\xcey\x1dd\
\xa3\xdfA\x0bsj\x9b\xb4\x16\xf5f\xe6\xbc\xb1\xa2\x9e\
\xc7\xe3\xa9\x8b\xe8\x07 \x8c\x02\x80\xa0\x06,\x1b\xba\xb7\
\xb7'L\xb5\x11:c\xf7.\xe6\xba\x9a\xb1\x1f\xfa}\
\xf5&\xa8\xd5j(\x16\x8bx\xf9\xf2%\x0e\x0f\x0f1\
00\x80\xae\xae.\x09L\xa3 \xa1\x95M?(\x03\
\xd6\x98\xb6D\xff`\xa5R\x11\x06Bfh\x8e[\x8f\
\x95\xccV7\x05b*\x1a\x19\xbe\xb6l\xf5\xbb\xf8\xfd\
~\x8c\x8d\x8d!\x16\x8bI\xf0\xe0\xc3\x87\x0f\x91\xcb\xe5\
\xf0\xed\xb7\xdfJ\xf47\x95\x91\x9d\x9d\x9d\xba\x0awf\
,\x8bva\xf1<\xd2rWW\x17._\xbe\x8c\xbe\
\xbe>\x00\xa7\x0c9\x91H`~~\x1e\xeb\xeb\xeb\x98\
\x9d\x9d\xc5{\xef\xbd\x87w\xdey\x07\xef\xbc\xf3\x0e\xae\
_\xbf\x8e{\xf7\xee\xe1\x9f\xff\xf9\x9f\xf1\xe5\x97_J\
\x01\x18\xb6H\x8dF\xa3u\x96\xd6\xfc\xfc<\x02\x81\x00\
\x02\x81\x80\x08\xf9\xfe\xfe~|\xf3\xcd7x\xfe\xfc\xb9\
\xc4ItwwKIYF\x86wvvJ,\x06\
\x99\x22-+Z%v>K\xbe7\xcf\x03\xce \xd7\
Z\xad&\x05\x8fvvv\x10\x0c\x06\xa5RbKK\
\x0b\x16\x17\x17q\xff\xfe}a\xde\xbas!\xadt\xe0\
\xb4\xc6\x01\xa3\xcf\x93\xc9$\xb6\xb6\xb6$;\x83\xc5\xa9\
\xfc~?\xca\xe5\xb2\x04\xff\xd5j\xa7\x01e\x84v]\
.\x17|>\x9f\xe4\xc0s\xff\xd1\x87\xac\xd7prr\
\x12\xef\xbf\xff>\x86\x86\x86p\xfd\xfa\xf5W\xf6\x89\xe6\
!\x95\xcaii\xdbd2)\xa9\x84\x8c\x05\xe0\xbe\xd4\
\xa5\x81\x19\x0b\xc2\x005\x1dD\xb7\xbd\xbd]\x17\x0c\xa7\
\xf3\xce;;;\xe5;\x97\xcb%\x9d!\x19\xa9O%\
\x89\xa5\x7f\x99U@+\x9dt\x08\x00\xd1h\x1433\
3\xb8r\xe5\x0a\x22\x91\x88\xd4U\xa00\xe7zS\xa1\
\xe6~b\xb9a\xf2*\xd2?\x95\x11\xd2\xa1\xde\xaf\x14\
\xb2\xac\xb7\xc0{P\x19%J\xa1\xa3\xfd\xb9\xe7\xcd@\
e\x00\xe2\xe2\xd0\xd9\x00\xbc\x8e\xb4W\xab\xd5$h\x95\
\x8a$\x95\x00f\x92h\xb7\x08\x15\x07\xd3x\xe2\xfd5\
\x1af\x22\xba\x9aO\x9a\x87v\xe3j\xba\xb1\x93\xb1\xbc\
\x9f\xfe\xdc\xcemi'\x8b\xedd\xaf\xdd\xff\x80r\x01\
4\xba\xc8\xee!\x8d\x8e\xd7Y\xe0|y\x0aw^\xa3\
\x07\xde\x08\xce0\xff~\x93\xb1\xe8g7\xba\xc7\xff\xf5\
]\xcf;\xf4=H\xc0\xb4\xd2\xf535!P\xd8\x9b\
\x9d\xb2x\xd0\xb2\xe2\x86\xd3]\xf1,\xeb\xac\x03\x1b\xdf\
W\xa7\xb1P\x10R\xdb\xd6\x11\xb4\x8d\x90\x1d\xf3=\x1a\
\x09]\xad\x00hh\xd7\xb2,\x89\xbc\xb7\xac\xd3\x8c\x04\
\xddW \x16\x8bI\xce6\xfd\xfcmmmx\xf9\xf2\
%666P,\x16\x01@\x18\xb6.\xcbi\xf7l\
*I\xfc\x9f0\xe4\xc9\xc9i\xc5\xc1\xce\xceN8\x9d\
NQ\x22\xf4\xc6##\x0c\x06\x83\xb8q\xe3\x06n\xdd\
\xba\x85h4\x8a\x9d\x9d\x1d\xcc\xcd\xcd\xe1\x93O>\xc1\
\xf2\xf2\xb2\x8c\xc9\xcc\x86\xe0xL:\xb3\xd3\xf09>\
\xfa}\xd9\xd4%\x95J\xe1\xf1\xe3\xc7H\xa5R\xd8\xdd\
\xdd\xc5\xea\xea\xaatj\xdc\xdc\xdc\xc4G\x1f}\x84\x8b\
\x17/\xe2\xc6\x8d\x1b\xf2\xae_\x7f\xfd\xb5\x14\x96\xc9\xe7\
\xf3(\x97\xcb\x22\x1c\x19\xdd\xfe\xf9\xe7\x9f\xa3\xa3\xa3\x03\
\xe3\xe3\xe3888\x80\xcf\xe7\xc3\xe8\xe8(\xf2\xf9\xbc\
\xa4g\xee\xee\xee\xa2\xb7\xb7\x17\x81@@\xaa\xe6\xd1Z\
#\x1a\xc3\x00C2G\xd3\x0f\xabcr\xc8\xa8)\xf0\
H\x1b\x9c\x03\xfa\x94].\x97T\xd9\xa3\x22S.\x97\
Ei\xa3R\xab}\xe6\xf4\x1f3\x83\xc2\xeb\xf5\x0a3\
_[[\xc3\xde\xde\x9e\xa4<2\xc6$\x10\x08\xa0Z\
\xadJ\x9be\xd2Tgg\xa7\xa4\x1b\x12M\xd3\xe5\x81\
\xb9G\x99\xad\xd3\xd7\xd7\x87\x96\x96\x16quY\x96%\
n\x06\x16*\x22\xcc\xcc1q~\x18\xffp||\x5c\
\x17\xe3\xc2\xf7\xe1\xe7\x9c?v\x0d\xd4\x95<\x81\xb3z\
\x0cD\xb9\x98\xa2\xc7=Dzv\xb9\x5choo\xc7\
\xe1\xe1!VWW\xf1\xfc\xf9sd2\x19[$\x95\
\xb4\x9dN\xa7Ey\xea\xec\xecDOO\x8f\xd4'\xe0\
x\xc8\x8b\xe8c\xd7q\x09\xdc\x0b\xe4{\xbb\xbb\xbbu\
\xca\xafF\xff\xb6\xb6\xb6\xe4\x1a\xd35\xcc\xf7\xa5R\xc4\
\xb5\xa7\x9bF\xffOdD\xf3\x06Mk\xe4G\x9an\
u\x1a\xabv\xd1\xb2\x1a\xa4Vx\xf5\xfe\xd5q\x22z\
\x9f\x9b\x7f\xeb\xf3IC\x9a7\x99\xfc\xd6\x14\xfc\xa6<\
\xb6;\xde\x84g\xbf\x89\xac{\xc5\x05\xf0:\xc8\xde\xbc\
a#\xa6\xa7\xad}\xf30-x\xf3\xd9\xda\xdfo\x0e\
\xd8\xfc1_\xeeu/\xad\xdf\xc5\xee\x87\xcf\xb1\x1b\xf3\
\xeb\xe6\xe4\xbcw\xd6\xbe+\xd3\x0a'\x01\xd2\x8a\xa4V\
k\xbe\x03\xe7\x8c\x0c\x86\x8a\x02\xb5y\xce\x9b\x9e;\xc2\
\xee\x14\x82\xc0Y]w\xbb9l\xa48\xd9\xcd\xb3\xf9\
\xa35U\x0d\xb7\xb1[ -\x1d\xc2\xce\xb4@\x0f\x0e\
\x0e\x90H$\xb0\xb8\xb8(>\xe0B\xa1 \x9b\x9f\x90\
,\x05\xbbVt8\x7f\xe6z\x90\xc12=\x8e\xd5\xd8\
\x98\xe6d\xa6\xe6\xb8\x5c.LOO\xe3\x8f\xfe\xe8\x8f\
p\xfd\xfautuua\x7f\x7f\x1fO\x9f>\x15\xcb\
\x9f\x91\xd9\x1a66\x954B\x7f\x9c[\x1do\xc0\xb1\
\xb1.\xc0\xfb\xef\xbf\x8f\x99\x99\x19\xb4\xb5\xb5avv\
\x16?\xff\xf9\xcf\xf1\xe2\xc5\x0bQ,(|\x97\x97\x97\
\xf1\xfc\xf9s\x14\x8bED\x22\x11\x0c\x0c\x0c \x14\x0a\
\xa1\xa5\xa5E\x98\xec\xd8\xd8\x18\xdez\xeb-\x0c\x0c\x0c\
\xc0\xb2,\xa4\xd3i<}\xfa\x14\xf3\xf3\xf3bI\xd2\
\xca\xb2\xac\xb3,\x12\x16Ojii\x918\x02\x9f\xcf\
\x87@  \x95\xech\x95\xea\x22@\x5coS\xe9\xd2\
\xbeJ2\xf3\xe6\xe6\xd3\x8emD\x19\x98)0<<\
,{fss\x13sss\x12\xe3@\x01CT\xac\
Z=\xcd=\x0f\x06\x83\x02\xd9\x12.g\xdd\x07\xdd\xac\
\x86\x02\xb3T*\xc1\xe5rajj\x0a333\xd2\
\xc5R\xa7\xa2\xe9\xf4?\xae\x99\x0e\xae\x8bF\xa3\x18\x1b\
\x1b\xc3\xe8\xe8(\x0e\x0e\x0e\xa4'E2\x99\x14!U\
,\x16%\xda\x9fM\xa2tUD\xba\xa0\xd8\x90\x88J\
8c\x5c\x08\xb1\xef\xed\xed\xa1T*\x89\x82\xaf\x0b\xeb\
\xe8\x9a\x1d\x96eI\x0e?\xe1o\xf2\x05\xce\xfb\xce\xce\
\x0e\x16\x17\x171??\x8f\xa5\xa5%\x00\xf5Eu\xb4\
5zrr\x22A\xaa/^\xbc\xc0\xde\xde\x1e:;\
;\x11\x8f\xc7\x01@J\x81W*\x15\xe9\xc5\xc0\xda\x22\
\xb4\xf4u\xb9c\x1a \xc0Y\x06\x0c\xdd\x1cD4x\
\xae\xe6k\x9c\xb7\x8e\x8e\x0eio\xcd\xfb777\x0b\
\xfa\xa9!y\x1aV\xda\x08\xd11S\xa41\xce\x9d\xa6\
K\xde\x9f\xca\x00\xb3\x17\x88\xa4\xf0\x5c\xba\xa7\xf4\x9e?\
O\xf6\xd9\xc91S6\x98\x7fkT\x86{\xcbD\x06\
\xec\x9eg\xde\xcb\xee\x5c\xbbk\x00\x9bB@\xe7Y\xcc\
v\x90\x85\xc9\xdc\xf4\x83\xcc\xcf\xf5\xf9\xe6\x00\xf5\xcbj\
\xc2$\x83\xe7\xe7\xa6_G\xdf\xf7u\x13aw\x98\xc8\
\x87)\xcc\xf49\xe6\xdfv\xf7\xd2\xd6\xa8\x09\x05\x99\x02\
\x0b8K\xbb\xa3\xa0\xa0?\xcfd\xb4<\xf4F\xe1\x06\
\xa0\x80\x05 \xcdyXt\x83L\x8d\xc4\xceg\x17\x8b\
\xc5:\x8d]\x07X\x9aJ\x99\xf9\xfeZI\xd0\xefK\
\x8d[\xbf\x1b\xd7)\x9b\xcdJ>\xb8\xee\xf4\xc6@\xc0\
b\xb1\x88\xf9\xf9y,..J\xfc\x00\x9b\x021*\
\xdaD\xab\xf4\x98M\x22'\xd3$Z\xe2\xf7\xfb\xebz\
\xc4\xd3:cn\xf7\xf8\xf88._\xbe\x8cx<\x8e\
B\xa1\x80\xc7\x8f\x1f\xe37\xbf\xf9\x0d\x1e=z$\x96\
\xbf^G;\x9a\xe1zk\xd8\x9f\xeb\xa2\xeb\x09\xb8\xdd\
n\x8c\x8e\x8e\xe2\xe2\xc5\x8b\xf0x<\x00P\x87&P\
\xf1\x01N\x83\x03WVV\xc4b/\x95J\xf8\xf3?\
\xffs\xdc\xbcyS\xaa\x0f\xfe\xeew\xbf\x13\xb8\xbb\xa9\
\xe9\xb4\xe4l:\x9d\x96nv'''\x12\xb0\x18\x0c\
\x06\x11\x8f\xc71::\x8at:-\xb0\xf1\xea\xea*\
\x0e\x0f\x0f\x91\xcdf122\x82P($A\x85\xa3\
\xa3\xa3\xc8f\xb3R}pwwWR\x13\x19\xbdM\
F\xa9\xe7\x84\xd5\x0eY\x83\x821\x22\xf9|\x1ecc\
c\x12s0??\x8f\x87\x0f\x1fJ0\xa2\x0e\x9c\xa4\
\xb5\x1f\x8b\xc5\xd0\xd3\xd3\x83\x0b\x17.\xa0\xb5\xb5\x15\xab\
\xab\xab\x02\xb1ommI\x0c\x03\xe1\x5c\xcb:Mk\
c\x8e\xfd\xfa\xfa:&''\xd1\xd7\xd7\x87\x99\x99\x19\
\xe4r9lll\xd41y\xb7\xdb\x0d\x8f\xc7S\xe7\
\x0a\x98\x9c\x9c\xc4\xcd\x9b7\xf1\xd1G\x1f\xa1\xa3\xa3\x03\
\xd9l\x16\xe9t\x1a\x9d\x9d\x9d\x08\x06\x83(\x14\x0a\xb0\
,K\xfaa\x94J%q\x9dPI\xdf\xdf\xdf\x97\xe8\
\xf8\x9d\x9d\x9d\xba\x1a\x08\xbb\xbb\xbbR\x9b\xc0\xb2,\x09\
\xb4K&\x93\xc2\x13X\xff\x80\xca0\xe3\x07\xaa\xd5\xd3\
\x9c|\x00\x08\x87\xc3hkkC&\x93\xc1\xf2\xf22\
\x96\x96\x96$\x06\x85\xfc\x84\xd6\xad\xde\xdb\xe4G\xec:\
\xc9\xb8\x9d\x85\x85\x05I\xb5c\x90f__\x1f\x9a\x9a\
\x9a$\xb0\x91.;*SDR\x98~\xd7\xd4tZ\
gA\xbb\xdb\xf8\x0e\x84\xfb\xb9\x0f\xd9\xa8H\xa3?\xac\
\x91\xc1\xc0O\xee'\x06;3c\x82q\x05:\xd8O\
\xefGf\x8e\xe8\x18*\xce\x83\xe6\xb9Z\xf1ljj\
\x12\xbeL\x05\x831\x10\x94O\xe7\xc9\x0b\xf2f\xcd\x97\
\x1aY\xffZ\x996]\xe1\x8d\x84\xbf\xf9y#\xb9d\
\xf7|\xfdY];\xe0\xf3n\xa6\x05\xa5\xddK\xbcN\
0\xd8\x0d\xde\xd4rL\xedJ\x7f\xae\x05\xcc\xeb\xc6a\
\xbe|\xa3\xf7h\xf4]\xa3\xef\xcd\xa3\xd1\xfbk!\xc8\
C[\x85\x14\xc8Z\xb1\xe1\xf7ZS\xb5\xd34\x01\xd4\
\x09\x15n(ma\x1c\x1f\x1f\xa3\x5c.\xcbF\xd3\xd1\
\xbd,\xc0\xe3r\xb9\xeaJ]\xda\x8d\xd9nN\xdft\
nx\x1e\xdf\xa3\x5c.K\xe1\x99h4\x8a\xae\xae.\
D\xa3Q\xf4\xf4\xf4\x88E\xaa}hLm\xa3u\xd3\
\xde\xde.m\x81\xc9h\x80\xfa\xb2\xd0:\xc8\x86\xd0m\
6\x9b\xc5\xcb\x97/%\x06\x82\xb0\xa9e\x9d\xe6\xf9\xc6\
b1\xf4\xf5\xf5\xa1\xb7\xb7\x17\x0e\xc7iG\xbe\xa5\xa5\
%<x\xf0\x00\x0b\x0b\x0b\x02\xd7rM\xccZ\x02\xa6\
\x12l*A\xda:f\xf5\xb4\xc1\xc1A\xbc\xf5\xd6[\
\xe8\xef\xef\x07p\x1a4\xf6\xab_\xfd\x0a\x0f\x1f>\x14\
\x86\xae\xe9\xff\xe8\xe8\x08\xa5R\x09\xab\xab\xab\xf8\xf4\xd3\
OQ\xa9Tp\xf3\xe6M\xb4\xb6\xb6\xe2\xf2\xe5\xcb\xd2\
\xd9m}}\x1d\x96e!\x93\xc9`kkK\xd6?\
\x9b\xcd\xe2\xf9\xf3\xe7\xe8\xed\xed\x85\xcf\xe7C,\x16C\
\xa9T\x92\xd48v\x95\xbbY@\x00\x00 \x00ID\
AT{\xdb\xd8\xd8@.\x97C:\x9dF(\x14\xc2\
\xc8\xc8\x08zzz088\x88\xf1\xf1q\x0c\x0c\x0c\
`ee\x05\x89D\x02[[[u\xcd}\xe8\x87\xd5\
h\x0c\xab\xff\x11Q\xa0E\x1b\x0e\x87\xeb\x14PZ\xc5\
\x9a\xd6\xa9 \x12\x1dc\xac\x82\xcb\xe5\x12\x18\x9f\xb4<\
00\x80\xe3\xe3cAy( \x18/C8<\x9d\
Nc~~\x1e}}}\x88D\x22\x88D\x22(\x14\
\x0a\x82$\xb0\x5c+\x9b\xe6\xd0m0;;\x8b\x85\x85\
\x05\xf8\xfd~\x09\x00%$\xce8\x9b\x5c.'Mh\
\xda\xdb\xdb\xe1\xf3\xf9\xc4\xcfoYg\xe5\x90\xb5\xbf\xba\
\xb9\xb9Y\x8a\xf2\xb0q\x8eV^h\xadS\x89\xd7\xc1\
\xac\x8c\x1d`\xd7\xbf\xd1\xd1Q\xe9\x810;;[\xd7\
%\x91{\xd0\xf4\x9fS\xa9\xa6\x85\xed\xf5z\x85\xbe=\
\x1e\x0f^\xbcx\x81D\x22\x81\x81\xdf#N>\x9fO\
\x90\x89\xe3\xe3c)rD\x85\x89\x0a=\xefI\x0b\x9c\
\xd6\xb4\xce\xdd\xd7n\x92\xa6\xa6\xd3\xd6\xd9D\xfat\xa6\
\x13\x85\xa26\x00t;d\xa2N4\x12t\x06\x94\xf9\
[\xef]*;\xe4\x1b\xfc\xcd\xa2i:\xf5R\x07\xed\
\xe9tK-\xac\xf5\xc1}\xabe\x9d)\xf05\x1f\xb5\
3\xb8\xb4\x82\xf1\x7f\xe1\xbf\xa6\x02ag\xc8\x01x\xb5\
\x0e@#\x0b\xdadz\x8d\x0e\x93\x19\x9ew\xbe\xd6D\
\x80W\xeb\x16\x13\xca\xd1i :8\xc4n\xe2\xdf\xf4\
\xb0[\x10\xfd\x0e\xe7\xdd\xcf\x0e\x011#4\xed\xde\xdd\
DD\xccy\x02\xce\x22\x9e\xcd\x5cd\xf3\xd0\x05Z\x08\
e\xd2j\xa2k@\xa7\xd1\x11\x8e\xa3\xb6\xcf\x88c>\
_\xa3\x10v\xef\xfb\xba57\xa1p\x0ae*\x1e\x0c\
\x0c*\x95JR9\xed\xf6\xed\xdb\xf0\xfb\xfd\x98\x9b\x9b\
C\xa1P\x90\xaeo\xcf\x9e=\xc3\xf2\xf2r\x9d\x06\xce\
,\x00\x8d\x9eh\x027\x15)\x9e\xc3(\xe4`0(\
P\xa4\xd7\xebE\xadVCoo/\x86\x86\x86\xe0\xf3\
\xf9\xe0p\x9c6\xec\xd9\xd8\xd8\xc0\xbd{\xf7\xb0\xfc\xfb\
\xd6\xb1\xa6\xc6LE\xa0\xd1aZ\x06\xa4\x0b\x0a\x86H\
$\x82\xe1\xe1a\x8c\x8c\x8c\xc0\xef\xf7ckk\x0b_\
}\xf5\x15\xbe\xfc\xf2K\xb1\xc8M\xe8OW\xe8[\x5c\
\x5cD\xa1P\xc0\x93'Op\xf3\xe6M|\xf0\xc1\x07\
\xf8\xf8\xe3\x8f\xf1\xc5\x17_\xe0\xc9\x93'b\xc9P\x08\
\xb9\xddn\xec\xee\xee\x22\x91H\xe0\xd1\xa3G\xe8\xee\xee\
\xc6\xe8\xe8\xa8tat8\x1cX]]E&\x93\x81\
eY\xe23\xa6\xd5<::\x8ar\xb9\x8c\xabW\xaf\
\xe2\xc2\x85\x0b\x18\x1b\x1b\x93\x86B\x84\x82\x99w\xbe\xbb\
\xbb+9\xdd\xbb\xbb\xbb\xa2\xb4\xd1\xb2f\xaa\xea\xd0\xd0\
\x10\x8e\x8e\x8e\xb0\xb1\xb1\x81\x95\x95\x15d\xb3Y\xa1_\
m\x85\xd1G\x1e\x0a\x85\xa4&\xff\xd6\xd6\x16\x22\x91\x08\
\xa6\xa7\xa7Q\xadV\x91J\xa5\xb0\xb5\xb5\x85\xf6\xf6v\
\xf4\xf4\xf4HK\xda\x5c.\x07\xcb\xb2\xa4\x82_SS\
\x93(=\xac\x0bp\xed\xda5\x5c\xb8p\x01\x03\x03\x03\
\xf8\xe6\x9bop\xef\xde\xbd:\x08\x99{\xa6\xbd\xbd\x1d\
\xcb\xcb\xcbR\xc3\xa1\xbd\xbd]\xe8\x9bQ\xf9\x0c\xac#\
-\xd1oN\xc5\x96\x8a\x00\x05\x15S\xf3j\xb5\xd3\x08\
|V\xe4\xd3\xd7ha\xc0\xbe\x05\xac\xc0\xc9x\x08\xf6\
2\xa0\xcbgeeEJ\xfeRQ&\xfd\x98A\xc5\
Z\x88\xd1\xda\xe6\x1a\x91\x16\xd2\xe94\xb2\xd9\xac(s\
\xcd\xcd\xcdu\xe9\x89Z!'\x1fjjj\x922\xc1\
<4\x0d[\x96%(%\xa1x\xd2<c\x94\xf4\x1e\
`\xf6\x0e\xf7\x10K\xf92K\x88\xfb\x92\x88\x8a\xce*\
\xa0\xeb\x82\xfcR\xbbQ\xf4\x0f\xc7Mc\xc3\xe1p\xd4\
\xf50!_\xa3\x92h\x0aW3@O\xf3(\xd3\x15\
@\xde\xa0\xefm^\xa7\x95\x08S\x96\x9cg\xac7\xe2\
\xd5\xe6\xb5<\xef\xdc^\x00\xe6\x8d\xcd\x077\x12\xc0v\
\x832\x07\xae\xef\xa3#\xfd\xb9\xb1\x80W\x1b\x22p\x22\
u\x9a\x85\xdd854\xcc\xdf\xafSB\xf4\xfb\x98\xd7\
\xeb\xb1\xda]k^ow\xbe\xf9\x1c\xfe\xaf\x03|\xc8\
(\xec\xd2\x1c\xcd\xe7\xea\xb8\x01]\x9e\x92y\xb1\x9cW\
\xe6\xf1\xd2\xba\xd0\x9b\x02\x80lB\xb6\xde5\xe3\x14\xf8\
<S\xab=O\xb937\x0d7s{{;FF\
Fp\xed\xda5LNN\x22\x16\x8b\xa1\xb3\xb3\x13\x8f\
\x1e=\x82eY\xb8t\xe9\x12j\xb5\x1azzz\xf0\
\xed\xb7\xdfbmm\xad.w\x98\x16C\xa3u\xb5\x0b\
\xd2a\xe1!B\xfd\xdd\xdd\xdd\x12\xf9\xdb\xdf\xdf/\xfd\
\x0a\x8a\xc5\x22\xe6\xe6\xe6\xf0\xe2\xc5\x0b\x09P\xe2\x5cj\
\x06a\xce\x07\xcf\xa3\x0f\x96\x0a\x8b\x0e\x00\x22\x13\x00N\
\x19\xd0\xc0\xc0i\x0b\xe0b\xb1\x88;w\xee\xe0\xd3O\
?E\x22\x91\xa8\xcb\x12\xd0~M\x8d\x0a\x11~\xadT\
*\x18\x1f\x1f\x17\xc8{``\x00\xa9T\x0a\x85BA\
2\x19\x98#\xcet\xaf\xa5\xa5%,,,\x88\xaf\x7f\
ff\x06\x81@\x00\xa9TJ\xca\xd5rmONN\
\xa4\x90\x0d#\xc7\x0f\x0e\x0e\xd0\xdf\xdf\x0f\xa7\xd3)\x8d\
x(\x90\xe8\xa2\xe0\xf8\xe9za\x8d\xfc`0\x88b\
\xb1\x88L&\x83l6\x8bP(\x84\xeb\xd7\xaf\xe3\xd6\
\xad[\xa8T*\x02\x913\xcd\x0c\x00\xba\xba\xba0<\
<\x8cp8,\x85\xa6X\xc1\xae\xb9\xb9Y*\xe0\xb1\
\xa8Q.\x97\x93b=\xb4\xbe].\x97ds0`\
\x8ei\x82\xf7\xee\xddC__\x1f\x86\x87\x87\xf1\xf1\xc7\
\x1f\xc3\xe7\xf3\xe1\xf3\xcf?\xc7\xfa\xfa:\x9a\x9b\x9b\x11\
\x8b\xc5p\xe1\xc2\x05\x5c\xbf~\x1d>\x9f\xaf\xae*%\
\x00\x09\xfe\x0b\x87\xc3\x08\x04\x02\xb2\xc7\x1c\x0e\x07\xb6\xb7\
\xb7\xa5\x9be>\x9f\x97`MV\xffs8\x1c\x88F\
\xa3\x18\x1f\x1f\x17\xcb\x92HO>\x9f\x177\xd9\xc9\xc9\
\x09\xfc~?\x06\x7f\xdfZ:\x93\xc9 \x93\xc9\xd4e\
\x0d-..\xe2\xab\xaf\xbe\xc2\xda\xda\x9a\xd0\xa3n\xc2\
\xc3\xfdh*\xf8\xa4cf\x88\xb0J`KK\x8b\xf4\
\xce\xa8\xd5jb\xb53\x08O\xbb\x14\xb4\xd2\xad\xef]\
.\x97\xeb\x94$\x8d\x8e1\xded||\x1c\xbd\xbd\xbd\
R&\x9b\xb4\xa3\xf9\x0b\x11M\xbd\xdft\xdd\x04\xc6`\
hc\x83\x06\x14\xf7\xa2\x0ex\xd4)\xa5\x1c;\xd7\x93\
J\x0a\x15\x1a*\x0eT\x04M\xc4\x80\x9f\xe9w\xd3s\
\xab\xe7\xd8t\x8d\x9a<\xc4\xfc\xceD\x10\xf4}\xed\xe4\
\x8a\xe6\x87Z\x8eiC\xcc<,\xcbB\x93eY\xb7\
\x01\xdc\xb6\x83\x1b\xec\x04\x9a)\xc0\xccs\x1b]og\
\xb5\x99\x87\x09{k\x0d\xcb\x8e\xb97\x0a\xc6\xe03\xec\
\x88\xddn\xec\xe6\xf7\xe7)\x0bv\xef\xad\xc7e\xb7`\
\xa6\x05\xa9\x11\x0d\xed\x87\xe3\xe7\x8dj\x1d\xe8\xfbQ\xc0\
\x9b\xef\xa9\xdf\x9d\xf0\x17\x83\x8b\xb8a\xb5\xa2\xa5\x03o\
\x08\xab\x9a\x8c\xc2n\xcd\xf4<h7\x0f\xd1\x06B\x80\
\x1c\x07\x19\x0b\x83r\xd8\x9a\x95\x95\xdft\xee\xb3\xdf\xef\
G__\x9f\x08\x0dF\xc6\x93!\xd2J0\xc7f\xb7\
\xe6\xfa\xf9\xb4p\x00\xc0\xeb\xf5J\xaa_\xa1P\xc0\xd3\
\xa7O\xf1\xec\xd93\xe9\xbbn\x87F5r?\x99\x9b\
\x9d\xe7s}\x9cN'\xfa\xfa\xfap\xfd\xfau\xfc\xf0\
\x87?\xc4\x1f\xfe\xe1\x1f\xc2\xef\xf7\xe3\xe1\xc3\x87\xf8\xb7\
\x7f\xfb7|\xf9\xe5\x97\xd2B\xb9\x11S\xe0\xbb\xf3\xde\
\x00\xb0\xb5\xb5\x85\x8d\x8d\x0dtvv\xe2\xe2\xc5\x8b\xe2\
\x07\x1e\x1e\x1e\x16\x05\x80\x01jd\xb0\xba\xfc4\xad\x5c\
\xb6[\xd6\x99'\xa4k\xcb:\xad\x9a\xc7@Dv6\
\xe4\xf9\xa4\x1b*=l\xbe\xe4\xf1x066\x86\xfe\
\xfe~Q\xbc:;;\xa5\xbe\xbc\xd7\xebE$\x12\x11\
\xcb\xbeR\xa9\x88Kfff\x06\xd7\xae]\x93\xcc\x04\
\x00\x82\x0a\xb4\xb6\xb6JJ\x17Q,\xfa\x82k\xb5S\
h\xb6T*I\xa1\x1a\xe04\xbe\x82L\x9c1\x09T\
\x22NNN\xa4\xe6BGG\x87\x14u\xda\xdb\xdb\xc3\
\xe8\xe8(\xde~\xfbm)O\xcdL\x0b\xd6b\xe0\x1a\
\xb3pRww7\xe2\xf1\xb8T`\x8cF\xa3\x08\x85\
B\xb2v\xb1X\x0c\x03\x03\x03\x08\x87\xc3\x08\x87\xc3\x18\
\x1e\x1eFss\xb3 \x0b\xdb\xdb\xdb\xf8\xfa\xeb\xafq\
pp\x80\xbe\xbe>\xc4b1ikMw\x0c\xdd(\
\x1b\x1b\x1bX]]E\x22\x91\xc0\x8b\x17/\x90\xcf\xe7\
%\x9b@\x1b\x04\xe4\x13\x14,:\x8eFw\xa9s:\
\x9d\x88\xc7\xe3\xd2\x80\x8b\x86\xc5\xc9\xc9i9_\x1d\xf9\
\xaf\x03\xeb4\xaa\xc0k\xb4\x904\xf9\x18\xe7\xbc\x5c.\
\x0bz\xd3\xda\xda*\xeb\xcc\xec\x8aZ\xad&\xe8\x826\
\x00\x8f\x8f\x8f\xe53-\xacI\xb3\xba\xad\xb0\x19\xf0G\
\xd8_\xef%\xeeY\xca\x17\xf2\x0b~N~\xa1\xadx\
\x0d\xfd\x9b\x16\xbai\xc5k\x9e\xa1\xf7U#9x\x9e\
\xb1l'\x9f_'#\xceC+\x01\x15\x04\xd8\x086\
\xb0\x13\x8a\x8d\x94\x00;\xa6\xd8\x88Y\xda\xfdo\xc2$\
\xfa7\x0fM\x5c\xe7)+\xe7\x1dvP\x8a>\xec\x98\
\xb0\x162zN\xcc\xff\xcd\xcf\xedP\x04\x0a]M\x08\
\x5c(mq\xda\x8d\xd3\x5c\x07\xfe\xd6Y\x00\xe6=\xe9\
\x17\xe3\x9cU\xabUa\x98\x14lL\x1d\xe2\xa6aE\
/\xbbg\xda\xbd\x97Fd\xf4}\xf5g\xcc\xcf_^\
^\x16+\x88\x10&\x8b\x85\xd0W\xec\xf1xDh|\
\xf3\xcd7H&\x93\xf2l\xbdY\xf9ls\xb3\xd1\x1a\
\xe0\xb8J\xa5\x12\x0a\x85\x82X\x81l\xc0\xb3\xb1\xb1\x81\
\xa5\xa5%\xcc\xce\xceJ@\x97F\x9eL\xe5N\x7f\xd6\
\xd2\xd2\x02\xbf\xdf\x8f\x91\x91\x11\x0c\x0d\x0d\xa1\xb9\xf9\xb4\
\xa9\xd1\xe2\xe2\x22\xb2\xd9\xac0\xddh4\x8a\x0f?\xfc\
P\xda\xf5\x1e\x1f\x1f\xe3\xd9\xb3g\xf8\xec\xb3\xcfp\xf7\
\xee]\x14\x0a\x85:\xda\x03 H\x90\xb6V\xb4%Q\
,\x16\xf1\xec\xd93i\xe8\x12\x08\x04066&\x0a\
\x9f\xd3\xe9DWW\x17zzz\xd0\xdd\xdd\x8d\x97/\
_J\x89\xdd\xe1\xe1a\xd4j5\xa9\xce\xd7\xd7\xd7\x87\
x<\x8e|>/\xf9\xd0&\x93\xdb\xdb\xdb\xc3\xea\xea\
*\xd6\xd7\xd7\xe1r\xb9\x10\x08\x04D`\xe8\xa26\x9a\
\xb6=\x1e\x8f\x94\x94%\x1a\xc1\xf4\xc2\xf6\xf6v$\x93\
I\xf8|>y\xdfh4\x0a\x9f\xcf'M\xa5\x08\x05\
\xd3\xa2\xdd\xdc\xdc\x946\xba\xba\xfe\x7f\xa1P\xa8+\x98\
\xc39\xb0,K\x82HY\x8a\x98\x0a\x07\x11 \xcb:\
\x0d\xcaL&\x93\xc8f\xb3\x98\x9c\x9c\x84\xcb\xe5\xc2\xfd\
\xfb\xf7\x11\x8dF\x11\x0e\x87aY\x96D\xe9\xeb\x83\xee\
\xb5\x93\x93\x13\x04\x83A\x0c\x0e\x0e\x22\x1e\x8f\x0bz\x03\
@\xe6\x96\x15\x0b[ZZ\xb0\xb9\xb9\x89B\xa1\x80\xed\
\xedm<~\xfc\x18+++\x98\x9a\x9a\x82\xd3\xe9\x84\
\xd7\xeb\xc5\xfd\xfb\xf7Q.\x97\x05\xb9\xa8T*\xb8{\
\xf7\xae\xb4\xeeef\x08\x91\x1b\xee3\x0a_\xd2\x9d\x99\
\x91\xa1\xe9W\x0b\xbeZ\xad&\xa5\x8e;;;\xa5E\
7\xe7W_\xa3s\xf1uT\xbci\x01k\xa1\xacc\
\x9d\xb4R@\xe5\x82t\xce\xb4f\x06\xf6\x91\x9e\xe8Z\
\xd0\xf1\x03\x9cw\xf2.\xcd\x079N>\x9b\x07\xe7\x88\
{\xc9\xae8\x1b\xf7\xbf\xb6\x9eM\xd8_W\xa7\xd4\xfc\
\xc6t\xdb\xea\xbf\xf5\x9c\x9bB\xb9\x91\x9c0\x8fF\x86\
\xe9y\xf7y\xddQ\x17\x04x\x9eU\xaf5\x1b=\x98\
F\x02\xdc\xee;-$M\xa6\xcd\xe7kBm4\x06\
\xad\xa5\xe9\xf1\x9b\x13\xa1\x7f\xebq7B&\xceS\x22\
L\xa5\xa6\x91P\xd6\xe7\xda!\x10\x9c\x0b\xfa\xb5\xa9\x95\
\x92xH\x88\xe6\xfc\xf1:S\x93l4N\xf3\x87\xf7\
f\x94\xb1N\x09\xd3\xda.-9\x87\xe34]K\xc3\
\xf9\x9a\x90\xed,o\xbd\xa6Zk\xd7\xcf\xa6\xb5F\x81\
\xc1s9\x17\xfb\xfb\xfb\xc2\x0c\x18\x81^\xa9T\xf0\xf8\
\xf1ci\xa3\xda\xd6\xd6&\x8c\x80\xcf1\xa1=S\x81\
\xd2\x8c\x81\x08E6\x9b\xc5\xc2\xc2\x02^\xbe|\x89b\
\xb1\xf8\x8a\xff\x9e\xcc\xc3L;\xe4\xbb\xba\xddn\x5c\xbb\
v\x0d\x7f\xf37\x7f\x83\xf7\xdf\x7f\x1f\x95J\x05\xf7\xef\
\xdf\xc7\xa7\x9f~\x8ag\xcf\x9eI\xff\xf9\xb1\xb11|\
\xf4\xd1G\xb8~\xfd:ZZZ\xb0\xb0\xb0\x80/\xbe\
\xf8\x02\xbf\xf9\xcdoD\xb11iE\xfb&I/z\
o\x90\x89nnn\xe2\xee\xdd\xbb\x98\x9e\x9e\xc6\xf0\xf0\
0\xba\xbb\xbb\x91\xcdf\x91J\xa5$\x92\x9d\xe9b\xc5\
bQZ\x00\xb7\xb6\xb6\xc2\xef\xf7\xa3\xa9\xa9\x09\xd3\xd3\
\xd3H\xa5RH\xa7\xd3\xc8d2b\x1ds\xdd\xc8\x10\
)\xd8vvvP.\x97\xf1\xf2\xe5\xcb:K\x8a\xe7\
\x91.5\xd2\xc4\xb9\xf3\xf9|x\xe7\x9dw099\
)\xc1\x84l#M\xc5\x94>\x5c*\x09\x14\x08\xeb\xeb\
\xeb\xb8w\xef\x9e\x5c\xb7\xbb\xbb[\x97\x13Ne\x81\xfb\
\x86\xc2\x81\x16_0\x18D(\x14\xc2\x95+W0>\
>.~uF\x96oll \x10\x08`jj\x0a\
\xdd\xdd\xdd\xe8\xea\xea\xc2\xc8\xc8\x08\xf2\xf9<\xd2\xe9\xb4\
\xf8\xeeuC \xee\x17v\xc5\xd3\xc2\xff\xe4\xe4D\x8a\
\xf1\xd0\xc2\x05\x80B\xa1\x80b\xb1\x88\x95\x95\x15<z\
\xf4\x08{{{u\x9d\x1c\xdb\xdb\xdb\xf1\xf9\xe7\x9fK\
c\x1f\xad\xd0\xebHq-\x80\xa8\x9cp\xddL#@\
\x07\xd4i\xe3\x89\xb5\xff\x190\xd8\xdc\xdc,tP(\
\x14$\x13\x83{V\xa3\x0c\x1a\xae\xd7\x02\x90\xae3\x9d\
\x0dC\x85\x8e\xcd\x814_`y\xe3H$\x82P(\
$\x19\x02\x8c\xe6\xb7,K\x5cMD+\xb5\x1bX\xc3\
\xff\xcc6\xd1\x85\xd4\xb4B\xabcr\xf4\x1c\xea\xdf|\
.\x03\x17\xa9L\xda\xf1\x07\xad@\x98\xfcG\xf3|}\
\x9d\xc9\xcf\x1b\x19\xcbo\x22\xcc5?\xd2U$_g\
\xf9\xf3x\x05\x01\xb0\x13l\xa6\xf5\xab\x0f;\xe5\xc0\xee\
E\xb5\xd0 a\xeaI2\xe1\x15N\xae\xf6\xe9p\x92\
\xb5_G\x8fY?\x87\xf7\xa3\xc0\xd1y\xb2Zp\x98\
\x02K\xbf\x83\xdd\xffv\xcc\xda\x9c\x07\x1350\xaf\xd3\
\xf5\xa6\xf5;\x9a\xe8\x80\x86\xe2\xf5f\xd6\xf7\xe4\xf8y\
\x9d\x8e\xc2\xd6D\xc4\xf3\xb8\xe9\xb8\xd9)\x0c\xc9\xf4\x1d\
\x0e\x87\x94V%\x1cJ\xe1hG\x90|\xd7F\xb0\x98\
\x9e\x0b\xa6,\xce\xcf\xcf#\x95J\xe1\xe5\xcb\x97\x02]\
\xb3O\xfb\xc6\xc6\x86 \x00|.\xa3\xd77660\
;;\x8b\xf5\xf5u8\x1c\x8e:_\x1d\x9fE\xa8O\
\x0b|B\xe8{{{\x92W\xcdF0T8\xccz\
\xdb\xa6\xf0\xd5H\x09S\x17c\xb1\x18\xa6\xa6\xa60<\
<,\x88BWW\x17~\xf0\x83\x1f`||\x1c\xbf\
\xfa\xd5\xafpxx\x88\xdb\xb7ocxx\x18--\
-\xc8\xe5r\xf8\xf5\xaf\x7f\x8d\x9f\xfe\xf4\xa7\x98\x9f\x9f\
\xaf\x83S\xf9\x5c\xbaQ\xf4\x9aif\xaf#\xb9\x8f\x8f\
\x8f\xb1\xb9\xb9\x89\x9f\xfd\xecg\xe8\xec\xec\xc4w\xbf\xfb\
]\xc4\xe3q\xa4R)$\x12\x09\xac\xaf\xafcoo\
O\xd6ygg\x07O\x9e<\xc1\xc9\xc9\x09fff\
\x10\x8b\xc5\xd0\xda\xda\x0a\xaf\xd7+\xa5b)\xc48&\
\xcd\xdct\x19fs\xbeH\x07\x96eI)f\xed\x8b\
\xad\xd5j\x12\x17@epoo\x0f###\x18\x18\
\x18@,\x16C\xa5RA\xa1P\x10\x81\xbf\xb9\xb9\x89\
\xa3\xa3#<y\xf2D\x10\x00-\xc08_z\xcf\x98\
sI_\xf9\xde\xde\x9e \x19\xdc;\x0cT\x0c\x06\x83\
\xb8|\xf92\xd6\xd6\xd6\x90H$p\xe1\xc2\x05Q\x00\
Y\xaf\x82J\x06\xe7\x9f=\x06\xfa\xfa\xfaP*\x95\xf0\
\xe0\xc1\x03,--\xe1\xce\x9d;2n\xcb\xb2\xd0\xd7\
\xd7\x07\xbf\xdf/\xa5}WWW\xb1\xb6\xb6&u9\
J\xa5\x12:::p\xf1\xe2E)^\xc42\xb9\xcc\
\x97\xe7\xb3k\xb537\x8e\xb6\xa4\xb5\x00\xe3\x0f\x85\xa5\
\xfe\x5c\xf3j\xad\x1c,,, \x91HHL\xcc\xee\
\xee.\xb6\xb6\xb6d\x9eY\xb9\x8f{B+\xf8\x96e\
\x09\xfa\xa0\x11$\xd2\x8d\xe6\xb1\xa4\x03\x9d>\x9a\xcf\xe7\
%N%\x1a\x8d\x22\x1a\x8d\x8a{\x87\xc8\x0e\x11\x05f\
\x9aP\x11\xa9VO\x03^\xab\xd5\xaa\xb8\x09u\xda$\
\x8d\x0b\xd2*]AD\x89\xf4\x9e\xd6{K\xf3a~\
\xcftA\x9d\xc6HZ\xe3~\xd5{B#%\x1a-\
\xd1\xca4\x9f\xa7\x8d(}\x9e)\x835O7e\x03\
\x95@\xcd{_\xa7D\xd4\x05\x01\xda)\x01\xfa\xffF\
7{S\xcb\xd8\x14\x9c\xfa\x055\xcc\xa4\x05\x1a\x19\x89\
\x86\xb3M\x1f-'N[\xd6\x1a\x0a\xa7P\xe0\xc2\x01\
g\xda\x17\x85\x83\xce\xbd\xd7\x0a\x82\xd60MmN\xbf\
\x93Vn\x1a!\x09Z\xc0\xeb\xbcV\x0da\xe9sM\
t\xe4\xbc5\xd0\xd7\xf0\xfe\x1c\xbf\xfem\x0a8\xde\x9f\
>\xe1\xf6\xf6v\xb1r\x18\x1cH\x9fg#\xfa\xb0\x1b\
G#T\x04\x80\xc4#\xb0o\x00\xf3\xa0Y' \x1c\
\x0e\xc3\xe1p\xc0\xe7\xf3\xc1\xe3\xf1\x08\x83q\xb9\x5cR\
\xbb\x9bAkd\x92T\xec\x00Hj\xd4\xc0\xc0\x00\x02\
\x81\x00\x0e\x0e\x0e\xb0\xba\xba*\xbd\xe9\xab\xd5\xaa\xf4\xa5\
g\xd4/!e;%\xce\xa45\xd2_$\x12\xc1\xcc\
\xcc\x0czzz\xb0\xbc\xbc\x8c\xdf\xfe\xf6\xb7(\x97\xcb\
\x18\x19\x19\xc1\x8d\x1b7p\xf5\xeaU\x1c\x1f\x1f\xa3\xaf\
\xafO\x02\xb8~\xf9\xcb_\xe2\x17\xbf\xf8\x05\xd6\xd7\xd7\
\xebh\x0e\xa8/\x1d\xac\xe7\x8d\xeb\xa5\x95\x01\xad\xdc\xf0\
X\x5c\x5cD,\x16\xc3\xf0\xf00\x22\x91\x08\x92\xc9$\
*\x95\x8a\xac\xa9eY\xc8f\xb3x\xf1\xe2\x85@\xe0\
\x0c\x9a\xf3\xfb\xfd\x12\x09\xae\x03\xa0\xa8T\xd1\xa2\xe3\xf3\
)t4\xfd\x93\x96\x1d\x0eG]\xc6\x06\xd1\x19\xcb:\
\xeb\xab\x9e\xcb\xe5\x10\x8f\xc7\x11\x0a\x85\xe0v\xbbq|\
|\x8c\x85\x85\x05\xa4R)\xac\xae\xaebyyY\x8a\
\x071g\xbfX,\xcax8\x0e\x1d\x1b\xc4u\xd3{\
\x96\xe3kmm\x85\xcf\xe7\xc3\xd8\xd8\x98\x94\xbcey\
j\x1a\x09~\xbf\x1f\xf9|\x1e\x0f\x1e<\xc0\xc0\xc0\x80\
TL<99\x11\xf7\x18\xef\xc5\xb5b\x0a[\xa9T\
\xc2\x9d;w077\x87\xcd\xcdM\xb1\xac\x19\x7f@\
%\x8b\x95\x0bWWWE\xa8\x1e\x1e\x1e\x8a;\x86\x96\
8\xe9Z\xb7\xb0\xd5J\x98\xeeX\xa7\xf9\x93\x16\xbaz\
mXqOg\x18q.y\x7f\x16\x87\xa2\xa0\x06\xce\
R\x05\xf9\x1c\xcdC\xccL\xacZ\xad&\xefm\x1a0\
\xba\xe6\x88\xe6G\x5c3\x22\x84\xd9l\x16n\xb7[\xd6\
\x91\xc2_\xcf\xbdil\xe8fK\xa6\xd0\xd4\x96\xbb\x89\
:\xf23S\xd8\xea=E:3\xdd[T&\xec\xe2\
\x0d\xb4\x00\xd7{V\xcb\x08\x9d\xd6h\xfe&/0\x05\
}\xa3\x83k\xddH&\xd9\x19\xed\xbc\xe6\xdc4@\xf3\
\x86\xe7A\xfc\xe6\x03\xf8\xbd\x09\xf57\x1a\xbc\xdd\xb5&\
\x8a\x00\xbc\xda\xdaV\x9fK\xe8\x98\xf9\xb2\x14\xe4\xbc\x96\
\x93L\x8bOk\xa7dz\x9cx\xe6\xb5RA\xd0\xc4\
\xde\xc8\x12~\x13\xd8\xc5|/\xe0L\x18\x9b\x16\xbb\x9d\
\x06g7_v\xeb`\x12\x90\x9d\x06\xc9\xf7\x06 \xe9\
[\x9a90 \xafR\xa9H\x09]\x13\xb99\x0f\x15\
0\xc7c\x06r\xee\xef\xef#\x93\xc9`{{[\xd6\
\xcd\xe5rI\x1a\x13\x00Q\xda\x1c\x8e\xd3\x16\xb6\x17.\
\x5c\x80\xcf\xe7\xc3\xfe\xfe>\x80S\xcb\x88\xedo\x19\x15\
\x1e\x8f\xc71==\x8d\x0b\x17. \x18\x0c\xe2\xe0\xe0\
\x00\xcf\x9f?\xc7\xe3\xc7\x8f\x91N\xa7%\xb7\x9f\x8c?\
\x14\x0a\xc1\xef\xf7K\xeft\x8d\x12\xe955\x15]6\
_:<<\xc4\xb3g\xcf0;;\x8b\xb1\xb11\x5c\
\xbat\x09\x91H\xe4\x959X\x5c\x5c\xc4\xcf\x7f\xfes\
|\xfb\xed\xb72\x06\xbd.\xa6\xf0\xe7\xbci\xe6\x01\x9c\
\x95\x18\xa5\xb2Z\xab\xd5\xc4\xaa^YYA(\x14\x82\
\xc7\xe3AWW\x17\x82\xc1 \xd6\xd6\xd6\xea\xee\xcb\xa8\
\xfdB\xa1P\x97J\x16\x8f\xc7\xb1\xb3\xb3\x83\xa5\xa5\xa5\
:A\xc2y6\xe3H\x00\xd4)\xb4\x1a\xe5\xd3t\xa7\
\x95\xf4\xe6\xe6f\x04\x83A\xbc\xfb\xee\xbbp\xb9\x5c\x82\
0%\x12\x09\xa4R)\xac\xad\xad\xe1\xc9\x93'\x128\
xtt$\xfd!8\x1f\x9a\x868>\xd2\xad\xc9d\
Y\x01\xd3\xe3\xf1\xe0\xc2\x85\x0b\x98\x9e\x9e\xc6\xc5\x8b\x17\
\xa5\x16\x02Sb\x03\x81\x00\xca\xe522\x99\x0c\x9cN\
\xa7TG|\xfb\xed\xb7\xd1\xde\xde\x8e\xd9\xd9Yq%\
\xb0J\x1d\x8bZ\xb5\xb6\xb6\x22\x91H`yyY\xea\
\xfe\x1f\x1e\x1e\xa2\xa3\xa3C,~\x8d\x1c\x1d\x1f\x1f\xc3\
\xef\xf7#\x9b\xcd\x8a\x82\xc0z\x09\xcc\xbc`m\x04\xf6\
\x05 :G\xa5\x8c\x960\xd1\x00-`5\x0ag\xa6\
\xacq\x9d\xb8\x9e\xa6\x8f\x9ct\xc8\xffy?\x8d\x06q\
m\xcd5\xd0\xc8\x80V\xd2\xc8\x1b\xb5\x0bK\xa3[\xfa\
3\x16n:>>\x96\x02R\x0cL\xe6\xc1r\xcd|\
?\x1d/B\xf4\xc9\x84\xf8i\x08Z\x96%\xae1\x8d\
\xe6h$N\x0bl\xf2~\x1d[\xa1Q:*y\xfa\
Y\xa6\xb1\xa5\xdfO+\x19\xa6R\xa0\xaf\xd1h\xb69\
\xcf\xe6\xd1\x88\x0f\x9f\xc7\xa7\xf9\xff+\xbd\x00\xecN2\
\x85\x8c\xd6\xb4\x01\xd4\x05y\xe8\xef\xb5\xf5bj(\x9a\
9\x98\xe7\xf2\x1eZ\xb3\xa7@7\xe1{\xd3*\xaf\xd5\
ju\xc1:\x9a\x89\xe9HX\x1dL\xc8\xc5gT\xac\
\x86`\xb5\xaf\x8a\x11\xa8\x14\x84\xfa\x87\x04f\xb7\x98v\
B\xdb\x84\xd4\xb5\xdf\x94A/\xe6\x5c\x99\xefl\xb7\xa8\
zntV\x81f\xce\xa6\x12B\xff\x1aSv\x8e\x8e\
\x8e$\xe7\x97\xdd\xd1Z[[\x91\xc9dd\xf3\xe8q\
\xeb\xf1\x91p\xcd\xf7\xd7L\x82\xf3\xcf\xb1\x901\xb2U\
k\xb1X\x94t\xbc\xbe\xbe>)\xe7\x1b\x8b\xc504\
4$\xa5@wvv\x04J\xf6z\xbd\x02\xcb\xd5j\
5\x197\xdfkbb\x02\x7f\xf0\x07\x7f\x80p8,\
9\xe9\x00\x04EH\xa7\xd3x\xf0\xe0\x01\xee\xdf\xbf\x8f\
\x85\x85\x05\xac\xaf\xaf\xa3P(H^\xb1^kF\xbb\
wttH54\xe6O?{\xf6\x0c\x97/_\xb6\
U\x00\xf6\xf6\xf6P(\x14\x04m\xd0\xa9\x9c\xa4E\xd2\
\x90\xb6r\xb4\xc0\xd3\xccY\xc3\x85>\x9f\x0f\x03\x03\x03\
X\x5c\x5cD&\x93\xc1\xf7\xbe\xf7=\xc4\xe3q\xcc\xcc\
\xcc`vvV|\xaat\x9dd2\x19,..b\
ww\x17\xd7\xae]\xc3\xc4\xc4\x84(\x12\xd5\xeai\xfb\
[2-\xadt\xf3\x99\xfc\xdc\xe1\xa8op\xc3u\xa7\
\xab@G`\x0f\x0d\x0d\xe1/\xff\xf2/q\xe9\xd2%\
\xa4\xd3i\xdc\xbd{\x17\xe5rY\x0aW-,,\xd4\
u\xd2\x0b\x87\xc3H&\x93899m\x92C\xc8\x95\
B\x8dV0\xe9\x96J=\xcb\xd8\x06\x02\x01\x8c\x8c\x8c\
 \x16\x8b\xc1\xe9t\x22\x10\x08\xc0\xe9tJ\xcc@_\
_\x9fT\x87\xec\xee\xee\x16\xc5\x7f~~\x1e;;;\
(\x14\x0a\xf8\xfc\xf3\xcf122\x82K\x97.\xa1\xbd\
\xbd\x1dsssH\xa7\xd3\xa8\xd5j\xa2Xd2\x19\
$\x93I\xac\xae\xaeJ\xb5?\x87\xe34\x8f\x9c4\xb6\
\xb8\xb8\x88j\xb5\x8ap8\x0c\xb7\xdb\x8dx<.0\
\xbb\xdf\xef\x17\x85\x8d\xf19\xda\xed\xc9=lZ\x89\xe4\
IT\x04L8Y\xd3\x11\x15\x08F\xd9k\x97#\x7f\
\x9b<\x83<\x8at\xa9-f\x0aa\x1d\xf3@z\xd5\
\xee\x09\x13\x9d\xd1\xbc\x5c\xf3\x1f]\xa5\x8f.\x81\xc1\xc1\
AD\x22\x11IK\xe4Z;\x1c\x0eI3lmm\
\x85\xdb\xed\x16\xa4@\x1b4\xa4\x05\x16\x5c\xb2,K\x0a\
.\x11\xa1\x22\xed\xe8w\xfb\xff\xb4}\xd7o\xe3\xe9y\
\xeeC\xaa\x92\x12)\x16\xb1JT\xd7H3\x9a\xaai\
\x9e\xb2\xc5k;.\xb31\xd6k;\xb6/\x02\xdf\x04\
\x08\x10\x04\xb9\xcd\x9d\xff\x8c\x00A\xae\x1c\xc7\x81\xe1\x14\
\xc0\x81w\xed\xf5v{wgwg\xa7i\xaa\xeaH\
\xa2\x0a\xc5N\xaaP\x8d\xe4\xb9P\x9eW/\xbf\xf9q\
f\x8ds\xce\x07\x08\x92\xc8_\xf9\xea[\x9e\xb7\x99|\
\x89c\xa1\x02\xa3\xf9\x90\xf6\xe1\xa2\xf6\xafi\x9d\x8e\xb8\
!\xb2\xa3\x9f\xc9\xb3\xac\x9b\xf6\x0d\xd0\xf4\xd5\xa4\xdd\x9a\
\xa7\xd6\xd3\xf2\xeb)\x91\xbc\xa6\xd1|\xb9\x95\xc4a\xbe\
\xd0|\xa8\x96xtG4C\xd2\x1bW\x0f\x94\xbf\xf5\
@M\x9b\xb8)\x8d\x99\x13\xac=\xe0\xb9\xa1\xf8\xbd&\
\xda\x9a\x99\xeb\xcdOm\xd0\x14\x84x\x1f\x19`\xa5R\
\x11x\x8avt\xd6\xa87\xa18\xce\x91f\xc8\xe6\xfc\
\xea9#A\xd7\x0cTCU\xbaO\xf5\x16\x9b\x7f\xd7\
\xdb,\xfa:\xcd\x88y\x08\x80Zx\x93\xe6\x12\x00\xe2\
\xc5\xcdu\xd0L\xcb\xec\x1f\xc7\xab\xc7\xc2\x83OGC\
\xae\x9d\xc3\xe1\x10\xe8\x9f\xa6\x07\xf6m\x7f\x7f_\x0a\x98\
\x901\x918\xf2>\x86\x141]/m\xa6\xa1PH\
|\x07X\x05p}}]2$F\x22\x11q\x00+\
\x97\xcb\x08\x04\x02\xf8\xf6\xb7\xbf\x8do~\xf3\x9b\x92d\
\x84\xc2\xe4\xd2\xd2\x12>\xff\xfcs|\xf8\xe1\x87x\xf4\
\xe8\x11J\xa5\x12B\xa1\x10^x\xe1\x05\xbc\xf4\xd2K\
hll\x94pF\x96\x9f5[:\x9d\x96\xcc\x82$\
H\xdc\xd7\x1a\x91\xb2\x22@\x9a\x88\x02\xa8!\xdat\x9e\
\xa4\x16\xcd\x8c\x81;;;8s\xe6\x0c\xbc^/^\
~\xf9eT\xabU\x11R*\x95\x8a$\xb7aD\xc6\
\xf9\xf3\xe7q\xea\xd4)\xd1ZGGG\x05\xe2\xcc\xe7\
\xf3R\xdd\x8e%_\xb5\xe0LF\xa5\xfb\xab\xc7\xe1t\
:\xd1\xd5\xd5\x85\x97\xff\xd7\x17\x82\x8c\xab\xbd\xbd\x1dk\
kk\xb8w\xef\x1e\x16\x17\x17k\x98\x8c\xddn\x17d\
'\x97\xcb\x89\x1f\x03\x00\xb1\xc7\x96\xcbe\x81\x9c\xb9\xb7\
\x86\x87\x87%]0\xdf\xcd\xbd\xb3\xbb\xbb\x8b\xe6\xe6f\
d2\x19\xf11 =\xc8f\xb3H$\x12\xc8d2\
\x92a\x90\x1ah2\x99\xc4\x83\x07\x0fp\xe2\xc4\x09\x0c\
\x0f\x0f\xc3\xeb\xf5\x22\x9b\xcd\xa2\xaf\xaf\x0f\xb9\x5c\x0e\x8f\
\x1e=\xc2g\x9f}&\xd1\x09\x5c#2\xc7J\xa5\x22\
\xa8\x8b\xc7\xe3\x11\x1a\xd0\xd2\xd2\x82h4\x8a\x8b\x17/\
\xa2\xb9\xb9\x19\x13\x13\x13\x12\x8e\xba\xbe\xbe.\xb9\x0f\xc8\
 \xc9lH\x1bMz\xa0\xa3FL\x9aB&\xc5u\
\xd2\xb1\xed\xe6\x99\xd5t\x88\xbf\xb5\xb3'\x19&p\x88\
\xbch\x1a\xa3\xd1\x18\x8d\xfeh\x7f\x1d}\xbd\xa6\xf5\xd4\
\xe4Y\xdc\x88\xf4\xdf\xe1p\x08B\xc94\xc0\x14\xa0)\
hi\xe7H\xd24m\xaa\xd2\x9a\xbc\x86\xf5\xd9?S\
Q\xe2X8\x8f&\xef\xd3\xf0\xbe\xfe\xd1\xf3F\xbf3\
\xdeG\x07f\xad\x1c\xb1i\x1eh\xf6\xc3\x8a\xd6\xf3\x7f\
\xdd\xac\x94N\xfd\xb7\xa9\x94\xd5\x88o\xf5 \x06\xf3\xe1\
\xf5\x98\x98\x89\x04\x98\xd7\x98/\xd7\x035\xe3I5c\
\xd1\xd0\xa3\x95V\xa9\x9b\x09\xa7kiK3$\x0d\xf1\
\xea\xfeh\xdb\x0c7>a6n8n>m\xe74\
\x13\xf8\xb0\xafzc\xe8\xb9\xe0\x81\x04P#\xc0\x98\x87\
\xd0j>\xad\xe6W\xaf\x9f)\xd4\x99H\x89\x19F\xa7\
\xefcjRJ\xc7|\x7fKK\x0b:::\x00@\
\xe2s\xeb\xad\xb3\xc9\xbcLa\x84\xbe\x06\xda\x8b\x9a^\
\xff\x14@\xf8Cx/\x9f\xcf\x0b2\xd1\xd6\xd6&\xe5\
J\xb9?\xf4\xbcScH\xa7\xd3Rm\x8d\xeb\xc8\xfe\
P\xa3\xa0\xe9\x81\x82\x89U\x1b\x1e\x1e\xc6\xa5K\x97\xf0\
\xdak\xaf\xe1\xd1\xa3GXXX\xc0\xf2\xf2rM<\
q.\x97C\x22\x91@$\x12\xb1|\xce\xc4\xc4\x04>\
\xfc\xf0C\xc9\xa2W\x0f\xc66\x85U~\xaf\xa1I=\
\xd7Z\x80c\x8cz\xa9T\xc2\xea\xea*\x00\xa0\xa7\xa7\
\x07\xa1P\x08/\xbe\xf8\x22\xbc^/\x1e<x\x80|\
>/\xda+\xe1\xeb\xf6\xf6v\x5c\xbe|\x19g\xcf\x9e\
E\xb5ZE*\x95\x82\xd3\xe9\x94\xd0\xcd\xd1\xd1Q\xec\
\xef\x1f$Ub8 \xdfE\xcd_3<\xe0\xd0\xec\
\x13\x8dFq\xfc\xf8qD\x22\x11\xd1\x90\x97\x97\x97\x11\
\x8f\xc7199\x89\x99\x99\x99\x1aSa\x7f\x7f?\xfa\
\xfb\xfb\xd1\xd2\xd2\x82L&S\xa3\x10p~\xb4\x80\xed\
\xf1x$d/\x18\x0cJ\xca`\xee\x0b&\xbb\xe29\
\xdc\xd9\xd9\xc1\xea\xea\xaa\xa4\xc1f\x9e\x84H$\x22u\
54\xe1ff\xc3\xdf\xfd\xeew\x98\x9e\x9e\x163T\
<\x1e\x97\xda\x08\xf4\x16\xd7\xb4\x86h\x14\xd77\x99L\
\x8a\x93\x1d\x99\xf0\xc6\xc6\x86T\xde\x9b\x9e\x9e\xc6\xce\xce\
\x8eD\xeah\x8f}25\x9e\x09\xcd\xb0\xf4\xd9\xd6J\
\x88\xfe\xcd\xfdb\x15\x99\xa1\xcf\xadV\x8c(P\xf0{\
\xfd\x0c\xfe\xad\xa3\x84\xb8~zO\x9bJ\x90\x16\x10u\
\xd3\xfd\xa6\xb6L\xf4\x87\xbe\x1a\x95J\xa5&U\xb66\
ar}\xb9\xef\xd8\x7f\xa6\x1f\xd6>WZ\xe9\xe3~\
\xe5{\xd9\x88\xach\xdae\x9a\x22\xb4\xc3\xa0V\x86\xb4\
\xd0\xc5\xbd\xa0\xcd\x0dVB\xb2>\xd3V\xb4\xe1\xcb0\
z}\xbdy\xafI\xeb\xf9\x7f\x83\xcdf{\xb9Z\xad\
\xbe\xaco2\x19\xeb\x97\xf9\xccJB2\xbf3;h\
6\x1et\xddi\xbdy\xea1\x7fS\xf2\xe4\xfbLB\
j2dm\xbb\xd4\x02\x81F\x1d\xa8\xad\xb0\x7f\xd4\x5c\
\x19n\xc2k\xb5vKf\xd6\xd9\xd9)\xa9A\xb5p\
`Jw\xba\xaff?y\x8f\x09\xa5\xe9u\xd0\x1bF\
\x0b\x0e\xfa{\xab\x83lJ\xff\x14dt\x0a^je\
\xac\xacGg2\x8d\xc6p\x0c\xe6\xc6\xd5\x92\xb0\xfe\xe1\
\x5cQ\xc0\xaaV\x0f\x8b\x15\x01\xb5\x8c\x90\xf3\xa2!B\
\xc6\x0b\x93\xc0\xb6\xb7\xb7\xc3\xeb\xf5\xc2\xef\xf7#\x1a\x8d\
JB\x1cF1d\xb3Y\x11b\x1c\x0e\x87\xf8\x88P\
0\xe0^\x00 \x04\x98\x04\x80\x9f766\xa2\xb3\xb3\
\x13\xa3\xa3\xa3\xf8\xcaW\xbe\x82+W\xaeH\xd8\x97\xdf\
\xefG>\x9f\xc7\xfd\xfb\xf7Q\xa9T022\x22I\
[\x00\xe0\xc1\x83\x07\xf8\xd5\xaf~\x85\x0f?\xfcP\x8a\
\xf3p\x0d(P\x92`Y\x1d~\xcd\xec\xb8\x96\xba_\
\x1e\x8f\x07\xe1pX\x186\x85\xb3j\xf5\xc0\x9b\xdb\xed\
vcpp\x10ccc\x12\x93\x9eH$j\x0aO\
e2\x19\xc4b1\x0c\x0f\x0f#\x10\x08 \x99L\x22\
\x1e\x8f\x0b\x9c\xdd\xdb\xdb\x8b+W\xae\xe0\xec\xd9\xb3\x08\
\x87\xc3\xd2\x0f\xd6j\xa0\x1dZ\x13U\xb7\xdb\x8d\xfe\xfe\
~\x0c\x0f\x0fK\xe5\xbfR\xa9\x84\xf9\xf9y\x11\xe0\x98\
i\x90\xc4\x99\xf5\x0d\x8e\x1e=\x8a\xc6\xc6Fd\xb3Y\
\xf1\x09\xe1\xfc0,\xad\xbd\xbd\x1dccc\xb8|\xf9\
2^y\xe5\x15\x9c<yR\x10$B\xbdL\xfdL\
\x13S\xa5r\x98\xdf\x9f\xf9\x1f666\x10\x89D\xd0\
\xd0\xd0 )\x8d\xb7\xb6\xb6\x90N\xa7%\x14\x8e\xb5\x05\
\xbc^/*\x95\x0a\x96\x96\x96$r\x80I\x8bXs\
\x83Z\xbb\xa6E\x84\x82\xd7\xd7\xd7a\xb7\xdb\xa5\xd8\x12\
\x11\x0c:\xc2nnnbeeE\x10\x22\xee\x15\xad\
\x1cP\x90\xe5|\xf3;\xad\xb1\x02\x90\xf3\xa4\xbd\xf7\xb9\
'\x85\x014\x1cV\xcd3\x05\x04\xbd\x17\x99\x1eW3\
7\x9eI\xa2\x1d\xa4\x8d\x9a\xd9Y=\xcf\xa4\xcd\x9a\x0e\
\xf0\xcc\x97\xcbeY\x07\xa6\x15\xe6\xbef\x8aa\x9a\x99\
tT\x18\x99>\xcf\x15#\x9c\xf4y\xe2\xb9\xa1s\xac\
6k\xb1\xe9\xf3hB\xf2\x1aQ\xd0v|\xf6\x85\xd7\
h\x86\xaf\xe9=\xcf\x0b\xe7\x86\xc2\xa0f\xd4\xfa|\x9b\
\xf4\xdcd\xf8\xa6\x10h~\xa6\x9fg\xf2\xe1F\xab\x0f\
\xcd\x17\xe8\x8d`e\xaf\xd0\x04\xca\xd4\x00u3\xa5M\
=1\xa6\xe4\xa8\x9f\xa1a|+\x8fy+\x81@?\
\x1b@\xcd}\x9a\x88\xf2\x90Y\xbd\x97\xe3\xaeT*\x02\
{\xb2H\x08\xffohh@[[[M%\xac\xf6\
\xf6vx<\x1e)}Y.\x1f\x14\xcb`\x8er\xc6\
\xd7s\xc3\xe8\xecl\xdc\xc4z.\xcc\xf1>\x0bI\xd1\
\x88\x06\xd7GoZS\xf0\xd0(\x83\xb6+\x97J%\
\xb1\xaf\xd3\x91\xca\xe1p\xc0\xe9tbggG\xd2\xe5\
j\xc9\xd9\xec\x0f\xe7N\xe7\x17\x00\x0eK\x8fr\x1d\xe8\
w\xc0D<\xdc\x0b.\x97\x0b\xa1P\x08\xe1pX\xb2\
\x85\xd1~\xcf\xaah\x9d\x9d\x9d\xe8\xee\xee\x86\xc7\xe3\x11\
?\x80J\xe5 Gy*\x95\xc2\xf2\xf22\x12\x89\x04\
R\xa9\x14\xf2\xf9\xbcd\x97\xcbf\xb3H\xa5R\xd8\xdc\
\xdc\x14\x1f\x83P($\xb5\xe4\x19\xf7\xcc\xd4\xb4\xacl\
\xc7q9\x9dN\xf4\xf5\xf5\x01\x00n\xdc\xb8\x81\x9f\xff\
\xfc\xe7\x98\x98\x98@cc#~\xf6\xb3\x9f\x89mr\
ww\x17\x89DB\xe0a\xce\xb1F\xb8HL\xb5@\
\xc95\xa6\xa0\xa4?\xd7\xe7\x91\xfb\x98edi\xea\xe0\
sgffp\xf7\xee]\x5c\xbbv\x0d\xaf\xbc\xf2\x0a\
\x06\x07\x07\xd1\xdf\xdf\x8f\xff\xf9\x9f\xff\xc1[o\xbd\x85\
\x07\x0f\x1e\xa0\x5c.ctt\x14sss\x88\xc5b\
p\xbb\xdd\x88F\xa3\x98\x9b\x9b\xc3\xf5\xeb\xd7\xb1\xb9\xb9\
\x89\xde\xde^<~\xfc\x18\x9d\x9d\x9d\xb0\xd9\x0e\xfc6\
N\x9f>\x8d\x86\x86\x06\x11(fff\xa4\x1a\x1e\x9d\
\x0a/_\xbe\x8cX,&\xf3\xb8\xba\xba\x0a\x9b\xed\xa0\
\x0a#\x93\xfb\xe8\xbd\x19\x0c\x06\xd1\xd8\xd8(\xb1\xfe\xf7\
\xef\xdf\x97p42\x89H$\x82\xcb\x97/\xe3\xf4\xe9\
\xd3\x22\x88\xd3\x06\xee\xf5z\xd1\xd8\xd8\x08\x97\xcbUc\
\xd6\x9b\x98\x98\xc0\xbd{\xf7\x90\xcf\xe7\xb1\xb6\xb6\x86l\
6\x8b\xdd\xdd]\x8c\x8f\x8fc||\x1c\x91H\x04\x8b\
\x8b\x8b\xd8\xdd\xdd\x15\xa1\x9d\xe9\x8f\xed\xf6\x83\xd0\xd8\xfe\
\xfe~x\xbd^LMM\xe1\xe3\x8f?\xc6\xde\xde\x1e\
\xc6\xc6\xc60>>\x8e\x81\x81\x01|\xff\xfb\xdf\xc7\xf7\
\xbe\xf7=lll`rr\x12\x9f|\xf2\x09\xee\xdd\
\xbb'\xd5\x13\xb9\xdf\x83\xc1\xa0\x9c\x89H$\x823g\
\xce\xc0n\xb7\xe3\xc6\x8d\x1br\xbd\xcdv\x90\xc4\x08\x80\
\xec\x1b2\x03B\xf0\xa6\x8fOkk+Z[[\xc5\
)\x8dLE\x9b\x02\xb4\x17<\xf7\x886\x19\xd0\xcf\x82\
Y;)\x80ha\x83{\x93\xef\xa5f\xac\x15\x1d\x93\
1\x93\xae0\xdc\x8e?\xda\xa7\xcb\xf4\x0d\xd0\xe6\xadr\
\xb9,r\xbf}S\x00\x00 \x00IDAT\xe7\x8f\
\xc8\x1b\x99<p\x18\xee\xad\xab\x12rLZ\xb9\xa3R\
C!M\xbf\xafZ\xad-\xf2\xa3y\x1a\xf9\x04\x05\x0c\
\xcd\xb38\x1f\xda\xa4\xa7Q\x08\xf6\x81g\xd7\xca\x01\x90\
k\xa6\x910\x93\xa7j\xff\x1f}\x8d\x15\x8f0\xf9\x82\
\xa9\x94\xf3\x9a\xa7\xc2\x00M&\xad\x07\xf6\xac\xa6%\x17\
+\x81\xc2dR\x9a\x88\xe9\x0e\xea\xf7\x9a\x82\x85&\x80\
\xfa\xd9\x84\xed\xcd\xe7\x99\xcf\xd5\x0e\x1b\xdc\x08V\x92\x1d\
\xdf\xab\xe3*)\xa5R*\xd5P\x5c\xb5z\x00;\x13\
R\xa6\x84\xca\xcd\xc2\x0c_\xfc\xc9\xe7\xf3\xc8\xe7\xf3R\
\x11\x8dc\xd0^\xb9Z\x10\xd1\xf3\xa7\x17O\xcf\x97\xb9\
\x11\xf8\xbf\xf6\xe6\xe6\x1cY\x99*\xf87\xe7gww\
W\xe2\xf0\x01\x08\x04g\xb7\xdb\xe1\xf5za\xb3\xd9\xc4\
;[;]j\xa1\xcdj\x0d\xb5p\xc2~0F[\
k1\xb4o\xe7r9)F\x02@2\xef\x0d\x0d\x0d\
\xa1\xbd\xbd\x1d\xf7\xee\xdd\xc3\x1bo\xbc!\xce>\x5c7\
\xc6\x0f\x97\xcbeI\xc4\x92H$\x90H$dO\x9b\
E\x93\xe8\x8b\xa0\xab(\xda\xed\x07\x19\xedN\x9d:\x85\
K\x97.Y:\xf7\xf9\xfd~|\xf7\xbb\xdf\xc5\xf9\xf3\
\xe71;;\x8b\xbbw\xef\x8aG8\x89\xaa\xce@f\
\x9e3\x9d\xf5\x8f\xeb\xa1\x09\x81\x9e;\x12T\x8d\xd8\xa4\
\xd3i\xd1>\xe9#\xc1y\xa4\xc3\xdf/\x7f\xf9KL\
NNJ\x84\xc2\xab\xaf\xbe\x8ak\xd7\xae\x09\xacz\xef\
\xde=LNN\xc2\xe9tb||\x1c>\x9f\x0f\xa1\
P\x08\x03\x03\x03\x98\x9b\x9b\xc3\xea\xea*VVV\x84\
\xc0655I*_\xbb\xdd\x8eP(\x84r\xb9,\
\x8e\x99\xe5r\x19\xdf\xfc\xe67q\xf5\xeaU\x89\x91g\
\xe6E\xce/\x1d\xf3\x8a\xc5\xa2\xecO\x0a^\x5cK\xad\
M\x06\x02\x01\x1c=z\x14\xc7\x8e\x1dC\x7f\x7f?\x02\
\x81\x808\x1fV*\x15IC\x0c@j\x1f\xdc\xbf\x7f\
_L\x16\x9c\x0f\x86\xd6\x1d?~\x1cW\xaf^\xc5\xe9\
\xd3\xa7E\xa8\xd5\x09{\xb4\xd0\xc1=\xbf\xbc\xbc\x8c\xfb\
\xf7\xef#\x91H\xa0Z\xad\xe2\xa3\x8f>\xc2\xe4\xe4$\
\xa2\xd1(z{{\xc5q\xed\xe8\xd1\xa3\x08\x06\x838\
u\xea\x14\x96\x97\x97%9S6\x9bE2\x99\x94\xf2\
\xc5D\x1c\x22\x91\x88\xbc\x83{\x86Y\xfeLf\xa2#\
\x98\xb8'\xb4\xc6J\x1aB\xe4\x92\xf3h\x85*r\x9f\
1L\x90\xe7V3,\xbe\x7f\x7f\x7f_P\x05M/\
(0h\xfb\xb7\x95\xb6O\x1b\xbf\xbe\x97\xfd0\xb5t\
\x0a\xd0\xcc\x05@\xe7k\x87\xc3!(\x06\xf7\x08!~\
\x9b\xcdV\x13!\xa0i\xba>[\xec\xa7\x8e\xac\xa0\xa9\
Q\x0b-\xbc\xde\x14\xb4\xb4\x1f\x81\xa6s\xec\x0f\xf9\x11\
\xf71\xd1D\x8d2h\x93\x94\xbeW\x0bP\x9c\x1b=\
\xdf\xa6\x92n\xc5\xaf\xf5\xf7&\xdf6?\xb7,\x07\xac\
/\xb6\x12\x0a\xcckM\x8dT\xff]\xef\xd9\xe6\xf7:\
lD?WO\x92^@\x1e\x02}0\xf43\xf5{\
LiS3\x19n\x14+\x14\x81MohJ\xd0\xdc\
\xf4\x1af\xe3\xc6$A\xdf\xd9\xd9\x91D\x1c\x8c\x05\xf6\
\xfb\xfdp\xb9\x5c\xe8\xe8\xe8@*\x95B*\x95\x92M\
\x0b\xd4&\xd41\xe1|\xab\xf6,\x94E3^\xedg\
`\xa28\xe6Z\xd2\xb9\x8a}ae9\xde\xc7T\xad\
{{{\x92\x22\xb5\xde\xdck\x14E\xcf'\xaf\xd5\x12\
8\xdfoz\x90\x13V\xa4cT{{;\xfc~?\
Z[[\x85\xe0OLL`~~^\xfaM\xad-\
\x16\x8b\x89\xb3`\xb9\x5cF<\x1e\xc7\xd2\xd2R\xcd\xe1\
\xd56{\xbd\xd6n\xb7\x1b\x91H\x04\xc1`P\xf2\xde\
_\xb8p\x01\x9d\x9d\x9dr}\xa5r\x90\x0f\xa0\xab\xab\
\x0bv\xbb\x1d\x0b\x0b\x0b\xf8\xe3\x1f\xff\x88w\xdf}\x17\
w\xee\xdcA:\x9d\xae\x89\xf77\x19:\xc7\xa9\xcf\x82\
F\xa04\x91\xd5vp\xf6\xb5Z=\x0cY\xd5\xb5\xe2\
\xf9LjUw\xee\xdc\xc1\xed\xdb\xb7122\x82+\
W\xae\xe0\x95W^\xc1\xd8\xd8\x98\xec\xcf\x8b\x17/\xe2\
\xb7\xbf\xfd-\xee\xdd\xbb\x87\xbe\xbe>\x99\xdb\xae\xae.\
\xc9\x9d\xe0t:\xe1\xf1x\xb0\xb3\xb3\x83\x99\x99\x19\x89\
\xdbw\xbb\xdd\xb2V>\x9f\x0f~\xbf\x1f\xe5r\x19\xc3\
\xc3\xc3\xe8\xec\xecD2\x99\x14h\x9bI\x9c\x00H\xb2\
\x17\xf6Q\xff&\x04^.\x97\x11\x8b\xc5\x10\x89D0\
00\x80\x91\x91\x11I\xe7\xeb\xf5z\x01\x1c\x9c=\x8e\
#\x95Jauu\x15\x0b\x0b\x0b\x22\xd40\xf9S\xa5\
R\x11F\xe7\xf5zq\xe1\xc2\x05\x9c?\x7f\x1e\xa1P\
\x08\xf1x\x5c4\xf3B\xa1 \xe1yt\x22\xf5\xf9|\
(\x95Jx\xf8\xf0!\x9e<yR\x039?y\xf2\
\x04SSSp\xb9\x5c\xe8\xeb\xeb\x93\xfa\x07^\xafW\
R\x1b\xf7\xf7\xf7K\xe9\xdc\xde\xde^\xb4\xb6\xb6\x22\x9b\
\xcd\xe2\xce\x9d;\xc2\xe0\x80\x83\xa4C\xfa\x1cq/\xe8\
\x1a\xf7\x5cw\xcddMZMdM\x9fw\xcd\xf8\xb5\
f\xce\xfdb\xc2\xfa&=\xe4\xfb\xa8Li\x07;\xbd\
\xbfM\xa6\xa5\xa3]\x88|\x9a{\x9d\xf4\x9b\x15 )\
\xccU\xab\xd5\x9a\x12\xbcL\xa7L\x9a\xc0\xfd\xaf\xcf\x84\
\xa6\xf1\x9a\x87h>\xa0\xe7W\x9b@\xf8\x0c\x9em\xf3\
:\x8e\xc9\xe4\x0f\xe6\x5c\x994\xd6\x8a7\x9a4G\xcf\
\x85VL\xb5\xc2d\xae%\xff\xd6{\xc6\x14\x0e\xf4u\
\xfa\xfd\xd5j\xf5\xe90@>L;D\x98Z\x89^\
p\xf3\xa1&\xa36\x07\xce\x01\xebwR{\xa64G\
\x1b\xb4\x9e<\xbd\x08ZS\xd4\x12\xaf\xb9\xd9\xf4b\xf2\
{s\x0c\x5ch2t\xe0\x90\xc9\x9b\x8b\xcb\xe7k;\
\xa7\xce\xd0eJ\x9a\x94\x8aY\x91\x8f\xe3\xa4\xdd\xd6\xe9\
t\xa2\xad\xad\x0d+++5!T\x1c+\x11\x0b\x93\
I\x9a\x9b\xcdJ\xc02\xaf7%G\xf3YV\x92\x22\
\x09\x13\x9d\x92\xe8L\xc59\xe9\xe8\xe8@\xb1X\x14H\
NK\xc3\x1a!\xd1\xfb\x82\x0ek\xa6\xf4\xac\xd7\x87\xe8\
\x0cm\xae\x0c\xff\xa1}^{\xb23\xd7;=\xa6\x19\
\xa9@{?K\x97\xae\xac\xac`mm\x0d\xeb\xeb\xeb\
\xc2\x5c\xb4\x06e\x0a\xa1\xb4i3\x11\xcc\xf6\xf6\xb6\xc4\
f\xbf\xf8\xe2\x8bp\xbb\xdd\x00\x0e\xbc\xfb\x13\x89\x04\x9c\
N'\x82\xc1 b\xb1\x18\xfe\xf2/\xff\x12\xa3\xa3\xa3\
\xf8\xf8\xe3\x8f\xf1\xc9'\x9f\xe0\xd1\xa3GR\xf2V\xef\
)\xcd\xa4\xb9\x9f\xf4z\xf1z^\xa7\xf7\x85)l5\
4\x1c\x94`\x0d\x06\x83\x92\xe5\x906z\xda\xbf\x13\x89\
\x04\xae_\xbf\x8e\xd9\xd9Y\xdc\xbbw\x0f\x97/_\x96\
\xb2\xc0\xc1`P\xd2\x15;\x1c\x0e\xa4\xd3i\x5c\xbbv\
\x0d\xbb\xbb\xbb\xf8\xc3\x1f\xfe\x80\xdd\xdd]\x04\x83A\xf8\
\xfd~T\xabU|\xfd\xeb_\xc7\xda\xda\x9a\xc4\xefO\
MM\xe1\xc9\x93'hjj\x12\xa7\xbcd2\x89B\
\xa1 \xc5\x83R\xa9\x94d\x1a\xccf\xb3R\xf1N'\
\x9d\x01 \xb5\x06FFF\xf0\x8do|C\x8a\x0b\x01\
\x90\xfd\xc8\x8ap\xfb\xfb\xfb\xe2\xbc\xf7\xc5\x17_\xe0\xfa\
\xf5\xebx\xfc\xf8\xb1d\x0c\x04\x0e\xe3\xc6I\x1b\x1a\x1a\
\x1a0::\x8a\xabW\xafb||\x5c\x12&E\xa3\
Qx\xbd^,--I\x81 \x97\xcb\x05\xaf\xd7\x0b\
\xaf\xd7\x8bx<.1\xea\xda\x9b\x9e\xccs}}\x1d\
\x8f\x1e=\xc2\xc3\x87\x0fEp\xf5\xf9|\x18\x18\x18\xc0\
\xf0\xf00N\x9d:\x85\x1f\xfc\xe0\x075\xe7lrr\
\x12\x1f\x7f\xfc1\xe6\xe7\xe71==-&\x11\x0a\xb0\
D\xb1H?L[.\xe7\x8d\xf4\xc6d\xb4\xc0a\x01\
\x1eM?\xb5FN\xc6\xc2g3\x9cV#\xaf\xc0!\
*@a\x84\x8d\xcf\xa4@\xa1i\xb3)\xf4\xd2D\xc7\
\xeb(\x90U\xabU9\xcf\xe1p\x18\xed\xed\xed5(\
\xde\xc6\xc6\x06:::D\x88#\xad\xd0\x99\x01u\x14\
\x0di3\xdf\xc5\xfbL\xfe\xa0\xcd\x92Z\x08\xe1\xdcP\
\x19\x11\x8d\xb9\xf10+(\x7f\xb4\x92\xa6\xe7QC\xff\
Z\xfb\xe7\xf5Z\xa0\xd7>\x13\x1c\x8f\xd5\xdck\xbam\
>W\x7f\xa7\xaf!me\xab\x11\x14\x01\xbc\xfc\xbf?\
O=\x5c\xff\x98R\xcb\x97\xf9\xdb\xb4g\xf0{S\x92\
\x22\xe4le\xf70\x05\x0b>C\x7ff\xa2\x06z\xb0\
&\xece2<\xfd\x8cr\xb9\x5c\xc3\xfc9\x06\xf3\xd0\
q\xd2M!Ig\x14\xacT*b\xdbf\x1fvw\
w\xa5N7\xe1&&!q\xbb\xdd5\x02\x85\x16<\
\x9eg\x82\xa9'\xf1Y\xad\x89\x16\xf0\xc8h\xf9\xc3\xcf\
L\xa9\x93\xcc\x95\xce>\xb4\xb7\xb9\xddn\xe97a_\
\xb3_\x9c\x0b\x9a84|f\xb5q\xb5\xc6\xd3\xde\xde\
.0\xa0\xbe\xcfn\xb7K\xad{\xee\x1fB\xb8\xf4\xc8\
\xee\xe8\xe8\x90D8n\xb7\x1b{{{\xc2\x84ho\
\xd3\xf3@\x22\xa1\x0f\x22\xfd9\xc6\xc6\xc6\xf0\xe3\x1f\xff\
\x18\x7f\xfd\xd7\x7f\x8d\xf1\xf1q\xd16\x01H}\xf7x\
<.\xe9_9\xb6@ \x80\xbe\xbe>\xb4\xb5\xb5\xa1\
P(H&;\xbd\xa6\xa6 Lfh\x0a\xd1\x5c\x0b\
\xce!\xfb\xa8MP\x1e\x8f\x07\xc1`\xb0&\x5c\x8e\xeb\
Z*\x95d~\xd6\xd7\xd7\xb1\xb0\xb0\x80\x89\x89\x09|\
\xfa\xe9\xa7\xb8u\xeb\x96\xf8Httt\x08\x1cMM\
\xec\xf4\xe9\xd3\xe2ga\xb3\xd9\xd0\xd6\xd6&6m\xa7\
\xd3\x89p8\x8cX,\x86X,\x86\xde\xde^\x9c8\
q\x02}}}hll\x942\xc1d\x8a\x91HD\
\xca\xf5\xb6\xb7\xb7\xd7\x94\x14\x8e\xc5b\xb8x\xf1\xa2\xc0\
\xfb\xad\xad\xad\xe8\xe8\xe8@OO\x0f\xecv\xbbT4\
d1'\x97\xcb\x85\xa5\xa5%\xbc\xf5\xd6[\xf8\xf5\xaf\
\x7f\x8d\xb7\xdf~\x1b333\x92\xe5\x91\x02\x85Fx\
8\xef\xa3\xa3\xa3x\xe9\xa5\x97\x10\x8b\xc5P\xadVk\
r>0\xba\x87f\xa1\xc6\xc6\x83\x1a\x15\x99LF\x1c\
\xf4\xc8\xecX\xb4F\xa3.\xb4]3\x82bccC\
\xfc\x13.^\xbcX\xb3\xe7;;;\xc5o\x82\x02n\
6\x9b\x95\xb5\xa6\xef\x89\xf6\xa1\xe1\xf9\xe0\xff\xda\x9f\x89\
{\x98\x82\xb4f\x8aZ+\xd6\xb6h\xady\x92\x11\x92\
\xe1\xd0G\x89tR?O\xefS\xf3o\x93\xcek>\
\xa0\xd1HMC\xe9\xcfAE\x89kGE$\x95J\
\xd5\x84\x84r\x9e[[[k\x9c\xfdt\x5c?\xdf\xaf\
\x91\x0d\x9e\x1f\x8e\x17\xb0vb\xafT*2^mr\
\xd1(\x82\xa9\xb9k&\xcfy\xd0\xff\xeb\xcfL\x1a\xc0\
\xf5\xd3\x91\x15&?\xd3\xf7\xff9\x8a\xa0\xc9K\xd9\x9e\
\x8aWz\xd6C\xac\x98\xa8\x95\xd6\xaf'\xd4d\xce\xe6\
\xc04\x92@[\xb2\x1e\xcc\xb3\x18\x9f\xbe\x86\x8baj\
\xf8z\x13\x00\xb5q\xb3V\x13\xa9%\xd6z\xef\xe25\
\x94\x0e\xf5\xa6\xd1\x95\xa2(\x10P\x82\xd7\x1e\xed\x94\xfe\
\xf897scc\xa3\x14l1\x05/s\xc1\xad\xe6\
G\xcf\x81\xa9\x85k\x22\xa5\xff\xe6<\xb1r\x1b\x19\xee\
\xce\xce\x8e\xa4\xec\xa5\x10@\xa4\x84\xcc\x93\xf1\xf8\xbaF\
\xb7\xee\xa3\x09Y\x99L\xcfj\xbf\xf1\xc0j\xa4\x85D\
`kkK\x1c1\xb5\xe0h\xaeWKK\x0b<\x1e\
\x0fB\xa1\x10\x5c.\x17\xd2\xe9\xb4\x08\x0a&\xbc\xa9\x99\
*\xc7\xd5\xd6\xd6\x86\x93'O\xe2\xd5W_\xc57\xbf\
\xf9M\xc4b\xb1\xa7\xfa\x09@\xae\xf5\xf9|\xa2\xcd\x96\
\xcb\x079\xd1\xfb\xfb\xfb1::\x8ac\xc7\x8eax\
x\x18o\xbf\xfd6n\xdf\xbe\x8dt:]\xb3\x97\xd8\
\xb4\xddQk\x1c\x1aU\xe2\xdai\xad\xa3\x5c>(I\
\xbb\xb4\xb4$\xc8G[[\x1b<\x1e\x8f\xe4H Q\
\xb5\xd9\x0e=\xae\x99=q{{\x1b\xcb\xcb\xcb\xf0z\
\xbd8r\xe4\x08\xae^\xbd\x8aX,\x86J\xe5 \xc4\
\x8eE\x86B\xa1\x10\x00Hf;\xf6]\x97\x9b\xd6\xb1\
\xeb\x0c\xf7+\x14\x0a\x12\xd3o\xb3\xd9\x10\x0e\x87\x11\x89\
Dd\xcdr\xb9\x1c\xce\x9c9\x83\xf3\xe7\xcfK\xb8\xa0\
\xddn\x97\x1c\xf9\x8c\xe8\x88D\x22hjjB>\x9f\
\x17m\xf9\xc1\x83\x07\x98\x99\x99\x11GA\xae\x9f)h\
j\xe6\xe3p8\xd0\xd9\xd9\x89`0\x08\xe0\xc0\xaf\xc4\
\xe7\xf3I\xcakf\x9f\xd3\xa5m\xc9\x9c\xf9l\x93\xe1\
\x92q\x11\x1d\xd0\xeb\x93\xc9d\xc44c\xd5J\xa5\x12\
<\x1e\x8f\x9cU\xcd\xd85\xe2f\x86\xbbr\xed\x89\x5c\
R8\xd6J\x8dF\x954\xad\xe5\x19\xe0x4\x22\xa5\
\x151\x0a\x0a\xbc\xd7D\x12\xd8\xc8$\xf5\xffZ\x10a\
\x9f)\xd8\x984\x97\x91U.\x97K\xcc\x17\xe4\x09[\
[[R5\x90\xb9\xf8\x01H4\x8f\xa9i\xeby\xa6\
\x80Om^\xd3#\xddGm:\xd0\x0a(\xfb\xa7\xe7\
\xd2\xcaQ[\xd3>+\xc6\xac\xcdy\xf5\x98u=\x8d\
]\x7fn>W_c6S\xc9\xb5\xe2\xa9\x8dz\xa3\
\xea\x07=\x8b\xf1j\xa9\xd1\x84\x1b\xf4\x8b\xac4W-\
-=k\x22LI\xc5\xaa\x99\x88\x80^x-\x81\xe9\
\xbf\xf5\xbb\xad\x18\xac\xc9\xd0\xb5\xa4\xc7\xc3\xc8\xb1\xe9\xbf\
\xb56\xc9\x83\xa0C\xd7\xd8'\xfd\x0c\xad\x11\x03\x07\x9e\
\xe5\xd1h\x14\xd9lV\xbc\xc6\xb5\x94i5_\xa6d\
\xa73OQS\xd7!:\xd4\x0eI\x08y\x80X\x84\
\x849\xe1\xe9\x98\xb7\xbe\xbe\x8eL&#\xf1\xd8Z\xfb\
\xe4\x81\xa6\x14N\xc8M\xaf\x8d\xd5\xdf\xfa@p\x0cz\
,,\xdf\xaa\xeb@\xec\xee\xee\x8aS\x94\xcdv\x10N\
\xb6\xbe\xbe^SJ\x98\x907\x13\x800w\x01m\xca\
:.[3\x06\xbe[\x0b\xaf^\xaf\x17W\xaf^\xc5\
w\xbe\xf3\x1dD\xa3Q\xcb\xfd7==\x8d\xd9\xd9Y\
\x09\xfb\xf4\xf9|R\xf4\xa5R\xa9\x08\xc2\xd3\xd9\xd9\x89\
\xe1\xe1a\x8c\x8f\x8f\xe3\x8d7\xde\xc0[o\xbd\x85\xa9\
\xa9\xa9\x9a\xc2:\xdc\x0fz-5\xfa\xc49\xd7\xe6\x02\
m\xbb\xdd\xdc\xdcD2\x99\x94\xb0DFEh\xe7C\
\xee\x0b]\x04\x85\x82@\xa1P@4\x1a\xc5\xd9\xb3g\
166&\x02\x9d\xdb\xed\x96\xb9\xa6\x99!\x1a\x8db\
kk\x0b+++p8\x1c\xd8\xde\xdeF\xb1X\x94\
\xcc|\x85B\x01\x1e\x8f\x07---\x98\x9d\x9d\x15\xc1\
\x9eB\x18}az{{%G\xfe\xa9S\xa7\xd0\xdf\
\xdf/E\x89\x88hp\xbf\x85B!\x94J%\xe4\xf3\
y\xcc\xcc\xcc\xe0\x9dw\xde\xc1\xc4\xc4\x84\xc4\xeak[\
\xb7>\xd3\x9c\x1f2e\x96\x04\xbep\xe1B\x8dPG\
T\xa1\xa3\xa3\x03v\xbb\x1d\xc9d\x12\xb9\x5cN\xce\x0f\
\xf7\x0f\xd7L;\xb4q_Sp%c\xe1\x1a55\
5\xa1\xab\xab\x0bN\xa7\x13\xd9lV\xd2G\xff\xeb\xbf\
\xfe+\x8a\xc5\x22\xc6\xc6\xc6Dh#L\xad\x99&\x11\
\x09\xfe\xcf\xb5\xd3^\xf8\xa4\x11\xd4\x84u\x18a\xb5z\
X@H#q6[\xad\xf3\x19\xf7\x87Y\x17\xc5J\
c%\xe34i\x90>\xef\xfa\x1a\xd3Tk\xf2\x06:\
\xaf\xf2\xec3\xf4\x92\xe6G\x8d\x98\xda\xedvI\xd6\xd5\
\xd2\xd2\xf2T\x1e\x0a\x22\x1d\xec\x1bm\xfc\xfa,q_\
\xe9\xb3g\x0a\x07&/\xd3tB+N\x9a\x8f\xf0}\
\x1a\x09\xe638\x07\xda7\xc3d\xf8ZP0\xf7\xb2\
\xe6\xb1\xfa\x9ez\xad\x1e\xff\xd4\xfc\xed)\x04\xc0d\xe2\
\xe6\x0d\x9axk-\xdbd\xd8Zj\xd4\xd7\xeb\xc93\
'\xd6\x1c\xa0\xfe\x5c\x7fg%\x80\xb0\xefz\xc1\xcc{\
\xb5\x97\xac\xee\xbf)9\x9b\x82\x81~\xbe\xf6b\xd5\x12\
\xb9\x0e\xd1\xd1!3\xb4M\xf1\x9d<\x98{{{\xb2\
\xe99\x07\x95JE\xc2\xcb\xa2\xd1(\x92\xc9\xa4\xe4\xae\
'Q1\x05\x14\x12\x18n~\x8d\x00Pb\xe7\xf8\xf6\
\xf6\xf6$\xaf\xb8\xd3\xe9|\x0a\x0e\xcb\xe5r(\x95J\
5P\x1c\xbd\xe2\xfd~\xbf0\xe1t:\x8d\xce\xceN\
\xb8\x5c.\x81\xc0\xd7\xd7\xd7\x85\xb8p\x0eL\xedC\xaf\
'ph\xdb\xd6\x8c\x97\xb6\x7f\xc6nk\x94\x82\xfd\xcd\
\xe7\xf3H&\x93\x08\x04\x02B,\x19G\x9d\xc9dd\
<,.R.\x97\xb1\xba\xba*\xb5\xd59?tj\
\xb3\xd9l\x92\xd4\x86k\x99\xcdf\xf1\xc6\x1bo\xa0\xbf\
\xbf\x1f\xaf\xbf\xfe\xba\xe5a\xda\xde\xde\xc6\x9bo\xbe\x89\
\x8f>\xfa\x08\x1e\x8f\x07/\xbd\xf4\x12~\xf8\xc3\x1f\xe2\
\xd8\xb1cO]\xdb\xd2\xd2\x82\xf3\xe7\xcf\xa3\xaf\xaf\x0f\
\xe1p\x18\xbf\xfc\xe5/177W\x93G\xdc<s\
$\xc0\x1a\xdd\xd0\x82\x01\xf7.\xd7\x9eez\x03\x81@\
\x8d}T3%3\xde\x1b\x808\xaf\x1d;v\x0c\xc1\
`\xb0FS\x9c\x9f\x9f\xc7\x9bo\xbe\x89?\xfd\xe9O\
p:\x9d\xf8\xcaW\xbe\x82S\xa7Na||\x1c]\
]]X\x5c\x5cD.\x97\xc3\xf2\xf22\xae_\xbf\x8e\
\x81\x81\x01D\xa3Q466bssS\x9c\x09\xb9\
O\x01H\x98[SS\x93\xe4\xe7'\x93\xf3\xfb\xfd\xa2\
\x8d\xd3\xee\xcfBK\xd7\xaf_\xc7\xfc\xfc<VVV\
$\xf5\xaf>\xf7\xfc\x9f\xe7\x84!\xab\x5cS\x0a\xe4\xc3\
\xc3\xc3\xe8\xfb\xdf\x10N6\x9a\x17\xda\xdb\xdbQ,\x16\
\xd1\xd0p\x90\xee\x99BCss3\x16\x16\x16$\x9d\
\xab\x0e3\xa3PO&\xc5|\x0c\x14\xbeZZZ\xf0\
\xf8\xf1c\xf4\xf4\xf4\xe0\xee\xdd\xbbp\xbb\xddX^^\
F[[[M\x89\xeb\xb6\xb66tww\x8b\x8fK\
cc#\x02\x81@\x8d\x0f\x0c\x11\x96\x8d\x8d\x0d9C\
\x9c\x83j\xb5*J\x03\xf7\x13\xb5_\x005y/4\
\x9d\xd3\x99\x15\xd9H\x974\x02`\x9a\x9e\xb4\xdd\x5c\xdb\
\xb5\x81Cs\x16\xdf\xc3k)XR\xe905i\x0a\
\x8b\x14\xfc\x89Z1\xcc\x93\xa1~\xe5r\x19\xa9T\x0a\
\xfb\xfb\xfbp\xb9\x5c\xe8\xec\xec\x14ZK\x7f2\x0a3\
<\xf3\xa6P\xc0\xfd\xb0\xb7\xb7'\x0a\x8c\xce\x88\xca\xb9\
\xd3h\x8f\xee\xb7\xe6a\xec\x1f\xed\xf7Z@0Q\x19\
\xce-\xd7A\xf3$+\xc5\x98g\xc5\x0cW\xb7\xe2\x95\
\xfa\xecj\x81\xccJq\x04,\xca\x01\x9b\xedY\x8cY\
o\xbcz/1a/S*\xb2z\xbf\xbeG\xbf\xd7\
$~&S\xd1Z97?'\xd6JB5\x9fc\
\xda\x83\xac\xe6\xc5\x5c4\x0d\x1b\x99\x15\xb7\xe8\x08\xc4\xef\
\xb4\x0dO\xf7\x8f\x0c\x13@\x8dm\xcb\xe5rass\
S U=g<\x84\xfa\xb7\xc9\x5cM'3\xf6\x93\
\x9a\x01\x85\x10B\xfa<\xe4\xd4\x18\xc88\xd8W\xc2\xc8\
$\xb0Z(a=t-$Pp\xa9\x87\x04i\xcd\
\xd4n\xb7\x8b\xf3\x17\xa5|\xe0\x80\x98onn\x0a\x22\
\xa2myD\x04\x98]\xcef\xb3\x89\xe70\x19\x0e\x91\
\x0c\x9d]\x8d\xef\xdd\xde\xdeF*\x95\x12A\x89\xe3\xe4\
z%\x93I\xfc\xf6\xb7\xbfE4\x1a\xc5\xa5K\x97j\
\xfa\x9f\xcb\xe5011\x81\xc9\xc9I\xa4\xd3i\xac\xad\
\xad\xa1P(`uu\x15W\xaf^\xc5\xb1c\xc7\xe0\
\xf3\xf9\xa4\xa2\x1d\xd7 \x10\x08\xe0'?\xf9\x09\x8e\x1f\
?\x8e\x0f?\xfc\x10\x0f\x1f>D\xa1P\xc0\xda\xda\x1a\
\x12\x89\x84@\x9d&\xcc\xa8\xf7\xbai\x7f\xe4\xff;;\
;\xa29\x01\x90\xd0@\x9dfY;\x84q?G\xa3\
Q\xbc\xf8\xe2\x8b\x18\x1f\x1f\xc7\xe0\xe0 \x06\x06\x06\x00\
\x00\xf7\xef\xdf\xc7G\x1f}\x84\xf7\xdf\x7f\x1f\xe9t\x1a\
\x95\xcaA\xb9\xe6\x8f?\xfe\x18\xa7N\x9d\xc2\xb7\xbe\xf5\
-\x5c\xbcx\x11cccX__\xc7\xf0\xf00\xde\
y\xe7\x1d\xac\xad\xad\xc1\xef\xf7\xe3\xe4\xc9\x93p\xbb\xdd\
\xc8f\xb3\x12w\xaf}I:;;\x05\xa5\xb2\xd9l\
p\xbb\xdd\xe8\xee\xee\x86\xddn\xc7\xc4\xc4\x04\x1e>|\
\x88\x87\x0f\x1fbaa\x01KKKH\xa5R5g\
\x9c\xe1\x7f\x1a)2\x09\xa8\xd6\xfc\x1b\x1b\x1b166\
\x86\xaf~\xf5\xab\x12\xce\xb9\xb9\xb9\x89\xc5\xc5E\x09\x09\
e?m\xb6\x83\xeax\xcc.899\x89\x8d\x8d\x0d\
9\xe3\x5c\x0b\xb7\xdb-\xb5\xe7y\x1eJ\xa5\x92\xd0)\
\x22Qccc\x92\xfb\xc0f\xb3\xe1\xe1\xc3\x87\x98\x9a\
\x9a\x82\xd3\xe9D*\x95\x92(\x9b\xd5\xd5U\xa4\xd3i\
\xd1vI\x17H\xfbt\x12\x1c\xa6\xc0\xd5h\x9cFB\
\xb4\x00\xae\xd3\xf7j\xd4\xcfn\xb7\x8b\xe0\xaba|\xad\
\xb0h\xbag\xd2}M\x7f\xf8.\xcd\xf8\x09\xd9s\xbf\
rO\x13\xd9\xe0\xfa\xd3!\x9a\xa1\xb7Z\xd0\xe2\x9a3\
\xcf\x07M\x80<\xd3\x99L\x06\xd5\xeaAm\x06\xa2\x91\
mmm\xe2<H:\xc1}B:K\xfa\xa2\x85\x1c\
\xed\x0fD\xc4\x87gQ+\x8c\x9a\x9ej\xe1\x88\xeb\xae\
\xcd\xbef4\x82\xa6\xcb\x14\xca\xac\x14]}\xf6Md\
U\xd3\x046\x13\x19x\x1eBP\xadZ\xd4\x02\xf82\
\xcdJ\x9b3;e% \x98\xcf\xd0\x10z=!\x82\
\xd7\xea\x89\xe0\xe4Y\xc1!V\x9bTK`\xfas\xe0\
P\x826\xc7\xa6\xc7\xa7\x99|\xbdqkB\xcc1\x99\
\x9fS\xda\xd6\xce[\xfa}<0:\xcf\x80\xc7\xe3\x11\
\xc8\x96\x1bE\x9b\x1a\xd8\x0f\xcd0\xb5\xbdJ\x7f\xa6m\
}d\xa6Z\x00\xe0A3\xbd\xeb\xa9\x9d1}/\x09\
\x1b}\x02hk'\xc1\xd8\xdc\xdcDGG\x87T\xfa\
\xd3\x99\xd1\xea\xcd\x1d3'2\xb6\x9bp\xfd\xfe\xfe\xbe\
\x94$\xd6\x04J\x8fO;_j\xa6H\x22B\x02m\
%\xacj\x8dH\xef)j\xcb\xab\xab\xab\xf8\xcf\xff\xfc\
O\x14\x8bE\xbc\xf0\xc2\x0b\x92M\xee\xd3O?\xc5\xaf\
\x7f\xfdkLOO\x8b\xd6\x95L&\xf1\xde{\xef\xe1\
\xee\xdd\xbb\x18\x1e\x1e\xc6\x89\x13'\xf0\xd2K/\xe1\xd4\
\xa9S5\xfb\xac\xa3\xa3\x03W\xaf^\xc5\xe0\xe0 >\
\xff\xfcs,..\x0aZA\xcf\xf9\xed\xedm\xac\xaf\
\xaf#\x9f\xcfK\xe4\x82&B\xda\xf1K\x13\x1f\x12z\
\xaf\xd7\x8bp8\x8cL&S\xe3\xe4\xc9f\xb7\xdb\xa5\
\xee\xfc\xd9\xb3g%I\x10C\xeb\x00`nn\x0e\x1f\
~\xf8!\xd6\xd6\xd6\x84\x10\x93\x89'\x93Id2\x19\
lnnbtt\x14\x91H\x04W\xae\x5cA[[\
\x1b\xfe\xed\xdf\xfe\x0d\xbd\xbd\xbdhkkC$\x12A\
\x7f\x7f\xbfd\xfc+\x97\xcb\x18\x1a\x1a\x82\xcf\xe7\x93~\
3\xcbd[[\x1b\x16\x16\x16\xf0\xf8\xf1c\xbc\xfd\xf6\
\xdb\xf8\xf8\xe3\x8f\xb1\xba\xba*{[\x13g\x13\x11\xe3\
Y\xe6>0\x05\x7f\xbb\xdd\x8e\xfe\xfe~|\xedk_\
\xc3\xe9\xd3\xa7%\xde?\x9f\xcfK\xf4\x02\xeb\x06\xd0\x0f\
\x87\xfb\x93\xcc\x86~\x06\xda\x8f\x86\xe7V\xaf\x87\xdec\
<\xc7L\xa6\xe5\xf3\xf9\xc4\xe7\x879\x15hB\xa1@\
\xde\xd7\xd7'\x0c\x88\xe8\x1a!z\x97\xcb\x85\xf6\xf6v\
\xd1T\xb5\xf0A\xe6\xc3~\x91nh%\xc44+\xb1\
\x99ap&\xfd\xe2\xdf\x1a\xb53\xfd\x89\xd8Gj\xd5\
\x5c_\xde\xaf\x85\x14\xed\x0f\xc5\x9c\x1b\xad\xad\xad5\xef\
\xe4\xdc\xee\xef\xef\xa3\xa3\xa3\x03\xed\xed\xedp:\x9d\xf0\
z\xbd5\xe8\x03}X\x98\xac\xcc\xe5r\xc9\xb3*\x95\
\x8a<\x9b\xcf\xa2\x19\x8a\xc2\x0f\xd12\xedK\xa1\xe7\x83\
\xf4\xd3\xe41\x9a/\x98<J\xef=\x8eG\xef\x17\xbd\
?4-\xe4\xf7\xdc\xcf\xec\x8f\x95\xc2l%\x04<\xaf\
i\xdag\xb3\xd9\xacM\x00\xfae\xa64\xa2;h2\
p\xddQS\xb0\xb0\x1a\x80\x16\x02\xea\xbdC\xdf\xcfI\
\xa76lf\x95\xd2\x0bD\xa9\x8dvo\xbdq\xf5\xe6\
\xa1f\xcb>\xeb\x1fn\x5c\x1e\x1aMl\xb5\x06\xaf\x17\
\x9c\x9b\xc5t\xa8\x01\x0e\xb5\x11\x00\x96B\x00\xc7F\xf4\
\x80q\xc8.\x97\x0b\xc5b\x11\xa9TJ |\x128\
\xdeG\xbb\x9e\x96R\xb9\xe1\xb5\x83\x0c\xfb\xa9\xb3l\xf1\
\xb0j8O\xff\xa6\xa3\x1b\x894\x05\x81\xb6\xb668\
\x1c\x0eq\xce\xa9V\x0fByXh\xc7\xe3\xf1`e\
eE\x98\x9av\x9a\xd46K\xa6\x8c\x1d\x1a\x1a\x82\xdd\
n\x17m\xb3Z=H\xabJ\xed\x8c\xda9\xb5\x5c\x12\
\xc4R\xa9$\x85kH,umu-\xc5\x9b\x04Z\
\xff\xad\x89\x14\xf3\xbf\xcf\xcd\xcd!\x95J\xe1\xc6\x8d\x1b\
hii\x9108\x86\xbfQXc\x08\xde\xd8\xd8\x18\
\xce\x9d;\x87p8,\x02\xdd\xe6\xe6\xa6x5\xd3\xd3\
\x9c\xcc\xf1\xfc\xf9\xf3\x88F\xa3b[oll\x14\xc1\
eii\x09\xf7\xef\xdf\xc7\xd4\xd4\x14&''19\
9)\x1e\xe2\xdc\x8bZ0eeC\x12=2s\xa6\
\xc5\xe5\xbeinnF4\x1a\xc5\x993g\xd0\xd5\xd5\
\x85k\xd7\xae\xe1\xfc\xf9\xf35\xe7\xed\xddw\xdf\xc5\xbb\
\xef\xbe\x8b{\xf7\xee\xd5\x98\xa0\x98\xbf~}}\x1d\x1f\
}\xf4\x11\xee\xdc\xb9\x83\xc1\xc1A\xbc\xfa\xea\xab\xb8r\
\xe5\x0a\xf6\xf6\xf60>>\x8e;w\xee\x88\x07\xbb\xcf\
\xe7C \x10@GG\x07\xba\xbb\xbbq\xec\xd81I\
\xa3\xbc\xbe\xbe\x0e\xa7\xd3\x89\x9e\x9e\x1e$\x12\x09\xbc\xf9\
\xe6\x9b\xc8\xe7\xf3\xf8\xec\xb3\xcf\xb0\xba\xba*\xe7W#\
\x22\x1aV\xd5Z\x15p\x80z\xf0\x0c\x91\xc9\x02\xc0\xc0\
\xc0\x00\xbe\xfd\xedo\xe3\xe4\xc9\x93\xb0\xd9l\x88\xc7\xe3\
\xe2\xa5\xcf9\x09\x85B\xe8\xe8\xe8\x90\xf4\xc7|f:\
\x9d\x16aL\x87\x00r\x7f\xea>\xd1\x09\xd4\x0c\x13|\
\xf8\xf0!\xf6\xf7\xf7\x11\x8b\xc5p\xee\xdc9\xfc\xc3?\
\xfc\x03\xee\xdf\xbf\x8f\x7f\xf9\x97\x7f\x11\xc6\xd6\xdb\xdb+\
\x82^<\x1e\xc7\x93'O$\xb1\x12\x00\xd1\xa4\xb9\xef\
\xbd^/\x0a\x85\x82\x84F\xea=\xcc1i\xd8^\x9b\
/I\xab\xb8\xa6\x14\xba\x09\xa3S\x8b'\xdd\xe3\xfe\xe5\
|\xf3\x0ckZ\xca\xf7hg=~N\x8d\x98}\xe3\
\x9e$\xf3\xd7\xbeQ\x8c\xac \xedb\x7fZ[[%\
W\x03\xfb\x91N\xa7a\xb3\xd9\xe4\xbc\xd8\xedvD\xa3\
Qtww\x8b/\x09p\xa0\xf1\xf3L\xd34C\x14\
\x94{\x85\x02\xae6\xef\xd8l6Ab\xf8\xbf\xa6w\
\x9c\x1f\xcd\x1f\x88R\x9a\x82\x04i)\x85\x81j\xf5\xb0\
8\x10\xff7\xfd\x824\xdaj*OV<R\xbf\xcb\
\x14\x1c\xf8\x5c\xcd\x9bkR\x01\x9b\x7f[\xfd\xcf\xcd\xce\
\x05\xd0\xccQo.-\xbd\x98\xcc\xd9\x841L-\xd8\
\xea\x9dz\x02\xb8\x08\xd4b\xb5\x86\xc3\x85\xd5\xd7\x9a\xc2\
\x83\xf6N\xd5L[on\x8e\xc1\xd4\x8e\xb9\x80\x5c\x5c\
=v\xed\xa4\xa5a9\xfd~\x1e2\x12-j\xe0\x00\
\xc4~\xae\xc7\xccwRC1\x19\x15\xc7\xa4\x0f\x8c\x9e\
\xf3z\x12\xa2\xb6\xf7\xe9gr\x13\x9b\xeb\xba\xb3\xb3\x83\
|>\x0f\xbb\xdd.\xda:C\xba\xe8\xbcDx\x97\x1e\
\xe1$.t\x14\xd3\xc8\x04\x09A{{;\xba\xbb\xbb\
\xd1\xd3\xd3\x03\xbf\xdf/\xf3\xbe\xb4\xb4\x84\x85\x85\x05\xf1\
\x81\xe0\xe6u8\x1c\xe8\xee\xeeF$\x12\xc1\xee\xee\xae\
\x14\xbd\xd1\x19\xfc4\xc4]\xadV\xe5\xe03\xc4\xd2\x14\
RM\x93\x0f\xe7\x82\xd1\x0f\xcc\xdf\xae\xd1\x8ah4\x8a\
\xd7_\x7f]r\xdc\x9303o\x01\x99\xc6\xf4\xf44\
n\xdc\xb8\x81p8\x8c\xc1\xc1A\x0c\x0f\x0f\x8b\xf6Y\
\xadV\x11\x0a\x85\xe0t:%t\xcd\xe1p\x883\x9a\
\xdb\xedFOO\x0f~\xf0\x83\x1f\x88\xa0s\xff\xfe}\
\xfc\xeew\xbf\xc3\xdbo\xbf-\x0ev$\x9e$\xc8\xd9\
l\x16\x99L\x06\xcd\xcd\xcd\x88\xc5b\x92\xa6W\xef\xd3\
\xd6\xd6V\x0c\x0f\x0f\xe3\xdc\xb9sO\x997\xf2\xf9<\
\xde\x7f\xff}\xbc\xfb\xee\xbb\x12\xde\xa9\x05JFS\xb0\
pT\xa1P\xc0\xcc\xcc\x0c~\xf5\xab_\xe1\xf8\xf1\xe3\
8~\xfc8._\xbe\x8c\xc5\xc5E\xd8l6\x11F\
\xc6\xc6\xc6\xc4\xd3;\x18\x0c\x22\x12\x89\xc0\xedvc}\
}\x1d\xbf\xf9\xcdop\xf7\xee]\x9c8qB\xf6\x0a\
\xa1T\x0ax6\x9b\xadF{\xd3\xe8\x1a\xf7\xbevx\
mllD0\x18\xc4W\xbf\xfaU\x5c\xbat\x09N\
\xa7S\x12W577#\x9b\xcdbcc\x03\xd5j\
\x15n\xb7\x1b\xe1pX\xa2\x16X_a~~\x1e\xef\
\xbf\xff>\xee\xdf\xbf/\xcc\x86g\x8a\x1a;\x05S\x0a\
\x04z\x9e\xab\xd5*<\x1e\x0f\xbe\xf7\xbd\xef\xe1\xda\xb5\
k\xe2x\xf8\x9b\xdf\xfc\x06\xd3\xd3\xd3\x92[\x81\xc2_\
OO\x0ffgg%\xd5\xb6\x0e\x1d\x05 \x88N{\
{{\x8d\x7f\x05\xe7\x89\xe7\x9at\x84g\xd8\x0c\x89\xd4\
\xb9;\xb4\x89\x90\x8c\x87\x0c\x8e\x8delM\xc6\xaf\xcf\
KcccM\xcac\xd3\xeb\xdef;Ho\xecv\
\xbb\xe1\xf3\xf9D\x89\xe0Y\xdb\xdb\xdb\x13s\x1e\x91G\
\x96\x85\xf6\xf9|\xb0\xdb\xed\xb2\x1f\x89\x0a\x16\x8bE\xa9\
\xc8J\xe7::o2Y\x98v\xd6\xa4pO\x84\x90\
\x91\x1f\x1a=\xd1\x0a\x95\xb6\xd7\x936\xd2dE\x84\x85\
\x82\x16y\x87V(\xb8'5\xcd\xd5J\x9a\xce6\xcb\
\xef\xf8[3p\xcdC\xf4u\x14\x1c\xf4\x1ck\xban\
\xc5k\xb9\xce\xd5j\xf5\xf9\x99\x00\xcd\xa6;\xa4\xaf3\
_\xa4a\x9fzL\xc8\xfcNO\x82U\x9f\xac47\
\x1d\x96b\xd5(\x09\x93\xa0h\xcd]\xbf\x8f\x0b\xac\xa1\
\x19\xbd\x08f?5\x13\xb1\xea\xabf\xc2Z\xd80\xaf\
\xa1o\x80&fZP\xe1\x184Z\xa15!nV\
\xb3\xf4\xe5\xb3\xa4Cm\xf3\xa2\xd0B!\x83\x84\x81k\
h\xce\xbb\xdd~\x10\xfb\x9c\xcf\xe7\xd1\xd2\xd2\x22\x02\x0c\
\xe7K3K\x00\xe2\xd4W\xa9\x1c85\x91\xd1\x91a\
\xd2\xf6G\xdbt\xa5RA\xa1P@2\x99\x14\xe4\xc0\
\x14\xbe(h\xb4\xb5\xb5\xa1\xa5\xa5\x05\xc5bQ\xb4\xa2\
d2\x89j\xb5*L\xa6\xb5\xb5U\x08\x8a\xb9\x97\xf4\
:\xea\xfd\xa3\x11$\xeec\x1edjp\x17/^\xc4\
\xb1c\xc7\xe0\xf7\xfb%v\x9bp,k\xdc\x03\x87\xe6\
\x09\xa6MN\xa5R\x92M\x90\xc2\x8e\xc7\xe3\x81\xc7\xe3\
\x91\xfa\x04\xac\xba\xd8\xd4\xd4\x84`0(}t8\x1c\
8\x7f\xfe<\xce\x9f?\x8f\xbf\xfd\xdb\xbf\xc5\xef\x7f\xff\
{\xfc\xd7\x7f\xfd\x97h\xe9\x1af\xe4\xfeill\x94\
|\x0d\xba\xfa\xe1\xc8\xc8\x08FFF\xd0\xd3\xd3\x83j\
\xb5\x8a|>\x0f\x9b\xcd\x86\xcd\xcdM\xbc\xf3\xce;\xf8\
\xe8\xa3\x8f\x90L&kl\xa4\x9c\x1b\x00\xb2\x0e\x14\xfc\
H\x80\x9b\x9b\x9b\xb1\xb5\xb5\x85\x81\x81\x011\x0b\x95J\
%tww\xa3\xb5\xb5\x15kkk5\xc4ryy\
\x19\x1f}\xf4\x11>\xf8\xe0\x03\x04\x02\x01\x89\xc7\xd7\xe5\
j\xc9p\xb8.,\x07\xcbu\xa3\xe6D\xc1\x80\x08\xc8\
\x85\x0b\x17\xf0\xfd\xef\x7f\x1f\xc7\x8f\x1f\xc7\xce\xce\x0e\xe2\
\xf18R\xa9\x94\x84(\xe6r98\x1c\x0e\x04\x02\x01\
I\xe2\xc3q1i\xd4\xdd\xbbwq\xfb\xf6m9_\
fz]\x8dF\xd0l\xc5\xc6qf2\x19<|\xf8\
P\xe6\xa0\xa1\xa1\x01G\x8f\x1eE<\x1eG\xb1X\x04\
\x00\xac\xaf\xaf\xcb\xd9\xa0B\xc0\xfd\xa45J\x9e\xdb\xf5\
\xf5u9\xbft\x98-\x16\x8bX[[\xabA\x1f\xb5\
\x86\xca>\xf1\x1cSp\xe1xx\xfe5C\xd1s\xac\
\xc7\xa5\x15=\xd2\x1cM\xf3I\xb7H;(\x98\x11\xa6\
g\xae\x0e\xfa4hd\x96k\xcc>\x90\xee\xf1]\x14\
F\xf6\xf6\xf6$;(\xdf\xbd\xbf\xbf/6\x7f\xe6\xb5\
\xa0?\x00\xefa\x04\x01\xf7-\xfbL\xc1Qk\xcfZ\
\x00\xe0\xff\xda\xe4\xc2\xbek{?\xe9\xadIkI\x0f\
\xb5\xa6O4C\xf3\x0a\x93\xc7\x9a\xb4\x5c\xf3\x1b\xab\xef\
\xac\xae\xd3M\x0b\x12\xcfu\x02\xb4j\xfaZ>\xc8\xea\
E\xcfjZ\xeb\xac'hXIEV\xf7\xb3\x1fV\
\x13GI\x8e\xf9\xa2\xb5c\x9e>\xc4lz\x01\xcch\
\x01\xbeG\xf7\x87\x8cI\x1f\x16\x13&\xd3\xcf\xe1a\x22\
\xa1a\x7f\xb4pBb\xa3\x99\x8f\xcdf\x93\xfc\xe9\xd4\
f)A\x9a^\xf7\xf5\x84\x15\xdd\xf4\xf85\xccj%\
\xbc\x99\xebP.\x97\xb1\xbe\xbe.\x9f\xef\xef\xefK)\
_\x8f\xc7\x83\xfd\xfd}\xc9\xb7\xce\x83\xde\xde\xde\x8eR\
\xa9$\xd5\xdd\xaa\xd5\xaa\x08\x10\x1a\xfac\xd8\xa1v\xb8\
\xd2\x88\x0c\xe1J\xce\x95\xc3\xe1@\xa9TBCCC\
M<\xb7\xc7\xe3\x81\xdf\xef\x97u4%`S\xb26\
Q\x10\xbe\xcfD\x1e^z\xe9%\x5c\xbbv\x0d\xc7\x8e\
\x1d\x13\x8d\x85P2\xfbM\xc7M\xae!\xe3\x98+\x95\
\x83|\xf5\x8b\x8b\x8b\xb8|\xf92\x06\x07\x07%\x951\
\x00A\x06fff0;;\x8b\xce\xceN\xc4b1\
\x19\xb3\xbe6\x14\x0a\xe1\xa7?\xfd)\xba\xba\xba\xf0O\
\xff\xf4O\xb8u\xeb\x96x\x8fk\x84\xaaZ\xad\x8a\xed\
\x99)\xa8GFF\xf0\xe2\x8b/bpp\x10N\xa7\
S\x90\x9d\xdd\xdd]\xbc\xf7\xde{x\xe7\x9dw\xa4\x8e\
\x81\xde\xe7\x14\x88\xb4}\x9d\xc4\x90\xa8\x00K0\x0f\x0d\
\x0d\xe1\xe2\xc5\x8bx\xe1\x85\x17P.\x97\x11\x08\x04\xe0\
p8P,\x16\x85 \xcf\xcd\xcd\xe1\xf3\xcf?\xc7\xcc\
\xcc\x0c\xd6\xd7\xd7\x11\x0c\x06\x11\x8f\xc7E#\xd7\xce}\
\x1ar\xe5\xe7\x5c/\x9ek\x0a<\x95J\x05\x03\x03\x03\
x\xed\xb5\xd7\xf0\xea\xab\xaf\x02\x80d\xfb\xdb\xdb\xdb\x93\
=\xc8~\x90\xd9hf\x92\xc9d\x10\x8f\xc71;;\
+>\x1e\xf4\x127\xf7\x8cf\x08&*Jb;9\
9\x89b\xb1\x88p8\x8cs\xe7\xceIA\xaa\x9b7\
o\xca\x9c\xec\xee\xee\x22\x99L\x8a\xff\x01\x19\xa6~'\
\xcf\x03\x85\x00&S\xa2\x00\xdc\xd2\xd2\x82D\x22Q\xa3\
1\xf2\xacp\x9d\xc8\xac\xb4\xb9\x82\x8cI\xbfC?\x83\
\xf4\x81\xeb\xa0k\x02\xe8\xb1R\xb9\xa2]]\x9f!:\
8\x13\xcd\xe1\xd9 c&\xe2\xa6M\xa5\x14 76\
6$<\x90u\x01\xb4\xf2\xa7\xcf4\x9d\xf7\x18\xde\xaa\
\x0b\xb3i!M+\x22&\x8f\xa1BDz\xcc\x84D\
\xa6\xe2\xc7{H/\xf4s5\xfd\xd7\x88\xb1V>\xf4\
\x1ap.I\x974\x8d\xd6B\x17\xdfEZU\x8fw\
\x9b<\xd2\xfc\x0e0\xc2\x00\xeb1e\xf33\xd3\x06\xa7\
\x89\x84\x86\xbe\xf5@\xb4\xddAO\xb4~\xfe\xb3\xbe\xb7\
\xea\xbc\xfe[\x1f\x0c\xb3i\x8d\x8e\xcek\xc0a\x0eq\
\xda\xc3MI\x97\xcf\xd5\xbf\xb5\xc7\xbe~\xb7\x09u\xe9\
\xfb\xa8\xad\xb0i\x0d\x9e\x07Q\xc3t\xec\x97&,\x94\
\x80yM\xa9T\x92\x8c\x82Z\xc24\x9b\xa9\xf9\x03O\
C\xdf\xf4\xee'\x93\xd2L\xd0l\xfa\xf3\xed\xed\xb3Q\
h\xf8\x00\x00 \x00IDATm\xa4\xd3iT\xab\
U\xa9\xd8G\x02\xe3\xf5z\xe1v\xbbkR\x8a\xb2\x88\
\x8c\xcdf\x13{*\x00I\xd9\xcb\x88\x08:\xc3Q\x88\
\xd0\xcc\x98\xe9U\x99x'\x95Jamm\x0d\xa5R\
\x09N\xa7S\xaa\x07vuuakk\x0b\x8b\x8b\x8b\
\x88\xc7\xe35\x1a\x93\xd5|p\xff\x9a{\xa9\xb5\xb5\x15\
]]]8y\xf2$\x8e\x1f?\x8eP(\x84\x5c.\
\x87[\xb7nI\xb2\x98L&\x83\xb9\xb99\xcc\xcd\xcd\
aqq\x11\xcb\xcb\xcb\x22\xc0\xb0\xef\x14\xaaX\xc0\xe8\
\xc9\x93'x\xed\xb5\xd7p\xfa\xf4i)t\xc464\
4\x84h4\x8a\xcf>\xfb\x0c\xef\xbc\xf3\x0e\xfa\xfe7\
t\xd0\xef\xf7\x8b\xa73\xd7\xe0\xe2\xc5\x8b\xc8f\xb3\xd8\
\xdf\xdf\xc7\xcc\xcc\x0c\x1c\x0e\x07\xdcnw\x8d\xcd\xb4T\
*If\xbfP(\x84#G\x8e```@\xea\xac\
\x93\xf0\xde\xbau\x0b\xbf\xf9\xcdop\xef\xde=\x99/\
\x0a\x06\xd4r\xb8\x0fi\xbb\xe4\xe7\x14F\xb9gWW\
W\xa5\x00\xd0\xe8\xe8(\x80\x83\xa2I\xa3\xa3\xa3(\x14\
\x0aX^^\x96<\xf8\x84t\x8b\xc5\x22\xba\xba\xba\x90\
\xc9d0;;[\x93xG\xaf\x1d\xf7\x18\x1b\xcd\x02\
<\x1f\xa1P\x08\x97.]B,\x16\xc3\xc6\xc6\x06\xb6\
\xb6\xb6\x90\xcdf%#$p\x10\xfaHfP.\x97\
\xe1t:\x11\x89D\x90L&133\x83{\xf7\xee\
!\x1e\x8f\x8b\xc9\x83\x9ayCCCM2)\xda\xe7\
\xb9&&\xfaEM\xb4\xab\xab\x0b\xa7O\x9f\x86\xcdf\
\x93\x84V\xf1x\x1ckkk\xe2\xf7177'\xf6\
\xfc\xd5\xd5U\x89\x1a\xa0\xc6\xca\xf3E\xe1\xd2n\xb7c\
yy\x19\xa5RIr\xe43\xf7\x05\x8bt\x99\x1a\xb8\
\x0e\x9d\xd4\xa9\x83\xd9H\x039\xcf\x9a&\xea\x9c\x01\xec\
\x8ff\x98d\xfedj\x14\xd4h\xae \xc3c_\x98\
\x15uooO\x9c]\xc9<\x99\xcf\x82\x82+i\x03\
\x99z&\x93\x11zN\xa1D+/D\xae\xa8,\xf1\
\x9dZ(!\x9d\xe3\xf7L\x00E\xd3dSS\x93T\
}\xdd\xdb\xdb\x83\xd3\xe9\x94\xf9\xe7\xfd<\x03D8u\
?8\xb7\xda\x07I\xf3\x0a-\xa4\x93Vk\xd4\x97\xd7\
h\x7f1=>}\x9fF\xe9\x9e\xa7\x5c\xb3U\xab\xca\
\x04`6M\xfc\xf5\x8b\xf8\xbf\xb6\x95\xeb\xef4#4\
\xb5g\xab\x0eX\xc1\x14\xa6\xd6\xa9\xdf_\x0f\xfa0m\
\xdaf\x7f\xf5uZr'A\xd0H\x80i\xd3\xe7\xc1\
2%M\xde\xa7%e\xcdL\xa8\xb1j\x1b\x91f\xa0\
\xdc\x18\x14@\xf4|\x98\x1bA\xdba[[[\xe1\xf7\
\xfbQ*\x95\xc4\x06\xa6M\x1cZ*\xd4\x82\x17\x89\xa8\
\xf6c \x1c\xcay \x81 !\xb7j\x9a\xd8s\x0c\
$\x18L[j\xb3\x1d\xd8~}>\x9f\xc0\xb9L\xd3\
K\xa6HA\x8c\xe3\xa3\x96\xc0\x14\xb4{{{5\x12\
\xbb\xd6J\xa2\xd1(\x8e\x1f?\x8ej\xb5\x8a\x9b7o\
\xe2\x8b/\xbe@\xb1X\x14T\x80\x1a\x0a\x91\x09\xd3\xbc\
\xc3\xc3\xc7\x83\xa2\x097\xfb\xc3P\xcc\xae\xae.\x89\xad\
\xdf\xdc\xdc\x14-\x7fmm\x0d\x0b\x0b\x0bXYYA\
6\x9bE\xa1P\x10[\xa6\xb9\x8f\xb9W8\xe7\x85B\
\x01\x89D\x02\xaf\xbd\xf6\x1a^x\xe1\x05tvv\xd6\
\xac\xb9\xd3\xe9\xc4\xc8\xc8\x08\x12\x89\x04\xdex\xe3\x0d8\
\x1c\x0e\x9c8q\x02\xc7\x8f\x1fG4\x1a\x15\xa1\xc1\xe9\
tbxx\x18g\xce\x9c\xa9\xb1\x972\xfc\xce\xe9t\
\x8a\x83\x18\xcd\x22g\xce\x9cAww\xb7\x10\xf0\xad\xad\
-\xcc\xcf\xcf\xe3\xf3\xcf?\xc7\xec\xec,\xd2\xe9tM\
:UF\x83h\xd3\x94\x1e\x17\xbf#\x83\xe9\xe8\xe8\xc0\
\xf0\xf00\x06\x06\x06\xc4\xafcee\x05\xab\xab\xab\x08\
\x04\x02r\x0eX/`}}\x1dG\x8f\x1eEgg\
\xa7\x10h\x8f\xc7#\x19\x0cI\xfc+\x95\x8a$\xcc\xd1\
\xcc\x8b\xe1\x8fl\x0e\x87\x03\xd1h\x14\x83\x83\x83ho\
oGCC\x03VWW%\xb3`$\x12A.\x97\
\x83\xc7\xe3\x11\x02N(:\x97\xcb\xe1\xe1\xc3\x87\x88\xc7\
\xe35ki\xb7\xdb\xa5\xce\x04\x89;\xe7\x81{\x8d{\
\x98gP\xa7\x85\x9e\x9d\x9dE\xb5Z\x95\x92\xd4\x91H\
\x04/\xbc\xf0\x02&&&\xe0\xf7\xfb\xd1\xde\xde\x8e\xa5\
\xa5%\xcc\xcf\xcfckk\x0b\xe9tZJ`S;\
\xa6\xbd\x9a\x0c\x96g\x8e\xd16\x84\xd4\x99>;\x9dN\
\x0b\xb3\xd2\x82\x94F\x044\xad \x03gX\xa0\xf6\x0d\
\xd0\xe6\x07=f\x8d\xbc\x98\x09\xc88o\xa1P\x08^\
\xaf\xb7\xc6\x8cD\x93Q\xb9|\x10\xe6\xab\x13\xfe\xb4\xb4\
\xb4\xc0\xe5r\x89\xd31\x05m\x9a\xd3(\xd8\xe8se\
2Q\xcd\x10\xf9N\x0a\xe4\x1c\x8fv`$ZIf\
K\xe5J\x87e\xeb\xfc\x0c\xa4\x91\x0c5\xe6\xbe\xe0\xb3\
5\xa3g\xbfL\xb4Y\x0bOV\xcd\xb4\xefk\x04@\
\x8f\x95{O?\xf7Y\x0a\xb5\xeeS\xdd(\x80z\xda\
t\xbd\x87\x99/\xaf\xc7\xa8\xcdgXi\x99V\xed\xcb\
\x5cgn\x8az\xef7'\xd3\x0a\xd6\xe1\xe4R\xfa\xd3\
^\xadz!5\xda\xa1\xdf\xad\xe1\x1f\xadY\xf2\xd0\xe9\
\xc3\xc5\x8do\x86}h\xdb\x1f\x997C\x8a\xe8\x0bP\
,\x16\x91\xc9d\x90\xcb\xe5j\xecwV\xf3_oc\
P\x18 4g\xc5\xf8Mf\xc6\x8dN\x01\x82\xfd5\
M\x1en\xb7\x1b\x1d\x1d\x1d2\x97LQ\xdb\xd8x\x90\
l\xa7T*I9[\x8f\xc7#\xe8\x01\xc7\x9c\xc9d\
j\x0e.\x9f\xd1\xd7\xd7\x87\xa1\xa1!\x81O\xe9m\x1f\
\x08\x04\xa4\x8e:\xd3\x18Sc\xd3B\xab\x9e\x07\xae\x91\
\x96\x9a\x09\x9b\x0f\x0c\x0c`hh\x08n\xb7\x1b\xc5b\
\x11\xcb\xcb\xcb\xc8\xe5rH&\x93\xa2\xc1i\xe7+\x13\
\x01\xe2<\xb1\xd1G\x80\x9a\x09\xed\x98\x97.]\x12\x1b\
1[8\x1c\xc6+\xaf\xbc\x02\xaf\xd7\x8b;w\xee \
\x1e\x8f\xa3\xab\xabKR\xf2\xb2\xef\xa1P\x08\xe7\xce\x9d\
\xc3\xc0\xc0@\xcd\xbe\xa2\x9f\x06M$L\xc1\x1b\x8dF\
a\xb3\xd9\xc4\x01.\x91H\xe0\xf6\xed\xdb\xb8}\xfb\xb6\
\x84\xfc\x91\xc9\xb1Q\xfb$\x91\xd3\x82/\xc7\xdc\xd6\xd6\
\x86`0\x88#G\x8e`ll\x0c\x1e\x8f\x07n\xb7\
\x1bN\xa7S\xfas\xe7\xce\x1d\xf4\xf4\xf4\xe0\xe8\xd1\xa3\
p\xb9\x5c\x12U\x90\xcb\xe5\x90\xc9d\xc4\xf3\xbf\xa3\xa3\
C\x84b\xed\xc0\xe6\xf1x$[%\x99\x18\xef/\x14\
\x0a\xb0\xdb\xed\xe2X\x96\xcf\xe7\xa5\x18\x14\xc3*YN\
\xd6\xe1p\xd4\x14\x1dc\xfe\x8a\xa9\xa9)A\x8c\xb4\xc0\
nB\xbe\xda\xee\xaba[\xd2\x0d\xedD\xc6\xcf\xe2\xf1\
8\x02\x81\x80\x08\x15\xe1p\x18\xa3\xa3\xa3O!\x064\
Q\xb4\xb4\xb4\xa0\xb3\xb3\x13\x1e\x8fG\x84|\x8d^j\
E\x8c\xa6\x0d\xb7\xdb-s\xa3\xcd\x07\x9a\xe6i\x04W\
\xd3A\x0ds\xf3s\xad\x90\xf0\x19\xbc_k\xd2\x14\x0a\
\x98\xba\x99f\xd6\xe6\xe6ftvv\x0a\x0a\xd0\xd0\xd0\
\x80l6+B\x0d\x99?i\x17\x05<2~2i\
\x229\xfc\xad\x15*\x13a\xd6\xf3B\xa1\x94\xf4\x92\xc2\
\x8av\xf0\xe3z\xf1Z\xa6Cg\x96I\x8e\x93\xbf\xb5\
\xb2d\x05\xdd3\x13\xa8\xce\xbd\xa0\xe9\xa7\x19\x09`\xce\
\xb5\xb9^V\x8a\xb2\xa9\xe4Z\xf1k}\x8f\x95\x92\x0d\
\xa8(\x00\x93\xb8\xeb\x85\xd67\xe8\xef\xcd\x17\xe8\x83\xa2\
\x07g\xa5\xc1\x9b\xcdjp\xe6;\xcdA\x9a}~\x1e\
j\xa1\xfb`\x8e\xa1\xdedi\xb4\x80\x8b\xa6S\xea\x9a\
\x8b\xa4\x89\x82\xd6\xdek&\xdd\x80\x0b5\x9cC\xc2\xa2\
\xb3\x04\xea8|\xbe\x83v?z\x8b755I\xa1\
\x1bs,\x9api'\x15\xf6\xb1\xb5\xb5U\x84\x0a\x9a\
\x01L'\x17SX2\xd7\x86\x04\x94\xcf\xd3\xd9\xb2\xd8\
\x07\x1ex2\x8b\xa6\xa6&\xb9\x87aH,\xc3\xcap\
\xbbr\xb9\x8c\x5c.W#\xb1\xdb\xed\x07\x8e\x88O\x9e\
<\xc1\xca\xca\x0a\x16\x16\x16`\xb3\x1d$#\x8a\xc5b\
p:\x9d\xe2\x10577'\x8e\x84\xdc\x9fZH\xd1\
\xe3\xe2\xd8Z[[%\x94\xa8\xbb\xbb\x1bn\xb7\x1b\xe5\
r\x19kkk\x98\x9e\x9e\x16!\x80efu3\xed\
\xa7@\xad\x0f\x02\xdfM\xcd\x8d\xcev\x89D\x02\xaf\xbf\
\xfe:\x86\x86\x86\x00@l\xea.\x97\x0b\xe7\xce\x9d\x83\
\xddn\xc7\xf4\xf44\xe2\xf18\xbc^oM\xc1\x14\x8f\
\xc7\x83\xe1\xe1a\x81\xf2\xe3\xf18\x16\x17\x17\xc5o\x80\
\xf3\xcb\x92\xbammm\xa2MV\xabU<z\xf4\x08\
\xd7\xaf_\x97B:\xc0a\x85N\x12Jj=|\x16\
\xf7u\xb5zhC\xf5\xfb\xfd8r\xe4\x08\xce\x9e=\
+\x04\x9fy\x13\xe8X\xf7\xf8\xf1cd2\x19lm\
m\xe1\xec\xd9\xb38s\xe6\x8c\xcc\xdd\xe7\x9f\x7f^\xa3\
\x19\xb2*\x1d\xdfCt\xa1\xb7\xb7\x17n\xb7[\x1c\xbe\
(\x08\xf3|\xfa|>\x14\x0a\x05\xdc\xb8qC\x84\x05\
jotv\xf4x<\xb2v\xcd\xcd\xcdX^^\xc6\
\x93'Op\xff\xfe}I\x06D-\x92\xcc\x8c\x0cU\
3\x06m\x12\xe0\x99\xe5\xbc\xb6\xb6\xb6\xd6\x98\xfb\x82\xc1\
 \xbc^o\x0d}9{\xf6,\xde}\xf7]\xe4\xf3\
y\x14\x8bE\xb8\x5c.455\x89\x90\xc8\xb9mh\
8\x08\xc5e\x9e\x0dm^\xe2\xf3\x81\x83l\x90\xf4)\
\xe2\xf5t\xec\xe5x\xf8~2Q\xfe\xbd\xb5\xb5%\xeb\
I\xb3\x07\xdfA\xf8\x9c\xcf\xd6L\x93\xb4\x8f>@\x5c\
{\xda\xe9\xf9|\xaf\xd7+\xcc\x93U=\xb5_\x05\x8b\
\x7fy\xbd\xde\x9a\xd2\xea4\x13P\x00\xe0\x98\xb4\xf2\xa2\
\xe9;\xcf55w\xd2J\x9a\x9aH\xd3\xcc\xf3O\xd3\
\x8a\xd3\xe9\x14$\x93Q\x1dD\x7f\xb4\x80\xady\x9b~\
'\xfd\x928O\x1a]\xe4\xfc\x9b6|~\xc697\
m\xfe\x1aY2\x91\x05S\xc8 \x9d\xb12\xbb\x9b<\
\xee\x99N\x80Z{1\x09\xbe9\xd9&c7;\xf9\
\xac\xf7<\xeb\xf3z\xd7<\x0b\xa1\xd0\xd7>K\x10\xe0\
\x02jX^\x0b<\x9cH^\xaf\xed\xe3\xdaA\xcd\x8c\
( \xb1\xd2\xb6Z=\xf9\xdcH\xda\x93Y;\x8b\x98\
\xc2\x17%\xe2\xe6\xe6f\xb1\x1f2d\xcc\xe3\xf1\xa0\xb7\
\xb7W\xca\x98.--\x89\x17\xacy0\xf4\xdc\xe9\xf1\
P\xc0\xe0\x9aii\xd9\x14 L\xe6\xa65\x03\xa2\x01\
\xac\xc2G\x02M\xa7\xc0x<\x8eL&#\xc5sh\
\xf7\xb7\xd9l\x98\x99\x99\xc1\xce\xce\x0e\xfc~?\x82\xc1\
\xa0x\xad\x93\xf8\x10\x09\xa0\xe3T\xb5Z\xc5\x89\x13'\
\x84\xf8\xbb\x5c.\x81\xc6\xe9H\xc89\x22\xf1\xa7\x96c\
j\xe8drZ\xe3\xadV\xab\x12\xbd\xb0\xb2\xb2R\x93\
3\x81\xb9\x09LgIS\xd8\xd5\x07_\x1f`2\x08\
\xdaAggg\xf1\x8b_\xfc\x02\x9f\x7f\xfe9\xbe\xf6\
\xb5\xaf\xe1\xe2\xc5\x8b\x08\x06\x83\xd8\xda\xda\xaa1\xf1t\
vvJ5?\xdd\x18G\xbf\xbc\xbc,~\x03ss\
s\x18\x1a\x1a\x12gHz\x8b\xfb\xfd~\x89\xba`<\
?\xa1gj\xbd\x9a\xc8s\x8f\xeapC- \xf2w\
8\x1c\xc6\xa9S\xa7p\xfc\xf8\xf1\x9a\x98qB\xa8\x99\
L\x06\x13\x13\x13\xf8\xe2\x8b/\xd0\xd6\xd6\x86\xb9\xb99\
\xe4r9\xcc\xcf\xcf\xe3\xdb\xdf\xfe\xb6\x10~\xa6w>\
~\xfc8\x0a\x85\x02\xe2\xf1\xb8\xbc\xc7\xef\xf7\xe3\xe8\xd1\
\xa38y\xf2$\xaa\xd5*\x1e?~\x8cT*\x85l\
6+\xe6\x1f\xae!SU\x93\x91R3%\xdc\xbf\xbf\
\xbf/\xc2\xce\xfe\xfe>\x12\x89\x04n\xdd\xba\x85|>\
/\xeb\xa7\xb5D\xeea\x9e\x0fM7\x08\x1d\xf3,\xf6\
\xf6\xf6\xa2\xa7\xa7G\x9c\x0c9\x07\xac\xb7\xa1\xe9\xd6\xfc\
\xfc\xbc\x84\x13\x0e\x0f\x0fcuu\x15sssb\xb6\
J&\x93\xd8\xd8\xd8\x10\x84\xac\xb7\xb7\x17\x99LF\xca\
K\x9b4\xbaZ\xad\xa2P(H$\x09\x191\xaf\xd3\
k\xab\x91J*\x1eZ(\xe2\x1ar\x9f\x13\x9d\xe2\xfe\
\xe5\xb5\x144\xc9\xc0\xe9t\xa7\xfd\xab\x1c\x0e\x87\xcci\
kk\xabd\xc7$\xba\xca>0\x92\x83sLd\x94\
f\x09\xed\x10\xa7\xfb`\xd2v2m\x0aa\x1c7\xcf\
\x1c\xd7\x84\x8a\x1d\xef\xdf\xdf\xdfG.\x97\xc3\xfa\xfa\xba\
\xe4(\xe0}\xa4\x1d\x9aNPP\xd6\xbeN\xf4e\xd0\
}\xe1\xdf:d\x94i\x91\xb5\xd3.\xe7W\xd3\x0dM\
\xc7\x01\xd4<\x83\xcf5\x15d+\x14\xd7J\x81\xab[\
\x0d\xd0d\xa0\xe6\x04\x9b\x0c\xcf\xdc\x84\xba\x99\xcc\xefy\
\xad\x1eJ`>\xf3\xcb\xdckJ<\xf5\x88\xb5\xd5\xb8\
5B`\x0a9ZB\x03j\x9d`x\xa88/\x84\
\xc6\xb9\x01\xb8\xa1\xb4\xf4l\x8e\x8b\x0bL(\xaf\xad\xad\
\xed)\xb4\x80P\x1b\xa3\x03\xe8hc\xb5\x06\xe6\xdc\x99\
\x82\x81\x16\x184Q\xe05Vk\xca\xa6m\xc3$2\
\xf4\x99 |\xa7\xedr\xf9|\x1e\x0e\x87C\xb4\xb3j\
\xb5*Q\x02,(\xc3Z\x05Z\xc3!t\x97\xcdf\
155\x05\x9b\xcd&\x11\x06\xd4\xfc\xb3\xd9,\x92\xc9\
$vww\xc5\xdelf\xd1\xb3\x12l\xb9N\x84\x98\
iJ\xa0\xaf\x02a\xd9L&\x83b\xb1\xf8\x947\xb8\
\xdeoV\x9f\x99\xbf\xb9\x1f($\x15\x0a\x05\x89\xdfO\
$\x12\xb8|\xf92z{{\xd1\xda\xda*\x02\x9d\xd7\
\xeb\xc5\xda\xda\x9aD\x08\x84\xc3aa\xd0\x1b\x1b\x1b\xb8\
q\xe3\x06~\xfb\xdb\xdf\xe2\xde\xbd{\xd8\xde\xde\x86\xc3\
\xe1@*\x95B8\x1c\x96\xb8\xebH$\x82P(\x84\
J\xa5\x82\xc5\xc5E<~\xfc\x18\xb7o\xdf\x16\x86\xa2\
\x85\x96\xa6\xa6\xa6\x9a\x88\x19\x22S\xc0A\xc4\x06\x85\xa6\
@ \x80\x81\x81\x01\x8c\x8c\x8c\xa0\xbf\xbf\x1f\xd5\xea\x01\
\xdaC\xa1\xf5\xc9\x93'\xf8\xf8\xe3\x8f111!\xe3\
\x9d\x9c\x9c\xc4\xe6\xe6&\x12\x89\x04\x16\x17\x17q\xe5\xca\
\x15I\x86\xc4h\x01\xbf\xdf/%\x96;::p\xec\
\xd81\xbc\xf8\xe2\x8b\xe8\xed\xed\xc5\xdc\xdc\x9c\xc0\xc7t\
\x92c&?j\xa2\x91HD s\xce9\xcf\x1ca\
\xde\xad\xad-\x14\x0a\x05\xa4\xd3\xe9\x9a\xb3E\x81\x5c\xc3\
\xc4\x95JEb\xd8\xe9(\xc6\xe2O\x8c\xc9\x1f\x1a\x1a\
B__\x1f:;;\x01@\xe2\xe2\x99\x8e\xb9X,\
bvvV\x12:\xd1y\x95v\xfb\xf9\xf9yA\x96\
\x88\xfe\x911\x91\x91\xf2z\x22c\x1a\xa1\x03 \xbe9\
\xdc\xbb\xdal\xa3\x15\x0c\xce\x09\x19\x0e\xbf\xd3\x9a\xa9\xa6\
\x15\x14\x04t\xe5R2Q\x9f\xcf\x87X,&\x8e\xaa\
Z\xb8'\x0d\xb3\xd9lH$\x12\xa2\x5c\x14\x0a\x05q\
\x06\xa6\x83*\xab&jH\xbeX,J6Lj\xff\
<\xbf\xa6\xa2\xa3\xcf\x9cv\x9e\xa3\x0f\xc1\xf6\xf6v\x8d\
\x89\x92k\xcd\xf9\xd3cg\xe8\xb0\x89~\x99\xd7S`\
\xa1\xb9X\x87%r\xbe\xf4\xfcQ\xf0\xd1N\x9aZ\x08\
\xd1J\xa7\xfe\xad\xd7F\xd3j\xd3\x04\xadi\xb4\x15/\
\xad\x11&L\x8d\xd7$d\xe6\xa4Z1s\xb3\x83f\
\xb3\x22\x86V\x9d\xd3\xcc\xc7\x8aI}\xd9\xff\xad\xda\x97\
\x15\x18L\xa6_\xef:\xdd_jA\x9a\xc8\x98\xf6\x7f\
.\xbc\x8eU\x06j\x13\x06\xe9\xe7\xe8\xb9\xe0\x22k)\
\x94\xfd\xa1\xa3\x12\xa5\x5cz\xde\xd3.m\xf6\xbb\x9eo\
\x84f\xf2\x9a\x09\x98R\xa6\x9e\x1f\xf3 \xb0\xb1v:\
\xef'\xa1 \xb4F\xc8\x1b\x80\xc4\xf2;\x9dN\xf8\xfd\
~\xb1\x0b3\xc6\xbc\xa1\xa1A\xea\x03P\xd0\xd8\xd9\xd9\
A6\x9b\xc5\xc2\xc2\x02zzz0::\x8aP(\
$9\xf9\xd7\xd7\xd7\xe1\xf7\xfb\xe1\xf5za\xb7\x1f\xd4\
\x91'<\xae\xd7\xd8\x1c\x9b\xddn\x87\xdf\xef\xc7\xe0\xe0\
 b\xb1\x18\x1c\x0e\x870\xfe\xb5\xb55\xac\xae\xae\x8a\
\xdf\x82\x9e#S\x80\xd4kh\xce\xa7F\x1f4\x22A\
\xa2\x98H$\xf0\xf8\xf1c\xd1\xda=\x1e\x0f|>\x9f\
\x08#---x\xf2\xe4\x09n\xdd\xba\x85#G\x8e\
H\xae\x83\x99\x99\x19\xdc\xb8q\x03\xb3\xb3\xb3\x92\x0d1\
\x9dNcuu\x15ccc\x02\x9b\x93\xc1&\x12\x09\
LOO\xe3\xd6\xad[\x98\x9a\x9a\x92u\xd2k\x0b\x1c\
\x0a\xbad2\x1c\x1f\x7fX.xddD\xe6\x8d\xc4\
\xbd\xa1\xa1\x01\x89D\x02\x1f~\xf8!&&&D\xe3\
\x06\x0e\xb5\x9c\xfd\xfd}\xc4\xe3q\xfc\xfc\xe7?\xc7\x8b\
/\xbe\x88\xae\xae.\xb4\xb7\xb7\xe3\xe8\xd1\xa3\xb2o\x1e\
=z\x84@ \x80\x93'O\xe2\xd2\xa5KRe\x90\
\xb5\xe1\x19\xe2k\xb7\xdb\xd1\xd7\xd7\x87\xf1\xf1q\x9c8\
qB\xf2\x0aT\xab\xd5\x1a\x9f\x8br\xb9,\x950m\
6\x1b\x92\xc9dM\x1e\x07\x8e\x9f\xc2:\xc7\x1e\x89D\
\x10\x8b\xc5022\x82\xce\xceN\x89i\xa7\xc0C\x01\
\x96\xa5\x8f\x19\xd6\xba\xb3\xb3#\x02\xc0\xfa\xfa:J\xa5\
\x92\xf8\x97\xf4\xf6\xf6\x8a\xb6\x9b\xcb\xe5\xb0\xba\xba\x8a\x5c\
.'\xd0\xb3\xcdv\x98_ \x9f\xcf\x0b\xaa\xc5\x1c\x1a\
\x9cS\x0a\x07\x9c3\xf6\x8b{\x88\xa6\x0a\x0a\xc3\x14\xa6\
\xb5 \xab\x85a-(\xe8\xe4J4\xdd\xe9}N\xbf\
\x1c&\xf9a\xa20&j\xa3\x93q\xa5R\x91\xb1Q\
0\xa3`\x10\x08\x04\x10\x89D\xc4\xe1\x934\x8c{\xcf\
n\xb7\xcb\xe7V\xa84\xc7\xa0\xd1\x5c\xed\xdbC\x93\x9a\
\xbeV\xdb\xefy\xad\xe9\xc3\xa43?r\xacT\xf4H\
\xcbu\x821+\xe4U\xa3-\xda\xf4\xa8\x197y\x9e\
\xa6\xd7\xe6\xf8L\xe5\xd0\xa4\xbb&\x7f6\xef\xb3R\xe4\
\x9e\xaa\x05P\x8f\xc1k\xc2o^\xcfk\xea\xbd\xc4\xaa\
Y1T\xad\x8dZ]SO \xb1b\xd8\xf5\xfag\
\xf5\xbcz\xef\xd1\xe3\xd5\x04\x10\xc0S\x8c\x9a\x10\x0e\xaf\
\xa7\xf6\xaa!S\x12\x1c\xfdCB\xcb\xf7\xf1\xf9\xda\xe1\
\x84\xe5nu$\x82\xb6%\xef\xee\xee\xc2\xedvcp\
p\x10\xfd\xfd\xfdH&\x93x\xfc\xf81VWWk\
$K}\x98\xac6\x9a\xf6] C\xd2\x9a\x809\xc7\
zn\xb50P\xa9T\x04\xfa\x07\x80H$\x22^\xc0\
\xe5\xf2A\xfe\x83D\x22\x81d2\x89P(\x84H$\
\x02\x97\xcb\x05\x9b\xcd&c\xa4f\xc9Z\x08\xb4\xf9\x11\
\xda+\x97\xcbhoo\x17F\xb9\xbe\xbe\x8e\xf9\xf9\xf9\
\x9a\xbc\xee\xfc\x8e\x0eb$\xf0\xe6\xda\xdbl\x076\xe1\
\xa3G\x8f\x8a\xc3\x1f\xed\xdf\xb4\x85\xb2\xdf\xf4\x0e\xe6a\
6\xe7C\x13MM\x80\xd8\xb4\x0f\x89\xe94\xc9\xcf\x99\
\xfa\x97\xb0\xfa\x993g088(\xd0_ \x10@\
\xa9T\xc2\xc4\xc4\x84 '\xb7n\xdd\xc2\x8d\x1b7D\
c\x06\x0eP\x81\x95\x95\x15lll\xe0\xd4\xa9S\xf0\
\xfb\xfdbW\x9f\x9b\x9b\xc3\xad[\xb7p\xff\xfe}\xb1\
\x9fW\xabUq\x04\xe5x\xe8@\xc8\xfdA\xa2Lg\
\xcd\x13'N`tt\x14\x81@@`j\x22R\xf7\
\xef\xdf\xc7[o\xbd%\xf5\x12t\xa2\xa9\xbd\xbd=$\
\x12\x09tuuI\xd8\xdag\x9f}\x86\xef~\xf7\xbb\
hkk\x93T\xb1\x0d\x0d\x0d\x88F\xa3H\xa5R\xa2\
a\xea}\xc0\xfdo\xb7\x1fx\x9b\xff\xd5_\xfd\x15~\
\xf4\xa3\x1f\xc9|\xb3\xc2%\xb5P\x9e\xe3\xfd\xfd}q\
^eT\x07\x05\x04jsD]\x86\x87\x87\x11\x08\x04\
\x10\x08\x04\xd0\xd7\xd7\x87P($\xd0\xfa\xd2\xd2\x12f\
gg177\x87D\x22!\x19 9N\x1d\xda\xdb\
\xd8\xd8\x88#G\x8e\xe0\xab_\xfd\xaa\xa4F>y\xf2\
$\xc6\xc7\xc7\xb1\xb0\xb0\x80\xff\xf8\x8f\xff\x10\x86\xac#\
B(\x98\xd1?\xa7T*\xc1\xedv\xc3\xef\xf7\xc3n\
\xb7\xcb\x9aRh \x22AfEA\x85\x0c\x94c\xa7\
\xa6\xba\xbb\xbb[\x13\x83\xcfsA\xe79:?\xef\xef\
\xef\x0b$\xae\xbd\xf2\xab\xd5*\xe2\xf18666\xd0\
\xd5\xd5\x85\xde\xde^\xf1\x05\xd2\xd9\xf6x6\x98\xb4\x89\
\xd5\x16\x89\x00V*\x95\x9a\xe8\x01\x9b\xed \xcc\x92\xe8\
\xa76\xbbi\xe6\xad\xe9\x8eVph> \xdcOE\
\x8b\xb9S\xd8\x1f\xed\xcf\xc5s\xcb\xfbMeT#\x08\
<\xe7\x14\xa64\xfd\xe2\x5ck\xda\xca\xb3U\xadV\xc5\
\x1cE\xda\xc2\xb0Z\x9e-mz\xd1\xe6\x19\x937\x9a\
\xca\xb7\xc9\x7f\xcd\xbfM\x1e\xfe\x94\x09\xc0\xbc\xc9\x94 \
\x9e\xc5dM\xc6\xffe \x88z\x02\xc5\xf3\xda\x9fs\
\x9f\x16\x14\xac\xee\xff2\xa8\x85\x15\xca\xa0\xb5%}X\
\x08\x15\x91A\x03x*\xe6\xd6D\x01\xb4@\xa1\x1d\xb0\
\xa8\xb1p\xc3\xea\x8aY\x84\xb7\xd9\x17n\xe4\x96\x96\x16\
q\xc4\xd3\xd2\x22\xaf3\xa1}]l\x88\xd0\x1dsg\
\x9b\xe1%z>4\x0c\xa7\xe7L3H\x12\x89\xad\xad\
-\xd1N\xd8\xf7\xed\xedm\xc4\xe3q\xa4\xd3\xe9\x9a\x14\
\xa1\x9d\x9d\x9d\x08\x85B\x12BV,\x16%C\x9c\x8e\
t\xa0\xf6C\x9bh\x22\x91@kk+\xfa\xfa\xfa\xa4\
\xba\x9a\xddn\x87\xcb\xe5\x82\xcf\xe7\x13'D\xee\x052\
\xb1`0\x88X,&\x8c\x8c\x04\x98\x19\x09\x17\x17\x17\
k\xd2\xc6j\x01\x8eM\xfblpMu\x86D\xbe\x8f\
\xfb\x80D\x8c\xcf\xd1\xb0*\xab!\xee\xec\xec`zz\
Z\x22)\x18RI\x81\x85\xd1\x1f\xa5RI\xca\xd9\xb2\
\xbcqSS\x13\x06\x06\x06\xf0\xb5\xaf}\x0d'O\x9e\
\x14\x88\x19\x00\xb2\xd9,\x96\x96\x96\xd0\xd4\xd4$q\xf7\
\x89DB\x88\x1e\xf7\x11\x99\x00\xf7\xd4\xf0\xf00FF\
F\xd0\xd5\xd5%\x11\x16\xbc\x8e\xe1g$\xd4\x13\x13\x13\
x\xeb\xad\xb7\xf0\xe9\xa7\x9f\xd6\x98`8\xde\xdd\xdd]\
\xf1\xf8\xf6\xf9|\x02\x05/..\x22\x1c\x0ecoo\
\x0f.\x97\x0b\xe1p\x18\xfb\xfb\xfb\x18\x1c\x1c\xc4\x95+\
W\xe0t:q\xe7\xce\x1d|\xfa\xe9\xa7\xa2MS@\
\x19\x18\x18@OOO\xcd9\x8eF\xa3\x98\x9f\x9f\x17\
\x81\xb1P(H\x5c\xf9\xf6\xf662\x99\x0c\xf2\xf9\xbc\
\xe4\xb3\xa0\x8d\xfa\xeb_\xff:\xce\x9d;\x87\xa6\xa6&\
\xe4r9\xc4b1455!\x93\xc9\xe0\x8b/\xbe\
\xc0\xf4\xf44\x16\x17\x17k\x8a5Q`\xd7\x8e\xa6\xba\
\xd1A\xf3\xde\xbd{RO\x83\xed\xd1\xa3G\x88\xc7\xe3\
XZZ\x92h\x16\x9a2\xb8.\xad\xad\xad\xb2O\x18\
\x87O(yccC\xea\x02\x10\x01\xe0>\xe6:\xf2\
^~\xa6\x1d\x14Y\xd5\x90B/\xf7\xb0FA\x88R\
\x10\x9d\xa3\xc0@[\xf9\xd6\xd6\x16\x12\x89\x04vvv\
j\xaa\x86\xea4\xe1,\xbbM\xba\xe0\xf7\xfb122\
\x22\xfb\x96\x8cO\xf3\x94\x5c.'\x8e\x99\x14\xaa4\xed\
\xd1\x8cO\xd3(\xd2d\x00\x82\x1c\xea(\x07\xce+\x9b\
\x0e\xd7f\xd3h\x03i=M\x99\x14>i\xb6\x04 \
N\x8d:\x14\x98\xe7\x9e\x82\x1c\xef\xd7~V\xday\x9b\
}\xd2\x0e\x7f\xa6\x22\xa6\xcf\x92\x15\xc3\xaf\xc7{M\xbe\
\xf7T\x22 \xfd\x10\xf3s\xbeL\xc3,\xe6C\x9f\xd7\
\xea1jS\xc3\xac\x878\xfc9\xef\xaa\xf7N+\x0d\
_\xff\xfd<AG\xffm\xda\xcd\xb8yu\xf2\x14z\
\xef\xeb\xf4\xac\x94\xaa\xcdp\x162\x0c+-S3\x18\
~\xa7\x93\x83lllH\x22\x90\xde\xde^\xc9,\xa6\
\xa1/\xf6U\x1f\x16\xf6\x9d\x87D\x17\xd0\x00\x0e\xf3\x82\
\x9b\x9b\xcd\x9c#\x0d}\x11E \xa3`\xdf\xb5\x075\
\x00!\x0a\x1b\x1b\x1b\xc8d2H\xa7\xd3H\xa7\xd3\x12\
\xa7\x0d@\x88\x9b\x86h\xdb\xdb\xdbE\xfb\xa5\xa7\xb0\xdb\
\xed\x16\x1b7C\x0f\x09\x9b\xb7\xb6\xb6\x8a\x16D\x02\xc2\
h\x83\xfe\xfe~tuuI\x02\x1d&#\x9a\x9b\x9b\
\xc3\xd4\xd4\x94\x84\xfa\xe95\xb1\xdaG\xfa`\x9a\xe6\x11\
\x8d\x0e\xf0\x90k\x13\x0d\xef\xe1\xfc\x91`\xef\xed\xeda\
zz\x1a\x00088(B\x11\xb5\x1bB\xa6\xfb\xfb\
\xfb\x02\xc3R\x008~\xfc8\xc6\xc7\xc7\xd1\xdb\xdb+\
\xc4\x87\xdaO8\x1c\xc6\x85\x0b\x17\x90\xcb\xe5\xe0t:\
\xb1\xb8\xb8(\xbe\x06\xd4@\x98\xa9\xd1\xe7\xf3!\x1c\x0e\
\xa3\xaf\xaf\x0f###\xe8\xe8\xe8\xc0\xfa\xfa\xba\x94/\
&4\xdc\xdc\xdc\x8cD\x22\x81\x07\x0f\x1e\xe0\xddw\xdf\
\xc5\x9d;w\x84\xb0\xe9\xf1k4\x8c\xc8\x8a\xddnG\
*\x95\x02p\x10\x1e\xb7\xb5\xb5\x85\xbbw\xef\x8aFK\
\x7f\x11\x00H&\x93XXX\xc0\xd0\xd0\x10\xc6\xc7\xc7\
Q,\x16Q,\x16q\xf4\xe8Q\x8c\x8c\x8c<u\xd6\
].\x97\x08\xb3\x84\xc9777E{\x9f\x9c\x9c\x94\
=\xe1\xf7\xfbq\xf5\xeaU\xbc\xf8\xe2\x8b\xf8\xcew\xbe\
\x83\xbd\xbd=<~\xfc\x18\x9b\x9b\x9bX^^\xc6\xbd\
{\xf7p\xfb\xf6m\x89\xeb\xe7\xbe\xa6#\x9b\x1e+\xf7\
\x0a\x91\x1b\xee\xe5'O\x9e\xc0\xe3\xf1 \x10\x08`v\
vV\x98\x07\x938\x9d={V\x1c\xee\x18\x15\xc0\xfe\
\xf1<\x15\x8bET\xabU)\x19Na6\x1c\x0eK\
t\x0d3\xe6Q\xa9\xd0\x8c\xa5Z\xad\x8a\x92@_\x22\
\xc2\xf5D\x0f\xb4\xd7<\xff'\x1d\xd2\xb4\x89\xf0z\xa5\
R\x91\xbeQ\x0bf\xc16\x16\x94\xe29\xa2\xa0K\xa7\
_\xda\xfd\xb5\xf0\xa1!v\xd2N\xcd\xb0\xb52c\xc5\
W\xb4\x1f\x87F\x0cL\xa1\x81{P+;<\xe3d\
\xe4\xdcK&\xf3%\xa2\xc1\xf5\xb7J\xa5\xac\xdf\xc5\xe7\
\xb2\xdf\x1a\xfa\xe7x\xea)\xabV\x8a\xb6\x95\xb3\xdf\xb3\
\x94\xe1g\x22\x00\x9a\xb1\x9b/5\x91\x80\xe7\xbdH\xdf\
\xf3\xac\xeb\xad\x98j=\x06\x5c\xef\x19\xcf\x12\x0aL\xa6\
U\xef>\xf3\x9d\xba\xdfV\xb0\x8b\xf9Ln4\x12\x04\
}\xf0\xf5\x06#\xe4DM\x90\xd23\x1d\x82\x08\x1d\x12\
\x0e\xd6\x89P\xc8P\xb5\xd4\xa9}\x08\xa8Uutt\
\xd40;:\x1cq,\xe6&\xe3\xb8\xf8|\xe0\x90\x01\
Q*\xd7\x8cM\x138\x93\xe9q\xae\xf8\xacl6+\
\xb0\xb5\xce\xc9\xad\xc3i\xf4a\xd8\xde\xde\x16\xfb1\x1d\
\x0a777\xa5\xfc,\x05(\xb7\xdb-\x99\xec\xd8\x7f\
\x9f\xcf\x87\xee\xeen\xb1y2\xdf7s\xea\x93\xc0\x94\
J%8\x1c\x0e\x04\x83A\x0c\x0e\x0e\xa2\xb7\xb7\x17\x9d\
\x9d\x9dhjjB6\x9b\x15\xdb9m\xfe\xf4\x8e\xe7\
\x5ci\xe7\x22=\x97&\xdc\xcf\xf9\xe6\xdcs\x8dH\xec\
8f&Pb67\x8e\x9d\xd0|\xa1P\xc0\xda\xda\
\x1a\xd6\xd6\xd6p\xe2\xc4\x09\x04\x83A\x11\xf4\xba\xbb\xbb\
\xb1\xb9\xb9\x09\xbf\xdf\x8f\xfb\xf7\xefcaa\x01\x00\x10\
\x0c\x06\x85\xf9kM\x93\xf3\xd7\xde\xde\x8ep8,N\
\x8fLiL\xcdtooO\xa2L\x86\x86\x86\xd0\xd1\
\xd1\x81\xcd\xcdM\xac\xac\xac\xc8:\xb0\x82\x1d\xe3\xfc\x0b\
\x85\x02n\xde\xbc\x897\xdf|\x13\xf1x\x5c\xc6\xad\xb3\
l2\x02\x81\xd1\x0d\xc9d\x12===p\xbb\xdd\xb8\
}\xfb\xb6\xe4\x84\xe0\xba\xdf\xbd{\x17\xe7\xce\x9dC,\
\x16CGG\x07fgg1==\x8do}\xeb[\
\xf8\xd6\xb7\xbe\x85\xc1\xc1A,//caa\x01\xe9\
tZ\xd2)\xebFA8\x99L\xca\x99\xc9f\xb3\xb8\
{\xf7.\xbe\xf8\xe2\x0b\xc9\x9a\xd7\xd4\xd4\x84W_}\
\x15\x7f\xf37\x7f\x83h4\x0a\xe0@\x08\x0e\x87\xc3x\
\xef\xbd\xf7\xf0\xc7?\xfe\x11333\x12\x99\xa0![\
] \xc6D}4M\xf0x<\x08\x06\x83\x00\x80\xe5\
\xe5e<x\xf0\x00\xbd\xbd\xbd\xe8\xeb\xeb\xc3\x91#G\
\xe0\xf5z%)N\xb1X\x14\xa8\xbc\xa1\xe1 \x99\x11\
34\xba\x5c.a\xaaD*\xe8\x81\x0f\x00\xb7n\xdd\
\xc2\xd2\xd2\x92\x08Y\xec/\x0b8\xd1o\x82\x82?\xcb\
\x12\x93>i\x9f$\xc2\xde\xa4G\xda\x11\x94\x02\x09\xcd\
:\xbb\xbb\xbb(\x14\x0a\xb2\xd74}\xa0\xbf\x0b\xcf\x8d\
v@d_\xa8,\xf1\xd9<\xb3\xfa\x1eS\xc8\xb2\xa2\
?\x9ank\x81\xc5t\x18\xd4\xfe8\x1aY0\x85w\
S\xdb\xe6XtR \xf6\x93\x0a\x94FgM\x85\xce\
\xec\x8f\xa6\xb1&\xdf\xd4\xe8\x99\xc9\x8f\xad>3\xbf\xd7\
\xcdTZ\x1a\xf5\x17V\x8c\xcdd\x82\xfaf\xfd\xbf~\
\xa9\xf9\x0c+\xed\xdeJ\xc0\xf8s\x9a\x89\x14\xe81\xe8\
\xf7>OH1\xfb\xa9\x9f\xff,m\x97\x9f\xd1f\xa4\
\xed\xfd@\xadm\x8a!,N\xa7Sb\xf653\xa5\
VL\xd8\x0e\xa8\xb5\x19\x01\x87\xf0\x94\xddn\x17\xcdL\
\xc7\x1d\xd3\x09\xd0f\xb3I\xe5>\xd6k\xe7{4\xb4\
f5\x1e\x122j\xc2\xac\xb2e\xda\xa0\xac\x0e\x87f\
\xe4l$\x0a$*\x94\xe8\xa9\xa9\x92\xe8\xf0y|\x0e\
\x89\x1e\xf3\xc1W\xab\x87\xb69-\xc0\xb4\xb5\xb5!\x1c\
\x0e\x8b\x96B_\x03\xda\xa3Yh\x85\x09U\x86\x86\x86\
\xb0\xb9\xb9)\x0e\x8a\x9d\x9d\x9d\x08\x04\x02\xf0\xf9|h\
mmE:\x9d\xc6\xc3\x87\x0f155%q\xfe\x84\
8M&\xcf\xb1\x9aN\x99\x9c[\xad\xad\xe8\xfdO\xbb\
\xa2\x09%\xd2'\x82{\x89\xb0\xa1\x0ec\xd2{\x86Z\
>!]:x\xe5\xf3y\x04\x02\x01\x9c;w\x0e\xe3\
\xe3\xe3\x12\x0e\xc6F\xb3\xd2\xde\xde\x9e\x08\x02\x14\x90Z\
ZZ\xc4\xc1\x8c\x9a\x0f\xe1[\x8e\x93\xb9\x16\xb86\xb4\
\x1d\x7f\xfa\xe9\xa7\xf8\xc5/~\x81[\xb7n\xc9;\xcc\
\xb9\xb1\xd9l\xc2\x8487\xe1p\x18\x03\x03\x03(\x14\
\x0a\xd8\xd9\xd9\xc1\xc4\xc4\x84\xa4_\xe6>!2\x91L\
&\xf1\xe8\xd1#\xc4b1\x1c9r\x04\x83\x83\x83\x00\
 \xe8\x8d\xcb\xe5zjO\xf3\xdcuvv\xa2Z\xad\
\x8a\xd6\xd9\xda\xda*h\x05\x05\xbc\x97^z\x09?\xfe\
\xf1\x8f\x85\xf9\x03\xc0{\xef\xbd\x87\x7f\xff\xf7\x7f\xc7\xcc\
\xcc\x0c2\x99\x0c\x0a\x85\x02\xf6\xf7\xf7Ek&\xd1'\
\x13\xa4\x8f\x07\x05\x5cF6\xb8\xddntww#\x1c\
\x0e#\x1a\x8d\x8ap\xe4r\xb9\xf0\xe4\xc9\x13LOO\
\x0b\xd4M\x8d\x9a\x0cijj\xaaF\xf0\xb2\xdb\xed\xe2\
<\x97N\xa7\x01\x00\x17.\x5c\x90\x02L\x99LF\xb2\
\x84\xee\xed\xed\x89PD\xa7D*\x1b\xc5bQ\xd09\
\xcd\xa4\x98\xb0G\x9b\xb18\xd6\x86\x86\x86\x9a\xf4\xc7t\
\xce\xa5\x1f\x0e\xbf3\xb5u\x9e\x19\xd2\xcc`0\x88\x9e\
\x9e\x1e\xf8|>\x11\xcaY\x98ggg\x07\x1b\x1b\x1b\
H\xa7\xd3\x96\xd955\x13\xd74\xda\xf4_ \x82\xc9\
r\xe2<\x7ff\xb3b\xf2\xcf\xe3\x1d\x5ck\xed4\xaa\
\xcf\xb8~\xb6F \xcc\x90C\xee\x13\xfe\xad\x95\x03\xd2\
l>\xd7\xca7\xce\x9c\x07\x93\x0e\xd5k\xfc\xaen*\
`=)\xfa&\x13\xd6\xd0\x8c\xd8\x0a\x8e\xd0\xcf{\x96\
\x06]\xef\x9ez\x9d\x7f\xde\xfdV\x1bD\xdfo\xf6\xc9\
\xfc\xce\xec\xb7\x89T\xf03\x1d^\xa6\xed\xbb\xdavC\
\xf8\x8c\xd27\x997\xb3\x92\xd1\xf6K\xd3\x80v\x84\xd1\
\x8eb\xc0a\xfa`\xf6\x95~\x07dN\xfcq8\x1c\
p\xb9\x5c\x12\x1a\xc8{),\x98\xb6%\xfe\xcd\xf7\xf2\
\x99\xcc=O\xbb\x9f\xd5\xda\x98&!6\x12\x9al6\
+\xc2\x0a3\xec\x91\x19\xa4\xd3\xe9\x9a\xa4\x1eDK\xb6\
\xb6\xb6\xe0\xf1x\xe0t:%\xb3\x16\x09\x1ea\xc6\x5c\
.'aX\xec\x07\xed\xa1\xcc\x90X(\x14P\xadV\
\xe1\xf5z\xd1\xdd\xdd-Q\x08\x9b\x9b\x9b\x12\xaf\xbc\xbf\
\xbf/I\x83\x96\x96\x96\x90J\xa5\x04b\xd5H\x85\x15\
\x02fj!\xe6wZp\xd0\x9e\xf5\xe6|iM\x82\
c\xd5\x0e\x83L\xa0T,\x16%;!\xff/\x95J\
p\xb9\x5c\x18\x1e\x1e\x964\xb8\xe7\xce\x9dCWWW\
\xcd{J\xa5\x92\xa4\x8d\xe5\x5c\x13m\xf2\xfb\xfd\x92J\
\x96Np\xd4\x14\x09\xd3\x9ag\x869\x19>\xff\xfcs\
|\xf6\xd9g\xb8y\xf3\xa6h?\xa4\x07\xfa<p\x7f\
qL\xeb\xeb\xebX\x5c\x5c\xc4\x93'O\x04\xbe\xbeq\
\xe3\x86\x98\x13\x88R\x0c\x0d\x0d\xa1\xa1\xa1\x017o\xde\
\xc4\x07\x1f|\x80`0(\xe3mhh\x90\x90\xc4z\
\x8d\x88\x11\xcbB\xaf\xac\xac\x08Z\x16\x8dF\xd1\xd6\xd6\
\x86t:\x8d\xa1\xa1!\x1c9r\xa4\xe6\xde\x89\x89\x09\
,,,H]\x05\xbb\xdd.\x11\x03\xd4\x88)\xc8\xd9\
\xed\x07\xf9\x10:;;\xa5\x16F \x10\x90\xc46\xed\
\xed\xed\x92\x9cgyy\x19\xc5bQ\xec\xfan\xb7[\
P\x9f\x5c.\x87T*%\xccO;ij4\x90~\
\x0csss\xb0\xd9\x0e\xeak\x0c\x0c\x0c\xc0\xe5ra\
pp\x10\x95J\x05\xe9t\x1a\x0f\x1e<\x10!\x85\xe7\
L\xe7\x06\x00\x0e\x11K\x9b\xcd&a\x95\x140\xb5P\
C\x81\x9e\xe7\x80{\x88\xb4\xa8\xa3\xa3C\x04\x7f\xed\x98\
hj\xb6:\xcb#\x15$\xd2%2Q\x0d\xfd\x93\xc1\
\xea\xd4\xcc</&=\xd2\xf4\x87{\x8f\xca\x19\x7f\xb3\
/\xa6s\x9dnZ\x18\xd0>Z\xfa\xf9\xfaZ6\xb3\
/&\xf3\xd74Bk\xf7\xfa{mf\xb4b\xfe\xf5\
\xf8\x9f\x95\xf2m\xde\xa7\xfb\xfa\xcc<\x00\xda\xe6l5\
P\xf3\x85\xff\xbf\xb4\xf8z\x93kN\xc6\x97\xd5\xf8\xff\
\x1cT\xa0\x9e\xe6\xcfE1\x99\xa7\xee?\x89\x1e\xe19\
]\xf9\x8e\x04\x98\x82\x03kc\xd3f\xc6\xcd\xaa+\xe6\
\xd1\x81\x85\x87@\xdb\xd2(\xc5Sj\xa7\x86BF\xae\
\xd7S3&S\xc0\xa3\xc3\x1e\x05\x14j\x03\x14\x1e\x00\
\xebP\xc2z\xb6(m\x17d\xd9R&9\xc9\xe7\xf3\
(\x14\x0a5B\x14=\x94\x1b\x1b\x1b%m0\xbd\xfd\
\xf3\xf9<\xb2\xd9\xac\xcc\x1f\x09e0\x18DGG\x87\
h\xa4\xc5bQB\xbb\x18\xa2\x13\x89D\xc4o \x14\
\x0aI\xf2\x95\x96\x96\x16\x14\x0a\x05\x14\x8bE\xe4\xf3y\
!~Z\xdb\xb6\x1a\xa7FC\xc8\xe4\xac\xd0\xb3z\xa8\
\x89\xfe\xcc\x8c\x14!\x03\xe4zP[K$\x12\x98\x99\
\x99\x912\xbd\xc3\xc3\xc3\x92\xcf~gg\x07\x81@\x00\
\x97.]\xc2\xf0\xf0p\x0d\xec\x0f@\x8a\xcc466\
\xa2\xb3\xb3S4\x0d\xf6\xa3\xbb\xbb\xfb)&\xear\xb9\
$\xc4\x8b\x8d&%\x16?z\xf3\xcd7\xf1\xa7?\xfd\
\xa9&K\x9c\x863)\x00\x93\xd02\xb4\x93ig\x93\
\xc9$\xa6\xa6\xa6p\xe6\xcc\x19\x1c9r\x04\xf9|\x1e\
\xf1x\x1c###\xf0\xf9|\x88F\xa35\x1e\xf7\xcc\
\xd6G\xe1.\x16\x8bIj\xd9\xef|\xe7;O\xedA\
\x00\xf2.\x86R\xce\xcc\xcc\xc8\x1a\x9f<y\x12;;\
;H\xa5R5\x9a?\x00\xdc\xbcy\x13\xe5r\x19\xd7\
\xae]\x13\x81e~~^\x0aL\xd1T\xd5\xd8\xd8(\
\xf9\xfd\xbb\xba\xba\x10\x8dFk|\xd1\x87~\xb8\x00\x00\
 \x00IDAT5\xe8\x9f\xc3\xbd\xb9\xb3\xb3\x83\x9e\
\x9e\x1e\xc4b\xb1\x9a\x8c~\xd3\xd3\xd3H\xa7\xd3(\x16\
\x8bb~b\xff\xe9S\xc3}\xc5\xbf)@\xa4\xd3i\
1\xa9\xbc\xfc\xf2\xcb8w\xee\x1c:;;q\xfb\xf6\
m$\x93I\x11\x12tt\x01i\x82\xd6\xcc\x01\x08z\
C$\x87g\x9e\xebKt\x80\x88\x1e\x9fG\x85\x85\xe7\
\x83B\xab\xd6\xccI\xd3(\xac\xd3\x7f\x81N\xce4\x93\
Q@\xd1{\x94\x8dh\x98i\xce\xd4\x0a\xa6V\xd0\xb4\
i\xce4a\xd6c\x98\xfa\x0c\x9b\xf7i\xbe\xc8\xe7h\
\x0d^\x0bj\xfa:\xd3Da\xbe\xcfD\x1f\xa84h\
>\xa3\x85\xa8z\xbcW\x7fg2~\x93\x976\x9a7\
\xf3B\x93YXM\xae\x15\x13\xf9\xb2\xcdJ\x92\xa9\xf7\
\x99\x1e\x8c\xd9/\xabg\xd6kz\x12\x9e\xa7\xd1=K\
\xa2\xb3B\x0d\xf4&\xa3D\xcft\x92\x9a\x18\xf2{\xc6\
!S\xfbe\x0ej2{\xfd\x0e\x9dd\xa7\xa1\xa1A\
\x18>\xfb\xa6\x89*\xd3\xf9R\x93-\x97\xcb\x02ak\
[\x9a&&zN\x00\xd406\xcd\x98t\x14\x839\
7\xfa9\xcf29\xe8\xa8\x00-\xa1s\x0ex\x1d\xf3\
\x8a3\x92A\x0b\x1f\x9c\x1f\xbe\xc7\xedv\xa3\xbf\xbf\x1f\
\xcd\xcd\xcdXZZ\xc2\xcd\x9b7\xa5\x8ckss3\
B\xa1\x90\x98!\xf2\xf9|M<<+\xd3\xd1\xc1\x90\
\xd9\xfet\xc8\x0e\xe7\x84\xe8\x09\x89\x0a\x89$\xed\xea\x9a\
\x98j\x87>\x1d\xd6\xa3\xd7V\x9b\x8d4*\xc0L\x7f\
\xbc\x0f\x80\xec\x0dB\xf6d\xd6\xf4\xb8\xf6z\xbdb_\
/\x95J5\x02\x00C\xdch\xd3'\x91~^\xd3u\
\x09\x80\x83\xa46\x1f|\xf0\x01\xfe\xfb\xbf\xff\x1b\x9f|\
\xf2\x89\x08o\xdc\x17\x1c/\x11(\x12F\x9d;\x9d\xf9\
\xd3\xa91\xd2\xd7\xe0\xfc\xf9\xf3hnnF*\x95\xc2\
\xcd\x9b7\x91\xc9d066\x86\xe6\xe6fI\xe5\xcc\
=\xbc\xb4\xb4\x84\x99\x99\x19\xfc\xe9O\x7f\x92\xac\x91\xff\
\xf8\x8f\xff\xf8\xccqT\xabU\x04\x83Ad2\x19\x0c\
\x0e\x0ebbb\x02+++H\xa7\xd3Rw\x80N\
\x88l\x9d\x9d\x9d\xa8T*r6\x99\xe1\xb2\xa3\xa3\x03\
\xa7O\x9fF\xa1P@kk+N\x9c8\x81\xe1\xe1\
a8\x9dN)\xf2\xb4\xb0\xb0\x80\xa5\xa5%\xb4\xb7\xb7\
\xe3\xc8\x91#hjjB\x22\x91\xa8\x09\xe5\xdd\xdd\xdd\
\xc5\xc2\xc2\x82\xe4y\x88F\xa3\x22X\xe9xw\x96\xa3\
\xd5~'---\xe8\xee\xeeF(\x14B\xb9\x5c\x16\
\xe7\xd9\x9d\x9d\x1d\xc9\xf9`\xb3\x1d$\xca\xe2\xb34\xea\
\xa7\x99\x15\xcf \xf3[h$P\xcf\xbb6q\x00\x10\
X\x9dy;\xe8{\xc4Lx\x95\xcaa\xfad\xd2\x02\
\x8f\xc7#\xc2\xba\xcdf\x13\xbf'\x16\x9cbDK\xb1\
X\x94\x5c\x01\x9a\xe1\xe9\xc8\x1a\xee+\xd2\x1d-\xd4\xd0\
\xe4\xa8C\xfe4=b\xa3\xa2e2P\xfd^\xa0\xd6\
\xbc`\xeeu\xce\x9f\x8e\xea\xb12\xff\xb1o&3\xe7\
u\xfa3\xf6U\x9b\x16\xd8\xdf\xe75+\x05\xd7\x8a\xc7\
\xdbl\x16\xc5\x80x\x81I\xd8uG\xcdIx\x1e\x13\
\xb7\xea\xc4\xff\xed\x00\xf4\xe2\xd4\xd3\xbc\x9e56}\xbf\
)a\xf2\x90Y\xf5\xd9\xdc(\x9a!q\x83\xea\xb4\x98\
\xf4*\xa7&\xca\x03\xa4m\xda\xa6w\xae\xcdf\x13\xad\
\x81\x04H\x87\x18r\xb3k\x8d\x8b6\xe0\xc6\xc6\x83|\
\xe96\x9bMl|\xba\x9fz\xb33dI\xcf\x09\xc7\
\xbe\xb9\xb9)\xda_{{\xbb\xe4\xd7\xa7\xbdT\x0b\x84\
\xba\xdf@-\xc4M\xe2\xc1\xc4\x1e\xa6\xd9\xc3\x84\x13\xf9\
\x93\xcb\xe5\xc4\x91\x8c\x9a\xa8\x86$[[[%4\x8e\
\xd9\xc3666\xb0\xb4\xb4$\x91\x0f\xbc\xce\xef\xf7\x0b\
\xfc\xcf\x9c\xde\x00\xa48L(\x14\x12A\xa3\x5c>\xa8\
SO\xd3\x84\xf6V\xd7\x87\x92\xe3\xe2\x18\xf5\xb5zO\
\x9a\xbe!\x9a\xf9s\xde(\x5cq\x9d=\x1e\x8f8\xe8\
y<\x1e\xc4b1ILD\x82\xd6\xd4\xd4$\x902\
\xe3\xe6\xd9\x07\xb3\xbc0\xaf\xe1\x1e#\xd1\xfb2\xed\xfa\
\xf5\xeb\xf8\xe4\x93O\xa4<n2\x99D*\x95\x92}\
\x09\x1c\x22B\x1a\xd6\xd5\x84U;\xc2\xd1\xdf\x85\xd7\xb2\
\xaa\xe2\x87\x1f~\x08\xa7\xd3\x89\xb5\xb55,--a\
qq\x11n\xb7\x1b\x7f\xf1\x17\x7f\x01\x00\x98\x9c\x9c\xc4\
\xaf~\xf5+A?l6\x9bd\x98\xbcz\xf5*\xc6\
\xc6\xc6\x9e9\x0e\x87\xc3!Y\x03\x19-r\xf7\xee]\
<x\xf0@\x0aI\x11\xbe\x7f\xfd\xf5\xd7e\x5c\x0b\x0b\
\x0b\x98\x9c\x9cD\xa5r\x10!\x10\x8dF\xd1\xd3\xd3\x83\
\xee\xeen1\x8d\xb1\x88\x90\xcf\xe7C\xb1X\x94\xfa\x13\
CCC\xe2\xc5\xcf\xfc\xf8\x89D\x027o\xde\xc4\xbb\
\xef\xbe\x0b\xbf\xdf\x8f\xe3\xc7\x8fcppP\xd0\xaeH\
$\x82\xb5\xb55q^\xe5\x9e\xa3V\x0e\x1c\x08\xc7\xcc\
K\xd0\xdd\xdd-0z:\x9dF\xa9T\xc2\x1f\xfe\xf0\
\x07\xcc\xcd\xcd\xc9sGGG\xb1\xbd\xbd-\x99\x03)\
\xbcR8\xd3\xfb\x90\xeb\xc8\xbdb:\xddq}y&\
\xd87\xd2\x16M\xcb\xca\xe5\xb2 \x91\xe5rY\xfcE\
x.\xed\xf6C\x0f\x7f\xa6\xeb\xd6\xbe\x0f\xec\xa3F\x1d\
\xf4{i[\xe7\x1e\xd3\x90<\x9d\x1b\xf9\x1c\x22-\xfc\
\x8egQ\x9f\x03\x93\xd7\x01O\x9b\x80\xb5\x82\x5cO\x11\
6\x15>~f\xb6/#\x08X\xf9,|\x99f\xa5\
\xec\x9a\xbcL\x10\x80z\xcc\xfeY\x9d\xff\x7f\xd5L\xed\
\xdb\xea;\xab\xbe<K\x98\xf82\x02\x89\xb9\xf0_\xb6\
\x91ArS\x92h\xd3\xe6N\x98\x99\x1b\xdc\x8c+\xd5\
\xcf\xe0\xbbuH\x1c=\xf7\xcd\xa2>\xdc\xd0\xa6\xf6\xcb\
\xb1P*oii\x91\xe8\x03\x0dW\x03\x90\xbe\x9a\xce\
t\xf5\x84\x22\x1d\xb5\x00\x1cV\xd7\xd3\xe8\x81\xd5zX\
\x1d\x04+\xe9\xdbDZ4\x9c\xc8\xf10\x89\x0b5&\
\xe6\x8cw:\x9d\x08\x87\xc3\x08\x85BhiiA2\
\x99\xc4\xd2\xd2\x12\xe6\xe6\xe6\xb0\xb5\xb5%\xb1\xff^\xaf\
\x17\xb1X\xac\xc6\x11jkk\x0b\x99L\x06\x95J\x05\
>\x9f\x0f\xa1P\x08\xd5\xea\x81S\xa1\xdf\xef\x17b\xc4\
\x08\x06\x97\xcb\x85H$\x22NK6\x9bM d\x0a\
a\xec7\xd7\xa7\xbd\xbd]\x12\x19Q\x03\xcd\xe5r\xc8\
\xe5r\x22(\xdal\x07\x10?\xed\xf8MMMb\x0b\
\x0f\x06\x83\x22|\xd1\x8e\xccu\xe5\xbc\xee\xed\xed\x89S\
\x17\xb5\x1d&1\xe2\xdc\xd1\xa1\xb1\xa5\xa5\x05\xe9tZ\
20F\xa3Q\x9c>}\x1a]]]O\xedq\x86\
?\xde\xbd{\x17\x9f}\xf6\x19n\xdd\xba\xf5T\x15:\
-\xec\xb0q\x8dMs\x98\xa9\xd5\x00\x87\xa1\xa5\xd5\xea\
A\x12\x19\x9af(\xb0\xf9|>\x9c;wN\x9e\xed\
\xf7\xfbk\x0a\xe4p?_\xb9r\x05?\xf9\xc9O\x9e\
\x1a\x83U\xcbf\xb3\x88F\xa3hhh\x90T\xd2'\
N\x9c\x90\xc24,4\xc3\x96\xc9d\xc4\x14\x05\x1c\xe6\
\xd5_YY\xc1\xfa\xfa:\x06\x07\x07\xe1\xf1xdn\
\xe6\xe6\xe6P\xadV\x11\x8b\xc5\xd0\xdf\xdf\x8f\xad\xad-\
,..\x0acc4\xc7\xfd\xfb\xf7%\x1b \xbd\xf1\
\x19\xa6J\xe7>m\x22\xe2Y\xa5\xe6\xcfz\x0e\x00\xc4\
Y5\x9b\xcd\xa2\xbd\xbd]\xc2\x82\xa7\xa6\xa6d\xde\x5c\
.\x17\x8e\x1c9\x82\xa9\xa9)\xa4R\xa9\xa74J\x1d\
\xdeg\x0a\x86\xba\x0f\xfa{+\xe5\x89\x0c\x9e\x02>\x99\
5M\x05D.\xcd\xfd@?\x02\x0a\x09\xf4\x1b\xd0(\
\x9b\xa6\x91\xf5PGMg)\xb0[\xa1\x96\xa6\xb2\xc7\
\xdf\x9a\xa6\xea\xf6,~h\x9a\xbc\xf4\xf7\xf5\xb4}\xab\
g\xf2{\xab\xbe=\xafY1\xf7z\xff\x9b\x82F\x8d\
\x09\xc0\xd4\xec\xf5\xe7V7?\xab\xb3\xe6=\xa64\xa2\
\xaf\xab\xf7\x1e\xabg\xd7\x832\xac\x9a\x15\x94cuO\
\xbd\x896\xa5<\xbd\xe1t\xbe{:\xb6\x11\x1e\xa4T\
\xcc\xc3E?\x00j\xb0V\x90\x0e!1\xc2\x8d\x84\xd5\
\x80\xc3\xe2\x0f\xdb\xdb\xdbB04\x84G\x82\xect:\
%\x15\xe9\xca\xca\x8a\x94\x08&\xb1f\x86<j%6\
\x9bM<lMf\xce\xbeP\xb8hjj\x92w[\
\xcd\xab\x9es\xd3v\xae7\xb7\x86\xb4\xf8\xa3\xa1\xbb\xc6\
\xc6FI\x00\xc3\xd0\xc1j\xf5 \xc4,\x1c\x0e#\x16\
\x8b\x09\x03\xa6\x8f\xc2\xd6\xd6\x96hM\x0cWkjj\
BOO\x8f0R\xae\x05\x0b\x0a\xad\xad\xad!\x9b\xcd\
J\x81\x19\x12\xf2\xd6\xd6V\x84\xc3a\x09\xffjkk\
\xc3\xd1\xa3G\xf1\x8do|\x03\x97.]\xb2\x0c3\xfb\
\xff\xdd\xca\xe5\x83\xfa\x07\xd9lV`|\x87\xc3!\x8e\
\x99\x9b\x9b\x9b\xd8\xd8\xd8\x80\xc3\xe1\x10\xafl\x00X]\
]\x95\x1c\x06\xf9|\x1eO\x9e<A<\x1e\x97\xc8\x8e\
_\xfe\xf2\x97\xb0\xd9l\xf8\xe1\x0f\x7f\x88\xd7^{\x0d\
\xf1x\x1c\xff\xfc\xcf\xff\x8c\xdf\xff\xfe\xf7H&\x932\
g4\x1d\xe9=Bm\x8f\x9a\x97F\x7f\x80ZA\x01\
@\xcd34\x94\xcdp\xc2\x8d\x8d\x0d\xa9\xbe\xb8\xb9\xb9\
\x893g\xce\xd4\x98*VVV$Y\x91\xcdv\x10\
1s\xe5\xca\x15\xfc\xecg?\x93\xd0\xb7\xe7\xb5\x8e\x8e\
\x8e\x1a?\x07\xd6\x0e\xe0\x9a\xb6\xb4\xb4Hd\x01\xe7\xef\
\xc2\x85\x0b8r\xe4\x88\xe4\xecg\x22\x9bJ\xa5\x22e\
\x83\xc9\xc8\xdb\xda\xda\xd0\xd5\xd5\x85R\xa9\x84\xd9\xd9Y\
\x99oz\xf0\xd3&l\xb7\xdb%7\x01\xa3 l6\
\x1bVVVd.\xe9\xf3\xa3\xe7\xdb\xeb\xf5\xa2\xab\xab\
\x0b.\x97K\xceu*\x95\xc2\xe2\xe2\x22\xda\xdb\xdb%\
Q\x14s\xec\x17\x8bED\x22\x11\x0c\x0f\x0f\xa3\xab\xab\
\x0b---\xf8\xec\xb3\xcfP(\x14\xa4/\x84\xc7u\
\xe6K\xe0\x90\x06p\xad\x1a\x1b\x1b\xc5?\x89\x0cZ\xfb\
\xbep\xbd\xb9'\xa9 QP%\xf3'\x02\xd8\xd0\xd0\
PS\xd5\x8fQG\x1c\xbf\xc3\xe1\xa8\xa1\x9d\xb4\xa9k\
AD\xfb\xea\xd0\x99U\xf7\x89H\x82)\xe4\x00\xb5\x0a\
\xa76\x8d\xb0i\xdaf\xc5\x97x\xbf\xe9\xdf\xa3\xdb\x9f\
\xc3\xcf\xf4:S\xe0\xfa\xb2\xcf3\xdfo%\x8c\x98\xcf\
\xe0w\x8d\xfa\x06\xdd\x09s\x928\xe9Z\xc2\xaf\xf7\xe0\
z\x9f[y2\xd6\x93\x8a\xac\x16\xe0y\xef4'\xd6\
\xea\xd9V\xef6\xb5W=\x1f&S\xe4\xbd\xd4\xd6\xe9\
d\xa75jj\xeb\xc0aB\x09nB\x0dc\xd36\
\xcf\x84\x1d\x14*\xa81\x10\xf6\xa3\x86\xc0\xeftv+\
-\x95s~\x09\xafSh *P\xadVkBx\
\x22\x91\x08vww\x91\xcdfk\xec\xac\x1c/\xc3q\
\xb4c\x1aSvj\xe2d\xce\x95\xb9?\xf8\xac|>\
\x8f\xf6\xf6v\x89\x08\xd0\x9e\xc7d\xfe\x84\xf6)\xa4\x90\
\xd0\xc4b1\x04\x02\x01\xa9\xef\xbe\xbe\xbe\x8e\xed\xedm\
\xa4R)$\x93I\xa4\xd3i\x81ZY*\xd6f\xb3\
I\x16=\xce)\xcb\xcd\x16\x0a\x05\xa4R)\xac\xac\xac\
`jjJ`\xf7X,\x86\xa1\xa1!\x1c=z\x14\
G\x8e\x1cA_\xdfAa\x97gy\x99\xff\xbfj\xdc\
3MMMb7\xe5\xfebx\xa3n\xe5r\x19K\
KK\xa8T*8z\xf4(\x5c.\x17\xaa\xd5*\xd2\
\xe9\xb4|\x1e\x0a\x85$\xa2\x22\x16\x8baaa\x01\x0f\
\x1f>\x94\x90\xb2J\xa5\x82\x0f>\xf8\x00\x81@\x00\xfd\
\xfd\xfd8{\xf6,n\xdd\xba\x05\xe0\x80\x01\xd2\xff\x84\
Z\x1d\x19\x84.d\xa2\xf7\x1f\xd7\x92\x84\x98\xc4Y\xd3\
\x0f-$444`eeEr\x10\xf4\xf4\xf4\xa0\
\xa9\xa9\x09\xa1P\xa8f\xac\xcc\x02\xc9s\xf3\xf7\x7f\xff\
\xf7\xf8\xe9O\x7f\xfag\xcdo[[\x1bR\xa9\x14:\
::\xf0\x95\xaf|\x05>\x9f\x0fo\xbe\xf9&\xee\xdd\
\xbb'\xc2;\x85\x0e\x9e?:a2\x9a\xa5X,b\
cc\x03\xb9\x5cN\x1c\xfa:::p\xf4\xe8Q\xf8\
\xfd~,//KfJ:\xf5i4\x8d\xf3\xc4t\
\xc1333\x08\x04\x028v\xec\x18\xfa\xfa\xfa\x90\xcd\
f\x91J\xa5\x90\xcb\xe5\x84\xa91\x11R$\x12\x91p\
\xe0r\xb9,\xa1\xa3\xad\xad\xadRH'\x9f\xcf#\x9f\
\xcfK\xe1\xaal6\x8b\xf1\xf1q\x84B!D\xa3Q\
ttt\xe0\xf6\xed\xdb\x98\x9f\x9f\x07\x001\x17\xe9\x90\
42s\x9d\x94\x87B7\xe7_\xa3\x12\xbc\x1f8\xe4\
\x13t\x1a&\xe3\xa6\x9d\x9f\xd7\xf2:F\xf8\xec\xee\xee\
JFHV\xbf\xd4{F\x87\xc7\xf2~\xa7\xd3)\x82\
%p\xc83\x88\x82\xe8\xfe\xd7\xe35Z\x01a3\xf9\
\x5c=\x94@3^+\xa5\xd2\xca\x04\xa0y\x8b\x95\xd2\
\xc5g\x98J\x94~\x86~\x8e\x15\xa37\x15z\xddL\
\xbe\xdaX\xefB\xf3bM\xdc\x9f%a|\x99\xf6,\
\x89\xc8\xea\xf3g\x0d\xd2\x1c\x90\x95\x14\xf4\xacw=K\
\x9b5\xef\xd3\x1a\x0c5cf\xef\xf2x<\x92@\x05\
\x80\x84\xdf\x11\x09\xd0\xcf\xa0i\x80\xb9\xc8y=\xef\xa1\
d\xcb\x0cv\xcc\xaf\xce\x5c\xf4<x\x14\x0et*\xca\
B\xa1\x80\x95\x95\x15\xcc\xcf\xcf\x8b\xd6a\x0a\x1c\xc0!\
\xf1e\x0aW\x9d\xdaU\xcf\x0b\xc7J\xed\x99R\xb5\x9e\
g6-\xec\xe8\xb9\xd2N~&chiiAO\
O\x8f\x8c\xb5\xad\xadMb\xba\xcd\xf4\xb8L\xcb\xca\x02\
=:\xc1\x11C\x8e\xecv\xbb\xd8\xc6}>\x1f\x5c.\
\x17\xda\xda\xda$2\x80\x04\x9a\x85U\xd8\xbf\xc6\xc6F\
\x0c\x0e\x0e\xe2\x95W^\xc1\xf1\xe3\xc7\xe1\xf7\xfb\xc5\x8f\
\xc3\x8a\xf9\xf3y\xa5R\xa9&M/\xe7\xd5l\x5c3\
+\xe8\x9c\x8d\x82\x1dp\x98\x85\xd1l\xe9t\x1a\x8f\x1f\
?\xc6\xfc\xfc\xbc\x14\x999u\xea\x94\xc4\xc0\xef\xef\xef\
cqq\x11\x9f~\xfa\xa9\xa4E\xe6\xde\xa0@\x14\x8d\
F\xb1\xbb\xbb\x8b\x99\x99\x19\x09\xa5\xacV\xab\x88F\xa3\
\x18\x1d\x1dE$\x12\x81\xc7\xe3AWW\x97\x08W\xcc\
\xe7N\xc2\xcc\xfei\x02\xac5)\xce\xa9\xf6u\xd1\xc4\
V\x13O\x96\xb8fv>f\x85\xccf\xb3\xa2\x9d\xfb\
\xfd~x<\x1e\xfc\xe8G?\xc2\xdf\xfd\xdd\xdf}i\
\xad_\xb7\x86\x86\x86\x1a!*\x18\x0c\xa2\xbf\xbf\x1f\x0f\
\x1e<\xc0\xf5\xeb\xd7q\xf9\xf2e\x19\xcb\xdc\xdc\x1c\xde\
\x7f\xff}LNN\x8a\x80\xae\xd3\xbc2f=\x14\x0a\
!\x10\x08`\x7f\x7f\x1fsss(\x97\xcbH\xa5R\
\x98\x9f\x9fG2\x99\xacq\xde\xe3\x1a444H\xe2\
'\xda\xc8\xe9_\x93L&Q,\x16\xe5\x5c\xd3\xe4\xd5\
\xd2\xd2\x22\x82\xc8\xfa\xfa\xba\x5c\xefr\xb9\x10\x08\x04\x04\
Q`E\xc9j\xb5*y\x00X\xfevttT\xe8\
K\xb5Z\x95$W\xec\x17\xfb\x06\xd42;\xcd\x9c\xb4\
\xc0\xa7\xa3wH#\xc8\xaciw\xe7\xfd\xcc/\xa2i\
\x10\xfb\xc2=\xc4\x22Af\xbalm\x06\xd0\xc8)\xe7\
\x96~%\x9aVY\xc5\xdd\xeb}\xaa\xd1H\x93\xd1[\
\x85\xe9Z)\x8e&/\xd1\xe6\x90\xe7\xf1\x13\xfd\x5c\x13\
i\xd6\xbe\x0c\xcfk\xcf\xe2\xbf\xf5\xf8\xac\x9e\xff\x9aD\
@f\xc7\xccf\x05KX\xb5\xff\x1b\xe1\xc0J\xab\xff\
s\x9ec\xa2\x17\xf5\xa4$\xabw\x9a\x12Y=\xa9J\
\xc3c\xb4\xfd\x13N\xd4Nz\x0d\x0d\x07\x89u\x18Z\
\xa6\xb3EQ\xb3\xd2\xa6\x01:\xcbP\x1b\xd6\x9a?5\
eBg\xc0a8LKK\x0b<\x1e\x8f$\x94y\
\xf2\xe4\x09\x16\x17\x17k\xb2}\xe90\x15\x1d\x92e\xb3\
\xd9\xc4qQK\xfd<\xd4\x14.x\xa09\xc7V\xfb\
\xc3Dl\xf4\x81\xa5]\x9f\xa5\x8d\x19\x96\x15\x08\x04\xa4\
\xb2\x1a\xed\xe9\x9cWf\x98\xdb\xd8\xd8\x10b\x95N\xa7\
\x91L&\xa5\xdc\xad\xdb\xed\x96\xb9\xa4\xa7{8\x1cF\
$\x12\x911mmm!\x97\xcb\x89\x9f\x00\x9d\xd8h\
we\xe2\x9c\xef}\xef{\xb8r\xe5\x8a\xf4/\x9b\xcd\
beeE\x84\x12]\xe7\x9eca\xdf\x98V\xb8\x1e\
R`\xa5%\x00\x07\x0c4\x9dN#\x9f\xcf\xcb\x5cS\
3\xe7Z\xf0\xb3\x95\x95\x15\xdc\xbcy\x13KKKp\
\xbb\xdd\xf0z\xbd\x88F\xa3\xf0z\xbd\xf2\xbc\x8d\x8d\x0d\
\xcc\xcd\xcd\xe1\xe3\x8f?\xc6\xde\xde\x1eN\x9d:%\xb1\
\xe1$\xce\x83\x83\x83\x08\x06\x83\xf0x<X]]\x15\
A\x95\x9aess3\x82\xc1 \xaa\xd5*:;;\
%\xf4\x8d\x09\x97\xb8?\xc9 (\xb0\xea\xcc\x97\x1c\xb3\
\x86^MM\x98\xfb\x82\xfb\x92u\xe2\xab\xd5*\x96\xff\
\x0foo\xf6\xdbfz\x9e\x8d_/Im\xdcDR\
\xa4(\x8a\xda\xa8\xcd\xb2e\x8f<\xb6g\xcbd\x1c7\
3\x09&\x9d\xa0M\xdb\x04\x01R4\xffB\x81\x9e\xf4\
\xbcg\xedY{^\x14A\x8b\x00A\x8b4i\x92/\
\x99d6\xcf\x8c'\x89g\xf3x\x1fk\xb3(\x89\xab\
$\x92\x22\xb5\x8b|\xbf\x03\xe5\xbau\xf3\xf1K\xd9\x93\
\xdf\xd7\xdf\x03\x08\x92\xc8wy\xd6{\xb9\xeemu\x15\
\xe5rY\x04\x80\xc3\xc3C\xbc\xfa\xea\xab\xf8\x8b\xbf\xf8\
\x0b\xc7\xf9\xfdcZ(\x14\xc2\xcc\xcc\x8c\xf8I\x04\x83\
A\xf8|>lmm!\x9dN#\x93\xc9\xe0\xd6\xad\
[26\x0d9\xf3<\x8e\x8c\x8c\xe0\xec\xd9\xb3b\x9e\
\xdb\xdc\xdcD>\x9fG\xb9\x5cnb\xa04\x950b\
\x84!\xa8\x14\xfax.y\xa6\xdd\xee\xa3*\x98D\xbd\
\xb6\xb7\xb7Q(\x14P\xadV\xc5\xd6N\x7f\x00\xceY\
\xb5Z\x95\xbd\x18\x89D$\x8fF\xb5ZE&\x93\x91\
\xf9\x1d\x1d\x1d\x15\x04!\x9b\xcdJIdMk\xb5S\
\x9d\xa9Tq\x1c\xda\x99\x94\xf7r?\xe8\xe8'\xad\xbd\
\x13\xd1\xd2\xe1}<o\x9d\x9d\x9d\x82RP\xe0\xdf\xde\
\xde\x96\xd4\xe0\xcc\x90\xa8s\x18P\xe3\xd7}qb\xa0\
\x1a}1\xfd\xa8\x9c\xe8<\xef\xe1w\xa6\x8f\x81\xa9\xc9\
\xeb\xeb[!\xd3\xad4\xfeV\x88\xb8\xeeS+\xc5\xf5\
\x8b6\x13}\xf0\x98\x93`j\xd4\xe6\xcdZR1!\
\x10s\xc0\xad:kNx+\x06\xed\x84\x00\x98\xef1\
\xa5\xd3V(A\xab~\xe8\xb1h\x13\x85y\x0f?\xd3\
\xda-c\xd6Y\xfd\x8c\xa52u\xa2\x0d\x0dq3\xec\
\x8f\x9a\xb6\x8e\xa3%\x01\xa1@\xa0\xc3\xfe\xb4\x070\xdf\
\xaf=\xd2\xa9=S\xc0`\xdaa\x12\x5c\xc6\xdb\xd2\xd3\
\x98\x87\x93\xe3u\xbb\xdd\xe8\xee\xee\x86\xcf\xe7\x13'9\
\xf3=tjd?\xf5\xbc\xe9y\xd4\x9a\x9e\x16\x94\x08\
\xc1\xd3\xa4@-\x9fN?\xcc\x83@\xed\x81\xb6l&\
\xe8Y^^F\xa9T\x12\xe1\x87\xb6D\xa6R\xa6\x90\
\xd5\xde\xde\x8ep8\x0c\xbf\xdf\x8fz\xbd\x8eB\xa1 \
\xc9\x81\xaa\xd5\xaa\x10\xa7\xb6\xb66$\x12\x09\x5c\xbat\
\x09\x7f\xfa\xa7\x7f\x8a/\x7f\xf9\xcb\xe8\xe9\xe9\x01p\x9c\
\xfd\x8e\x08\x04}2\xd8(\xa0p^x\x8d\xd6\xe0\xf5\
\xbe\xe3Zh\x9bv:\x9d\xc6o\x7f\xfb[|\xf6\xd9\
g\xe2\xb8\x18\x0e\x87\x11\x08\x04d_ibL\xb8s\
\x7f\x7f\x1f\xdd\xdd\xdd\xf0z\xbd\x08\x87\xc3\x12/\xcf~\
\xcf\xcf\xcf\xe3\xfa\xf5\xeb\xb8{\xf7.\xca\xe52r\xb9\
\x1c\x9e~\xfaiLOO\xa3\xb7\xb7\xb7)\xf44\x91\
HHh\x9c\xc7\xe3A6\x9b\xc5\xed\xdb\xb7\x91\xc9d\
\xb0\xba\xba*\xfb\x8by\x16\x08\x7f7\x1a\x0dA\x05\xc8\
\xb8)\x5c\xe8\xbc\xf5t\xecb\x84\x82\xde\x1b\xd4\xd2\xb8\
Gz{{133\x83\xe7\x9f\x7f\x1eKKK\xe2\
\xef\xc0\xe6v\xbbOd\xfe\xab\xab\xab\x8e\x0e\x8d\x8fk\
###x\xee\xb9\xe7\xb0\xb2\xb2\x02\xb7\xdb-\x10\xfc\
\xbd{\xf7$\xcc\x11h\xa6\x1d\xdc\xdb^\xafW\xcc-\
\xd1h\xb4)\xa6\x9f{R\x0b\xe0\xa4\x01|&\xbd\xf0\
\x1f<x\x00\xbf\xdf\x8fd2)\x8c~{{\x1b\xd1\
hT\x1c\x82\x89\x90\x94\xcbe\x993\x9f\xcf'~\x1f\
\x84\xddi\x02\x0b\x06\x83\xe8\xea\xea\xc2\xea\xea*\xb2\xd9\
\xac\x84\x19F\xa3Q\xf8\xfd~\x5c\xbe|\x19\xf5z\x1d\
\xe9t\x1a\xb3\xb3\xb3\xd8\xd8\xd8@.\x97C>\x9fo\
\x82\xd9I\xe7H\x074m\xd4a\xbb\xfc\x9fk\xca\xfd\
N\xe1\x894\xc0\xb2\x8ej3\xb0\x10\x94\xd7\xeb\x15\xa5\
 \x99L\xe2\xb9\xe7\x9e\xc3\xf4\xf4\xb4 <\xd5j\x15\
\xf7\xef\xdf\xc7[o\xbd%\xc8\x1f\x05\x17f\x12\xe5\xfc\
\xea\x08\x04\xe08\x15/\x91\x06\x9a04\xa3\xd6\xa1\xb9\
N\x0a\xae\xe9\xe4\xa7\xc7\xae\xfd5\xf8,\xb6V\xbc\x87\
\xcf3\xd1\x0c\xd3\x97\xe0I\x14r'~y\x92\xe3\xa1\
\xc9\xd7-\xcb:*\x07lJ%|\x98~\xa9f\x80\
N\x1dh%E=N{\xd7L\xdbI\x188Ix\
\xd0\xf7?\x89D\xe4d\x9b6\x9f\xab\x17\xaa\xd5=<\
\xe4L\xf0\xc3B%\xf5\xfaq\xce\x7f3dL{\xba\
R\xb3\xa6}\x0c\x80h\x94<D\xd4\x14\xd8\x08m\xb3\
\xf4'!B\x0a\x0bL'\xca\xe25\xdc\xfcZ[\xa7\
\x86BobsC\xe8\xb5`\x1f\xc3\xe10\x22\x91\x88\
8\xd2\x11m \xa2A\xf8\xd6\xcc\xc8\xc5lo41\
\xd0\xa3\x9d\xb6V\xe0H\x00J$\x128<<\x14H\
\x9daU\xb4\x05\xee\xee\xee\xcao-\xf1\xd3\x19\xce\xef\
\xf7\xcbX\x83\xc1 \xfa\xfa\xfa$; m\xb8\xa5R\
\x09KKK\xc8f\xb3\xe2\xacu\xf6\xecY\xbc\xf6\xda\
kx\xe9\xa5\x970<<,~\x02\xf4oh4\x1a\
\x82\xea\xb0mmm\xe1\xc6\x8d\x1b\xf8\xf8\xe3\x8f\xf1\xf0\
\xe1C,,,H\xe1\x93\x8e\x8e\x0eA1\x08\x11\xeb\
\xcc\x89\xd4\x1a\x09\x812\xdf@WW\x97hr\x91H\
D\xaa1\xd2\xc3\x9f\xcc\xb8R\xa9\xc0\xe5r!\x99L\
\x22\x1a\x8d\x22\x95J\xe1\xec\xd9\xb3\xd2o\xe0\xc8<\xf0\
\xbb\xdf\xfd\x0e\xd7\xaf_\x97$H4\x15lll\xe0\
\xd4\xa9S\x18\x18\x18\x80\xd7\xeb\x05\x00a\x1c\xb1X\x0c\
\xcb\xcb\xcb\x08\x04\x02\xe2\x7f177'\xdfq})\
\xa4\xb5\xb5\x1dU\x1a\xdc\xd9\xd9A\xa5RA\xa5R\x91\
\x94\xb4$\x8a\xda\xf1T\x0b\x86\xfa\x1a\xcew{{;\
2\x99\x0cvvv$\x8b\xde\x1bo\xbc!\x90\xbbe\
Y\x8f\x14\xf91\xdb\x1f\xc3\xfc\xd9._\xbe\x8cJ\xa5\
\x22\xf3r\xeb\xd6-\x5c\xbbv\x0d\x8b\x8b\x8b\xe2\x95O\
\xa7;j\xb8\x14\xae\xa7\xa6\xa6\x045\xe0yg\xa9]\
mK&\xe3\xd1\x82\x00\xcd\x5c\xa3\xa3\xa3h4\x1aX\
\x5c\x5cD6\x9bE\xb1X\x14H\xbfR\xa9H\xf4\x03\
S[wwwcll\x0c\xe7\xce\x9dC0\x18\x94\
\xdc\x03\xaclI\x01\xc4\xb2,\xe9\x0b\xcdwL\x86\xc4\
\xe72r\x84\xeb\xd4\xd9\xd9\x89B\xa1\xd0\x04\xdfk\x1a\
\xa6\xd1\x0f\x936rl\x9c\x07\xa6]\xee\xe9\xe9\x11\x1f\
\x96\x91\x91\x11\xa4R)A\xf6hfK&\x938}\
\xfa4\xfc~\x7f\xd33\x03\x81\x80T\xb3\xbcs\xe7\x0e\
\xb2\xd9\xacTxd\xe9k\xe6\x1d\xd0&\x9a\x83\x83\x03\
x\xbd^\xa1\xc9\xc0qM\x0aM\xab(\x90\x91)s\
\x1c\x1c\x9fF8\x80c\x98\x9f\xdfq\x1f8)\xa6N\
J$\xe0\x8c&\xf0\xb7\xfe[;Gk\xe1\xa2\x15O\
\xd5\xcc\xff\xa4\xeb\xf4\xf7\x8f$\x02ju\xe1\x93<\xb0\
\xd5\x8b[1s\xfd\x99)\x088\xb5VH\x01?;\
\xe9\xbe'A%Lm\xffI\xc7\xa4=`wvv\
\x9a\xa03\x1e|J\xc2\x84\xfb\xe9\xf5\xafc^\xf9~\
\xc2_\xbc\x9f\x84\x94\x0c\x86\x8c\xbf\xd1hH\x1c\xf5\xfc\
\xfc\xbc\x84\xf98\xcd\x15\xa5d\xc6\xc7k\x1b\xad\x9e\x7f\
\x1ep~OtAk=\x84C\xeb\xf5\xba\xa4\xfe\xd4\
\xb5\xc6\xf9\x0cB\xf4\xb4\xc5\x13)!A\xa0M\x9f\xb6\
tV\x03\xacT*R\x87@'\xfbp\xda\x07d\xbe\
\x14TFGG%\x5cK\xa7~]^^\xc6\xee\xee\
.\xbc^/\x06\x07\x07\xf1\xdcs\xcf\xe1\xca\x95+\x98\
\x9e\x9e\x96\xf5&a`t\x01\xfb\xd3h\x1ce3\xfc\
\xf4\xd3O\xf1\xe6\x9bo\xe2\xf6\xed\xdb(\x16\x8b\x92\x08\
E# \xda\x01\x8e\x84E\xef-\x0aU\xd4\xbe\xa9\xa9\
\xd1\xfcqpp\x80J\xa5\x22N\x5c\xd9lV\xe6\x87\
%S\x83\xc1 \x06\x07\x07\xc57\x84\xeb5;;\x8b\
\xeb\xd7\xaf#\x93\xc9\x88]too\x0f\xe9t\x1a\xa5\
R\x09+++\x18\x1a\x1a\xc2\xd0\xd0\x10R\xa9\x94\x94\
\x9c\xa5w\xb7\xcf\xe7\x13\xa1\x8e\xb6\xd5\x95\x95\x15tu\
u!\x1a\x8d\x0a\xf3\xa7 `\xdb\xc7\xa1\x8d\xdd\xdd\xdd\
\xa8\xd5jb\xc7\xa56\xcc\xf3AMX\x13?\x0a\xa1\
\x8dF\x03\xa5R\x09\x8b\x8b\x8bX\x5c\x5cD<\x1e\x17\
\xad\x97>\x16\xff\xdb\xed\xfc\xf9\xf3\xc8\xe5rX__\
\xc7\xf2\xf2\xb2\x84d2\xd7\x00\xd7S\x0b\xf7<\xbfD\
\x9f\xf6\xf6\xf6$\xcd4\xd7\x9d\xd7i\x07;\xfd\xbfe\
\x1dE\xe2Pk\xef\xeb\xeb\x93\x0a\x7f\x14\xacJ\xa5\x92\
\x98\x0b\x19\xb6\x1a\x8dF%S\x22Q\x96\xe5\xe5el\
llHj\xddF\xe3\xb8\xfa^GG\x07\xd6\xd7\xd7\
\x05\xeda\xbfh\xfe\xe39\xaf\xd7\xeb\xd8\xdc\xdcD\xb1\
X\x14\xe7`\x0a<\x9aVp,\x14\x0c\xc8@].\
\x97h\xf3}}}\x18\x1b\x1b\x13?\x89\x81\x81\x01)\
\xfc\xc4l\x9f\x1c\xb7\xe9\xf3\xc2=\xc2\xf3=99\x89\
x<.\xc5\xba\x16\x17\x17\xb1\xb4\xb4\x84R\xa9$\x02\
\x12S\x80s\x0f2\xbc\x93J\x93\xf6a\xa1)\xd6\x09\
\xc54ar6'\xc6\xde\x8a\xa7\xb5B\xb9\xf5\xd8N\
\xe2\xa7\x9a\x17\x99\xf7;\xf5\xed\x8b6A2\xcc\x0f5\
\x0c\xa1\xa5v'\xcf\x7f\xddQ\xa7\x87\x9f\xa4\xbd\x9f\x04\
q8IG&\x03h%\x0c\x98\x02\x85\x93$\xe6\xd4\
(\xe9\x9d\x84^\xe8\xef\xa8\xe5y<\x1e\xd1\xda\xb4\x84\
I\x09\x8e\xe3!\x5cM\x07\x17\x8d\xa6PH\xe0\x01\xa2\
fd\xdb\xb6\xd4R\xa7\xa6\xcf\xc3\xedr\xb9P\xadV\
\x91\xcdf\xc5\xe6\xbf\xb9\xb9\xf9\xc8\xdc\xe89\xe0s\x99\
q\x8bf\x0bJ\xc1\xec3\xcb\xd0\xf2\x1e:\x00\x12\xdd\
\xf0x<\x88D\x22\x88F\xa3Rv\xb7Z\xad\x8aF\
A\x02G\xad\x98\xda\x88\xc7\xe3A__\x9f8\xfdQ\
\x0bf\x81\x9e\xd5\xd5U\x14\x8bE1Ahx\x8d\xe3\
\xa1pA\x9f\x04\x86\xee\x0d\x0f\x0fctt\x14\xc1`\
\x10\xe5rYb\xba9\x7f\x14H\x22\x91\x08\xc6\xc6\xc6\
\xf0\xfc\xf3\xcfcllL\xb4;\xe0\xd8\xf1\x8e\x10\xf7\
\x8d\x1b7\xf0\xde{\xef\xe1\xea\xd5\xab\x98\x9b\x9b\x13\xc6\
\xa6\xe1:\x8d\xa0\x99k\xc8\xcf\xc84\xba\xba\xba\x90H\
$088(\x02\x10\x09\x1c3\xf813!ap\
\xee;\xf6\xbf\xa7\xa7\x07}}}\x02\xbb\x93(\x7f\xfa\
\xe9\xa7\xf8\xe1\x0f\x7f\x88\x0f>\xf8@\x1c\xbb\xf8^\xcb\
\xb2P*\x95\x84\xa14\x1a\x0d\xd1\xcc\x98\xcc&\x1e\x8f\
\xa3\xb7\xb7\x17\x8dF\x03\x7f\xfb\xb7\x7f\x8b\xabW\xaf\xe2\
\xda\xb5k\x98\x9f\x9f\xc7\xee\xee\xae89r\x7f\x93\x80\
{<\x1eI\xb4D[4\xdfC\x86Ja\xd1\xa4-\
:\x1b&\x9d\xe7\x16\x16\x16\x04\xed\xfa\xff\x8b\xf9\xd7\xeb\
u\xb1/\xb7\xb5\xb5\xe1\x1b\xdf\xf8\x06\xd2\xe94\xdex\
\xe3\x0d\xcc\xcd\xcd\xc9^\x22\xf3 \xfc\xdb\xd9\xd9\x89\x8d\
\x8d\x0d\x84\xc3a9\x07\xfc\x5c#V\x1aF\xe6Y\xa7\
\xb0\xb5\xbb\xbb\x8b{\xf7\xee!\x12\x89 \x99LJ\x96\
\xc1\x1f\xff\xf8\xc7(\x97\xcb\xa8V\xab\xa2M\xb3\x02f\
4\x1aE \x10\x10\xf3\x0c\x85\xe5Z\xad\x86\xe5\xe5e\
)v\xc5\xf3O\xc6\xe7v\xbb\xf1\xe9\xa7\x9f\xc2\xe5r\
ahh\x08\xc3\xc3\xc3M\xb9K\xf8|\x16`ZX\
X@:\x9d\x16\xff\x0f\x0a\xe4\xa4\x0dD\xc7H3\xba\
\xbb\xbb\x11\x0a\x85022\x82s\xe7\xce\xe1\xd9g\x9f\
\xc5\xf8\xf8\xb8\xccY\x7f\x7f\x7f\x93\x99Lk\xd8lL\
\xcbM:\x17\x89D\xa4Jf8\x1cF8\x1c\x16\x87\
\xd0\xe1\xe1a\x09\xe7\xe5\x1c\xaf\xad\xad\xa1X,J\xd4\
\x08\xa3\x22\xe8\xabCgaF\x94\xd8\xb6-\xe8\x085\
\x7f\xcd\x0bL\xd4\x1bh\xf63\xd3t@\x0b\x12\xfc\x5c\
\x9b\xd8M\x9ej\xfaO\xe8w\xea\xe7\x03h\x12\xbe\x9c\
xr+a\xc0\x89\x17\xe8\xcf=\xad.\xd6\x9d\xd1L\
\xc5Icw\xea\xc0I\x1a\xb6y\xafy_+\xa1\xa2\
\x95\x90\xe0$!9\xf5\xa1\xd5\xf3\x9e\x049\xd0\xef\xd0\
\x0eKL\xcaAI\x188\xb6\x8di\xe7>\xda\xcf\xe9\
\xccF\xc6\xa45\x0az\xec\x92P\xf0PE\xa3Q\xe4\
\xf3y\xd1\xe8\xb6\xb6\xb6$T\x886y\xcd\x94\xc8\x84\
(\x99\x9b\x84\x97\x82\x05\x99\x0f\xf3\x19\xb0\xfa\x9deY\
R\x0b\x80\xe9e\xf7\xf6\xf6$\xaf\x00S\x1c\xd3\x13\x9a\
\x82I[[\x9b\xc0\x89~\xbf_\x08\xbc\xdb\xed\x16-\
\x098rT[]]\xc5\x83\x07\x0f077\x87|\
>/\x92\xbb\xb6\xb9\xea\x1f\x0aW\xf4\x06\xee\xea\xea\x12\
8\xb3\xab\xab\x0b\x03\x03\x03H&\x93\xf2\xder\xb9\x8c\
\x95\x95\x15\x81\x07\x09\x07\xf6\xf7\xf7\xe3\x99g\x9e\xc1\xd4\
\xd4\x94\xd8\x985Q\xfa\xfc\xf3\xcf\xf1\xa3\x1f\xfd\x08o\
\xbc\xf1\x86\xc0\xd2:W\x02\xd7\xdf\xc9wF\xdbz9\
\x06\x9a\x8aX\xd8\x86\xe6\x22\x12\xcd\xad\xad-<x\xf0\
\x00+++R\x80\xc8$\x0c\xbc?\x99LJ%>\
\xf6\xb9V\xab!\x9b\xcd\xe2g?\xfb\x19\xae_\xbf.\
\x85q4\x5c\xab\x89O.\x97\xc3\xfb\xef\xbf\x8f\x5c.\
\x87K\x97.I\xfe\xfa\x0b\x17.\x88\x10\x17\x0a\x85\xf0\
\x9d\xef|\x07\xaf\xbc\xf2\x0a\xae]\xbb\x86\x9f\xfc\xe4'\
\xf8\xfd\xef\x7f\x8f\x81\x81\x01$\x12\x89\xa6r\xd3\xdcO\
d\x0c>\x9f\x0f\xbd\xbd\xbdb\xa2\xd1~2\x96e\x09\
D\xeb\xf7\xfb\x91\xcf\xe7\x05\xb1\xea\xeb\xeb\xc3\xf0\xf0\xb0\
$N\xa2\xe7\xfb\xffv#\xcaQ,\x16\xd1\xd6\xd6\x86\
\xbe\xbe>Y\x1b:\xddi\xd8^\xa7\xad=<<\x14\
\xe1\x87P;3M\x9a\x8ef\x1ab&\xe3\x1e\x1d\x1d\
\x95\x04>\xf5z]\xea\x1b\xdc\xbbw\x0f\xc5b\x11\xb5\
Z\x0d\xa7N\x9d\x92\xb4\xbe>\x9f\x0f\xd1hT`\xef\
\x85\x85\x05\xa1\x05\xb7n\xddB:\x9dn\x82\xa3I\xe3\
X\x86[\x17\xddb\xe1\xab\x9e\x9e\x1e\x8c\x8c\x8c\x880\
_\xa9T$\x89V \x10\xc0\xc8\xc8\x08\xee\xdc\xb9#\
\xb9\x05\xb8G\xb6\xb6\xb6\x04=\xea\xed\xed\xc5\xd9\xb3g\
\xf1\x95\xaf|\x05\xa7O\x9f\x96bM\x0cg-\x16\x8b\
2g\xfa\xac\xd1i\x97\xc5\xbf\x98\x8c\x89\xe1\x96\x0c\xf9\
eb/\x9f\xcf\x87\xfd\xfd}\xa9v\x08@\x14*\x16\
hb.\x01\xa2b\xb1X\xac\xc9A\x98\xa8&\x95\x15\
\x93\x8f\xe8\xf3\xac\xcd\xb8\x5c7\x13\xd9\x01\x9a\x9d\xe3\xb9\
\xe6\xda\x94\xfb8M\xbd\x952\xac\x05F\xf6\x87\xff;\
\x99\x04\x9c\x90\x81V(\x06\x9b\xc7\xe9\x0b\xfd\xb7iW\
0\xa5\xa1V\x83s\xfa\xfc$m\xfdq\xcfk\xf5\xdd\
I\x08\xc5I\x02\x80\x13\x84r\x12Z\xe0\xd4G27\
B\x81z\xb1\xc9\xf8m\xdbn\x92\xd0)\xe1\xea\x92\xa8\
d\x14&\xdcC\x08;\x9b\xcd\x8aPA\xb8\xdd)\x1c\
\x8fs`j[\xad\xe6\x82\x0e\x82\x8c^\xd0\xf3\xc8r\
\xbc\xb4\x17\x96J%\x09[$\x5cOs\x84Nn\xa4\
\xd3\x16\xf3\x7f\xa2\x05:N\x9d\xf9\xd2\xd3\xe94\xca\xe5\
r\x13d\xcc\xfd\xa7\xb5\x03}\xf0h\xca\xe0\x1c\xd0'\
\x80\x12?\xed\xd2\xd9l\x16\xc0Q\xb8W,\x16\xc3\xc6\
\xc6\x06l\xdb\x16XT\xb7|>\x8fk\xd7\xae\xe17\
\xbf\xf9\x0d>\xf8\xe0\x03,//\x8b\xb6\xaf59\x0d\
{jB\xc0s\xa2c\x9c\xdb\xdb\xdb%\xf795,\
\xda\x94i\xdfgj]B\xf6d\xa6l\x146\x07\x07\
\x07\x9b\xd2\xc6\xd2L\xb2\xb1\xb1\x81\x8f>\xfa\x08\xef\xbc\
\xf3\x0er\xb9\x5c\x93#\x94\xd6L\xb8Gl\xfb\xc8T\
\xf5\xf0\xe1C\x1c\x1e\x1e\x22\x16\x8b\xe1\x1f\xfe\xe1\x1fd\
\xcd\xab\xd5*\x06\x06\x06011\x01\xe0\xa8\xc4\xf2\xf0\
\xf00~\xfa\xd3\x9f\xe2\xe6\xcd\x9b\xf8\xe4\x93O\xc4\xe1\
\x91\xfb\xbb\xa3\xa3\x03}}}H&\x93\xb0\xed#;\
\xb2\xd7\xeb\x15GIF\x0fp\x5c\x14\x04\x99h\xa9R\
\xa9\x88\xa0;::\x8a\xae\xae.\xc9\xd1p\xf6\xec\xd9\
G\xf6\xed\xff\xcb\xc63\xe0\xf5z\xb1\xb7\xb7\x87\xe5\xe5\
ea\x0c\xe1p\x18\x17.\x5c@WW\x17\x96\x96\x96\
\x04-b\x18\x1dC\xff\x0e\x0e\x0e\x9a\x22YtL\xbc\
\xb6\xe3jt\x8fp<\xd1\x85L&#\xa1}\xb4\xf5\
\xa7R)tww\xa3\xbb\xbb[L2\x8b\x8b\x8bR\
\xf8\x87{\x83\x08\x9a\x86\xe1\xb5c\x9av\xb6d_l\
\xdb\x16\xa6[\xa9T$_\x06CGu\xc9g&h\
b\x04B\xb1XD\xb1X\xc4\xe1\xe1!FFF0\
11\x81\x99\x99\x19<\xf3\xcc3\x92\x99\xd3\xe3\xf1\xa0\
R\xa9\xa0P( \x97\xcb!\x16\x8bI\xae\x8e\xa1\xa1\
!\xf1\xd1a\x88%}iH\xaf\xda\xda\xdaP\xab\xd5\
\xb0\xb5\xb5\x85R\xa9$\xe8\x19\x99+\x91!3\xea*\
\x14\x0a\xc1\xedv\xcb\xfc\x1c\x1e\x1e\x22\x14\x0a\xc1\xb6m\
A\x95\x88\xc6\xd1\xb7\x85H\xa2\xae\xb9\xa2\xf3\x22h\x1a\
\xdb\xca\xce\xae\x95I>C\x7f\xaf\xef\x07\x9c\xf9\xa8\x13\
\xff\xd5J\x9c\xbeO\xaf\xe7I\xfc\xb3U?\x1eA\x00\
\x9c\xb4|\xa7v\x12D\xfe\xb8{\x9eD3\xffc\x9b\
\x13C\xffc\xefi\xd5?\x0d\xf5R\xbb\xd7\x07\x8c\x0b\
\xa5\xbd^i\xd7\xa5$\xcbCd>\x93\xd7\x9ap\x10\
\xfbH\xa2\xa3\xcd\x03\xfa\xfeV}\xe5\xdf|\xbe\x1e3\
\xcd\x01d>4Q0<\xa9\xd1hHR\x11z\xa5\
\xeb\x98\x5cn.\xed\xe4\xc4\x03\xa9\x9fI\x8d\x8a\xde\xe0\
\x84\xe4,\xcb\x12/z\xedtd\xeeE\xbd\xf95q\
\xa3\x8d\x93\xb6b\x9a\x1f677\xc5c\xd8\xe5r\x09\
d\xe8\xf5z\x85h\xeaB7\xb9\x5c\x0e\xd7\xaf_\xc7\
\xd5\xabW\xf1\xdb\xdf\xfeV\x98\xbf^o\xddH\x188\
\x0f\xfa\x7f^O\xb8>\x1e\x8f\x8b\xff\x03p\xc4\xfc\x18\
\xdaD\xdb>\xef1aB\xa6\xa1\x9d\x98\x98\xc0\x8b/\
\xbe\x88\x0b\x17. \x12\x89\x08jD\x7f\x81\x07\x0f\x1e\
`ii\xa9\xc9'\xc1\xd4\x22\xf4|\xf2\xfb\xa1\xa1!\
\x9c;w\x0e\xa7O\x9f\x06p\x84&\x1c\x1c\x1c \x18\
\x0c\xcaXGFF\x90L&100\x80\xabW\xaf\
\xe2\xed\xb7\xdf\xc6\xdd\xdd\xef\xae9\x00\x00 \x00ID\
AT\xbbw\xc5\x04@\xd3W\xb9\x5c\xc6\xf6\xf6v\x13\
*C\xf3\xd2\xf6\xf6v\x93\x80C\xf3\x10\x1d\xe1\x886\
\xd9\xb6\x8db\xb1\x08\xdb\xb6\xa5|\xef\xffv\xd3\x89\xb7\
\x8a\xc5b\x13s\xed\xea\xea\x92\xc4D\x96eavv\
V\x18\x10\xf3q0L\x97\xc8\x09\xcd\x81d\xc4\x14\x08\
\xb4\xc78MQ\x87\x87G\xc5\xa7\xc8\xd8\xba\xbb\xbb\xc5\
ymhhH\xce\xcb\xc6\xc6\x06\x0e\x0f\x0f\xc5S\x9f\
\xb4Dk\x9bf\xb4\x11\xf7\x135Q\xbd\x0f\xf87\xcf\
0\x15\x94|>\x0f\x97\xcb\x85\x95\x95\x15\x8c\x8d\x8da\
xxX\xd6\x86\x915\x8cB\xe9\xe9\xe9\x81\xcb\xe5B\
*\x95\xc2\xcc\xcc\x0c\x06\x07\x07\x01@P\xc2\xb6\xb66\
\xa4\xd3iq\xd4+\x95J\x12\xfdS\xaf\xd7\xe57\x19\
/\x9d&\xa9\xa1\x13\xe9\xa43,M\x15<g\x14,\
\xab\xd5\xaa8\x0c\x03\x10\xfa\xb5\xb3\xb3#\xc2t\xa3\xd1\
hz\xdf\xe1\xe1\xa1\x08\x00[[[R\x91\x90(\x16\
\xf7\x9d\xa9\xe9\xb3\x9d\xe4\xb5\xaf\xe9\x97\xd6\xc85m3\
\xcf'\xefck\xc5c\xb9~\xfc\xd1\xf4\xe6q\xfc\xc0\
|\x1f\xfb\xe0\x98\x07\xc0\x94,\x9c&\xe1\x8b0\xff\xc7\
\xdd\xdbj2\xcc\xf7\xb6B\x15\x9c\x04\x97\xc7=K\x7f\
f\x12x\xa7w\x90hutt \x10\x08H\x1c\xb5\
\xd6(y\x10)\x00pS\xd1\xab\x9d\xd0\x99\x09\x17\x99\
\x9bF3\x02=\x87\xe6g&\xe4\xa3%Vs\xe3h\
\xa6\xcfk\xb5\xd0B'C:x1\xa50%f\xa2\
\x0f$\x1eZP\xd0L\x8b\xd70\xa3\x1f\x0b\xda\x90\x09\
\xea\x82E\x84\xbc\xb5-\xd0\xd4V\xc9\xf05\x13\xe3\xb3\
\xfd~\xbf\x5c\xb3\xb7\xb7\x87\x5c.\x87\xad\xad-<|\
\xf8P\xc2\xe0\x5c.\x17\xe6\xe7\xe71::\x8aD\x22\
\x81x<\x8e\xa1\xa1\xa1\xa6\x10\xb3\xbd\xbd=\xcc\xce\xce\
\xe2\xb3\xcf>C\xb9\x5c\x16!\xc7d\xf0Z\x12'\x91\
\xd5\xfd\xe5\xde`.\x7f25\xce\xd7\xee\xee.\xd6\xd6\
\xd6\xa4\x16\xbc\x96\xeeu\x9c8\xff\xf7z\xbd\x18\x1b\x1b\
\xc3\xcb/\xbf\x8c\x97^z\x09\xb1XL\x88)\xd7s\
ssS\x08\x18\xb3\xaaq\xbfj\xc1\x89\xda\xa1e\x1d\
9rNLL\xe0\xeb_\xff:^|\xf1E\x99\x87\
\x7f\xfb\xb7\x7f\xc3\xf0\xf0p\x13L\xcb\xd0\xca\x17^x\
\x01/\xbc\xf0\x02^}\xf5U\xfc\xe0\x07?\xc0\xb5k\
\xd7\x90\xc9d\x9a\x0a\xd6,--=\x02Oj\x0d\xa4\
\xb7\xb7\x17\x91H\xa4i\xee(\x8c\xd1\x11\xf1\x93O>\
\xc1\xd8\xd8\x18<\x1e\x0f\xbe\xf2\x95\xaf\x9cx.\x9d\xda\
\xe7\x9f\x7f\x8e\xfb\xf7\xef\xa3T*!\x91H\xe0\xfc\xf9\
\xf3MY\x05\xdf{\xef=<x\xf0\x00###\x18\
\x1d\x1d\x95=DHxww\x17\xe9tZ\x1c\xf3z\
{{%\xd57\x11\x122VV\xfc\x5c__G8\
\x1c\x16\x81\x8eH\x87Fc\x0e\x0e\x8e+L2\x22\xa6\
\xd1h49r\xe6r9<|\xf8\x10\xbb\xbb\xbb\xe8\
\xef\xef\x970N\xc6\xeak\xcd\x92ki\xdb\xb6\xa01\
\x0cu\xd39E\x08\x87k\x87T\x0am\xbc\x9fJ\x0c\
\xcf\x11\x05\xd4\xb9\xb99\xf4\xf4\xf4`xx\x18\xe5r\
Y\x9cUi\xcf\x1f\x18\x18\xc0\xf0\xf00\x92\xc9\xa4\x08\
\xde\x8cT\xcaf\xb3r~\xf8;\x95J\xa1\xab\xabK\
\x9cE\xbd^\xaf\x98\x1d\xd9\x07\x0a#kkk\xa8V\
\xab\xe2;\xb5\xb3\xb3#\xc2\x05\x0b\x92\xb1\xb6\x02\xcf\x03\
}\xa5HGt\xd4\x13\x85\x0b\xd2d\xfa\x07utt\
\x08\x92h:\x1cSy\xd3\xb4\xd4T\x1a9\x9f\x9a6\
;\xf1M\x93\xaei4\xc0\x14\x124J\xa0y\x83~\
\x06y\x8cF\x0bO\xf2\xd3sR*\x01\xc3\x04\xa0;\
j>\xa0\xd5g'\x09\x02\x8f\x93JZ=\xe7$H\
\xc3i\x10\xad\xae3%/\xa7g;\xa1\x00\x9aaj\
\x22\xaa\x9d\xe0\xb6\xb7\xb7\xc5;\x9e\xcc\x1e8N\xc3\xab\
\x13\xab\xf0\x1d\xe6\x06\xd3\xf3\xe3$\xb0\x98\xdf\x91\x91\xd8\
vs\xc2\x1e6'\x81\xc1\xe9\xf9\x9a\xf1\xd3FMX\
\x971\xc0D-\x08\x851\xbd.\xa5f\xc6\xf3\xebp\
?\x9d\xe6\x97\xa8\x05C\x99*\x95\x0a\x00H\xcco{\
{;b\xb1\x18\xa6\xa7\xa7\x91\xcdf\x9bB\xdd\xa2\xd1\
\xa8$\x04!\x92B&\xc3\x8cb,\x86\xd2\xd6\xd6\x86\
h4*\x09\x81t\xedu\x12\x15:E\x11\xf2\xcb\xe7\
\xf3\xa8\xd5j\x12\xf7O\xa1\x078\xce\xc7@\xc2J\xe2\
\xcc\xb9\xd3N~\x9a\x813\xba\x81P*m\xa0$X\
\x84M\xa9\xc1\x99B6\xf7\x09\x09sGG\x07\x12\x89\
\x04.\x5c\xb8\x80\x0b\x17.`xx\x18.\x97\x0b\x99\
L\x06[[[\x82`0-\xb2\x0eM3\xf7\x87\xde\
?\x1e\x8f\x07\xe1p\x18\xa9TJ\xe6lcc\x03?\
\xfa\xd1\x8f\xf0\xef\xff\xfe\xef\xe8\xe8\xe8\xc0[o\xbd\x85\
o|\xe3\x1bx\xee\xb9\xe7\x10\x0a\x85$\x87\x04\x00L\
NN\xe2\xfb\xdf\xff>\xfa\xfa\xfa\xf0\xdf\xff\xfd\xdfX\
\x5c\x5cl\x22\x82\x14\x004BF-,\x9b\xcdbm\
mMP\x18\x86\xc1\x12\xb9\x09\x87\xc3\x98\x9e\x9e\xc6\xd8\
\xd8\x98\xa0D\x8f\xab\xbd\x90\xc9d\xf0\xce;\xef\xe0\x83\
\x0f>\x10t\x85\x8e\xa5\x95J\x05\x87\x87\x87\xe2i\xce\
5\xd9\xdb\xdb\xc3[o\xbd\x85+W\xae`ffF\
\x18\xc5\xe2\xe2\xa2h\xaf\x8c\xfc`\x01\xaa\xde\xde^,\
--\x89F\xef\xf5z\xd1\xdb\xdb\x8b\x91\x91\x111\xa9\
\x0c\x0e\x0e\x8a/\x0d\xb3\xf0i(\x9e\xf3\xc3\xb5\x89\xc7\
\xe3\x921\x90\xd9\x17YQ\xb0\x5c.cuu\x15\x99\
LF\xb20\xf2\xec\x92\xde\x90\xd9q\x8e)\x94s\xfd\
9\xcff\xba\x5cmN\xb3m\xbb)\xab\xa3\x16\x16h\
\xa6X\x5c\x5c\x94\xf3\xed\xf5z\xd1\xd3\xd3\x83\xa7\x9ez\
\x0a\xb1XLBhy6\xe8#\x11\x8b\xc5\xb0\xb2\xb2\
\x82\xc3\xc3C1\xd1\xf1<\x0d\x0e\x0e\x8a\x030\xef\xe1\
Y\x0e\x06\x83(\x95Jb\x9a\xa4\x09\xc0\xb6m\xf1\x83\
\x22\x92\xa7+KR\x88\x00 ~K\xcc\xcfA\x7f\xab\
\xfd\xfd\xfd\xa6\xc4j\x91H\x04.\x97K2Ovv\
vJ\x8aq\xde\xc7y3\xeb\xa5h?+\xd2^-\
8\x98\xed$>\xe7\xc4kt\xd3\xf7h\x933\xcf\xb3\
\x8e4\xd2\x82\x88\xf9~\x93\xdf\xd9\xb6Q\x0b@\xbf\xf0\
$\xa6tR3\xa5\x1e'\xcd\xbb\xd5\xe0\xbe\xc8\xbbL\
-W\xdfk\xde\xff8!\xa2\x15\xd2`\xa2\x07\x0c\xdf\
\xd3\x0eXZC\xa5\xe0@\xe7:\xc2\xeb\x84\x99t\xe8\
\x89\x9e\x1f\xa7\xf1\x98\xc2\x8b)A\x9e4\x87N\xcd\x5c\
\x03\x1eXj`d\xfe$\x9ed\xfc\xfc\x9cZ\x06\xed\
c\xf4\x9c%dF)\x9a\x07\x97\xfe\x03$\x82t\x14\
,\x97\xcb\xc2 \xbd^\xaf\x94U\xa5$\xceP'\x86\
C\x91\x98\x99!\x94\xbc\x9e\xef\xb3m[\xbc\xa0WV\
V\x04i\xe1\xdcmoo#\x93\xc9\xc0\xe5r!\x9f\
\xcf7\x99a\xf6\xf7\xf7E\xc8aV1\x9f\xcf\x87@\
  \x11\x0c\x9a\xe1\xf3oB\x85\x81@\x00\xd1h\xb4\
I\x9bs\xbb\xdd\x02+\xe7\xf3y\xac\xad\xadass\
S\xa0N\xa0\xd9d\xa0\xfbJ\x9b\xfa\xd4\xd4\x14R\xa9\
\x94\x14\x7fa\x15\xc3\xb6\xb66\x8c\x8f\x8f#\x99L\x22\
\x95JI\xf4@6\x9bm:\xbb\xdc\x8bd\xce\x96e\
I&8\xe6\xae\xaf\xd7\xeb\xf8\xe9O\x7f\x8a\xff\xf8\x8f\
\xff@:\x9d\x86eYbVYYY\xc1\xf4\xf4\xb4\
\x98\x08\x80#\x01\xee\xec\xd9\xb3X__\xc7\xdd\xbbw\
\xc5~m\xee\x7f\xce\x19\xff\xe7\x1e%\xa1\xd4\xd9\xe2\xf4\
\x99\x09\x04\x02(\x16\x8bhooo2E\x98ms\
s\x13\xff\xfa\xaf\xff\x8a\xf7\xde{\x0f\x8dFCj\xcc\
s\xbct&\xd4&7\x0a\x80t\xd8\xa30\xda\xdd\xdd\
-B\x22\xcd.\xda\x97\x83\xfe&d*\x81@\x00c\
cc\x88F\xa3\xf0x<\xf2\x0e\xa26\x1a^\xe7<\
\xe8\xb3\x1b\x0a\x85\xe4\x9c\xed\xec\xec\x880DF^,\
\x16%e5\xcd\x11N\xda\xa2f\xe4\xe6\xf7\x1a\xb9\xd2\
\x02 \xfb\xc3\x1f-\xa8\xe9\xc8\x15\xde\xa7\xf7\xfa\xd6\xd6\
\x16\x22\x91\x08\x06\x07\x07144\x84\xd3\xa7O?R\
\x86\x99Q\x0b\xdb\xdb\xdb\xe2\xec\xc83\xc2dcz\xac\
t\x1e\xe6~\xa0&\xce\xba\x1d\xe5rY\x14\x11]S\
\x80{\x87\x88\x8bVZ\xe8\xe0L\xc5\x84\xfb\x8d\xfe\x06\
\xa4UT|\x18QS\xa9TD\xc0\xa2@\xa1\xe7\xca\
\xf4\xba\xd7L\x9f\x9fi\x9e\xa7\xd7^\xd3\xddV\xf4\xda\
IK7y\x11\x1d\x01M>p\xd2sO\xbaF\xf2\
\x0081^\xb3\x13\x8f{\xf8I\x9f\xb7b\xb0'1\
|\xf3\x99&\xa3~\x92A\xb7\xea[+\xc4\xc0|6\
\x19?\x99\x14\x9d\xe3\xc8(H\x18x?\x99\x98\x96\xc4\
\x99tCC\xa3\xe6<8\xcd\x89>\xe0l\xa64\xdf\
j|\xfa\x1d\x1aV\xd2\x1a\x04S\xe1j8\x89\xb1\xb3\
\xc0q>\x02\xbe\x97\x08\x04\xc7n\xa2\x0fDG\xa8\x09\
3r\x80\xd9\xca\x00H\x5c5\x09\x0fp\xe4\x0c61\
1!\xd1\x05<\xd8\x8c\x1c\xb0,K\xfa\xc2\x83L\x8d\
\x8a\xef\xa0\x09\x80\xc9B\x08\xfb\x99ay\xb5Z\xad\xa9\
:\x1b\x9d\x9c\x9e}\xf6Y\xcc\xce\xceJ\x91\x1c\xc6Y\
\x13\xed\xa9T*\x02]\xd2&\x0a@L\x1a:\x154\
\xbd\xb4+\x95\x0a\x96\x97\x97\x85\x883\xdaB\xa7A\xd5\
?$Z\xf1x\x1cO=\xf5\x94h\xfe\xf5z\xbd\x09\
!\x19\x1c\x1cDoo/<\x1e\x0fFGG\xf1\xbd\
\xef}\x0f{{{\xf8\xf9\xcf\x7f\x8eb\xb1\xd8\x14\xaa\
Ha\x04\x00\xfc~?\xc6\xc7\xc7\xc5\x99\x90\xde\xe0o\
\xbf\xfd6\x8a\xc5\xa2\x08\x0aL>t\xfd\xfau|\xf3\
\x9b\xdfD$\x12\x11\xc6\x05\x1cij\xaf\xbc\xf2\x0a\x0e\
\x0e\x0e\x90H$\xf0\xce;\xef \x9f\xcf7%_2\
\xe1j\x9d\xc9\x92\xc8\x98f8\x96uTB9\x14\x0a\
a``\x00\xaf\xbe\xfaj\xcb|\xff\xfb\xfb\xfb\xf8\xbb\
\xbf\xfb;\xdc\xb8qC<\xc4\x99\xe4\xc6\xb2,\x11V\
}>\x1f\x86\x87\x87\xe1v\xbb\xb1\xbe\xbe\x8et:-\
0\xbdm\xdbx\xf0\xe0\x01\x86\x87\x87q\xf6\xecY\xf1\
Y\xa0\x06O\x06\xa5\xed\xe9<\x03\xa9T\x0a###\
\xa8\xd7\x8f\xd23\xd3\xf4\xa1\x13\xce\xe8D@$\xda\x8d\
F\x03\xfd\xfd\xfd\x98\x98\x98\x903\x17\x8b\xc5\x9a\xf6\x06\
\x11\xb8R\xa9\x84\xed\xedm\x11\xc0y\x065l\xcf\xf3\
F\x0d^\x7fG\x9a`\xc6\xbbkAMk\xb7f\xf4\
\x00\xd7\x84\xbf\xa9y2y\xd7\xf9\xf3\xe7199\xf9\
\xc8\xdatuuI.\x04\xd6:\xd8\xdb\xdb\xc3\xe4\xe4\
d\x13b\xc1\xb3CD\x91\x91FLZE\xe1\x88)\
\x8aI\x07\x88\xa8\xe91\xd1?\x8aB\x17\x199\xcf#\
i\x15\x99:Q\x1c\x96\xc9f\x96S\xfa*\xd11\x95\
\xef\xd0\xce\xda\x1a\xd1\xd1\xb4O\xf3J\x13A6\x19\xb9\
\x13_\xe3w\xe6\xfck\xe1\x91\xa6\x14^\xaf\xfb\xa0y\
\xc6\xe3\xd0\xf1&$\xc3\xb2\xac+\xb6m_i\xc5L\
L\x07\x22\xf3A\xad\xa0\x0d\x93Q\xb7jN\x1a\xb89\
\x19\xfa]N\xcfv\x9aT\xa7\xcf[\xbdG\x8f\xcf\x84\
o\xcc\xc5#\x91\xee\xe8\xe8h\xd2\xf6\xf4F#c%\
\x0a@\xaf\x7f\x1d\xe2\xa6mxN\x9a\xbf\xd3\x861%\
\xc3Vsa\x8eO3B\xbe[gu\xa3\xe6N\xa6\
K\xe2\xacc~y8H\xcc\x99\xd1N\xc7\xce\xd2\xb9\
\x89\x1e\xd5\xeb\xeb\xeb(\x14\x0a\xc8\xe7\xf3\xe2\xf1\xcet\
\xb2\xac\x86\xa6}\x11\x00\x08j\xc0PIm\xaf#Q\
f\xcc6\x89\xd9\xce\xce\x0e\xd2\xe94\xee\xdf\xbf/a\
e\xe6\xda\xb1y<\x1e11D\x22\x11\xf8\xfd\xfe&\
\xc7D\xfd\xdcj\xb5*\x1aw*\x95\xc2\xe8\xe8\xa8\x98\
&8\x17:\xdc\xaeV\xabI-\x06\x867\x92pq\
>\x89\x96\x98\xfb\x80pm<\x1e\xc7\xcc\xcc\x0c.]\
\xba\x84T*\x85\x9e\x9e\x1e\xb4\xb5\xb5IY\xdf\xe1\xe1\
a\xa4R\xa9\xa6\x8ci===x\xf9\xe5\x97%\xbd\
\xeb\xca\xca\x8ah\xa4\xdc\x13\x14t\x9e\x7f\xfey<\xf3\
\xcc3p\xb9\x5c\xf8\xec\xb3\xcf\xf0\xe9\xa7\x9f\xe2\xea\xd5\
\xab\x12\xee\xa6\x8b\xb3lmm\xe1\xe6\xcd\x9b\x22 \x0c\
\x0d\x0d5A\xf2\xf1x\x1c]]]\xd8\xdc\xdc\xc4\xda\
\xda\x1a666\x9a\xcc\x10\xd4\xb0\xb8'\xc9\xf4La\
\xc8\xb6\x8fl\x9a###\x18\x1b\x1b\x83m\x1f%%\
\xea\xef\xef\x87S{\xeb\xad\xb7$\xc1\x13\xd15\xed\x05\
\xcf\xb3\xd9\xd9\xd9\x89\xd1\xd1QLNNb||\x1c\
>\x9fO\x8aH\x91I\xb3ttGG\x87\x84\xe31\
&\xdc\xb6mA\x22j\xb5\x9a\x98\x08\xfa\xfb\xfb\xc5O\
annN\xc2E\xe9,\xd9\xd6\xd6\x86\xf5\xf5ua\
\xac<#\xbd\xbd\xbd\x18\x1e\x1e\x96s\xc7z\x0e<s\
,\xec4>>\x8e\xbd\xbd=,--\x09c\xd6\x89\
\xc1Ld\x90\xfb\x0f8\x0eQ\xd5\xa8\x15\xcf\x95f\xfe\
\x14f\xa8\xd9\xf2;\xce!\xd7\x8f\x9f\xf1]T\x1c\xfc\
~?\xce\x9c9\xf3H\xa8&\xdfI\xa1\xdd\xe5r\xc9\
9\xa3@\xc3\xfdB?\x182\x7f\x22\x1e\xe1pX\x0a\
\xacQ\x08\xa7\x86o\x9a>t\x5c??\xd3c\xa3\xc3\
\xa4N\xb4\xa6\x9d\xb4\xb5\x09\x8a4\xce\xb2\xac&d@\
\xcf\x1b\xf7\xb6f\xb8l\x9aW\x9ah\x98F\x074m\
\xd6\xd7\x98\x9f\x9b\x8a\x1e?3#\x90\xb8\xd6\xad\xde\xc1\
\xdf\xa6\xa2\x09\xe0Q'@\x93`\xb6r,0\xaf=\
\x89\xe1?\x89\x96\xfe\xb8k\x1e\xa7\xb1\xeb\xf7\xb6\xfa\xfc\
I\x90\x00\x93\xa9j\xad7\x10\x08H-vz\x06k\
\xfb\xbf\x8eu\xa6\x14\xccB/\xdc\xa0\x5c8\x13N2\
\xfb\xd7Jjs\x92\x16[\x8dIK\xfc\xfc[g\x12\
\xb4,\xab\xa9D\xaeSh!\xe1qzK\xf3\x19\x14\
\x04(\xe4\xd0\xceGoe\xda\xe0\x89\x16\xe8\x1c\x03\x14\
\x00(\xe5\xc7b1a,n\xb7[l\x8d\x9c#\xf6\
\x8fcjkk\x13G!\x16\xeca\x01\x16\x12nj\
\xbf\x1c/\xd1\x1b\x16\x18\xb2,K<\xb6\x99\xbc\x85k\
l\x96d\x8eD\x22\xe2\xc0\xc4\x0c}\x0cm\xb3,K\
\x92\x91PH\xd1y\x038O\xe6\x9as\x1c<\xbcd\
\x08\x13\x13\x13\xb8t\xe9\x12N\x9f>\x8dp8\x0c\xcb\
\xb2\xc4\x16|pp\x80\xf5\xf5u\xfc\xfe\xf7\xbfG(\
\x14\xc2\xf9\xf3\xe7111!\x1a\xe0\xf4\xf44\xbe\xf1\
\x8do\xe0\xce\x9d;(\x95JMf\x8b\x9e\x9e\x1e\xf4\
\xf7\xf7\xa3\xa3\xa3Cl\xaa\xf4\x9e\xf6z\xbd(\x97\xcb\
M!U$\x90\xb6mcyy\x19\xbf\xfa\xd5\xaf\xd0\
\xd1\xd1\x81\xef\x7f\xff\xfb\x18\x18\x18\x80m\x1f\xf9\xb4\x0c\
\x0d\x0d\xe1\xcf\xff\xfc\xcf\x05\x09\x98\x9d\x9d\x95\xbdCT\
IC\xa9:J\x84LF\xefg\x97\xcb\x85\xf1\xf1q\
\x5c\xbat\xe9\x91}\x0d\x1cU\xe9\xfb\xf5\xaf\x7f\x8dO\
>\xf9D\x98>\xef[YY\x11\xe2H4\xa1\xa7\xa7\
G\x0a\x1b\x95J%$\x93I\x11\xec\xf6\xf7\xf7\xa5\xa4\
n<\x1eo\x8aj\xe1\xd8\xa9-\xd2#\x9dH\xd6\xec\
\xec,\x8a\xc5\x22VVV\xa4\x86\x07\x05\x17\xc6\xd4\xd3\
\x91\x90\x02\x06\xf3Sx<\x1eIB\x95\xc9d\x90\xcd\
f\xf1\xe5/\x7f\x19\x13\x13\x13888\xc0\xdd\xbbw\
1??\xdfD\xdc)4\xf2\xccq\x9c\xa6\xe3\xaff\
~\x1a\xca\xd7\x0c\x83\xfb\x8dkh*y\xfc\xd1~\x0b\
n\xf7Q%\xc5D\x22\x81\xa7\x9f~\x1a\xe7\xcf\x9f\x97\
\x0a\x94\xbaq\xdfS\xb0\xde\xdd\xdd\x15S\x1e\xf7\x02\x85\
m\xd6J \xc4\xcf\xb4\xe1|\xae\xae\x99\xa2\xab\xa1j\
\xc8_'9\xa2\xc2\xa2s\xach\xe1\xdcT\xf4\xe8\xab\
\xc5\xf9\xe5\xf5\x0c)&M\xe4\xdfN\x8c\xb7\x15\xaf\xd3\
\xe6\x01\x93\x91\xebk[i\xebN\xf4]_\xab\xd7\xd2\
\x89\xaf\xe9\xfb\x9d\xf84?\xf3<r\xa7\xc3\x83Z1\
g'\x8d\xfa\x8b4\xa7\xc9{\x1c\x13\xff\xa2\xcf\xfcc\
\xfb\xa5\x9d\xfb\xe8L\x12\x0a\x85\x10\x8b\xc5d\xb3QC\
 \xdcO\xa2A[\x15\xe3\xe75\xf3r\xd2\xfa\xf5x\
\x9d6D\xab\xc5t\xba^\xcf\x01\xfbO\xa9\x99\xa6\x0c\
\x0a*\xb4+\xeb\xf4\xc5N\xef\xa4s\x15\xe13\xce\x8d\
~\x1e\xaf%\xf3#\x04K\xe2\xa9\xd3\xc3\x02\x10!\xa0\
V\xabI\xd57&U\xa2-\x97c\xa3\x90\x02\x1c#\
\x04L\x18R(\x14\xa4v\xbaI\xb0\x98\x89\xd0\xeb\xf5\
\x22\x14\x0aIr\x19:\xb4\x91@2D\x91\xef\xa5\xf6\
\xd8h\x1c\xd5mg-\xf8h4*\xd1\x12\x9cW:\
\xf6\xad\xaf\xaf?\xb2N\xa6\xb0\xc7y\xd56\xddF\xa3\
!&\x04f\x83#\x03\xa1\xc6\x9a\xcdfe\x1f-,\
,`aa\x01\xfb\xfb\xfb\x18\x1d\x1d\xc5\x95+W\xf0\
\xea\xab\xafb||\x1c\xc0\x91\x10\xf0g\x7f\xf6g\xd8\
\xdb\xdb\xc3\x83\x07\x0f\x84\xc1\xc7b1\x9c>}\x1aO\
?\xfd4vww%m4\xe1n\xadMjG#\
\xe0\x08F\xced2\xf8\xf1\x8f\x7f\x0c\xcb\xb2\xf0\x97\x7f\
\xf9\x97\xe8\xeb\xebC\xadV\xc3\xf8\xf88\x86\x87\x87\x91\
H$\x10\x08\x04\xf0\xfa\xeb\xaf\xe3\xde\xbd{M\x84\xd0\
$\x86\xfa\xac\x90Yuvv\xca\x1e\x18\x1d\x1dmy\
6\xcb\xe5\xb20@\x0d\xb5r\xed\xd7\xd6\xd6\xd0\xd9\xd9\
\x89\x9d\x9d\x1d\x11t\xe9\xe3200 \x82\x1a\xcb\xea\
\x92)\xe9,\x87|&\xff\xa7?\x09\xfdb\x18\x96F\
\xbb6\x11)j\xb0L\xd5\xecv\xbb%7?K\xf5\
F\xa3QLMM\xa1\xa3\xa3\x03\xe5r\x19sss\
Rl\xa9\xa3\xa3C\xe2\xe6\xf9.\xae\x83\x16\xcex\xee\
\xb4\x83\xb1f\x06\x9cW6\xad\xc1\x93>\xf0:-@\
\x98\x0c\x85sLa9\x14\x0aatt\x14\xe3\xe3\xe3\
\xe2@\xab\x1b\x9fwpp Z=p\xc4\xc8}>\
\x9f0|\x93\x89\xd2\xa6\xcf\xf9d*n\xa6T\xe6\x9a\
\x13e\xd5\xe1\xa1\x14\xf4\xf5~\x22m\xe3\xdec\x02!\
S\xdb&\xed\x22\xe2\xa3\xe7\x8b\xebm\xd2C\xbd\x8f\xf5\
gNL\x5c\xff}\x12_k\xa5H;\xb5\xc7\x09\x0c\
\xe6uf\x7f\xcd~\xb8\xddn\xf7\x15\x97\xcbu\xc5\xa9\
cNR\xe1I\x9a~\xab\xfbN\x1a\x8c\xee\xcc\x93<\
\xc3\x9c,3\x1c\xab\xd5{\x1e\xd7\x17}\x9d\x9eT\xfd\
\xa3\x1dA\xb8AHx44\xc4\xef\xc8\x5c\xc9\xf8\xf4\
\xa1t\x9aG\xa7\xf9\xd6\x08\x83S\xff\x80G\xe3Cy\
\x0f5\x0fM\x08M'\x1cJ\xd1\xa6\x96\xa0\x1b\xa5w\
J\xc1d`<@d\x9e$\xaa\x00\xc4^O\x08\x8e\
\x19\xd2t\x7fm\xdb\x96\xec\x88\xab\xab\xab\x98\x9f\x9f\xc7\
\xc3\x87\x0f\xc5\xfb;\x95J!\x95J!\x91H\xa0\xbd\
\xbd\x1dKKKXXX\x10\xdf\x00\x22\x03<\xdc\xb4\
\xfd\xb2O\xa1PH<\xc0\x998\xa4\x5c.#\x18\x0c\
\xe2\x85\x17^\x10\x18\x97s\xc9\xa24\xef\xbe\xfb.n\
\xdc\xb8\x81\xb9\xb99,,, \x93\xc9\xa0Z\xad\x0a\
DHb\xd5\xde\xde\x8eb\xb1(E\x86\xa85\xe9\x08\
\x0b>_\xaf\x1f\xa1U\xe0\x18\xf1\x88\xc5b8u\xea\
\x14fff0<<,IK\xd2\xe94\xd6\xd7\xd7\
\x85\xe9\x15\x8bEI\x1e\xb4\xb4\xb4\x84\x9b7obi\
iI\xf2\xc2wwwcxx\x18\x8dF\x03ss\
s888\xc0\xe0\xe0 fff0==\x8dx\
<\x8e\xed\xedm|\xfc\xf1\xc7\xb8v\xed\x1a\xee\xdf\xbf\
/\x02\xa0\xb6\xdfS\xc0\xd5B\xf0\xfe\xfe>\xd2\xe94\
l\xdb\x96\x8c\x864\x85\xf8\xfd~$\x12\x09\x04\x83A\
lnnbuu\xb5\x89\x08\xb3\x91\x88so\x02\xc7\
\xfe%\x03\x03\x03\x88\xc7\xe3H&\x93\xe2<f\xb6D\
\x22\x81\xaf|\xe5+\x98\x9e\x9eF \x10\x90\x94\xc9D\
\x97\x00H\xd4B4\x1a\x95\x0c\x83\x03\x03\x03\xe2X\xba\
\xb9\xb9\x89L&#y\xe2\x87\x86\x860::*U\
#y\x96\x014EWT*\x15d2\x19\xf1S \
\xac\xcc\xa8\x94\x9d\x9d\x1d\xb8\xddn\x99\x07\xda\xf7i\xd7\
\xced2\xe8\xed\xed\x85\xcf\xe7\xc3\x993g\xe0\xf5z\
Q(\x14\x90\xcdf\xc5$B\x86T.\x97Q,\x16\
e_j\xda\xa0\x85*\xed'Ds$\xe9\x8f>\xcf\
z\xbe5-$\x0a\xc5sn\xa2T\xba\x1c\xb8\xcf\xe7\
C*\x95\xc2\xc5\x8b\x17E\x00\xd0\xf94\xb8\xe7wv\
v\xa4\xa0\x10\x1d\xef\x18\xc7O\x07a\xddwj\xdd\xf4\
\xccg\xb5K\x9f\xcf'a\xaetLe6A\x9es\
\xe08\x1f\x07\xff'\xf2G$\xc0\xb6m\xa1}\x9an\
j\xdf\x0c=\x07\x5c\x07mo\xd7\xbf\xb5\x90\xacCf\
5}\xe3\xffNLW\xcfW\xabf\xde\xe7\xc4\x1b\xb4\
B\xf1$\x82\x86Ss\x03\xb8\xd2h4\xae\x98/\xd6\
\xdaf+\x06\xec\xd4\xe9V/o%D\x98\x835\x19\
\xe3I\xefsz\x97\xc9\xbc\xf9Y\xab\xf1\x98}\xd7\xf7\
j\x0d\x97\xf5\xe9y\x88\x08\xe9Ss\xe0\x0f5\x81l\
6\x8br\xb9,iz\x9d\xe6\xc2\xec\xaf)\xdc8\x09\
?z#\x9a\x1b\x8c\xf69\xe6\xdf\xd7\xe5r\x99p\x87\
>\x09\xf4\x5cv\x8aLp\x9a#S\xd3\xe2!\xd3N\
R\x00$\x8d\xa8\xdb\xed\x96\xf2\xa5L\x9a\xa2mi|\
\xa6F\x1eh\xd3+\x97\xcb\xc8d2XYYiJ\
\xfbI\x0d\xa1\xa7\xa7\x07\xa9T\x0a}}}\x02\xb9[\
\x96%~\x17\x14v\xc8\xacY\xa4\x85\x99\x00\x09\xb5\x8f\
\x8e\x8e\x0a\xd1`Xb \x10@\xadVC>\x9f\xc7\
\xfa\xfa\xba\xd8\x8cu\x0ag\xda+)\xb0\xe8\x82)Z\
\x00\xd3\xce\x87$\x8e\x14\xbeH|\x98:wjj\x0a\
O=\xf5\x14\xc6\xc6\xc6\xd0\xdb\xdb\x0b\x97\xcb\x85\xb5\xb5\
5I\x0bk\xdb6VVV0;;\x8bl6+\
\xa1a\x1c\xdb\xde\xde\x1e\x86\x87\x87\x11\x8f\xc7E\xdbZ\
XX\x80\xdb\xed\xc6\xcb/\xbf\x8co\x7f\xfb\xdb\x18\x1d\
\x1d\xc5\xec\xec,\xdey\xe7\x1d\xdc\xbcySL\x01\xdc\
{\x1a\x1d\x02\x8eS$\xeb\xb5g\xc2\x98\xdd\xdd]\xb8\
\x5c.\x09\x0b\xeb\xe8\xe8@$\x12\x91\xa40\x1e\x8fG\
J\xb6\xb6\x12h\xb5\xb0\xc4\xb8\xfa\xe9\xe9ia\xee\xad\
\xda\xe2\xe2\x22^\x7f\xfdu\x5c\xbdz\x15\x0f\x1f>\x94\
\xf3H\xed\x90\xc5`(\x94\xd1\xc9\x8b\xbe\x1e\x9b\x9b\x9b\
\x22\x14\xd7j5\x09gcn\x0f\x0a\xc9mmm\xe8\
\xe9\xe9iJ\xc2\xb3\xba\xba*\xdaw4\x1a\xc53\xcf\
<\x83\x89\x89\x89\xa6\xc2N<S\xeb\xeb\xebXXX\
\xc0\x83\x07\x0f\xb0\xbb\xbb\x8b\xa9\xa9)D\x22\x11\x84\xc3\
a\x0c\x0d\x0d\x018\x0acl4\x1a\x88\xc7\xe3\xa8\xd7\
\xeb\xc8\xe5rXXX\xc0\xdc\xdc\x5cSM\x07\x9e\x9f\
V!\xa9\xda\x14\xa2\xed\xe0&\x12\xa0\x1d0y\xfe\xb4\
rBA\x9a\xf3F\x93Coo/\x9e~\xfai\x5c\
\xbcx\x11###\x22\xf49\xa5k\xa6\x13.\x05b\
&\xe6\xe1;\x18\xc7\x0f@Rw\x03\x90p\xdeF\xa3\
\x81\xcd\xcdM\xf1\x1d\xe2>\x22rsxx\x5c\xf2\x9c\
{G\x9b\xac\xa8\xac\x10]\xe3\xfe \x92B\x9f\x02*\
4D\x10\xf8\x0cf \xa4\xd9\x87\xca\x8bF\xae\xf4\xfc\
\xf1o\x93\x16j\x9a\xde\x8a/\x99\xcdT\xc04\x8do\
\xc5#\xf4\xb5\xfa}\x8fSx\x81?8\x01\xfe\xe1\xa7\
%c~\x1c\x13~\x92\xe64\xe8V\x832\xaf\xfb\x22\
\xcfo\xf5]\xab\xf1\xb5\xea\x93y\x1d7\x0e\x17X{\
\x99\xd3D@\xf8\x8b\x1a/M\x01&\xd3vz\x97\x93\
\x90\xc5\xf7\x9a\xd7\x98\x8c__K\xe9X;\x5c\xb1\xcf\
{{{\x12#\x7fRN\x02\xa7gs\xac\x140\xb4\
\x03\xa1\xf6\x1b`\xca[:\xd1\x91Q\xf19\xad\xd6\xda\
\xf4=`\xd2\x1c2n\xa6\xbe\xb5\xac#g\xaa\xf1\xf1\
q\xa4\xfeP\xd1\x8e\x90|[[\x9b8Z1\xc6\x97\
\xa1D:\x81KGG\x07\x86\x86\x86066\xd6\xe4\
LgY\x96h(\xd4\xf0m\xfb8\x9f\x01p\x8c^\
P\xd0c\xf1\x22\x0d\x1d\x9b\xd1\x1bz\xcc$\x82$\xb0\
\x03\x03\x03\x12\xeb\x9fL&E\x83ZZZ\xc2\x87\x1f\
~\x88\xa5\xa5%\xc9]\xf0\xf9\xe7\x9f#\x9dN\x8b\x17\
;\x1b5-\x9f\xcf\x87\xa1\xa1!\xf1c`\xf6\xc6g\
\x9f}\x16\x17/^\xc4\xce\xce\x0e\xde\x7f\xff}|\xf8\
\xe1\x87\xc2\xc4M\xad\x8f}\xd4\x04\x95c\xe2zU\xab\
U\xac\xae\xaeJ\x5cu*\x95j\xd2\x84x\x16\xda\xdb\
\xdb\x85\xe1\x9a\xe8\x97N\xfd\xecv\xbb%\x81R{{\
;._\xbe\xec\xc8X\xde{\xef=9c\x14\xc4\xb8\
\xa7u\xde\x0d\x0a\x92\xdc\x9b\x1b\x1b\x1bXZZ\xc2\xe2\
\xe2\x22\xf2\xf9<\xea\xf5:zzz\x10\x8b\xc5\xd0\xd6\
vT\x91rxxX4v\x0a\x0f\x14\xfa\x19\xc9S\
\xab\xd5P\xab\xd5$[ \xfbB3\x0d\xd1 F\x03\
\x10\xa5\xa9\xd7\xeb8s\xe6\x0cFFF\xc4\x1e\x1e\x0a\
\x85P\xadV%\xab\xa2N\x9d\xac\xf3\xeeS`\x04\xd0\
\x146\xa9\xf7\x19\xf7\x98\x160\xa9\xbdj\xa6\xa4\xfd\x06\
\xf4Y\xe4\xff\xbcO\xefS\x16\x08\xea\xef\xefG4\x1a\
\x95\xb4\xc0\x8c\xd1\xa7\x12\xa0}z\x98\x19\x92\xf6y\xa6\
7&\xdda\xa4\x14\x93\x06\x91Y\xb3:\xe4\xe1\xe1!\
\xaa\xd5\xaa\x9c{\xf6Q3a\xf6\x9f\x02\xcf\xde\xde\x9e\
(;\x9aF\x9b\xe7\x8f>I\x9cO\xce\x09i\xb5\x16\
\xa6\xf4\x1ci\x93\x93F\x88L\xc6\xae\xcf\xbe\x13}7\
\x95k\xfd\x9d\xf9\xb7yM+\xad\xde\x09i\xd0\xce\xa2\
\xfa\x1a\xddl\xdb>\x12\x00\x00\x88\x00\xf0\xa4\xb0\x84\xfe\
\xdfI\xbb\x7f\x9c\xa6oNJ+\x04\xa0\xd5\xf3\xcd\xef\
\xcd\x85 \xd32'\xfc\xa4\xe79\xf5I?\x078&\
\x8ed\xb4\x1a\x0e\x22a\x22\xf3\xd7\x0eiNB\x80\x86\
\x934\x8co:\xeeq1\x9d6\x80\xe9\xdd\xcf\x03L\
fM\x0d\x97\x84\x92\xceW'\x8d\x9d\xe3\xd4\x9fS\xfb\
\xa0\x00\xa0\x13\x12q\x1c\xb4\x8f3\xe3\x1f\xed\xe7N\x08\
\x88\x1e\xaf\x9e\x0b=n-\x08\xb0R\xa06\xa9\x90i\
\x0c\x0d\x0dadd\x04\xa9T\x0ag\xce\x9c\xc1\xa9S\
\xa7\xe0\xf1x\x04.'\xac\xab\xfd!\xfa\xfb\xfbq\xea\
\xd4\xa9G\x12\xcdtuuaxx\x18\xd3\xd3\xd3\x92\
\xdb\x9e9\xd3\xf9N\xc2\xf1\xdb\xdb\xdb\x02Q\xea\xb5\xd6\
{N#\x1f\xc01#\xf5z\xbdH\xa5Rx\xe1\x85\
\x17\xf0\xa5/}\x09SSSR\xb8$\x9dN\xe3\xc1\
\x83\x07\x92)\xb1T*a~~^2\xd4\xe9\xfc\x01\
l\xb5Z\x0d\x85BA\x0a\xb8\x90\x99\xa5R)\x5c\xbe\
|\x19\x81@\x00w\xef\xde\xc5\xdbo\xbf-N\x82\xec\
#ay\xa0Y\xdb\xd4\xfd7\xd7\x8ay\xde\xeb\xf5:\
\xfa\xfa\xfa$\x15,C m\xdb\xc6\xe8\xe8(\x02\x81\
\x00\x1e>|(\xc2\x1b\xdf\xa1\x85S\x97\xcb\x85p8\
\x8cx<\x8e\xbe\xbe>\xfc\xc9\x9f\xfc\x09\x9c\x1a\xd7\x9f\
\x02\x06\x1dr\x99hI\xf7\x8f\xce[\xb4\xd5\xf7\xf4\xf4\
\xc0\xeb\xf5J\xbf\xb5_\x08\xd3\x1fG\xa3Q\x11\x18h\
\x1e\xb0m[\xfc3t\xfa\xd8b\xb1\x88\xf9\xf9y\xdc\
\xbe}\x1b7o\xde\xc4\xdc\xdc\x1c\x96\x96\x96D(b\
\xa4H\xb5Z\x85\xdf\xef\xc7\xb9s\xe7\x10\x0e\x87Q.\
\x97\xc5\x97&\x9b\xcd\xe2\xde\xbd{\xc8d2R\xe5\x8e\
\x9e\xf3\xac\x1b\xa2\xed\xfc\x9a\x0e\xf1\x7f\xfe\xadi\x85>\
C\xa4\x0f\xdc\x9f:\xfcV\x0b\x0dd|<\xdb\x1e\x8f\
G\x0aXE\xa3Q\x09;\x0d\x06\x83\x88\xc7\xe3\x92\xff\
\x80\xeb\xc9T\xbc\x14D9\xd7\xb4\xfbk\xc6N:\xd6\
\xd3\xd3#\x7f\xd3d\xca}\xc6\x0c\xaa\xd4\xd2\x89vQ\
H\xd7\x10<\xe3\xfeI\x9b4\xca\xa6\x11\x0e\xfeP\x00\
\xa1\xd0CA\x85\xe1\xca\x14j\xf4\xbc\xeb\x88\x1a\xf6Y\
\x0b\xf3\xfcm\xd2\x00}nL\x9a\xfa8\x1al>\xd7\
\xe9{\xcd\x17\xf4\xf3\xb5\xe9\xb1\x15\x1a`Y\x16<\xda\
C\xd9d\x94\xbc\xd9\xe9\xffV\xdf\x99\x03s\xea\xb8\xd3\
\xffN\xcfiu\xbf\x93$\xe3\xf4\x99S\x9c\xe4\x93\xdc\
Gf\xc7\x8dC\x9b2\xe1*\xc2\xcc\xfc\xdc\xb2,!\
\xc0L\x5cA\xad\xd1L%\xa9\x05\x02\xcd\xb0\x81c\xc8\
UC[\xc0\xb1#\x95\xb6\xfd\x99\xccZ\x1fv\x9d\xb4\
\x87\xda\x0c=m\xcdq?N\xa0b\x1f\xcd\xd2\xbe\x0c\
\xe1!\x1a\xc0\xf4\xa6\x94\xfeY\x83\x9e\xe34\xd7\xd2<\
H\xdc\xbc\x9a\xa8i\x8d\x85\xe6\x18\x00X__\xc7\xb5\
k\xd7p\xeb\xd6-\x9c>}\x1ag\xcf\x9e\xc5\xf8\xf8\
8:::\xb0\xb6\xb6\x86\xfb\xf7\xefciiI\xd6\
\x83\xb1\xfa\xd4\x94\xb7\xb6\xb6\xb0\xba\xba\x8aB\xa1\x80T\
*\xd5tp\xd8\x82\xc1 \xa6\xa6\xa6\xb0\xb5\xb5%\xce\
L\x1b\x1b\x1bM\x09\x5c\xd6\xd7\xd7%\xe3\x9b\xb9w5\
!6\xd7\xad\xa3\xa3\x03SSS\xf8\xab\xbf\xfa+|\
\xedk_C$\x12\x91k\xf6\xf6\xf6\xb0\xb0\xb0\x80\xd5\
\xd5UI\xd4\xc3lh\x84\xdd\x9d\xce\xacm\x1fy\xeb\
\xff\xecg?\xc3\xf0\xf00\xbe\xfa\xd5\xaf>\xe2I\xbf\
\xb7\xb7'Nr\xd1hT\xd0\x19\x0a4Z\x88\xa5W\
6\x89\xa4\xdb\xed\x16\xe6D\xe7\xac\xb5\xb55\xfc\xe4'\
?A.\x97\xc3\xf7\xbe\xf7=\x9c9s\x06\xfd\xfd\xfd\
\xc2\xc8\x17\x16\x16p\xe9\xd2%\x84\xc3a\xfc\xe7\x7f\xfe\
'>\xff\xfc\xf3\xa6y\xd0\xc2\xf4\xc0\xc0\x00\xdcn7\
\x92\xc9\xe4#k\xc1\xc6\xb0\xbeZ\xad&\x19\xee\x0e\x0e\
\x0e$\x01\x12Q/\xed0gY\x96\x84\xf7\xd9\xb6-\
\xce\x9d7n\xdc@2\x99\x14$\x80\x82*5\xd6\xb5\
\xb55,//#\x1c\x0e\xa3\xb7\xb7\x17===\x92\
\x99\x92B)\x001Oq\xefR\xb8!\xc3\xf2x<\
\x22h\xf8|>\xdc\xbe}\x1b\xa3\xa3\xa32\xb7\xb6}\
\xe4O\xd1\xd7\xd7\x87\xd1\xd1Q\xc9\x5c\xa95Q\xd21\
\xc2\xd5Dgt.\x05\x9e+\xeee\x9eu\xed\xabC\
H\x9c\xf7i&Gz\xb3\xb7\xb7\x87H$\x82\xa9\xa9\
)Y\x0b\xcb\xb2\xc4D\xd6\xd5\xd5\x85\x5c.'\xce\xaa\
\x84\xf39\xf6\x8e\x8e\x0e\x11\xa0\x88\xc0\xd5j5a\xd4\
\xfb\xfb\xfb\x92^9\x9b\xcd\x22\x1c\x0eckk\x0b\x85\
B\x01>\x9f\xaf\xc9o\x82\xe6-\x86\xd3r\xef\xb0\xc8\
\x16c\xf9\xb5\xd30s\x07\xe8\xf4\xc2z\xcc\x1co\xe3\
\x0f\x91I\xdc\x13\xdc\xfb\xba\xe4w\xbd^\x97((\xee\
\x1bF<\x01\x90\x08\x0a\x9a~\xb9NN\x1a\xb9\xfe\xad\
\x9b\xa6\x17\xa6\xc3\xacy\x8d\xa9\x04\xea\xf7\x98J\xa2v\
jl\xf5<\xcb\xb2\xe0\xb6\x8fr\x00\x5c\xd1\x1b\xc8d\
.N\xcc_o\xb6V\x03s\xfa\xfc\xffEs\xea\x8f\
\xf9\xbd\x13\xc37\xefo\xd5\xd8w'\xc9\x8f\x9bG\x87\
\x880Q\x0c=\xaa\xcdp\x22s\xf1\xcc\xe7\xe9>\x99\
\x1a\xb2\xd6\xc4\xf4\xe6\xe0\xc1\xd6?Zr\xad\xd7\xebb\
\x0b\xa5\xbd\xccD\x1f\xf4\x8f\xd3\xf8\xd9\x17j\xfe\x14*\
h\x1f#\xcc\xaacs\xe9\xd4G\xafu\xbd\xc1[\xed\
\x09\xbd\x1ez\xac\xe6|\x91\x90\x91\xc0nnn\x0a\x13\
\xde\xd9\xd9\x91\xd0\xc0\xbbw\xef\xe2\xf6\xed\xdb\xc8\xe5r\
\x82x\x98\xc2)s\x1e0o\xbf\xd9h:\xa0\xf3\x11\
\x05;\xfa\x15\x90YkT\x05h\xae\x10\xc9w\xf2\x7f\
\xda\xccS\xa9\x14^z\xe9%\xbc\xf4\xd2K\x18\x1f\x1f\
\x17\xbbs{{\xbbh\x95\xd4RXN\x95v~\xce\
\x91\x0e\xad\xd3\x90e\xbd^G\x22\x91\xc0\xc4\xc4\x04\xbc\
^\xaf\x8cguu\x15o\xbc\xf1\x06\xae_\xbf.\x04\
\x9a\xc2\xa9\x867\x09\xa5\xf2YN\xe6\x0c\xde\xc3\xb9\xd4\
\xf9\xeaIP\x81#T\x829\xe3\xa7\xa7\xa7111\
!\x89\x984!\xb6,\x0b\xfd\xfd\xfd\x98\x9c\x9c\xc4\xe1\
\xe1!\x9e{\xee9\xc7s\x99\xcf\xe7\xb1\xb2\xb2\x22%\
rY\xe6\xb6\xbf\xbf\x1f.\x97\x0b\xab\xab\xab\xb0\xed\xa3\
t\xd1\x03\x03\x03\x18\xf9\x03\xe4\xee\xf7\xfb\x11\x8dF\x91\
H$\x9a\xcaw?x\xf0@\xb4\xc9r\xb9\x8c\x81\x81\
\x01q\xc0\xa3\xad\x99\x82\x10\xb5\xc4F\xa3\x81\xc5\xc5\xc5\
&&\xad\xf7\x17\xcf\x02\xd7z\x7f\x7f_\xd6wss\
\x13\xcb\xcb\xcb\xa2A///\xe3\xe1\xc3\x87\xd8\xdf\xdf\
\x97Xy\xda\xa0777E\xe8c\xd3p\xbe6I\
\xf1\xb7\x86\xa8\xcd\xf3\xac#\x09\xf8\x99\xde\xa3ZC\x0e\
\x06\x83\xe8\xeb\xeb\xc3\xa9S\xa7\x90L&\x9bh\x8d\xf6\
y\xa2\xb3\xe8\xca\xca\x8a\x94\xf0-\x95J(\x16\x8b\xd8\
\xdd\xddE\xa1P\x10Gh\xc2\xf9\x14\xc8www\xa5\
\xf8\x12\xcb \x93\xd1slT\xc2\x88H\x90\xc6P\xcb\
g\x96U\x8e\x83\xb4\x8e\x0c\x5c\x0b\xe1\xf4g\xe0Y\xa1\
\xd3h\xa3q\x5c\xc2\x9b\xce\x8e\x00$\x8b+ij\xa3\
q\x5c\xf8\x89\xe6-\xa2\xa0\x1a\xa51iZ+E\x8b\
\xbfMe\xd7|\x0e\x9b\x93\x92\xa2\x9f\xa5\xf7\xa0S3\
\x95>^\xdf\x94\x0a\xb8\xd5K\xcc\x87\x7fQ\xc6\xee$\
\x81\xb4\x1a\xc4\x93>\xc3\xbc\xef\x8b\xf4\xed\xa4\xeb5\xc1\
\xd6\x8c\x9a\xc4\x80\x9b\x8c\x0c\x89v+\x1df\xa2\x1dO\
\xb8\xc9Z\x8dS\x0b\x15&\x84gjyZ\xcb\x07\xd0\
\xf4?\x7fS\xea\xa5\x00\xa0\xed\xefz\x8c\xad\x846\xa7\
\xb9\xd0\xbe\x0f\xda\x11G\xdf\xa7}\x1e\x9c\xaa\x1d\x9a\xcc\
_k\x82N\x02\x88\x9e3\xeeM\x12\x01J\xeb\xac1\
@\x84\x82\x04a}}]rz\xeb\xf7\xf3\xd0Sk\
\xf9\xe0\x83\x0f${\x9c\xceTF&@\x02\xc62\xb5\
\xf4\x9f0\xe7H\x8f\xc1\x1c'\xfbMMwdd\x04\
\xaf\xbc\xf2\x0a^{\xed5\xc9@\xc7\xb6\xb4\xb4\x84\xf7\
\xdf\x7f\x1f\xb9\x5c\x0e\xd1hTb\xa4\xa9\xf1\xb2\xd2\x1e\
\xd7\x82\xef'\x11#CJ\xa7\xd3\xc8\xe5r\xe2\xa9]\
\xaf\xd7\xf1\xf9\xe7\x9f\xe3\xe6\xcd\x9b\xe2\xc8\xc8\xfb5\xc4\
Oh\x9a{E\x87U\x02\x90\xb4\xad\x00\x9a\x88i\xa3\
\xd1\x90\xb8\xfc\x87\x0f\x1fb~~\x1e\xe7\xce\x9dC2\
\x99\x14;{\x22\x91@*\x95\x12B\xfa\xbb\xdf\xfd\x0e\
\xb6m\x0b!\xed\xe9\xe9A8\x1c\xc6\xc6\xc6\xc6#\xfb\
\x92-\x1a\x8d\xe2\xde\xbd{x\xfe\xf9\xe7\xe5\xff\xaf~\
\xf5\xab\xf2W\xa3B\x00\x00 \x00IDATp\xb9\
\x8e\x0a>\x91X\x0f\x0c\x0c`hh\x08===h\
ooGOO\x0f\xa2\xd1\xa8T\xb0kkk\xc3\xf6\
\xf66r\xb9\x1c\xee\xdf\xbf/\xd7\xd1\xbc\xa0\x05V\xe6\
\xf2\x18\x18\x18\x90\xc8\x13\xa2RZ\xfb&#\xa0/\x02\
M!\xf5\xfaQ\xe5;\xe6\x02\xa1P\xc5B?\xe5r\
\x19\xed\xed\xed\x22Twvv\x8a\x0f\x0a#\x03\xf4\x1a\
\x91\x1e\x98\x8a\x02\xd7K\xdb\xa7\x9d\xce<\xcf\x96\xdb\xed\
nB\x04ic\xef\xec\xec\x14\xa1XG&P\xf3\xe6\
s\xb6\xb7\xb7\xd1h\x1c\x85\xd81|\x91Q!\x8c\xfc\
\xa1\xa3\x1dQ\xc8j\xb5*\x192\xf7\xf6\xf6\x10\x0a\x85\
$)\x13\xfb\xc2\xc4[D\x13\x98\xa1\x91s\xcd\xdc\x1c\
\x96e\x89v\xdfh\x1c\x17\xf2\xd1\xb4\x92\xc2 \xe7j\
wwW\xd0\x00F\x13p\xdd8/z\x0e;;;\
\xe5\x7f\xa6x\x06\x8e\x9c\x91Y\x83\x83\xcc\x9fB\x84\xf6\
m\xd1\x0a[+\x9e\xe7\xc4\xc3\x9ch\xa2\xe9\xa7\xa3\xf7\
\xdd\x934'\xa1\xc3\xb6\xedc\x13\x80f6N\x1a\x9b\
\xd6\xaa5s27\xda\x17\xed\xa4\x896\xf0zS\x9a\
\xd1\x9b^_c>\xc3\xfc\xbb\x95\xa6\xed41\xfc\xd1\
\x10\x22\x09\xb8\xce?\xcdg\x91\xe1\x92\x00\xf3\x1e\x1d\xa2\
\xa6\xb5lM\xb8\xcd\xf91\xfb\xe7\xa4\x85\x03h\x0a!\
\xd3\xfd\x06 \xde\xaf\x94\x80\xf53\xf9<\x8e\xcd$^\
\xe6:\x93\xa9\x92@\xb7\xb7\xb77\xc1\xc3\x00\x9a\x18\xb2\
\xb6\xb9i\xad\x14x\xb4H\x91\xd3\xd8Mb\xa6M#\
\xd4<\x98\xdc\x85\x04\x88Z2\xed\x7f\xed\xed\xed\xa8T\
*\xf2\x9d96\x1evjC\xb9\x5c\x0e\xbf\xfa\xd5\xaf\
P*\x95\xf0\xado}\x0b\x17/^\x14M\x81~\x0c\
\xd4Xh\x1b\xa5\x8d\x970\xa0\x86\x079\xbf^\xaf\x17\
\xdd\xdd\xdd\x12\xd2D\x8d\x13\x00.\x5c\xb8\x80o\x7f\xfb\
\xdb\x98\x98\x98\x90\xf1U*\x15\x5c\xbf~\x1d\xff\xf3?\
\xff\x83B\xa1\x80\xa1\xa1!\xf8\xfd~1\xb3hm\x96\
ad\x84\xee\xfd~\xbf\x08>$\xbct\xf6\x0b\x04\x02\
H&\x93\x02\xd9\x93\xc9R\x88\xe3\xde&\xa2\xa5\xe7\x5c\
\xfb\x96\xe8}H[2\xb3\xa4i\xfb\xeb\xea\xea*V\
VV\xf0\xd9g\x9f\xe1;\xdf\xf9\x0e\xbe\xfb\xdd\xef\x8a\
\xc0\x90\xcdf\x11\x08\x04\xf0\xd5\xaf~\x15\x81@\x00\xfb\
\xfb\xfb\xb8\x7f\xff\xbe\xac\x13\xf7\xd6\xc0\xc0\x00j\xb5Z\
\x93s&\x1bm\xff\xf7\xee\xdd\x93\xfa\x04\x81@\x00\xaf\
\xbc\xf2\x0a\xee\xdc\xb9\x83h4\x0a\xbf\xdf\x8fT*%\
\x19)\xe9\x81\xce=\xa9\xed\xc9\x85B\x01\xcb\xcb\xcbX\
]]\xc5\xd4\xd4\x14vvv\x10\x8dF\xe1\xf5z\xb1\
\xbe\xbe.6i\x16\xb4bB!\x8f\xc7\x83\xae\xae.\
\xd1\xd6i\x16\xf0x<\x22 \xd0\x06>==-\xe1\
\xa5\x9f}\xf6\x19\xc6\xc6\xc6\x00@\xb4`\x86\xeey\xbd\
^1\x9d\xf8|>\x14\x0a\x05\x11F\xc8\xb4\xcc\x10S\
\xfe6?\xe3\xfe6\xe9\xa9\x16\x82\xb5\xc3\x9fm\xdb\x12\
\xbb\xdf\xd3\xd3\x83\xa7\x9f~\x1ag\xce\x9c\x11\x1f\x14\x96\
\x01\xa6c&\xc3\xeb\x88X\x90I\xd3\xe7\x87h(\xe7\
\x83%{YV\xbc\xad\xad\x0d\x85B\x01\xd1h\x14\xe1\
pX\xfa\xd6\xd5\xd5\xd5T\x80L\x87\xddz\xbd^)\
+MA\x95\x8e\x8447p\xad\xb8\xbe\xcc\x0f\xd2\xd6\
vT\x89\x93\x82\x02\x11\x04\xbe\x97B\x8b\x8e\x1e\xd0\xe1\
\xdd\xba\xc0\x19M`f\x98\xac\x16\x965\x03?I\xf9\
sj\xa6 \xa0?s\xba\x97\x9fk~}\x92\xd0a\
~\xd6d\x020/65N\xa7k\xf4C\x9fT#\
\xd7h\x83\xa9\x0d\x9b\xd7\x99\x7f\x9b\x1a\xd6\xe3&\xf6\xa4\
g:]\xeb4\x89Z\xa2\xe3\xe6\xd3\xa1$<|:\
\xad\xa9\xd6\xcc\xf4\x02>N\xeb5aES\xe2g\x1f\
4\xb3\xd7\xa1O\xda\x1b]\x0brN\x1e\xb1z\x9c\x9a\
\xf9r<Z\xfb's\xe1\x01$\xc4I\xbb0\xfb\xa2\
\x1do\x9c\xd6D\x0b&\xe6z\xf0\xc0\x99\xd7\x00\xc7\x8c\
\xb6\xab\xabK\x84,2\xbdz\xbd.q\xdf\x8dF\x03\
\xb9\x5c\x0ekkkM\x9a\xae\xd3<\x13E(\x14\x0a\
XYYA\xa1P\x90q\xed\xee\xeebee\x05\xf3\
\xf3\xf3\x02qR\xcb\xe0\xde\xf5\xf9|\x18\x1b\x1b\xc3\xf8\
\xf8\xb8\x10\xeeH$\x82\xd1\xd1Q\xcc\xcc\xcc\xe0\xe2\xc5\
\x8bH\xfd\xa1\xea\x9e\xd7\xeb\x95<\xfcdT\x14\xeaJ\
\xa5\x12>\xfe\xf8c,//K\xfcxww7l\
\xfb\xc8i\x8b\x102\x0b U\xabU\xf1\xbe\xef\xef\xef\
\x17oj\x86?2\x99J$\x12\x81eYR\xac\x87\
Nf\xf1x\x1c\x93\x93\x93R\xe2\x96\xe3\xa2\x8d\x96\xf3\
\xc4\xbdC\x86\xa1s\xaes\x0fj\xe4\x8a\xebW\xab\xd5\
0??\x8fZ\xad\x86\xee\xeen\xf4\xf7\xf7#\x10\x08\
\xa0\xab\xabK2\xc9\xbd\xf8\xe2\x8bH\xa5R\xe2]\xcf\
\xf5,\x16\x8b\xf8\xd6\xb7\xbe\xe5x>\x99\xa1\xed'?\
\xf9\x09\xa2\xd1(b\xb1\x18\x80c\xa4\xadZ\xadbv\
v\x16\xb1XL\x92>\xf1\xbc\x04\x02\x01\xe9s>\x9f\
\xc7\xea\xea*\x96\x97\x97%\xbc\xd3\xeb\xf5\xe2\xcc\x993\
\xe2\xcc\xc8\xd0N:\x002\xce\xdf\xe5rI&;\x9a\
\x858W\xdc\xbb\x84\xc9\xb9W\xdb\xdb\xdb\xa5PUw\
w7\xa2\xd1(l\xdb\x16fY\xaf\xd7\x11\x89D\xa4\
\xb4n,\x16\x83m\xdb\xe2\xa7\xa2m\xec\x14\x98x6\
M?\x00\x9e)\xed\xc8\xc93f*\x05dj\xfaz\
\x22&\x13\x13\x13H\xa5R\x92\xa0(\x16\x8b\x896\xad\
\xb5e2\xdcz\xbd\x8e\x8d\x8d\x0d\xb1\xf9\xf3]\x0c=\
^[[C.\x97C.\x97\x93\xca\x98,\xe5K:\
\xc9y\xd59\x1d8W\x96e\x89\x22\xc2\x92\xc2\xa4u\
\x14\x80\xb4\xf6Ne\xcdt \xd4\x0c\xdcTh9\x16\
\xce-}&((\xe9\xd4\xef4\x07p\xad5m\xd1\
|\xc4Td5\x1dj\xd5\xf4\xf3L\xc5\xbbUk\xa5\
\xe0:\xf1\x1c\xfd<\x8f\xd6JM\xe6\xe0\xf49\x9b\x13\
\xe3=\x89\x99;u\xf6\xa4\xf68\x01\xe2I\x9f\xf3\xb8\
f2#SK\xd5\xc2\x0a7&\x99>\x0f\x11p\xec\
=\xcd\xcdL\xe2\xa8\xdfc\x0a/z,ZK\xd7\x07\
U/\xa0)Y\x9aZ\xbb\x89v\x98\x82\x87~\x8f9\
~\xfd\x1e\xda1y\x08\x98\x80\x8303\x9d\x1fi\xeb\
\xd5\x1a%\xb3x\x11.\xa4\xd7z\xabq\xb7B\x918\
\x0fZ\x13\xa0$\xce\xb0\x1f\xfa P\xda\xcf\xe7\xf32\
\xef\xda\xdei\xae3\x0f;\x85\x00\xe6\x94\xd7EH\xc2\
\xe1\xb0\x10\x18J\xfb\xb4\xe9\xd2\xbb\x9c\xcc\x9a1\xeb\xcc\
\x17\xe0\xf1x$Q\x0e\xf7Doo/\xce\x9e=+\
D\x95\xce\x84\xab\xab\xab\xf8\xdd\xef~\x87\x07\x0f\x1e\x88\
\x10\xe9v\x1fU&,\x14\x0a\xe2\xf9\xaf\xbd\xa1\xa9\x95\
-..\xa2\xab\xabK\xec\x95tJb\xec\xfa\xbd{\
\xf7\x9a\x12\xb1<\xfb\xec\xb3\xf0\xfb\xfdX]]E[\
[\x9b\xd8m\xf3\xf9<\x96\x97\x97E\x83\xa3\x13\xdc\xc1\
\xc1\x81\x10\xb8h4\x0a\x97\xcb\x85\xf5\xf5u\x81;\xb9\
n\xa6\xa0[\xaf\xd7\x91\xcdf\xf1\xd3\x9f\xfeT\xca\xf2\
NLL\x08s\x05\x80\xa1\xa1!|\xf7\xbb\xdfE\xbd\
^\xc7\xbd{\xf7P*\x95\x90\xc9d`\xdbG\xf9\x0e\
\x06\x06\x06\xe0\xd4|>\x1f\xb6\xb7\xb7\xf1\xd1G\x1f\xe1\
\xcc\x993\x00\x8el\xc2O=\xf5\x940\x18\xc2\xd3\x0c\
\xa9d\xb8\x1d\xb3Bnll`qqQ\xc2\xf9\xe8\
LV\xadVE\x88\xa2`\xc49\xa7\x06\xecr\xb9\x10\
\x8f\xc71??\xdft\xbe\xb4\x8f\x0d\xcf\x08\xcf\xcf\xd2\
\xd2\x12VWWEh`x\x1f\x05TF\x1cD\xa3\
Q\x99\xa3\x87\x0f\x1f\x0a\xba\xc6\xbd\xab\xcd|\x9cw\x9e\
Y\xda\xfd\xf5y\xd7\xe7\x87{C\xd3\x0d}\x0f\x95\xbd\
H$\x22\xa1\xa4>\x9fO\x0a_\xb5\xb5\xb5I\xdf\x89\
\xa8P\x0b\xa7\x12\xc2\xb3\xc1s\xc2\x22]\x9b\x9b\x9b(\
\x16\x8b\x92B\x9b4\x81(I\xb5Z\x95(\x0d\x0a\xf9\
\xd4\xd2\x89L1\xbbh \x10@\xb9\x5c\x86\xcf\xe7\x13\
\xa1\x9c<L\x9b\x1fy\xc6u\x0a_\xd2/\x8d\x98\xea\
\xa8\x086\x9d\x10\x8b~O\x8c\x0e\xa0\x1f\x0e\x9d\xc1\x1b\
\x8d\x86\x98\x84)\x08\x93\xae9i\xeez}\x9c\xe8\xb4\
I\xab\x9c\xfe\xd7\xed\xa4\xfb\xf8=\xbfs\xfa^\xaa\x01\
\x9aL\xc2d\xb2\xad\x88\xa9\x13\xe3i\xd5Q\xb3\xb5z\
\x8e\xf9}\xab{\x9d\x10\x82'i&Se\xa3\x16\xcc\
\xc5$\xc4\xadawJ\xbe\xfc\xde<|ZK\xd7\xcc\
\xcdI\x12|\x9c\x00\xa3\x17\xf6$I\xceI\xa3\xd6\x82\
\xc2\x93\xae'\xc7M)\xdb\xb2\x8e\x9d\xe5td\x02\xe3\
m\x89\x82\x90\xe9\xf2=:\x16\x97\xa8\x84i\xb7n\xf5\
~\xfd\x9b\xf6Z\x12e]\xda\x930\xbfeY\xa2=\
\xac\xad\xad!\x14\x0aI&1\xc6\xc1\xb7\x1a\xb7\x86\x85\
\xb7\xb6\xb6\xb0\xb8\xb8\x88`0\x88\xfe\xfe~\x84B!\
Iw\xcb\x1c\xfc\xf5z]\x92+\xf5\xf6\xf6\xa2\xbf\xbf\
\x1f\x89D\x02\xf1x\x5c2\xb8\x01\x90T\xc5t\x10L\
$\x12\xf2L:\xae\xdd\xbbw\x0f\x1f|\xf0\x01\xde}\
\xf7]\xe4r9\xd1&b\xb1\x98\x84@\x95J%,\
..\x22\x9b\xcd\x8a\x10b\xee1jFd\x0c\xf4\xf0\
\x0f\x87\xc3H\xa7\xd3x\xf9\xe5\x97199)k\xd1\
\xd3\xd3\x83\x5c.\x87\x9d\x9d\x1dtww#\x14\x0aa\
dd\x04\x17.\x5c\x90\x8cz\xeb\xeb\xeb\x98\x9d\x9d\xc5\
\xf2\xf22677\xd1\xd6\xd6\x86X,\x06\xcb\xb2P\
*\x95\x00\x1c\x17T1\xc3\xad\xb4\xe0\xb5\xb1\xb1\x81\xff\
\xf3\x7f\xfe\x8f\x84\xeci\x01\x80\xcf\xf8\xeb\xbf\xfek\xc9\
\xcd\xff\xe9\xa7\x9f\xe2\xcd7\xdf\xc4\xed\xdb\xb7[\x0a\x00\
\xe3\xe3\xe32/\xb7n\xdd\xc2\xb9s\xe7\x00\x00\xa1P\
\x08\x17.\x5c\xc0\xca\xca\x0a~\xfd\xeb_\x8b\x16J\xfb\
s\xa9TB\xa5RA,\x16\x13H[\xd7l\xd8\xdc\
\xdc\xc4\xc2\xc2\x02\xa6\xa7\xa7\x11\x8b\xc5P(\x14$\x8c\
\x8d\x152y/k\x0c\xa4\xd3i\x81\x97yF\xa9!\
\x92A\xec\xed\xedI\x89j\xee\x91B\xa1 a\x85d\
\xea\x14\x9e\x83\xc1\xa0 [<\x03zn5\x1d\xd2L\
\x87\x82\x07\x199\x19\x9e\xce\x07@f\xcd\xf3\xa8\x05\x04\
\xdb>\xb2\x97G\xa3Q\x04\x02\x01\xb8\xddnlnn\
\x8aP\xe0\xf3\xf9D`a\xdfx\x8fF\x05\x99\x16\x9d\
\x05\xd0\x0e\x0f\x0f\xc5I\xb4R\xa94\xf9A\xd0i\x94\
g:\x1c\x0e7\x95f\xa6\x1fDww7<\x1eO\
S\xfe\x12\xe0H\xf0\xdb\xdc\xdc\x14\x01\x8d\xcf\xe3\xff\x1a\
\x99\xe1o\xbd?u8-\xe7\x8e\x88\x85y\x8d6\x95\
\xd1\xd7\x81\xe3\xa6/\x02\xcd(DDLS\xad\x13\xfd\
k\xa5\x9c\x99\xbc\xf8$&\xaf\xdfqR3i\xaee\
YG\x99\x00m\xdb\xbeb2D\xa7\x8b5st\x12\
\x16\xf4\xff\xe6\x8f\x93\x06\xe8\xc4\x84\x1f\xc7\x14\xcd\xfe\xb5\
\x92zZM\xb2S\x9f\xcd\x85\xd1\x82\x00p\x5cR\xb3\
\x95\x83\x9e\xb6\x85k\xb3\x09?g\xd8\xa0\xb9@\xad\x16\
\xec\xa4\xf9p\xd2\xfa\x9d\x18\xfc\xe3\xde\xd1\xea;\xc2_\
\x94\xa8)5\xeby$\xea\xa1\x19\xa8\x0ey$S\xd2\
\xe12Z@\xd0\x02#\xe7\xcci\xbcZ\xf3\xa1PB\
i\x9dN\x8e$J.\xd7Q,y4\x1a\x158\x92\
\xb9\xde\xcd\xf7\x9as\xc6q\x12^_[[C\xbd^\
G,\x16C0\x18\x94\x08\x83\xf6\xf6v\xc9\x1fp\xee\
\xdc9\x5c\xbcx\x11\xe7\xcf\x9f\xc7\xa9S\xa7\xd0\xd7\xd7\
\x07\xbf\xdf\x8fp8\x8cP(\x04\xaf\xd7\x8b`0\x88\
D\x22\x81\xa9\xa9)\x9c:u\x0a\xed\xed\xed\xb8{\xf7\
.~\xfe\xf3\x9f\xe3\x87?\xfc!~\xf1\x8b_`v\
vV\x0aGE\xa3Q\xc4\xe3q\xd4j5\xdc\xbe}\
\x1b7n\xdc@&\x93i\x0a\x03\xd3\xeb\xa1\xb5pm\
\xff\xdd\xd9\xd9\x11\xc6=>>\x8e\x89\x89\x09T\xabU\
,,,HZ\xda\xf7\xde{\x0f\x1f}\xf4\x11VV\
V\x84!\xb4\xb5\xb55\x85\xa4\xf5\xf7\xf7\xa3\xaf\xaf\x0f\
\xc1`\x10\x8b\x8b\x8bXZZ\x12\x02\xcc~04\x8d\
\xc2!m\xfe\x1a\x82f}\xfbl6+\xe6\x00\xb6t\
:\x8dt:\x8dL&\x83\x9e\x9e\x1e<\xff\xfc\xf3\x88\
D\x22-S\x01\x03@GG\x07>\xfc\xf0Clo\
ocdd\x04>\x9f\x0f\x96e!\x14\x0a\xc1\xedv\
#\x9dN#\x9b\xcd\xca\x1e!3br\x1a\xe0H8\
\xa1\xb7?\x85T\xbf\xdf/\xd5\xfa\x96\x97\x97%\xe9\x12\
\xf3@\xb8\x5cG\xe5{\xfb\xfa\xfa$A\x153\x1dr\
_\xb1`\x18Q0z\xc3[\xd6\x91\xe3*\x13M%\
\x12\x09tuuIU<\xdb\xb6%\x0e\x9d\x82\x0b\x93\
L\xb1\x8fDZ\xf4\xf9\xd0\x1e\xfaNLC\x9fa\x1d\
\xb9a\x0a\x0f\xfc\x9b\x05wX\x91\x8fQ\x14\x07\x07\x07\
\xa2\x91\xb3X\xd7\xe1\xe1!\xba\xba\xba$\x9e\x9f\x82\xd0\
\xd6\xd6\x96\xc4\xfbonn\x0a\xb2\xa6}0Hcv\
wwQ\xa9T$\xa9\x16\xcf\xed\xc6\xc6\x86\x14l\xd2\
\xad\x5c.c{{[\xaaWj(\x9e\xe3\xe58\x81\
\xe3\xe4I.\xd7Q\xd6M\xbdG5-\xa5\x10D:\
\xa5\x7f\x13e$\xda\xc0g\xd3\x87C\x17G\xe3\xf7\xfa\
l\xf2<<\x09?4\xe3\xf7[\x09\x04&\x0f\xd3\xcf\
\xd1\xf7?\x8e\xfe{\xf4\xc5\xe6\xe6\xd1\x9f\xe9\x87\x9d\xc4\
\x94Zu\xdcl\x8fc\xf4\xe6\xf3\x9c\x06\xd5J\x13>\
\x89\x09\x9aLEOl+\x0f{\x00MR\x9d\xfe\x8e\
\x9bD;\xd7hF\xa9\xf3\x9d3\x16W;\x98\xf0\xb9\
\xa6\x1d\xefI\xd1\x01s^\x1e7\x17zN\xcc\xf9\xd3\
\xcc\x9f\x04\x87\xfd\xe5\xf7\xcc\xa9Mh\x8c\x04\x8a\x87\x9a\
\xcfeY]j\xef\x84\xfd\xcc=b\xf6[\xdb\xbf8\
\xcft\x02\x22,H\x7f\x04\x12\x07\xf6\xb3Z\xad\x22\x9f\
\xcf\xa3Z\xad\x8a\x14\xaf\x0f\xac\xe9I\xad\xe7\xa7^\xaf\
K\xb8R:\x9d\xc6\xda\xda\x9a8\xda1\xbd.\x05\x9b\
\xee\xeen\x0c\x0d\x0d\xa1\xaf\xaf\x0f\x1d\x1d\x1d\xa8T*\
\x92\xf2\x95\x9a\xce\xc6\xc6\x06vww\xc5&oY\x16\
\xd6\xd7\xd7%\xc5q>\x9f\x178\xd1\xe5r!\x10\x08\
 \x1c\x0e\x8b\xb3%\xcd\x1c$\x1cz\xbe\xb8f\x9a\xd0\
p\xffq|[[[\x98\x9f\x9f\xc7{\xef\xbd'\x0c\
\x87\xa1\x99\xf4\x03\x98\x9d\x9d\xc5g\x9f}\x86O>\xf9\
\x04>\x9f\x0f\xa1P\x08\x89D\x02\xb1XLj\x07\x8c\
\x8d\x8dIx\xdd\xfc\xfc<\xa2\xd1(\x1e>|\x88\x8d\
\x8d\x0d!X\xd40\xd9\x0f:\x05R ,\x97\xcbx\
\xe3\x8d7d\xcc\xaf\xbd\xf6\x1aFGG%cf\xa9\
T\x92=\xd6h4$\xfb[\xab\xf6\xe6\x9bo\xe2\xe1\
\xc3\x87(\x14\x0ap\xbb\xdd\xb8|\xf92\xa2\xd1(\xca\
\xe52\xf6\xf7\xf7\xf1\xc2\x0b/\xe0\xd7\xbf\xfe\xb5\x9c\xb7\
\xae\xae\xae&\xcfnf\xf3c\x0d\x04:\xd2\xad\xae\xae\
\xe2\xf6\xed\xdb\xa2m\x1e\x1e\x1e\x8a\x89\x80\xa1\x82\xab\xab\
\xabRU\xd2$\xe6L\xe6\xc3\x90\xbe\xc9\xc9I\xe4r\
9\xcc\xcf\xcf\x8b\x96\xc9u\xd2E\x98H\x0b\xc8\xe8\xdb\
\xdb\xdb\xe5\xfd\x8cig\x96@\xbd\xafM\x81P\xef\x11\
\xeeuj\xf8<K\xfa\xfck\xe4\x80\xc8\x1e\xd1\x1a\xaf\
\xd7\x8b\xfe\xfe~\x99\x03>\xa3\xb7\xb7W\x12\x00\xd1\xb3\
\xff\xe0\xe0@\xce\x9c\x8e\x10b\xcd\x05\x9aet\xbaf\
\xd3!\x9a\xb4\x84\xe9\xc3\xbb\xba\xbaDX\x0c\x87\xc3\xe2\
gDa\x9c\xf0=\xcd\x11\xac\xe3@\x85L\xa3R\x14\
\x8a\xab\xd5\xaa\x08K\xda\x9f\x854XC\xff\xec\x9fv\
\x94$\xad\xb2m\xbb)%1\xcf\xa9m\xdb\x82\xb2\xe8\
kM\xff+\x13\xb1\xd5B\x82\x19\xc2i\xce\xd3\xe3\x10\
\x00'4\xb8U\xb3m\xfb\xd8\x07@\x13\x17\xfd\x10M\
@\xf5$8uH?\xe3q\x1d~R\xad\xdfI \
i\xf5\x9c'i\x94\x98)9\xea\xc97\x19\x03\x17N\
C\xfa\xda\xe3\x96\x9bC\x13b\x13\xf6'\xccf\x16\xaf\
\xd0?:\x84\xcb\xc9\x09N;\x968\x8d\xd9d\xa2\xad\
\xe6\xc8\x09\x09\xe1o=\x1e\xc2\xfa\xbc\x9e\x92\xad\x9e7\
\x97\xcb%\x10\x18\xc7L$@k\x84\xf4\x98\xe6a\xe1\
\xfb\xf4\xbb\x9d\x1cB\xf5w\xda\x11G\x0bN\xda\x9e\xc7\
\xb0+\x1en\xbd\x06z\x9e\xf8\xdb\xe9\xa0\x90@oo\
o\xa3P(\xa0P(\xa0\xaf\xafO\xf2\xb7\xd3\xc1\x89\
\xb6f\xc2~L\xf9\xba\xbc\xbc,\xa1]$\x88\xec;\
\xbd\xdc\xf5|qL\xac\x84G!\x83c\xd6\xfb\xc9I\
@\xd7c\xd4\xa8\x00\x85\x00V\xfd\xeb\xeb\xeb\xc3\x0b/\
\xbc\x80\x83\x83\x03\xa4\xd3iq\xdedB\x9a\xdb\xb7o\
#\x93\xc9\x00\x00\xba\xbb\xbb122\x02\xcb\xb2p\xea\
\xd4)$\x12\x09\xf1\xa8\x0f\x87\xc3\xc8\xe7\xf3br`\
_\xb4G5\x89\xa6\xd68\x89\x0e}\xf8\xe1\x87X[\
[C\xb1X\xc4\xa5K\x97099)\xef[YY\
A\xa9T\x92\xf5\xdb\xde\xden\xcac\xc0V,\x16E\
S/\x14\x0ax\xeb\xad\xb7\xb0\xb5\xb5\x85\xb3g\xcfJ\
R\x9f\xf6\xf6v\x94J%\xac\xac\xac4\xa5w%\xd3\
&\x22\xa0\x05R\x0ahsssH&\x93\x12\xf5A\
\x072\xee\xedF\xe3(o\xbf\xcb\xe5\x82\xdf\xefG>\
\x9f\x87eY\x02\x9f\x0f\x0c\x0c\xa0\xbd\xbd\x1d\xf5z]\
\xc6\x10\x0c\x06\x91\xcb\xe5\x9a\xce\x84m\xdb\x22\x00r\xdf\
\xd1\xd4@\xdf\x05\x0d\xf3s\x9d9\xd7\xda\xeb\xdc\xdc\xdb\
4\xe3\xe9\xf3\xae\x11H\xd39\x90\x7f\xb3\xaf\x14 7\
66\x10\x8b\xc5\x04M\xa2\x90O\x88\x9d\xc2\xb9eY\
b\x1a\xe3\xf9\xe1\xf8\x99\xcb\x80\xf7\x90YjG?\x13\
\x01\xa4\xe9\x8c\x0a\x84\xcb\xe5B\x22\x91\x10\xf3\x82\x1e\x03\
i\xa8\x16\xa8\xb8\x9e\xf4\xf1!c\xee\xe8\xe8hrT\
\xa6P\xa6\xe9\x08\xd7\x83\x02\x8fv\xaa\xd64\x9a\xeb\xa3\
\xf3\x8cp\x9d\xf8\x1e\x00MB\x9e\x16\xda\xf584\x0f\
\xd6M\xf3\x17\xbd\xc6\x9an=\xc9g\xfas\x93W\xb8\
\x01\x5c\xf9\xc3OS\x07\x9d\x08\x8d^0\x0dq\x98\x8c\
\xc7\x84)\x9c~\x9c\xa4\xa0VL\xcc\x89i95\x93\
\xb1\x98\xcf\xd3\xb0<%C\xed\xe4\xa3\xbd\xea\x09\x9d\x99\
au\xda\xd9G3k\xad}i\x06\xce\xffM\xe9\x8e\
\x1b\x86Ns\xda\xeb\x9e\xc2\x02\x7f\x13\xde5\xa5xs\
N\xcc\xb1:\xcd\xaf\x09M\xf1s\x12&\xf6\xd3\xa9?\
Zh\xa2\xb4L\xe7@6\x1e8\x9d4D\xef)'\
\xdf\x08'f\xac\xfb\xab\x19\x0e\x9dv\x08\xefj[\x1f\
S\x90\x92X\xb1L\xab>\xe0\xbc\xd6\x94\xac\xcdF!\
b``\x00\x83\x83\x838<<\xc4\xea\xea*\xee\xdd\
\xbb\x87\xabW\xaf\xe2\x17\xbf\xf8\x05~\xf9\xcb_\xe2\xf5\
\xd7_\xc7;\xef\xbc\x83\x1b7n`qqQ\x92\xec\
\xd0\xfei\x12>'a\x87^\xd7\xd1hT\xe6\x96\xa5\
\x8e\x09\x9d>\xee|h\x13\x00\xaf\xa7g=\x05\x8cZ\
\xad\x86\xc5\xc5Elmm!\x1e\x8fcpp\x10\x03\
\x03\x03Rn\x98\xe3^[[\xc3\xec\xec,\xaa\xd5\xaa\
\xd8\xb2\x99\xce\xf6\x85\x17^@,\x16\xc3\xd2\xd2\x92d\
R\xd3\xe3\xe1\x9a\xee\xed\xed\x09\xc1\xd6\xe1\x9a\x1b\x1b\x1b\
\x98\x9b\x9b\x13M\x9a\xe5\x84\xe9`\xc8\xf9\xb8\x7f\xff~\
S\xa8$\xdb\x9d;w$\x5c\x8fU\xfcX0j`\
`\xa0)\xf4\x92\x8c\x8b>\x00\xa5R\x09\x96e\x89\x03\
\xa9\xde\x1fzO\x9c;w\x0eccc\xc2\x04\xb9\x8e\
z_S`\xe03;;;188\x88\xc1\xc1A\
\xb8\x5c.\xe4r9T*\x15\x04\x83A\xf4\xf6\xf6J\
xjGG\x07\x92\xc9\xa4T&d\xd2,2\xa4D\
\x22!\xe5\x8cY\xbc\x8af\x08\x00M\x1a=\xe9\x01!\
m2a\x9eY\xbf\xdf/\xa6\x08\x9e\x1b\xd2\x1b\xc2\xe6\
\xfc\x9bQ&D\xab\xbc^/\x12\x89\x84 ^^\xaf\
\x17\x81@@\xce#\x1d\xe4\xe8d\xca\xb3I\xdf\x97\xf5\
\xf5u\xac\xad\xad\xc9Y\xd0\x09z(\xdc\x9aJ\xa7\x16\
 \x81\xa32\xc2L\x82ES\x03\x13f1\x22\x86\xb4\
\x87\xd9,y^\x80c3\x95\x0e\xe3\xe6\x1c\xf2\x9d\x9a\
v\x91\xeei\xdf\x16\xd2r][\xc2\xcc\xacJ\xfaI\
'e\xce\xbf\xe9S\xc6wk\xc1Y\xd3i>\xab\x15\
\x1f\xe6\xfe3\x05\x0a}\xee\x9ch\xc3I\xff{\xcc/\
\xf4\xa2\xe8\x98q\xfdp22S8\xd0\x9dh\xa5m\
9\xb5\xc7\xa1\x04\xa6\x16\xa7\xa5(\x13\x95p\xba\xd6\xcc\
\xedL\xb8\xa7\x95\x10b\xc2\xd0\xd4\xb0x\xe8L?\x00\
j\x07\xfa;=gzCh\xa9^C\xeeZ\x8b\xe2\
=\xec\x03\x19\xa9\x96\xfe\xb5`a\x0a$\xbcOo`\
\xce\x85\x13Z\xa0#\x19h\xb6\xe0\x9c1\x0507\x1e\
\xfbL-\xafR\xa9`mmM\xf2\xed\x93\xf1\xf0\x7f\
m\xb3\xd7\x08\x87^\x0fsS\x9a\x90f[[\x9b\x84\
\xac1\x81\x0b\xeb\xbak\x86S\xa9T\xc4Y\xd0\xedv\
\x8b'7\xd3\xb5\xea=J\xc2\xc0\x0c\x87\xba\x88\x12\xbd\
\x8dY\xa7\x9d\xfb\x9d035<\xa6\x156\xf7;\x99\
\x04\xdf\xa3\xed\xe1\xe6^\xe3\xbb&''q\xe1\xc2\x05\
T*\x15|\xfc\xf1\xc7MY\xe0\xf4\xbe\xe2\xde!\x81\
\xe2\xfa\xf1]\x9cOmoeu\xcaP($^\xf9\
\xcc\xd3\xef\xf1x\x10\x8b\xc5\x90\xc9d$\x86\x9d\xe6\x94\
\x8f?\xfe\x18\xeb\xeb\xeb\x18\x1e\x1e\xc6\xb9s\xe709\
9)\xf0\xfe\xa9S\xa7\x10\x08\x04077'\xef\xe3\
x8N\x12HS\xc3\xd9\xdc\xdc\xc4\x8d\x1b7p\xfb\
\xf6m\xfc\xcb\xbf\xfc\x0bN\x9d:%\xfd\x09\x04\x02H\
$\x12\xb0m\xdb\x11\x05\xe8\xed\xedE\xa9T\x92\xf5\xaa\
\xd5j\xe8\xea\xea\x92\xbeLOO\xc3\xe7\xf3\x89\xc3\xe1\
\xd5\xabW\x05\x96e\xfe\x01\xda\x97i\xae\xe0\xdc2\x15\
l\xa1P\xc0\xd8\xd8\x18\xa2\xd1(\xba\xbb\xbbE\x88\xd3\
P2s=\xf0~\xe6\xcb\xaf\xd7\x8f*\xfa\xad\xaf\xaf\
KXh.\x97\x93\x98t\x0a\xaf\x8c6azg2\
\xc8\xc5\xc5Eq0\xe3Zp\x0e\x98\xbc\x86\xe7\x89\xbf\
\xe9Q\xafi\x16\x85v\xdb>r\xd4\xa3)\xb2\xbb\xbb\
[\x84\x09\x93\x09\x05\x83A\xb1\xef3\xcfC(\x14B\
\xa3\xd1\x90\x1c\x1b\x85B\x01\xb6mK&P\x1d\x8e\xbb\
\xbd\xbd-u;\x98\xe1O\x87\xeaj\x93'\xf7\x82\xf6\
\x19a\xff\xb59\xb1\xd1hH.\x07\x1d\xe2\x17\x0c\x06\
\x9b4q\x9a\x19\x89P\x10\x85 z\xc9\xbd\xa8M\x03\
\xa4\xc9\x14hx\x1d\xc7\xc5\xf3D\xe5\x90y@\xa8t\
hf\xac\x9d\xa1\xc9\x0f\xb4Ri*;&\xedn\xd5\
\x18\xf5\xa4\xe9!\x9b\xa6'\xbai\x1a\x7f\xd2\xb3m\xdb\
~\xd4\x07@?\xd0\x89\x99\x9a\x9f;]\xe7\xf4\x9cV\
\xf7\xb6z_\xabk\xf9\xb9\x93]\xc5\x09\xb5\xd0\xcc\x5c\
Ku\xfa\xdd\xa6\xb4\xa5\x9faB\xab\xfa\xb9\x84\xb2\xf4\
\x86\xd6\xe3\xd1\xcf\xd5\x9a;\xfbO\xa8S\xc3\xdc\xdc@\
\xdc\x90Z\xe2g\xbf\xb4\x13\x8bf\xfe\xda\x9f\xc0\x14\xc0\
L3\x86\x16D\xf8=\x992\x19#\xeb\x1f\xd0\xfb\x9e\
\xfd C\xd3\xe3\xa2\xdd\x92\x07\x92\x10\x18\x89\x0f}\x06\
4\xa4z\xd2\xfa\xebu\xe3\x5c\xd1\x0b\x9f\xce\x80Z\x88\
#l\xc9\xd8\xf3P(\xd4\x14\x8a\xa8C\x82\xd8o\x8e\
G\xc7\x17\xd3\xcf\x80\x82N8\x1c\x16\x04\x80\x19\x06\x19\
\x1b\xadQ\x0d\xdd\x0f\xae\x87\x93\xb6n\x0a\xd3,\xb5J\
'Bj\xa5\xf4@\xd7\xcf0\x05\x0a\xcdl\xb9\xbed\
H\xdaw`ss\x13\xb9\x5cN\xc6T\xa9T$\xdb\
`<\x1e\xc7\xf3\xcf?\x8fj\xb5\x8a\x07\x0f\x1e\xc8\xda\
x<G\xc5^2\x99\x8cd#,\x14\x0aH$\x12\
\x08\x04\x02\x92\x19\x91\x90=\xe7\x92\x82\xb06sh\x22\
\xc9qP\xa3^[[Coo\xaf0\xf2\x1b7n\
\xe0\xed\xb7\xdf\x962\xc9/\xbe\xf8b\xd3\xfc1\x05\xaf\
\xc7\xe3\x11\xa7.\x16%:<<\xc4\xeb\xaf\xbf\x8e\xaf\
}\xedk\xa2\xed\xf6\xf5\xf5!\x97\xcb\xa1V\xab\xc1\xed\
v\x8b\x9dY\x87-r\x8e\x1b\x8d\xa3B@\x0b\x0b\x0b\
\x18\x1a\x1a\x92d^4a\xd1\x9fE\xa7\x83e\xb4\x8c\
\xd7\xebmrL\xadT*\xf0x<(\x95J\xe8\xee\
\xee\x16\xe1\x95\xc5\xa3\xba\xbb\xbb\x9bB\xd4,\xcb\x92|\
\x14\xbd\xbd\xbd\xf0\xfb\xfdr\x1fM[\x5c\x7f\xfa\x96P\
p\xa06\xae\xc3e\x19\x09\xc2\xff\x99\xd5\x8e\x82\x15\x85\
\x1f\x1d\x8aHD\x92&\x88R\xa9\x84\xb5\xb55\xf8\xfd\
~\xa1\x13L\xf8Cd\x826{\xcb\xb2dl\xb5Z\
M2qj\xf4T\x9fs\xee\x0f\x9ea\x0a.z\x7f\
\xb0e\xb3Ya\xd8\xb1X\x0c\x83\x83\x83\x82\xe4\xe8P\
]M74\xed\xd5\xb4\x9b\xbe)\x1a\xba\xd7\xe6X\xde\
\xab\xcf5\xe9\xa6\x0e\xc5\xa5\xb0\xa0i\x89>\xa7ZQ\
\x05\x8eM\x01\xa6\xf2\xac\xffv\xa2\x17Z\xa0\xd7\xbfM\
\xcd\xffq\xfc\xbb\xd5{\xc4\x07\xc0$4<\x10\xfa\xa1\
N\x1a\x9b\x93Fiv\xc8ir\x9c4\xbf\x93\x84\x84\
V\x13c\xf6I35^\xa7\x1de\xcc\xf1\xe8\xe7i\
\xa8\x98\x9b\x96LXC8\xfa0:i\xe3lZk\
\xe7;\xb5\xdd\xcc\x14J\xb4&\xc7\x8d\xa2\xd1\x03\xbd\xa9\
\xb4\xd0@\x89\x93\xef\xd4\xcc\x9dc\xe1\x8f\x96T\x9d\xe6\
MC\xfet\xbc\xd3\x07Ik\x9aL[J\xcf\xe6b\
\xb1(\xcek\x1c\x9bm\x1f\x17=\xd2\xebK)\xdai\
\xed5BB\xa1\x88\x99\xc5\xa8\xa10u\xab^\xcb\xbd\
\xbd=\xd1n\xd8'\x00\xc2\xfc)\xa0\xb0\xef\xd4t\xcc\
\xfc\xded\x82\xd4:\x08\x912\xd7\x01\x89\xadi\xbf\xd3\
\xbe\x10\xfa\xa0\xb6\x82\xf9\x5c.\x17B\xa1\x10\xfa\xfb\xfb\
E\xc3b\x06:\xbd\x7f\xf9\xdbD\x97\xb8\x0f)\xf8Q\
x\xd3\xef\xa9\xd7\xeb\xe2\xbcF\xe4`ww\x17\xcb\xcb\
\xcb\x18\x1d\x1dEoo/\x9ey\xe6\x19\x81n\xe9\xa8\
\xc71Q\x8bc\x16\xb7\xc3\xc3CLNN\xa2\xa7\xa7\
\x07}}}XZZ\xc2\xda\xda\x9a\x8c\x9d\xfb\x8c\xef\
\xd7\x84\x8bkKa\x90{\xa4T*5\x15ba2\
\x9f\xa5\xa5\xa5G\x04\x80\x95\x95\x15lnn>r\xd6\
\x1f>|\x88\x89\x89\x09\x1c\x1e\x1e\xe2\xda\xb5k2'\
\x9d\x9d\x9d\x18\x1a\x1a\x12\xc7K\xd3,\xa4\xcf=\x1dL\
\xe7\xe7\xe7%\x95p$\x12\xc1\xc6\xc6\x06\x82\xc1 \xc2\
\xe1\xb0\x98\xca\x5c.\x97T\xc6\xcbf\xb3h4\x1a(\
\x95Jp\xb9\x5c\xb2\xc7\xa8\xa9\xc6\xe3q\x1c\x1e\x1eb\
ccC\xf6\x06\x9fA\xc7Z\xae\x0d\x1d\xecz{{\
%\x99\x11p\xec\x5c\x09@R\x19\x13\xb5\xe0>lo\
o\x17->\x91H`hhH\x9c\x8f\x99W\x82\xb1\
\xf3\x9co\xedx\xc8\xf5\xd3\x19\xff\x8a\xc5\x22\x0e\x0e\x0e\
\x10\x8f\xc7\xd1\xdd\xdd-\xc8\x00\xfb\xc0\xbdBd\xa4V\
\xab\x09\xddb\x8e\x8aVJ\x89F\xaa\xb8WI\x074\
\xcf`\xa8\x1f\xd3f\x07\x83AIiMd\x86k\xaa\
M5Z\x8b\xd7g\x86\xc8\x08a|\xf6\x81g\x8ct\
\x90{\x88\xc2\xbe\x1e\x8b\x1e\x07\xf7\x0f\x91A\x1d\xea\xc8\
5\xd6\xfc\xc7\xe4o'\xf1A\xd3?A\xcf\x8fI#\
NjN\xc2\x85eY\xf0\x98L\xde\xe9b\xcd\xb4\x9d\
\x1eb2b.\xac\xf9\x0c}\xbd\xd3\xf3\x9c\xb4\xf8V\
\x831\x19\x86\xa9\xc5\x03hZ\xacV\x13\xd0\xea^\xa0\
\xd9AC\xc3\xb8:lLK\x88\xa6P\xa3\x89\x9c6\
\x11P\x08\xe0f\xd4s\xac7\x1f\xdfE\xe9V\x87\xfb\
hs\x809\x7f\xdayD\xaf\x0b5\x18J\xb1\xfc\x9e\
B\x01\x99\x1b\xb3\x9f\xb1v9\x0f\x92FC\xe8=K\
\xb4\xc0\xb2\x8e<\x9by\x088\x0fLx\xa35A\x8e\
Q\x8fY\xef\x09\xbd7\xc8\xd4\x08q\xb2\xc2\x1f\xf3\xf9\
\xeb\xb5t\xb9\x5c(\x95J\xb8u\xeb\x16\x22\x91\x88\xc0\
\xb2n\xb7[\xf2\x903\x9c)\x1e\x8fK\xb2\x1fF<\
\xd4\xebu\xb1\xc9\xf6\xf4\xf4\xa0P(\xe0\xee\xdd\xbb\x88\
D\x22\xe2\xdcE[\x22\xd7\x81\xf3j\x0a\x9a\x9a\xf1\xeb\
1ih\x93BG\xa3q\x94R\x96)~\xcb\xe5\xb2\
\xc4L\xeb\xbd\xab!\x7f\xd3\x01\x95\xcf\xa7\xc7:\x89\x0e\
\xdfI\x9b2\xcd#\xe5r\x19\x1b\x1b\x1b\x88D\x22\x18\
\x1f\x1f\xc7\x97\xbf\xfce\x94\xcbe\xbc\xf9\xe6\x9b2\x0e\
\xae%\x1d,\xd7\xd7\xd7\xb1\xba\xba*\xb9\xe2\xcf\x9f?\
\x0f\xaf\xd7\x8bw\xdf}W2\xd6\xe9\x9a\xee\x9cS]\
PE#\x14Z8$\x94\xcc\xf9c~\xf9\xf9\xf9y\
I\x9f\xcb3\xc0J~\x8c1\xa7\xad\x7fee\x05\xa7\
O\x9f\x969\xa6v\xb9\xb1\xb1\x01\xbf\xdf/\xb6i\x9e\
E2:zts/2A\xd2\xd3O?\x8d\x8e\x8e\
\x0e\xf1\x91 \xd2\xc1\xf1utt \x95JI\xea`\
f\x0f,\x16\x8b\xe2t611!\x8e\x96^\xaf\x17\
\x07\x07\x07\xe2T\xc9\x0c\x88\xb4\xdb\xc7\xe3q\x8c\x8f\x8f\
\xe3\xdc\xb9s8s\xe6\x0c\x0e\x0f\x0f\xd1\xdd\xdd-\xe1\
xz\x9fmoo\x8b\x89\xca\xe39\xaa\xe2\xc74\xcf\
\xda\xe98\x93\xc9\xa0T*aii\xa9\xc9/\x85!\
{\x96eIX&k=\xb0?\xba\xaa\xde\xce\xce\x8e\
d(\xa4)\xa5V\xabI\xd4\x0b=\xf0\x89\x0ah\x13\
\x87f\xcc\xa43\x00d\xaf\x92\xde\xf1\xach\xa1\x07\x80\
\x98\x00#\x91\x08\x82\xc1\xa0\x08.:\xe9\x0f\x1dm9\
?d\xc2\xf4k\xd2>]4\xc3\xe8\xbe\xf0\xfc0\xac\
\xd3\xedvK\xa9i\x0a\xe4\x14\xb2\xb4\x19\xc1\xb2,\xa1\
\x09\xf4\xf5\xd1\xf0?\xc7n\x9a\xc14\xddrR\x84t\
k%\x04\xb0\xdf\xe6\xe7\x9a\x0f\xb5\x12\x12\xf8\xbf\xa3\x09\
\xc0l&\xf3>\xe9{\xfemj\xbeZ\x0bh\xc5\xfc\
O\x1a\x90\xd3;\xcd\xe7s\x92\xb9\xd9\x1e'D\xb4z\
\xbf&\xe2\xdc\x5c\xad\xfa\xe2$\xdd\xea\xe7\xb7\x12\xb0\xb4\
&\xcf\xcf\xc9XM\x01\x87\xcf\xa4\xf3\x89\x96T\xb5\x14\
\xaa\xdfMfN\x82\x0f@\x08\x83\x86\xaf5:\xa0\xe1\
)\x12p\xda\xd4I\x04\xc8\x98\x98)\x8c\x05j\x1a\x8d\
\x86\x10z\x12e\x1e\x12\xc2\xa7\xad\x90 -\x5c\xe9\xf1\
\xf27\xbf\xd3\xb67\x8d\x88\xe8\xbe\xf3\x7f\xc6\x7fW\xab\
U\x04\x83A\x11T\xe8DD3\x02\xe1vV+c\
\xaer\x9f\xcf'Nn\xdb\xdb\xdbX^^n\x22\x04\
\x84\x11\xcd\x22$\xfa\xf0\xe9\xb9e\xdf\xb4i\x87\xc2\x16\
\xd1\x8ct:-\xa9\x87YG]?W\xcf\x9f\xa9\x89\
\xf0\xb7\xb9o\xc8l\x19Z\xd5\xdb\xdb\x8b\xce\xceN\xcc\
\xcd\xcd\xe1\xfa\xf5\xeb\xc8\xe7\xf3H&\x93\xb8x\xf1\xa2\
\xc4x\xdf\xbauK\xd6\x9f>\x1e\xcc\x98h\xdb\xb6\xa0\
&\xe3\xe3\xe3\x92\xb8\xe6\xfd\xf7\xdf\x17\x7f\x08\x8e\xdd\x14\
N\xe8\xb8E\x87*\xa2\x15\xf9|\x1eCCCb\xb6\
\x09\x04\x02\xc8\xe7\xf3p\xb9\x8e\xd22s\x7f\xd0\xd6\x1d\
\x0e\x87\xf1\xc1\x07\x1f\x88\x9d\x97\xd9\xe3H\xe8\x99i\xb1\
V\xab!\x1e\x8f\xa3\xad\xad\x0d\xd1h\x14]]]\xe8\
\xee\xeeF\xb9\x5c\x96\x92\xd5\xda\xf1\x8b\xbfk\xb5\x1a\xae\
_\xbf\x8ex<\x8e\x99\x99\x19)=\xabC\x03i\x1e\
\xe8\xec\xec\xc4\xf0\xf00\xda\xda\xda$\xa3$\x99\xce\xc6\
\xc6\x06\xee\xdd\xbb\x87\xc1\xc1A$\x93\xc9\xa6\x0a\x7f\x07\
\x07\x07\xf0\xf9|\x08\x04\x02\xc2\x84\x99\xa2ypp\x10\
\xd1hT\xe6b||\x1c\xd1h\x14\xd1h\x14f+\
\x16\x8b\x92\x22\xb9V\xab\x09\x9a\xc2Xy\xee9\xee\x1f\
\x9a,\xa89s\xde\xe8S\xc1\xf5a\x0e\x03\x16C\x22\
\x8a`\xdb\xc7^\xfakkk(\x14\x0aM\xf0{\xa3\
\xd1\x10\xa4\x8c>DTTH\x975\xb3\xe7y\xd0\x02\
\xb2i\xa6\xdd\xdb\xdbC>\x9fG\xbd~\x94fzt\
tT\x98.\xa1y\x1d\xed\xa1\xf7=\xdfIf\x0c\x1c\
\x0b\x1e\xcc\xe4\xc7s\xa3\xfd\x00l\xdb\x16\xf3\x0a\x99>\
i(\xf7\x22\x95(\x9ad\xb5YN\xd3T\xd2@'\
\xba\xcew?\x8eQ\xb7\xfa\x9e\xcd\x89_8]o*\
\xf9\x9eV\x92\x89n\xa6\x94\xc4\x0781\xc5V(\x82\
\xf9Y\xab\x0e;]\xdb\xaa\x99\x13\xc7\x8dnj\xfd\xad\
&\xc1\xa9\x1fZ\xcb\xd5\xc8\x809\xa9&\xd3uz\xbe\
&\xc8\xba\xf1~\xd3N\xac\x89\x90\x09\x1b\xf3\xb9\xfas\
\xfd\x1c\x13\x85 #l\x85jP\xf32\x857\x12\x0a\
\x1e\x1a\x9a\x04H`\x08\xbf\xb2\x06\x80fRdh\xd4\
\x02MH\x8f\x9a\x19!`\x9d\xd5\xab\x95\xd4\xaa\xcd\x16\
\xa6\x10\xe9\xd4\xf4\x1a2\xbd+\xa3\x03\xe8\x11\xed\xf1x\
\xa4\xea\x18\x9d\xc2\xa8\xe1Q@\x22\xf2\xa0C\xf8\xe8I\
\xae\xab\x0c\xeaw\x9a\xe7\xc0\x14\x08\xf4\xe7\x14\xaeX\x13\
\x80)S\x17\x16\x16\xa4\xd6\xbc\x16n\xb4\xb0\xe8\xb4O\
\xa9\xb5\xe8\xf5\xe6\xfd\x14dX_\x80\xcev\xb9\x5c\x0e\
\x85B\x01\x83\x83\x83\xf0x<\xe8\xed\xed\xc5\xc5\x8b\x17\
q\xe9\xd2%\xf8|>\x89\xbbfX\xe4\x8d\x1b7\xf0\
\xd1G\x1f\xe1\xce\x9d;R\x93}``\x00\xcf<\xf3\
\x0c\xda\xdb\xdbq\xf3\xe6Md\xb3Y\x81J\xb5s\xa9\
^W\xdd7\x8e\xab\xa3\xa3\x03\x91H\x04\xed\xed\xedH\
\xa7\xd3Mic\x99\xda\xd7\xb6m\xc9W\xd0\xd1\xd1\x81\
\xb5\xb55\xd1\x16y\x06\x98Z\x96\xf7\x01@2\x99D\
0\x18D(\x14\x12\xd4\xa7\x5c.\xc3\xeb\xf5\x22\x9dN\
KA\x1f\x0a$\x96e\xa1X,bvv\x1633\
3\x88\xc5bb\xeb\xe6\x0f}]\x98\x0e\x9a\xd5\x02\x9d\
\x98\x02p\xec`\xd7\xd6\xd6\x86J\xa5\x82H$\x82F\
\xa3!&\x98\xd1\xd1Q\x8c\x8e\x8e\x22\xa5\x0a\x19\xb9\xdd\
n\xf4\xf5\xf5\xa1\xaf\xaf\xcfq\xaf\x03\x90z\x08{{\
{\x92\xfc\x88\xc9rt\xa6=j\xaa\xac\x19\xc2p?\
\x9a\xb9,\xcbB0\x18\x94\xb5\xe39\xde\xdc\xdc\x94T\
\xc5T\x02\xb4\xef\x0d\xf7\x1c#r\x18\xcaH:\xc2\xbc\
\x16\x5c\xffV\xf4\x89J\x04\x99%\x99\xb8V~\xf2\xf9\
\xbc\xd4*\x18\x1c\x1c\x14s\x16\x05y\x1d\x15\xa0Q3\
M\xc7)`h\xa4U\xa3U:<Q\xff\xd6a\x95\
\xa4\xd1\xa6\x99\x81\xc8 \xdf\xab#r(4\xe81\x9d\
\xc4CM\xc1\xe0I\x9a\xbe\xefI\xdb#Q\x00\xb0\xd2\
iJ\x00\x00 \x00IDAT\xec\x8cIH\xb4\xa0\
`\xbe@\x0f\xcalN\x92\x8b\x1e\x18\xdfC\xa2\xe6\xa4\
\x99\x9f\x04g\x98\xf7;\xbd\xdb\x1c\xa3I0MiL\
o\x18}\xad\xee\xbbv\xde\xd1\xcf0\xdf\xe7\xc4\x00\xf4\
\xb8L\x8d\xd1\xa9\x0f\xa6\x13\xa0\x13z\xc0\x90<\xed\x90\
F\x18\x0a8\xf6%\xa0\xd9\x81\x8cP?\x87\x84\x8b\xda\
:S\xd2\xd2\xa9\x89\xb68z\xd73\xdd*\x994\xaf\
\xd3\xb9\xd8\x81c\xe4\x81\xbe\x0c\xec\xab\xb9\xc1\xb5\xe0f\
\xfe\xf09\x84\xa45\x04GA\x04@\x93\x10h\xdb\xb6\
\x8c\x81\xb6U\xbd\xcez\xbe\xb5PD\xa7)\x86\x8b\x92\
\x00X\x96%\xe6\x07\xce##\x11\x9c\x9c\x88\xf4\xde0\
\x051\xa2\x10\x00\xa4\xach\xb5Z\xc5\xe6\xe6fSh\
\xa5\xb9\x7fL\x81\xdd\xdc\x9f\xa6)\x8a\xebC&\xcb\x5c\
\xed\xda\xbb\xfb\xec\xd9\xb38u\xea\x14|>\x1f\xae\x5c\
\xb9\x82\x93\xda?\xfe\xe3?\xe2\x07?\xf8\x01>\xfc\xf0\
C\xd8\xb6\x8d\xcb\x97/#\x91H \x1c\x0ecdd\
\x04w\xee\xdc\xc1\xfc\xfc\xbc\xcc\x93\x8eu\xd7\xf0>\x09\
b\xbd^\x97\xcc\x7f\xf4\xb8O&\x93XYY\x91\xdc\
\x00\xach\xc8{}>\x1f\x00\x88\x83*\x11\x80\xee\xee\
n\x11\xa4t\xd2#\xeewf\xb5\xeb\xec\xecD8\x1c\
\x86\xdf\xefG,\x16\x93\xa4Bz?\xd9\xb6-\x95\x02\
\xcf\x9d;\x87\xce\xceN\x11J\xbc^/vvv\xe0\
\xf1x\xc4\xe9\xaf\xbb\xbb[\xb2>\xfa\xfd~\xc9\xa3\xcf\
\xc8\x81\xfd\xfd}\x5c\xbe|Y\x04\x02\xee\xb7d2\x89\
/}\xe9K\x8e!\x8f_\xa4\xe5r9A\xbd\x98\x89\
\x8f\xfb\x91\xa1|\xd5j\x15~\xbf\x1f\xc9d\x12\xe5r\
\x19\xeb\xeb\xeb\x22\xb8s\xdf\xb0\xda&\x85_\xa2\x7f:\
\xfd6\xc7\xb0\xb3\xb3#y\xff\xb9\xb6\x84\xff\x81\xe6\x8a\
\x92\xe6~\xd6\xf3LE\x03@S\xa4\x04\xf7\x0d\xaf\xd5\
\xa1|\xa4#T\x0chR\xa4\x99Fk\xec\xaci\x01\
@\xec\xfe\x9a\xae\xb2o<'\x9a\xbe\xb0O\xa4g\x14\
8)\xb0ttt4%g\xa29K\xbf\x83\xe7\xd5\
\x89O\xea\xb3j\xf2\x22~\xd6\x8a\xbf\x98\xcfq\x12\x1a\
\x9c\x94\x0f\xdd\x1ek\x0205`\xf3!\xad4`M\
XM\xa6\xe7\xa4\xa1\x9b\xcc\xff$\xad\xddi\xe0\xe6\xf3\
N\xba\x87\xcdd8\xbc\x97\x84\xc9\x0c\xcds\x22\xbe\xe6\
\x829\xf5\xdbi\x01[\xcd\xb7\x9e\x07\xed\x1cCF\xed\
4\x9f\x9aqS\xf2\xa4\xcd\x8b\xd7P\xd2u\xb9\x5c\xe2\
\xf1K\x86G\xc1\x80\x87\x8c\xb9\xc0I\xb8\xe8\x05N\xa7\
;: \xb1\x8f\x9c3m\x03\xd7\xe3#\x01a?\x09\
\x95i\xe7\x1b\xb3\xe91j\xe1\x86f\x00s\x1f\x99\xa6\
\x16\x93\xe1j\xe6\xccy6\xd7\x8dL\x8a\x1a?=\xa1\
\x97\x97\x97\xb1\xb7\xb7\x87L&\x83\xd5\xd5U!\xb0d\
n&d\xa9\x05\x10S\xe8\xa40\xa1\x93\xd6lnn\
J\xf8T&\x93\x91\xb92\x05B\xdb\xb6\x9b\xd6\x94\xe3\
0\xc7\xa7\xe7\x8e\x84\x87\xc2\x19\xe1\xdeg\x9f}\x16_\
\xff\xfa\xd7\xa5\xa0\x0ec\xe3\x01\x88`\xe2\xd4\xfe\xfe\xef\
\xff\x1e\x17.\x5c\xc0?\xfd\xd3?\xe1W\xbf\xfa\x15f\
gg\x91J\xa5p\xfe\xfcyq>K$\x12h4\
\x1a\xf8\xfc\xf3\xcfq\xe3\xc6\x0d\xb1\x03\x93P\x13\xb6\xe5\
\xda\xb36AOO\x0f\xa2\xd1(J\xa5\x12\xa2\xd1\xa8\
0\x1c\x0ac\xf9|^\xbc\xeb\x13\x89\x04\x8a\xc5\xa2\xd4\
\x8cg~\x7f\x9as\xca\xe52\x1a\x8d\x06\xe6\xe6\xe6P\
,\x16\xb1\xb6\xb6\x86\xe9\xe9i\x9c={V\x98\x1a\xa3\
/\xe2\xf18\x8a\xc5\x222\x99\x8c$\xf6\xb1\xac\xa38\
\xff_\xfe\xf2\x97p\xb9\x8e\xd2L\x93\xa9\xc7\xe3q)\
\xac\xd4\xde\xde\x8ep8\x0c\xcb\xb2\xc4\xa6O[3\xb5\
p\x1d\x87\xcf\xb3i\xdb6fff\xf0\xdak\xaf\xb5\
\x9c\xeb'm\x14B\xa9\x85onn\xca^\xde\xdd\xdd\
\x95\x8az\x91HD\x0a\xf4h'=\xe6\x0c\xd0\x82,\
\xa1o\x9a\xf8h\x0e\xa0&\xdc\xde\xde.\x8e\xb1L\x93\
],\x16e\xcfq\xcd\xc9\x8c)\xa0\xd2\xcc\xc09 \
\xd3\xd5\x88\x16\xfd\x0ex\x8fm\x1f\xc7\xe1/--\xa1\
Z\xad\x22\x97\xcb!\x95J\xc1\xef\xf77!\x06\xacM\
@\x81\x1f\x80\xf8+\xe9\xf3W\xaf\xd7\x85\x8e\xd1Q\x92\
\x89\x8ct\xed\x17\x9aL(h\xd0y\x92\xfe\x00\x8c\xff\
\xe7\x9e&}\x0a\x06\x83\x22\xfc\x11\x19\xd0g\xd4\x89\x1f\
h\x1a\xa4\xd1\x06^g\xfa{9)\xd5\xad\x94t\xde\
c^\xdb\xe4\x04h^\xe8\xc4\xf8\x9c\x1eLF\x0f<\
\xaa\xc5\xf29\xfa\x7f\xf3o\xb3\xe3N\x9a\xfcI\xd2\x8f\
\xd9\xefV\xff\x9b\x8c\xa1\xd5su\x7fM\x86\xa1\xb5r\
\xe0\x18z\xd4se\xbe\xfb$\x01\xc1\xa9\xbf\xad6\x86\
\xf6\x1c\xa6\x04\xaa5m\xbe_o\x1a\xd3\xef\x82B\x85\
vN\xa1#\x92\xceCN\x87\x16j8<\x80DM\
\x08\xef1\x1c\x0f\x80lx'\xc8\x8f\xf3\xcf\xa6\x0f\xb7\
\xd6\x06L\x01B\xfb*h\xe1G\xdfc\xae/\xef7\
\x05<S\xaav:\x88\x1c\x1b\x89\xc0\xde\xde\x9e \x1d\
\xe6\x18\xcd\xbd\xebt \xf5\x9e`\x9f\x09\xfd\x07\x83A\
\xf8|>I\xfc\xa3S\xe2r\xaf\xe9\xc8\x10'\xc6\xcf\
\xfe\xea\xbehs\x04\xbf\xe3\xf5mmm\x98\x98\x98\xc0\
\x95+W099)\xfde\xa8\xe6\x9d;w\xc4q\
\x8f\xfd\x9d\x9a\x9aj\xda\xa7_\xfb\xda\xd7\xf0\xd1G\x1f\
\xe1\xf3\xcf?\xc7\xec\xec,J\xa5\x12\xca\xe52\xe2\xf1\
8\x12\x89\x04&''%\xfb\xe0\xad[\xb7\xf0\xd9g\
\x9favv\x16kkk\xb2o\xb5\x86U\xaf\x1f\xc5\
\xc5\xaf\xaf\xaf\x8bFO\x86\xc5x~\xb7\xdb\x8d\xfe\xfe\
~\xec\xec\xec`hh\x08\xef\xbf\xff\xbed\xde\x0b\x85\
B\xd8\xdd\xdd\x95\xc43\x14\x1c\xb8g\xdc\xee\xa3\xfa\x00\
\xc0\x11*\x96H$\x90J\xa50<<,\xb9\x10X\
\xd3>\x12\x89HJa\xcb:*\x86\xf5\xf1\xc7\x1fc\
zz\x1aSSS\x18\x18\x18\x10\x7f\x05\x9a\xb4\xba\xba\
\xba\x04\xa2.\x16\x8bb&\xb2,\x0b\xe1pXl\xd7\
\x14\xc2\x07\x06\x06055\x85g\x9ey\x06\x7fl\xe3\
\x19#\xc3\xa7\x99\x87g\x9a\x0c\x98\x05u\xe8\xbf\xa3#\
\x14:::\x10\x0e\x87\x01\x1c\xe5\x07hoo\x97\xb8\
}\x0ah\x1a%d>\x12\xd2\x11]1\x8f\xb9&8\
wZ+f\xe3\xde6\xd1S\xed\xb0\xca}\xcc\xff\x9d\
l\xee\x14\xb0\xf6\xf6\xf6$l\x91I\x89\xa8,p\xbf\
s\xafQ\xe0\xa0\x80\xa1\xfd\xc4\xa8d\xb0\xbfN\xfd\xe4\
|\x13u\xd0\xcc\x9f\xf3\xc1w\xe9\xbfy\xf6\xb4\x9f\x89\
\x16\xe4\xf5\xbchd\x84\x02\xf3I\xa6E\xdd\xcck\xf4\
\xe7\xadx6\xa0\x10\x00\xf3F\xfd2\x93(\xeb\xeb4\
|\xac\x07a>Kw\xc4\xc9\xa7\xc0\xb4\x8d81o\
\xb3\xb5b\xa6\xfaZ\xa7g\x99\xd79\xd9\xf2\xf5\xd8M\
\x01\x87\x1bNK\x96\xa6f\xe6\xf4~\xa7\xefO\x12n\
\xcc\x85\xd4\xb0\xb7\xbe\xd7d\x0e\xd4\xb0)\xd1\xebkZ\
1%\x1dRHM_g\xfb\xb3m[<\x84\xfd~\
\xbfH\xc6\xba\xef\xf5z\xbd\xc91\xce\xec\xbf\x93V\xac\
\xe7\xc6\xdc_\xec\x9b\xf9\x1e\xbd\xc7\xf4\x985s\xd1\xcf\
2m\xd1z=\xf5\xfb\xf9\x19\x11\x17z\xff\xf7\xf4\xf4\
Hh\xa0\xcf\xe7k\x826\x9d\xde\xa7\xe7\xd6<\x17\x0c\
e\x0c\x06\x83\xe2\xa0ID&\x91H\x88\x93\x99\xce/\
\xce\xb93\x09\x17\xf7\x1e\x09\xb4&D|\x97e\x1de\
\xa9\x1b\x1b\x1b\xc3\xe5\xcb\x97\xf1\xcdo~\x13333\
\x02\x89\xea\xb6\xb7\xb7\x87\xd9\xd9Y\xcc\xcf\xcfcww\
\x17###(\x97\xcb(\x16\x8bx\xe9\xa5\x97\x9a\xae\
\x1d\x1d\x1d\xc5\xc0\xc0\x00\xd2\xe94\xca\xe52>\xfe\xf8\
c\x04\x83A\x5c\xbcx\x11>\x9f\x0f\xdd\xdd\xdd\x18\x1d\
\x1dE__\x9f\x98\x08\xde}\xf7]q\xdc\xd3{\xf0\
\xf0\xf0\x10\xf3\xf3\xf3hooG<\x1e\x07\x00\xf1S\
\xf0\xfb\xfd\x8f\xbcwaa\x01\xbd\xbd\xbd\x18\x19\x19\x11\
-<\x9b\xcd\x8a\x07:\x19\x93m\xdb\xe2\xf7\xb1\xbf\xbf\
\x8f\x07\x0f\x1e`ee\x05\xa7N\x9d\x82eY\x88\xc7\
\xe3\x92S\x9e\x0c0\x99L\x8a\x09\x88\xe1\xa1^\xaf\x17\
\xb1XL\xe2\xf2\x19\x0e\xc8DM\xb5ZMP!\xc6\
\xfa\x93\x01\x122\xae\xd5j\xb8p\xe1\x02\xce\x9e=\x8b\
P(\xf4\xc8\xdc\x7f\xd1\xe6r\xb9D\xd3gDB \
\x10\xc0\xde\xde\x9e\xf8RX\x96%N\xaf<\xd7n\xb7\
[b\xf9}>_SB\x1d2S\xedo\xa33X\
Rx\x05\xd0\x04\x93\xd3\xa1\xb2X,bssS\x1c\
\xf24c\xe7\xb9\xd7\x9a8i\x0a\xe9\x94\x09\xf7\x9b>\
Rz\xec\xb6}\x94\xdf\x82\x11B\x9a\xb1j\xe4\x81}\
\xf7x<M\xbe\x09\xda\xb7\x06h\xf6S!\x0ah~\
F\xa1N'\x0c\xd3\xccZ\xff\xd0\xac`&\x22\xd2\x0c\
\x9c\xe3\xa0\xd0a\xd2=\xfe\xady\x8b\xa9T=N1\
6y\xb5I\x83\x1dk\x01<\xae\x99\x1a\xaa~\x91I\
\x5cu\x87\xcdN\xb7\xd2xI\xb4O\xd2\xaa\xf4;\x9d\
\x04\x13\xa7\xbe\x9a\x9f=\x89``\xfe\xad5Un,\
';\x97\xb9`\xe6\xf8\xccw9\x8d\xc7\x1c\x1ba&\
\x86\xafp\x13:\xddoY\xd6#!\x86:^\xd6\x9c\
\x0f\xfdL\x1e\x0e\xe0\xd8\x0cA\xe782\x7f\x96\x03\xd6\
\xce7\xda\x13\xd7\x14\xaaL\x8d@kg\xfaz\xd3\xd9\
\xcdd\xacNf\x90\x93\x04G-8\xb1\xf1}zO\
\xf2\xfd\xa63%#)\x5c\xae\xa3\x98\xfd\xa1\xa1!\xa9\
\x5cV*\x95\x9a\x08\x89\x8e\x16\x01\x9a3\xf4\xb9\x5cG\
\xa9\x8a\x93\xc9$R\xa9\x948\xa3\x05\x02\x01\x5c\xbat\
\x09CCC\xc2\xd0\xb2\xd9,VVV\xc4k\x9b9\
\xea\xef\xde\xbd\x8b\xc5\xc5Ea4\xec\xb7\xd6^\xb4\x8d\
\xb9\xad\xad\x0d\xa1P\x08\x17/^\xc4\xe5\xcb\x97q\xee\
\xdc9$\x93I8\xb5\x83\x83\x03\xfc\xf3?\xff3\xfe\
\xeb\xbf\xfe\x0b\x1b\x1b\x1b\x98\x98\x98@[[\x1b\x86\x86\
\x86\xf0\xfb\xdf\xff\x1e\xc9d\x12\xa3\xa3\xa3r=C\xf6\
4\xd2P.\x97\xf1\x9b\xdf\xfc\x06o\xbd\xf5\x16\xc2\xe1\
0fff033\x83p8,a\x837o\xde\
D\xb1Xl\x8a;?<<\xc4\xc2\xc2\x828\xf7\xf5\
\xf6\xf6\xe2\xd9g\x9f\xc5\xc2\xc2\x02\xf2\xf9<\xba\xbb\xbb\
\x9b\xf6\xb8\xcf\xe7\xc3\xe9\xd3\xa7\xd1\xd9\xd9\x89b\xb1\x88\
r\xb9\x8c|>\x8fB\xa1 5\x18\xb4&\xcc\x9c\x0f\
n\xb7\x1b\xab\xab\xab\xa8T*\x98\x9b\x9b\x83\xd7\xebE\
oo/N\x9f>\x8d\xe1\xe1a9_\x91HD\x0a\
\xd1\x90q\xd0f\xceh\x00\xdb\xb6%l\x8e\xde\xe2\x0c\
]d\x82$\x0a/{{{\xf8\x9b\xbf\xf9\x9b\xa6*\
\x88\xff_\x9b\xdb\xedF8\x1c\xc6\xd6\xd6\x16\x5c.\x97\
\x84\xda\xf6\xf7\xf7\x0bbg\xdb\xb6\x98LX\xc0\x8bU\
\xf4\x88\xf8h\x7f\x9cB\xa1\x00\xe0\x08\xf6\xe6\xb8\x98\xc8\
\x8b\xd9\x0f\x19\xc9A\x06Y\xa9T\x90\xc9d$:\x88\
t\x8a0\xbe>\xb3<G\xba&\x86\xd6\xb8u\xd3\x9a\
9\x1b\xcf\xfd\xda\xdaZS\xdd\x04FRh_\x06\x0a\
\x15<\x83\xcc\xc9\xc0\x90O\x8e\x9ffE\x0a\x0e\xb6m\
\x8b\xdf\x08\xcd\xa8\xa4\x8d>\x9fO\xc6\xc6\xf5\xd7\x88,\
\xa3yh\xf2!]\xd4\xf9J\xb4O\x0e\xc7\xa9sw\
\xf0L\x08\x83\xfe\x83\xf9\x80sK>\xa3\xe9\xe5\x93\x0a\
\x05\x9a\xee\xf3o1\x01\x9c\xc4X\xcd\x851\xff\xd7\x84\
\x97\x7f?\x8e\x99\x99\x0b\xcd\xcfM(\xd8|\x97S\x9f\
Z1~-i>\x89\xf6\xed\xd4/MX\xcd\xf8z\
\x0do\xb5\x12f\x9c\xdaI\xeft\x1a\x9b\xd3\xb85\xcc\
D\x0f{^oj\xf7\x9cS}\x9d\xfe\x5c\xcf\x8d\xce\
m\xa0\x19?\x99\xbe\xbeO\xc3\xfd\x8dF\xa3\xc9O@\
K\x9bl\xec\xaf\x16\x9a\xf48MaTGD\xd0\xe3\
\x97\x0c\xcf\xf4\xf8\xd5\x08\x83&\x02\x1a\xa1\xe2w\x1a>\
\xd7\x0c\xf3\xff\x12\xf7f\xcf\x8d]\xd7\xd5\xf8\xba\xe0L\
\x80\x04@\x00\x9c\xbbI6\xc9\x9e\xd8\xeaA-\xc9\xb2\
l\xc9\x1d\xc5.\xdb\xb1\x12\xc7\x15W%\xae\xbc%\x8f\
y\xcb\xff\x92\x87<\xa4*\xe5r\x92\xaa\xc4\xe5$\x8e\
-Y\x1e\x22\xd9\x1a\xda\xea\x96\xd4\xa3\x9aM6g\x12\
\x9c\x00\x02 \x01\xce\x00\xf1=\xf0\xb76\x17N_\x90\
-\xe5\xfb\xe5;U,\x92\xc0\xbd\xe7\x9e{\xce>{\
\xaf=\x1e\x8eQ\xe3'\x0e\x0e\x0e\xcc\x0f\x1a\x08\x04\x90\
J\xa5\x9e\x8a\xb1\xe0}\xecG\xc7\xce\xf5a\xe0Y<\
\x1e7a\xc4\x14\xaf\xd7_\x7f\xbd\xc2\xcc\xee\x9a\xdc\xdd\
\x96\xcf\xe71::\x8a\xdf\xfd\xeewx\xe7\x9dwp\
\xff\xfe}K?\xe3X\x0e\x0e\x0e\x10\x0c\x061<<\
\x8c\xc1\xc1AD\x22\x11\xb3<P\xf8\xd2T\xfb\xab_\
\xfd\x0a?\xfb\xd9\xcf0::\x8a\xe5\xe5e\x14\x8bE\
\xcc\xcc\xcc`||\x1c\xf1x\x1c\x9d\x9d\x9d\x16\x1f\x00\
\xc0\xaa\x02\xf2\x00\x16\x82K\xae\x1b\xcd\xe1\xbf\xfc\xe5/\
\xf1\xf8\xf1c\x0c\x0e\x0ebpp\x10\x7f\xf0\x07\x7f\x80\
K\x97.\xe1\xd6\xad[\xb8w\xef^E\xa0T\xb1X\
\xc4g\x9f}\x86\xc6\xc6F\xb4\xb4\xb4\xa0\xa9\xa9\x09=\
==FO\xda^z\xe9%sU\xa4R)\xa4R\
),//[\xf0\x19\xcf\xcfP\xf7\x1c\xeb x\x9e\
\x87|>og$\xac\xae\xaebvv\x16]]]\
8w\xee\x1c.]\xba\x84\x9e\x9e\x1etttX.\
|.\x97C\xa1P@kk\xab\x9d5\xd1\xd6\xd6\x86\
@ \x80t:]a=#\xb0\xfb\xe4\x93O08\
8\x88\x1b7n\xe0\xca\x95+\xc7\xae\xe7\xff\xa4Q\xc3\
\x8fF\xa3\xe8\xe8\xe8\xc0\xfa\xfa:\x9a\x9b\x9b-\x10\x92\
t\xcfX\x93\xe6\xe6f\x94\xcbe;\x97\x80\x82\x92\x85\
\xa0\x5c\xd0N\xeb\x14\xf9\x8d\xceI*\x95\xc2\xca\xca\x8a\
\xd5@`\x0e<\xe7]\x85?\xe7Gk\xe8\xfb\xa5\xc6\
\xf1s\x82i\xfa\xe5UI \xad\xd1uC\xc1\xaf\xc5\
\xd0\xb8\x07\x09n\xd4\x8dI%\x87\x15B9\x1e\x00v\
\x0fp\x14\xc9O%\x85n\x04\xc6\x5ch\x89v\xb5b\
\xb0?ZDU)\xe2{\xea\xdf\xbc^\xc1\x90Z\x06\
\x5c\x85J\xf9\x97\xca\x06W\xbe\x9e\xa4x\x96\xcbe\xff\
,\x00\xbf\xe6\xa7]U\xeb\x5c\x07\xe2\xde\xe7\x02\x05\xf7\
\xdaj\xcfv\x9fw\x5c\xab\xf6\xbcj\x16\x88\x93\x9a\x8e\
\xd35\xef\x12\xfd\x01\xa88i\xca\xaf\xff\xcfk\xc2Q\
\xab\x8a\xdf\xb5$\x0c\xa2m-\xb8\xc2\xb1)\x08 \xe2\
\xa5pW\xc2u5_\xa2X\x0a2\x9e \xa7B\x94\
.\x02n>\x9a_\x15\xbc\xe9;s\xc3+8ss\
\xddU\x8b\xe5\xb5j\xba\xf7\x8b1\xd1\xebts\xf8\x8d\
A\xb5\x7f\x05p\xba\xd6dT\xaclF_c\xb1X\
4\x90\xa3)>\xfa\x0e\x1a\xbdL\xe6\xc0\x1co=[\
\xa0X,\xa2\xad\xad\x0d\x83\x83\x83\x88\xc5bUi\xc0\
\xaf\xb5\xb4\xb4\xe0\xa5\x97^\xc2K/\xbd\x84?\xfe\xe3\
?\xc6/~\xf1\x0b|\xf4\xd1G\x18\x1d\x1d\xc5\xca\xca\
\x8ai\x87\xc3\xc3\xc3\x18\x19\x19A<\x1e\xb7\x1a\xf7\xf4\
[\xa6R)\xdc\xbf\x7f\x1f\x0b\x0b\x0bx\xfb\xed\xb71\
77g\x11\xd4,\xec4??\x8fG\x8f\x1e\xe1\xab\
_\xfdj\x05\xed\xfd\xfe\xf7\xbf\xc7\x9d;w\xac\x02\xa0\
\xd2\xa7\xebFYXX0\xad\xbc\xaf\xaf\x0f\xcf?\xff\
\xbc\x05\xde}\xfc\xf1\xc7\x15Aw;;;\x18\x1b\x1b\
C\xa9TBWW\x97o\xde;pt\x947Ol\
\x9c\x9b\x9b\xc3\xe6\xe6\xe6S\xfc\x86\xd6\x82\xa6\xa6\xa6\x8a\
8\x0e\x02P\x9a\xbe\x99)\xc2\xa8v\x061\xd2\xc4\x1e\
\x89D\xcc\xf5\xb3\xbf\xbf\x8f\xf5\xf5u\xa4R)x\x9e\
\x87\x8b\x17/\xa2\xb5\xb5\xd5\x02\x14#\x91\x08J\xa5\x12\
\xbe\xf9\xcdo\xfe_\x09\xf0{\x96F+`]]\x1d\
\xa2\xd1(r\xb9\x9c\xc5\x99\xd0\xff\xcd\xb1\x93V\xa9\xf9\
\xfa\x09/\x16\x0cR\xe5\xa2\x5c.\x9b\xd5\x87\xa5\xa5g\
ggM\xf0\xd3\xba\x08T\xd6\xf5W \xa0\xf4\xe1\xa7\
H*\x0f\xd0\xbf\xb9\xc7Ti\xd8\xdf?<\x828\x9d\
N[\x004\xdd\x1e\x1a`\x08\x1c\x01]\xfa\xee\xb9\xf6\
j\xfd\xf0\xbc\xa3SO\xb5\x92\x1fy\x0d5z^\xa7\
1Q\x9a\x8a\xca\xe7r\xfe8\xb7\xaa\xb5\xab\x0c \x9f\
\xd0\xcf]\xf9\xe4\x8e\xe5\x8b4\x97W\xb2=U\x07\xe0\
$-\xdd\xfd\xae\x9aV\xed\x0a\xdcj\x03\xd0E\xd5\xef\
\x949+\xe3\xe7\xffJH~\xbee}\x17\xbf\xe7V\
\x9b \xfd_?S\xb38\x11\xbfj\x8fzD.\xc7\
\xe4'\xf0\xfd\x9e\xa3s\xe7w\x8d\xfb\x0e\xee\xfc\x02\xa8\
\x88\xf2\xd7\x18\x00W\xe8\x91\x98\xf5^=qP5g\
>\x93\xe8\x9d\xf5\xd4=\xaf\xd2\x0cEa\xe9\xe6\xf5\xbb\
\xef\xc3\xfe5F\x80?~\xe8\x98\xef\xa5\x81\x87J\x0b\
:f7\xc2V\xfbr7\x17\xfb\xa2\xc6\xec\xd2I\xa9\
T\xc2\xc6\xc6\x86\x05u1e\x8c\xb9\xdf\xbc\xd7\x8dO\
`\xdfZ%0\x1a\x8d\x9a\xbf\x9c)C\xc5b\xd1\x8a\
\xc0\x90\xb6\xbeh;w\xee\x1c\xce\x9d;\x87'O\x9e\
\xe0'?\xf9\x09\xde~\xfbm\xac\xaf\xaf\xe3\xfc\xf9\xf3\
x\xe9\xa5\x97\xd0\xd6\xd6f\xe6\xc3\x5c.gU\xe1\xa6\
\xa6\xa6\xb0\xb0\xb0\x80L&\x83|>\x8f\xae\xae.\x03\
,\xf1x\x1cW\xaf^\xc5\xc8\xc8\x08\xfa\xfb\xfbm\xfd\
fgg\xb1\xb6\xb6\x86\xdf\xfe\xf6\xb7\xf8\xf8\xe3\x8f\x8d\
\xa6\x189\xad\xeb@\x9a)\x97\xcb\xc8f\xb3\x98\x9c\x9c\
\xc4{\xef\xbdg\xd5\xf1hz\xbf}\xfb6>\xfe\xf8\
c\xf3\xe7...\x1a\xa3\xee\xe9\xe9\xf1\x8dU\x18\x1d\
\x1dE.\x97\xc3\xd8\xd8\x18\x1e>|h'\x19\xd2%\
E\x10\xcaR\xba\xe5r\xb9\x22\xd8R\x85\x0ai\xbf\x5c\
.[\xea!\xeb\x02\xb0/\xcdB\xc8d2\x98\x9d\x9d\
5\xcbMWW\x97\xad!]h###\x15n\x8b\
\xff\xcd\xb6\xb9\xb9i%\xb9\x99u\xc0\x009\xd2\x19]\
C\xb4\x02\x90wh\xaa\x1f\xefg\x15\xc9\xed\xedml\
ll\x98\xa9\x9f\xa7^*\xedR[\x07\x8e\x84\x16\x7f\
\xd4\xf2G\x936\x95\x15\xf5\x97+/g\x8c\x8c\xa6\xf8\
\x01\xb0\xbf3\x99\x8c\xfd\xdf\xd3\xd3cgC\x00\xa8\x10\
\xc2\x1c\x0b\x81\xadZ3\xdc\xb8!\xae#A\x04y\x0c\
\xdd%z\x9f\x1e\x13\xcdJ\xa5\xac\x11\xa2\xfc\x96\x99\x13\
\xfc\xd1 im\xe4\xbb\x0a\x0e\xd4=\xc2\xef]\x05\xd3\
O\xb1\xf5\x03\xc3\xda\x8f\xf1*\xd7L\xcb\xe6v\xe2\xa7\
\xb5\xba\xc2\xcbO\x00\xfbY\x01\xf4{\xd5 \xfc\xb4:\
\x15Z\x00\x9e2\x07\xb9\xcf\xd6gh\x1f\xee\xbb\x01\x95\
\x81\x87\xfa\x99j\xcd\x8a^\xf5{}\x0e\x17\x8a\x04\xe7\
\x8e\xcdo~\xdc\xef\xfd\xc6\xe7\x07\x04\xaa\x01\x19\x9dS\
%\x90r\xf9(\xa7WQ4\x197Q*\xf3o\xb5\
T\xad\xd6\xcd\xd6\xa8wj\xc84\xabQ\x03\xa86V\
?p\xa9fS\x9dG^\xef\x8eW\x03\xc6\x94\xa9\xb8\
\xef\xaeZ\x83\x8b\xa8\xf5Z\x0d:\xe2\xe7\xfc!\xd39\
88:`\x88\x0c%\x18\x0c\x1a `iW\xbf \
\xc0P(\x84\xf6\xf6vtuuUT\xa6cP\xd9\
\xd6\xd6\x16\xe6\xe6\xe6ppp\x80\xa6\xa6&\xfb\xc9\xe7\
\xf3VR\x96\x9b\x9dy\xf2\xc7\xb5\xe1\xe1a\xfc\xcd\xdf\
\xfc\x0d^\x7f\xfdu\xcc\xcf\xcf[\x9a\x96\x06!\xf1\x87\
\x96\x012\xc4\xba\xba:;0gww\x17\xb1X\x0c\
\xdd\xdd\xdd\xa8\xab\xabC.\x97C<\x1eG(\x14B\
:\x9d\xc6O\x7f\xfaS\xfc\xf2\x97\xbf4m\x90)T\
\xca\x98\xa8\xf5\x91\x99z\xde\xa1\xdf\xf6\xb7\xbf\xfd-\xe6\
\xe6\xe6p\xed\xda5\x5c\xbf~\x1d\xcf=\xf7\x1c\x12\x89\
\x04\x9a\x9b\x9b166\x86\xe5\xe5e;Q\xee\xf6\xed\
\xdb\x88\xc7\xe3\x16t\xa6\xadT*\xe1\xc1\x83\x07x\xf0\
\xe0\x01VVV\x00\x1c\xb9\xb4\xb4\xac,\xb5\xbb\x9a\x9a\
\x1a\x0b\xd4c\xa6\x0bpt\xe2&A\xe6\xf3\xcf?\x8f\
\x97^z\xc9*\xde577#\x97\xcb\xe1\xe6\xcd\x9b\
\x18\x1d\x1d\xc5\xea\xeajE\xa9\x5c\xa6!z\x9eg\x15\
\x0a\xff_5\xa6\xec\xa6\xd3i\xf3\xd7oll\x98\xdb\
\x83\xfb\xb9X<*}Mm^\xeb\x85\xd0JHS\
8kh\xe4r9\xec\xec\xecT\x98\xfb\x09\x0cT\xd9\
\xd1\x9cz\xe0\xe9 q7\xc6\x07\xa8T2(\xf8U\
1`\x86\x03\x857\xad\x9d<\xaf\x84\x96\x0ef8P\
\x11\xa2O^\x059\x05\xb6f7\x10\x94+\x8f\xe6\xfc\
\xf0\xc8d\xc6\x01\xd0\xf5\xa7\xfcg\x7f\x7f\xdf\xd2N\xf9\
^J\x8b\xe4\x09\xb4\x94*h\xf2S>\xdc\xa6r\xc0\
\x05\x04\xec\xc3\x95s~\xffk3\x00p\x1cQ=\x8b\
\x06]M\xb8V\x1b\xa0\xcb\x90\x95\x088Q\xee}@\
e\xa4\xbe\xab\xfd\xaa\x80\xf1c\xfa\xaePp\xfb\xd6\xfe\
\xf4Z\x97pu\x1e\xfc\x9eIBV\x7fO\xb5\xb9y\
\x96Vm|n_\xee\x5c\xf0G\x917\x85\x1a\x09\x9f\
\x8d\x1bC\x09\x9f.\x0d\x0avE\xcd\x04\x0b\xf4\xf7\xe9\
\xc1B\xd5\xe6\x9ec\xe4\x06p\xc7\xe0\x07\xde8~\x15\
\xf6\xba\x16\x0a\xf0\xaa\xb9\x1c\x5c\xe1\xee\xae\xb9\x82;w\
S\x12\xf4hT7\xff\xa7\x99\x1c8\x8a\x99 \xdd\xd4\
\xd5\xd5\xa1\xa9\xa9\x09\xd1h\xd4\xa2\xc5\xf9\x1d\x99\x02\x19\
\x03\xfd\xd7\xf7\xef\xdf7\xed\x89\xb5\xc8\xfb\xfb\xfbq\xed\
\xda5\x9c9s\x06\x81\xc0\xe1\xf9\xf2\x1c{}}\xbd\
\x9dx\xa8\xc7\xe5\x86B!\x5c\xbat\x09\x89D\xc2\xb4\
X\x02S\xe0\x90yp\xfc<\xef\x81)w\xc1`\x10\
\x85B\x01\x99L\xc6N;\xdc\xdf\xdfGmm\xadY\
\x0c\x1e?~\x8c\xcd\xcdM\xcb\x9bg\x00\x1a\xe7J3\
\x17\x94\xe1*-\x8e\x8d\x8daee\x05\xe3\xe3\xe38\
s\xe6\x8c\x9d\xd9088\x88\xb5\xb55\x0b\xe6\x9b\x9f\
\x9fG$\x12\xb1Jw\xda(\xb0\xda\xda\xda\xb0\xb3\xb3\
\x83\xc5\xc5\xc5\x8a}\xa7 \x8eE\x82(\xf4T\xbb\xda\
\xdd\xdd5:lmmE__\x1f\x06\x07\x07\xed\xb4\
9\xae\x19\x8f\xb7-\x14\x0a\xb6\xee\x8f\x1f?FWW\
\x17\x1a\x1b\x1b\xd1\xd1\xd1aU\x13\x99\xc6\xf8\xbf\xdd(\
\x9cX\x8b\x80y\xfb\x04}\x14\xaat\xdbQ\xb3'\x88\
\xa3\x8b\x8b\xdfi\x9c\x0d\x0f\x83\xa2\xd6\xcfZ\xfcZ\xf0\
\x068\xda\xeb\xca\xffTYSP\xe0\xa6\xfe\xa9UP\
M\xe7T84F\x87k\xb7\xb1\xb1a}uvv\
\x1a\x90#\xe0\xa5\x8b\x83\xef\xc31\xa8\xd6\x0f\xa0\x82\xb7\
\xe8\xd8=\xcf3\x81\xad\xca \x81#\xdd*\x04\x19\xec\
\x87|\xc0O\xc3W`\xe36?E\xc9\xe5\xa7\xfa9\
\xafU\xd9ZM.\xf2>\xb7\x8f\xa7b\x00\x8e\x13R\
~\x1a\xa9\x1f\xb3?\xae\xb9\xc8O_\x02\xa8\x14@\xae\
\xa0WM\xbc\xda\xf3]\xeb\x80~WMhjs\x85\
\xbf\xfe\xafDXM\xb3u\x81\x83;F}\xe7js\
\xee^S\xcd\x12\xa0\xf7V{\x86F\xdb*\x8a\xd6w\
\xa3\xd6Oa\xc1k5H\x8b\x8c\x82\xe8\x97\xd6\x03>\
\xc3o\xed\xfd\x84\xb0\x0amuW\xb0O?\xa0\xa9\x9b\
U\xcdu~\x84\xed~\xe6\x07.\xf4\xdaj\xc0\x92\x9a\
\x02K\xe1\xaaI\x9b\xf1\x10*ph-ijj\xb2\
\x22?t\xb5\xd0\x9a\xb0\xbb\xbbk\x95\xd2<\xef\xd0\xe7\
\x9d\xc9d\x90N\xa7\xad\xb8H(\x14\xc2\xcb/\xbf\x8c\
\xef|\xe7;x\xe5\x95W\x9e\x9aSw~9\xc7z\
tm\x7f\x7f?666P(\x14,Pn}}\
\xdd\xfc\x9e\xd4\x06y:\x22\x83\x9a\xc8<\x93\xc9d\xc5\
\xa1&\x1b\x1b\x1b\xf8\xec\xb3\xcf\x10\x0c\x06q\xf5\xeaU\
D\x22\x11\x14\x0a\x05<|\xf8\xf0)F\xaeZ\x90\xba\
u\x14le\xb3Y|\xfa\xe9\xa7\xf8\xf4\xd3O\x11\x8b\
\xc5p\xe3\xc6\x0d\x0c\x0c\x0c\xa0\xa7\xa7\xc7\x8e f\x89\
\xe4jq\x1a\x9d\x9d\x9d\x96\x9aWSS\x83\x95\x95\x95\
\x8a\xaapj\xbag\xb1\x18V\xb3\xe4z\x1c\x1c\x1c\x18\
`\xe3\xc1Q\xd1h\x14]]]\xd8\xdd\xdd\xc5\xfc\xfc\
<\x16\x17\x17-\xe3C\x85k]]\x1d\xee\xdf\xbf\x8f\
\xe7\x9f\x7f\xde\xe8\x97\x05v\xfe_4>\x97A\x9et\
e\xb8\xee=\x16\xb2\x01\x8e\x8a\xee\xf07\xb3\x8aT\xf3\
&(\xdb\xd8\xd8@.\x973\x8b\x17\xf9\x00\xf0\xb4\x0b\
K\xd7[\x0f\xe8Q\xde\xee\xa7\x00\x10L\xab_\xde\xb5\
\xf6\xa9\x82H\xd7#\xb3\x93x\xfc1\x01\x0a\x81\x03A\
8\xef\xe7\xde\xe6x\x5c\xe5E\xdd9~\xaeE>\x9f\
\xb4\xcf9\xd3,(\x9d\x17u\x1br\xafp\xcf\xf1\x1d\
\xb9\x7f\x5c\x97\xbc_\xab&w\xbeH\xf3\xad\x04\xa8\x8c\
\xda}\xb0\x9fp\xab\xa6\xa9\xba&V\xf79n\x7f\x0a\
\x02\x88\xectrIX\xbc\x86\x13GF\xa1\x1a\xa3N\
\xeaI\x13\xaa\x91\x9c\x1c\xabk.\xd7qR\x18h4\
+\x9f\xa7A\x80:\x9f~\xcft\xe7\xed8 \xe07\
g\xd5\x00\x82;^\x12\x16M\xf7\x1a\xbb\xe0\xf6\xcf\x8d\
\xcb9\xe48\xd5\x97\xa6cq\xc7\xe6ZZt<\xee\
\xf8\xddyW\x14M\x17\x80j\xfd\x00\x9e\x8a\xbe\xd71\
\xeb&b\x7f\xae\xf6Qm\xeet\xcd\x09J\xd4w\x17\
\x0c\x06\x11\x0c\x06-\x00\xacT:\xac\x97N\xcd\xb2\xa9\
\xa9\x09\x91H\x04\xed\xed\xed\xe6\xdb\xa7\x86\xc4\x02,\xac\
S\xcfS\xd2\x181Mf\x13\x8f\xc7\xf1\xe2\x8b/\xe2\
[\xdf\xfa\x16\xfa\xfb\xfb\x9f\xa2\x19\xb7)#\xa4pb\
\x14\xb8\xa6}\x05\x83A\xb4\xb7\xb7[\xf0\x12M\xa8\x04\
\x04,m\xbb\xb2\xb2\x82\x9d\x9d\x1d\xcc\xcd\xcdatt\
\x14\x13\x13\x13v<q{{;\xbe\xf7\xbd\xef\xa1\xab\
\xab\xcb\xf2\xa15\x1e\x84\xe0\x88\x02\x18\xa8t\xb3\xf0;\
jF\xdc\xdb\x85B\x01\xff\xf1\x1f\xff\x81\xdf\xfc\xe67\
\xe8\xef\xefGGG\x07\x02\x81\x00\xdex\xe3\x0d\x5c\xba\
t\xc9\xb7*a(\x14\xc2\xdc\xdc\x1c\xfa\xfb\xfb\xf1\xfc\
\xf3\xcfcpp\x10\x8f\x1f?\xb6\x8a\x7f\x0c\xd0\xe3\x01\
6\x5cW\x05\xab\x5c\xe3P(\x84\xfe\xfe~+\xee\xc3\
\xf3\x02\x00\xe0\xc1\x83\x07\xf8\xd5\xaf~e\x96\x0f\xa6e\
2x\x8c\xee\x9a\xad\xad-D\x22\x11\xcbf\xf8\xdfl\
\x04\x94\x81@\xc0\x02TiE\xa2\x06L \xc8\xfa\x03\
\xac\xd5A\x90\xc4\xbdA\xc0\xbb\xb7\xb7g\xb9\xfd\x93\x93\
\x93VVY\xad(~\xe0\xd9\xf5\xa3\xeb\xde\xa3\xe0\xe7\
\xb3\x18\x7fqpp`\x82\xd3U\x0e\xc8\x0b\xfc\xb4\x5c\
\xf2\x8e\xda\xdaZ\xab\x19\x01\xc0\xc6\x18\x08\x1c\xa5F\xf2\
\x9d\xcb\xe5\xb2\xf9\xf2\xa9l\xe8I\x90\xca\xf3\x15x\x10\
\x08(\x8f'\x80 M\xb3\xcf\x9a\x9a\x1a\x03\xafj\x1d\
\xd5\xd4Iu\xa7\xb2\x8fj\x96H\xce\xad\x0b\xae\xb5\xe9\
\xbc\xe8\x5c\xf95\xf7\xdeZe\x8c~\x17V\x13B\xfa\
\xf7I\xda\xae\x9f\x80R\x14\xe3\x0a1%\x1ce,d\
\xec\x14\x0e$\x10\x970\x5cdu\x5cSD\xe9\x0a*\
E\x7f\xfa\x9d\x12\x87\x0bJ\xf8\xffq\xa0\xc3o\x91N\
B|:F\xf7~\xfd\xdf]/7\x96A\x09O\x19\
\xb7\xae\x0d\xe7Q\x05)?S\x84\xeb\xf7\x8e\x0a\xfa\xf4\
~w\x13S\xf0q\x13s\xbd4\x8d\x88\xe8\xda-\x1b\
\x5cmn\xddup\xd7\xce\xcf:\xa0t\xa2c\xdf\xdb\
\xdbC6\x9bE\xb1XD4\x1aEcc\xa3\x95\xff\
\x0d\x06\x83\x88\xc7\xe3V\xc2\x96\xb9\xeb\xb1X\xac\xe2D\
5\x0az=\xbe\x94\xa9Gj\x0e\xad\xad\xadE[[\
\x1b\xae^\xbd\x8a?\xfc\xc3?\xc4\xb5k\xd7\xd0\xdc\xdc\
\x8c\xdd\xdd\xdd\x8a\xb2\xa4l{{{\x98\x99\x99\xc1\xad\
[\xb70??o)`<\xf0\xa8T*Y\x1a]\
kk+\xa6\xa7\xa7\xf1\xef\xff\xfe\xef\xb8w\xef\x9e\x95\
He\x1d\x87R\xa9d\xd5\xdb8&\x96\xd3e\x9es\
 \x10\xc0\xd2\xd2\x12\xdez\xeb-\xec\xee\xeebpp\
\x10W\xaf^\xc5\xc2\xc2\x82Y\x16\x94\xfe\x0828\xdf\
\x5ccW\x8b\xa3E\x89y\xea\x9d\x9d\x9d\xb8x\xf1\xa2\
\xa5+\xbe\xf0\xc2\x0b\xbe\x8c\x8c\xc2\xe6\xf1\xe3\xc7Vc\
`dd\xc4\x0a\xfeLMM\xe1\xfe\xfd\xfb\xd8\xd9\xd9\
\xb1@7V\x8e\xa3\xb6K\x00\xc3\x00\xb9\xee\xeen;\
u\x0f\x00\xd6\xd6\xd6l\xec<\x5cG5\xe5\x9a\x9a\x1a\
\x8c\x8e\x8e\xe2\xee\xdd\xbb\xe8\xeb\xeb3\x7f3M\xe4~\
\xae\x8b\xff?Zcc#\xd6\xd7\xd7-\x03\x87@\x93\
\xc0$\x9dN\x9b\xf5\x22\x10\x08X^\xbf\xd6\xf0\xa0f\
J\xfa\xcef\xb3XZZ\xc2\xca\xca\x8a\xed\x01\x8do\
r\xfd\xd0\xbaw\xf47\xbf\x07\x8e*\xa6r\xed\x19g\
@\x9a\xd1R\xe6\x9a:\xa7\xb4O\xde\xca1\x1c\x1c\x1c\
\xc60\xf0\xa4\xce\x8e\x8e\x0e\x8b\x1bQ\x80\xaa\xf7kF\
\x04i\x96B\x9e\x95\x10\x15\xc0\xb2\x1e\x00\xc7\xa9\x01\xc9\
z\xa4\xb2\xe7\x1df\x9c\xa8\xb5\x83\xd6\x15\xcew \x10\
0\xeb\x8b\xcbw]\x9eVM6\xf8)\xe5\xee\xdf\xca\
\xef\x94\xe7jc\xff\x96\x05\xe0\xd7\xa9+`\xaa=X\
\x09\xe1\xb8\xe6\xf7\x82~}\xfb\x01\x06\xbf\xd8\x00}Q\
\x97\xe0\x14$(Z=\x0e\xa0\xf8M\xa6\xce\x85\xde\xef\
G\xf4~\xcd\xaf\xefg\x9d\x1b\xbfq\xfa\xa1;?\xe1\
\xafB\xdf}\x1f\x050n \x1d\x9b\x12(\x055\xd1\
\xb4\x9a\xffNz\x97j\xdf+\xa8P\xab\x03\xc7T.\
\x1f\x05/V\x13\xdc\xda\x97\xdf|\xb8@\xcc\xbd\xdf\x05\
\x07Jg\x0a\x924J\xb9\xa9\xa9\xc9\xf2\xc1)\xb8\xc2\
\xe10\xc2\xe1p\x05P\xa1\xb5\x85fg\xbf\x14Ij\
A,0444\x843g\xce\xa0\xab\xab\x0b--\
-(\x16\x8bX]]5\xdf\xeb\xe6\xe6&2\x99\x0c\
\x16\x16\x160==\x8dP(\x84\xa1\xa1!;\xc0e\
qq\xd1\x0e\x14:88\xc0\xf9\xf3\xe7\xf1\xdcs\xcf\
\xa1\xa3\xa3\x03\xcf=\xf7\x9c\x05\xd7\x15\x8b\x87\x07\xee\xd0\
\xff\x9fL&1::j\xcc\x8b\x9a\x12\xe7^\xa3\xa9\
\x99*\xc7\xf3\xd93\x99L\xc5}\xaa\xf5\xe8\x9c\xeb{\
s\xcf\xb4\xb7\xb7\xa3\xaf\xaf\x0f===\x88D\x22\xb8\
p\xe1\x02\x06\x07\x07m?\x91\xde\xdc\xd6\xdc\xdc\x8c\xd7\
_\x7f\x1d\xb1X\x0c[[[\x88F\xa36V\xfa\x83\
\xaf]\xbb\x86\x5c.\x87\xf9\xf9y\xac\xaf\xaf\xc3\xf3<\
\x8b\x19\xd8\xde\xde\xae8\xb7\xa0\xad\xad\x0d\xd7\xae]\xc3\
\x85\x0b\x17\xd0\xd6\xd6\x86\xdd\xdd]<|\xf8\x10\x0f\x1e\
<0\xf7\x0c\x01\x00\xb5fV\xc2d\xcc\xc2\xf6\xf6\xb6\
\x15\x22z\xe3\x8d7\x8e\xa5\xff/\xd2X\xd0\xc8m\x04\
\x99\xf9|\xde~\xaf\xae\xaebqq\xd1J#\xf3\x1d\
h\xb2\xd6TO\x05ktQ\x15\x0a\x05\x0b\xf4S\x81\
\xa6\x96U\x97/\xba\x0a\x97\xab\xa0\xb0\x11\x04p\xbfk\
\xe0q\xb5\x14b?\xe5\x90{\x8dJ\xc3\xd6\xd6\x96i\
\xe1\xca?TIs\x95\x08\xeeu-\x08\xc4TB7\
\x9b\x81\xf4HM^?#P!X\xd0tH\xf2\x11\
Ut\x08$\xf5\x1d\xdd\xe6\x0an\xbfkt^\xfc\x14\
\x1c\xfd\xbb\xdas\xaa:\xac\xdc\xc5s\x05\xe0I\xd7\xbb\
\xf7\xe9u.:q\x07\xec\xa2\x1f\xd5\xecx\xaf\xa2G\
W\x1bw\x99:\x80\x0a3\x8e>C\x99\xbe\xcb\xac\x5c\
\x81\xef~\xe6\x8e\xd1\x1d\xe7qs\xa9\xbf\xddy\xaa\x86\
\xfe\x80\xeaf{\xbdG\xc7\xe2\xbe'\xefSM\xde}\
\x17\xe0\xe8\x04?w\x8e\xd84\xcd\xc7\x05c~\xe3\xd6\
q\xb0o\xdd\x10\x0a.\x5c\x80\xc0w\xd2\xf9qS\x86\
Tp\x1f\xe7;\xa6\xc6\xad.\x03-\xf4\xa1\x1a\x0e\xdd\
\x00\xfc\xad\x81z\xec\x83\x11\xf0\xd4\xec\xc9@J\xa5\xc3\
\xb4I2_\xb5\x0ei\xec\x05+\xe6\xdd\xb8q\x03/\
\xbe\xf8\xa2\x99\xd8kj\x0eK\x04\x7f\xfa\xe9\xa7x\xf7\
\xddwMKmjj\xc2\xe6\xe6\xa6\x99\xf5i\xe6\xdf\
\xdd\xdd\xc5\xea\xea*\xee\xdc\xb9\x83{\xf7\xee\xa1\xb6\xb6\
\x16\xcf?\xff<2\x99\x0c\x06\x06\x06\xb0\xb7\xb7\x87D\
\x22\x81\xbe\xbe>;\xf9\x8e\xe6x\x02-j\xfc\xba\xa7\
\xf8?\xcd\xa3\xacc\xb0\xb7\xb7\x87p8l\x96\x11\x82\
%\xae3\xe7\x97\xa6v\xd5\xa0\x82\xc1 \xce\x9f?\x8f\
\x97_~\x19/\xbe\xf8\x22:::P*\x95\x90H\
$,\xbd\xea\xb8\x03\x89\x02\x81\x00FFFp\xed\xda\
\xb5\x13\xab\xeb\xe5r9\xdc\xbf\x7f\x1fsss\xb8w\
\xef\x1e\xa6\xa7\xa7\xb1\xb8\xb8\x88\xee\xeen\xf4\xf5\xf5\xe1\
{\xdf\xfb\x1e^x\xe1\x05\x13D\xc0\xa1\xf6\xff\xab_\
\xfd\x0a\x1f|\xf0\x01R\xa9\x94im\x8d\x8d\x8dV2\
\x98\x85\x91X\x8a\xb8\x5c>\xcc\x93\xafV\xbb\xe0\x7f\xda\
vww\x91L&\xed\xa0$\x16\xf4\x99\x99\x99A\xa1\
P\xc0\xf2\xf22\x00 \x93\xc9`ll\x0c\xe9t\xda\
N/\xe4Z\xf2\xe8\x5c\xe0(\xf0\x8d\xd5\xfdh\xfe\xa7\
E\x87\x82\x8e\x02L\xadr~\x966\xe5\x1b\xe4\x0b\x9e\
wT\x8d\x94\xda\xb2\xf2\x11\xd2F p\x94r\xc9>\
H{.\xbf%\xdf\xe7\x1a\x90\x97\xb4\xb4\xb4\xa0\xb5\xb5\
\xd5\xb4l\xf2\x17?\x05\xc7\xcd\xd4R\x99PWWg\
\xfdj\xc4?\x0f\xfc!\x9d\x97\xcbe\xdb\xeb\xa4\x0f\xad\
\x0d\xa2\xb2F\xcb\xa9\xab\x82\xe3\xb6jJ$\xc1\x8b^\
SM\x16\xeb\xf7\xc7i\xfe\xc6+}\x9f\x88\xea\x08\xee\
\xb8\xeb\xfd\xfe\xaev\x9d\x0b\x04\xfc\xeeu5Z\xfe\xad\
\x9a\xa9j\xfcz\x9fj\xe8l\xae\x15\x81\xbf]?\x8c\
+\xd0xM\xb5wu\xd1\xaf\x9f\x86\xee\x22[w\xa1\
\xdc\x85uA\x92\xfb\xee~\xfd\x10\x18q.\x5c\x17\x06\
MR\xae\xe6\xeb\xae\x0b\xefu\x81\x0d\x9b\xa6\x96\xb91\
\x19~\xe0\xc6\x15\xe8\xd46\x0e\x0e\x0e,P\x8b\xf7\xb8\
\xccE\x8bwp\x9d\xdd\xfe\xc8\x14\xe8\x0fdIY\x9a\
}\x89\xc0i\x22\xd6\xa3\x88\xb96Z\xfb\x9b~:=\
\x1d\x8f\xe7\xb7omm!\x14\x0a!\x12\x89\xa0\xa9\xa9\
\xc9\x0e~!\xb0\xe0\xd8s\xb9\x9c\x95\x85\xf5\x03\xbb4\
y\x86\xc3a\xf4\xf5\xf5axx\x18\x91H\xc4\xa2\x97\
\xf7\xf7\xf7133\x83\xf7\xdf\x7f\x1f\xf7\xee\xddC(\
\x14B(\x14\xb2\x12\xa6\xd46\x96Z\x22\xc4A\x00\x00\
 \x00IDAT\x96\x96\x00\x1cV\x07\x9c\x98\x98\xc0\
\xf8\xf8\xb8\x1d*\xf4\xdf\xff\xfd\xdfx\xf8\xf0!\x86\x86\
\x86L\xd3\xbdt\xe9\x12\xb2\xd9,\xd6\xd6\xd6,\xcbc\
cc\xc3\xc6\xa4q\x09d\x88---\x96\xf6yp\
p\x80\xe6\xe6f\x5c\xbcx\x11\x0f\x1f>\xb4\xf1\xaa\xc6\
\xae\x80L\x81O]]\x1d\xfa\xfa\xfa\xf0\xf2\xcb/\xe3\
\xd5W_\xc5\xf0\xf00:::L\x88\xd7\xd6\xd6b\
uu\x15\xef\xbf\xff>\xce\x9e=\x8b\xfd\xfd}D\xa3\
\xd1\xa7\xcc\xe9===H&\x93\xcfTZ7\x12\x89\
\xe0\xb5\xd7^\x03\x00|\xf3\x9b\xdf\xc4\xf8\xf88\xea\xeb\
\xeb133\x83\x85\x85\x05\xa4R)\xdc\xbd{\x17\x17\
.\x5c\xb0\xdc\xfd\xee\xeen\xbc\xf2\xca+\x18\x1d\x1d\xb5\
T\xcd\x83\x83\x03\xb3\xe6P\x9bkjj\xc2\x87\x1f~\
\x88p8\x8c\xaf~\xf5\xab\xe8\xed\xed5\xd7\xc1\xff\x8d\
\x96\xc9d\xb0\xbc\xbc\x8c\xe9\xe9ilmmY\xc5C\
j\xed,\x86\xc3\xc0>F\xfe\x1f\x1cT\xa6\xafr\x1f\
q\x0f\xd1\xec\xcf\xb8\x05j\xd1\xd4\xfa\xdd [\xe0h\
\x0f\xab\x09\x1fx\xda\x9dK>G\x17\x13p\xb8\x1fx\
\xce\x00-\x0a\xe5r\xb9\x82\xd6H\x1f\xaa\x98\xa8\xa0T\
>\x0b\xc0\xe2P\xca\xe5\xc3\xaa\x86\x04@]]]v\
P\x13c]\xf8<\xfa\xe8i\xbd\xa1\xff\x9ft\xcfy\
$\x00aF\x84\xe7y\x15\xa7W\xd2b\xe0*Pn\
\x9c\x9a>S\xdd\x9b\x04Q*\xd4\xfdd\xa1\xab\xc8\x1e\
\xa7\x80\xfb5?\xde\xee\xf6S5\x06@o|\x96\x07\
U\x13\xdc\xfc\xffY\x84\xbc\x0a;~\xe6'(\xdd\xa0\
??K\x82>W\x11\xa7\xf6\xedj\x9b\xee\xf3\xc9\xc8\
H\xec\xd5\xe6\xc3Oc\xd59\xf1{/\xf7\xfegm\
~\x96\x0be\xb2\xdc\x9c\xfa|e\xce\xfc\xbc\xda\x9a\xe9\
x\x94X]\xe1\x0c\x1c\x15\xee\xf0\xa3\xa1j}\xbb\xd7\
\xba\x1a\x01\x0b\xb7P\xf8\xf2\xfdh2c\xb0],\x16\
\xb3#Z)|C\xa1\x90\x99\xe3\xe9w\xd3S\xed\x08\
4\x184G\xcd\x99(=\x97\xcbayy\xd9r\xe2\
\xe9S\xe7\xc10\xd4\x9a\x98>E\xba`%9\xfa\xd7\
y\xf4\xae\x96\xb1%}j\x80agg'.]\xba\
\x84\xfe\xfe~\x14\x8bE\xac\xad\xad!\x12\x89\x986\x7f\
\xf3\xe6M\xbc\xf7\xde{XXX@OO\x8f\xfd\x84\
\xc3ac\x9a\x9b\x9b\x9bX]]\xc5\x93'O\xf0\xf8\
\xf1c,..\x1a\xe3\xdf\xda\xdaB>\x9fG>\x9f\
7K@\x22\x91\xb0@1\x16}\xd9\xde\xdeFkk\
\xab\xf9\x90\x158q\xfe\x1b\x1a\x1a\xd0\xd9\xd9\x89\xbe\xbe\
>\xf4\xf6\xf6\xe2\xd6\xad[\xc8\xe7\xf3\x08\x04\x0e3\x17\
X\x1f\xdf\xa5;Z\x0dX\x0exhh\x08###\
\xb8x\xf1\x22\x9a\x9b\x9b\xe1y\x9e\x15'\x1a\x1f\x1fG\
:\x9d\xb6\xeazsss\xc8\xe7\xf3\xbe\xfe\xf4k\xd7\
\xaeU\xdd#\xd5Z\x22\x91@\xb9\x5c\xc6\xea\xea*\xda\
\xda\xda\x0c\xd8uww[\x9d\x83t:\x8d[\xb7n\
\xe1\xce\x9d;X^^6\xa6\xae\xe9\x9c,PC\xdf\
\xf1\xfa\xfa:FGG\xe1y\x1e\x86\x87\x87?\xf7\xb8\
\xdc633\x83\xb9\xb99LLL`ee\x053\
33f\xde\xa7\xb5%\x1a\x8d\xe2\xe0\xe0\x00kkk\
f\xfe\xa7\x90'\xd8\xa7\xd6\xa9\xfeh\xae%\xab\xd7\xb1\
\xbae.\x97\xabpw\x91\xef\x91Gr\xdf\xaa\x15\xd6\
\x8f\xaf\xa9Y\x9f\xfc\xa1T*Yl\x0a\x05h \x10\
\xa8(\xcd\x0b<mUty7\xc7@\xc0\xaf\x964\
Z\x96\xe8\xa2+\x95Jf\x95\xe3X4[\x03\x80\x81\
|\xe5\xa1|&\xf7:\xf9\x1fK\x18\xbb\xc5\x838g\
\xbc\x8f\xc1\x7f\x04\xcf\xd4\xf8\xdd\xf2\xe2\x9c/?\xb9\xa3\
\xf3\xa9\xb2\xd3O\xa3\xe7u\xfa\xb7\xab\xcc\xb9 M\xfb\
\xf5\x8d\x01\xd0\x9b\x8f\xfb\xee\xf3\xb4\xe3^\x94\xdf\xbb\xd7\
\xb8/\xa2\x1a\xa9\x12!'\x95\x82\xceO\xe3r\x05;\
\x09H#\xcaU3\x06\x9e\x06\x0c'\xcd\x85\x8eK\xdf\
\xf9\xb8{\xd8\x5c\xed\xb9\xdax\xfd\xc0\x94\x82\x0e?\xb3\
\xbe\xf6\xa7~)\xf7\x9d\xdd\xdcm\xfd\xde\x1d\x1f\xbf\xe7\
zh:\x98\xdf&v\x81\x8b;\xaf\xaa%\xbaf\xf8\
\x86\x86\x06\xc4\xe3q\xf4\xf4\xf4\xa0\xb3\xb3\x13\x9d\x9d\x9d\
\x88\xc7\xe3f\x82& \xa4F\xdd\xd6\xd6f\xd1\xdf:\
\xdf\xb4\x8e\x10\xe9\xb3\x88MKK\x0bJ\xa5\x12VV\
V055\x85\xd1\xd1Q\x8c\x8f\x8f[^7\xcd\xa4\
t\x11\xec\xee\xee\x22\x97\xcb\x99_\x9f\xcc\x89\xfeej\
Q\x9c\x1f\xa5Mj\x8f\x91H\x04\x83\x83\x83V{\x9e\
Z\x06\xf3\x9b\xef\xdd\xbb\x87\x0f?\xfc\x10SSS\xd8\
\xdb\xdb\xc3\xda\xda\x1a\xd6\xd6\xd6,j\xdf\xf3\x0e\xcd\xa0\
\xf9|\x1eKKKx\xf2\xe4\x09\x16\x16\x16\xac:\x1b\
\xe7\xb4X,\x22\x93\xc9\xa0T*!\x9f\xcf\xa3\xad\xad\
\xad\x22\xe8r\x7f\x7f\x1f\xe1p\xd8\x18\x17\x81\x0c\x99\x1e\
\xdf\x99\x96\x95S\xa7NY\xd5@\x9auYM\x8e~\
r\x0a\xc9p8l \xe7\xca\x95+x\xe5\x95W0\
00`s899\x89\xa9\xa9),--\xe1\xd1\
\xa3Gvb!\xfd\xf7\xf5\xf5\xf5\xb8t\xe9\xd2S\xf4\
L\xba\x00\x80d2\x89\xe9\xe9i\xd3\xe4x`\x8b\x1e\
\x08\xd4\xd0\xd0\x80X,f\xf9\xec\xa4\xefp8\x8c\xe6\
\xe6f\xd3\x84kkk\xf1\xde{\xef\xe1\xbf\xfe\xeb\xbf\
\x90L&\xb1\xb6\xb6f\xc1j|\xcf\xda\xdaZ\x9b\x7f\
\xbe\xef\xee\xee.\x16\x17\x17\xed\xfc\x80/\xd2vvv\
,\xa8\xf2\xb3\xcf>\xc3\xfc\xfc<&''\xad\xb0O\
KK\x8b\xa5\x992\xc84\x9f\xcfcaa\xc1\x04}\
\xb9|\x94]A\xa1\xaf\x99J\x00,\x85\x95\xf4\xc6T\
T\xa5Y?_\xb7\xeeyW\xe9ry\x8e\xc6\x0b\xe8\
\xbe\xd3 8~\xee\x0a\xdbjM\xe3\x06\xd4\x8aI\x81\
L\x8b\x9a>\x8bY/\xbc\x9f \x84 \x97\xbcH\xf9\
\x16\xc7\xa2\xeb\xae1\x05@\xe59,n\x06\x0c\xdf\x89\
|\x81@\x91\xef\xab\x19\x00l\xae\x96\xaf\x9f\xbb\x7f\xbb\
V\xea\xe3\x94W\xbf\xbf\xdd\xffO\xcc\x02\xf0k\xeew\
~B\xd6\x15L~\x1a\xfaI\xdf\xb9\xc2\x02\xa8,y\
\xabAb\xae \xd1\xfb\x14q\xb9\xfd\xd3\x7fG\xa4\xa6\
ih*\xf4u\xe2U\xdbW \xa2\xfd\xfa\x09\xea\x93\
\x16\xd7\x9d\x17\xedK\x85p5p\xa6s\xe97NW\
0\xeb\x1cs.\xd9\x8f\xeb\xd2\xe0\xbd\x9c[\xfd\xd1\xe7\
s}\xaa\x81\x1f6\x15\x9a\x14\xc4\xd4\xb2\xea\xeb\xebq\
\xea\xd4)\xf4\xf5\xf5!\x1e\x8f\xa3\xb5\xb5\x15\xa1P\xc8\
\xce6\xa79_+\xd0\xb1\xc2\xd9\xfa\xfa:\xd6\xd6\xd6\
\xd0\xd9\xd9\x89P(d\x019\xdc\x88\x14\xb0{{{\
\xa6\x89\x84B!tvv\xa2\xad\xad\x0d\xe1p\x18g\
\xcf\x9e\xb5\xf3\xdb\xb7\xb6\xb6\xacJ\x1f\x8b\xa7\x14\x0a\x05\
\xec\xec\xecX\x00\x1f76iM\x19\xa8jedX\
\xcc;?}\xfa4z{{\xd1\xd7\xd7\x87P(d\
L}vv\x16\xf7\xef\xdf\xc7\xc4\xc4\x04\xf6\xf6\xf6\x10\
\x0c\x06\x11\x8b\xc5\xd0\xd8\xd8\x88L&c\x87\xde\xec\xef\
\xefcaa\x01\x0f\x1e<\xc0\xfc\xfc\xbc\x09A\xa0\xf2\
P'F\xa6\xe7r9\xabP\xd8\xdd\xddm\xa6\xe2p\
8l\xd5\xfe666077g\xe7\xbbS{\x22\
\x18\xe8\xe9\xe9A\x22\x91@ \x10\xb0\x22D\xf4\x1bk\
Z\xd6\xe5\xcb\x97\xf1\xf2\xcb/\xe3\xf9\xe7\x9f\xc7\xe9\xd3\
\xa71<<l~\xfd\xcd\xcdM<~\xfc\x18?\xfe\
\xf1\x8f\xf1\xd6[o\xa1\xa6\xa6\x06\xe7\xce\x9d\xc3\xa9S\
\xa7\x10\x89D\x10\x0e\x87\xb1\xbc\xbc\x8c\xb6\xb66\xa3\x97\
\xed\xedm\xdc\xbe}\x1b\xe1p\xd8\x0e\xd7\xd9\xdc\xdcD\
2\x99\xc4\xfb\xef\xbf\x8f7\xdf|\xb3\xa2dlkk\
+\x86\x86\x86\xec\x048\xaec0\x18D(\x14\xc2\xc5\
\x8b\x17\xd1\xd4\xd4\x84P(\x84\xcd\xcdMLNN\x22\
\x1e\x8f\xe3\xc6\x8d\x1b\x88D\x22\xf8\xc5/~\x81w\xdf\
}\xd7\xc0\x0a\x19~\xb9\x5c\xae8w`||\x1c\x1d\
\x1d\x1d888\xac\x1a777g)\x85\x9f\xa7\xa5\
R)<|\xf8\xd0\xceB\x98\x9f\x9f\xc7\xc2\xc2\x02\x82\
\xc1 \x86\x86\x86\x8c\xce\xd7\xd7\xd7\x91N\xa7\xad\xee\x01\
\xe9@\xf7 i^\xf7!5o\x9a\xe2\x03\x81\xc0S\
\xe9\xa8*\xe0\xdd\xff\xfd\xb4d\xb7i\xd0\x1d\xfd\xf0\x8d\
\x8d\x8d\x08\x06\x83\xd6\x8f\x9e\x85A\xa5A+2\xaa\x05\
\xc3-\xbd\xcd\xf7S\x1eB\x80\x07\x00\x0b\x0b\x0b\xc6\xcf\
\xb4&\x80j\xfc\x9e\xe7\xd9i\x7f\x9c'\x82\x01\x0d\x22\
T A\x9e\xc45`L\x0f\xe9\x8d\xef\xcd8\x0a\xdd\
\xef\x04%\xc0\x91K\xd6\xad:\x08\x1c\xf1X\xfe\xed*\
\x92\xael\xe5\xef\x93\xf8\xac\xf6\xef'\xff*,\x00\xc7\
i\xfd\xee\x8d\xcf2\x90j\xc4\xe2\x0a(?\xed\xba\x9a\
E@'C\xcdU\x5c0\x0a/\xd7\x5cM\xc2\xd0\xe0\
6\x96[U\xe1@\xa2\xe0\xbd\xae\xd0\xd4q\xfa\x05f\
\xf8Y'\xdc\xf9=nN\xfd\xe6\xd7\x8f\x00\x8e\x9b/\
\xbe?S[\xf4\xd4\xaa\xfa\xfaz\xd3d\xb8\x11\xd9\xe8\
GT\xd3\x9d\xfa\xba8\x87MMMvb\x9b\x22h\
\x9a\xe1\xc9\xe8\xf99\xcd\x91\xdc\x5c\xc0\xa1\x06\xd7\xdc\xdc\
\x8cp8l\xda:\x83h\xc8\xa8hzg\xb9\xcfP\
(T\xf1<2\xb0r\xf9\xf0\x08O^\xcb\x14:=\
\xaaX#\xd9\xa9\x0d0\x9a\x9b&\xf5\xfd\xfd}\x1b\x17\
]\x0ddX\x9c\x07F\x98\x7f\xff\xfb\xdf\xb7|k\x16\
\xd5\x19\x1f\x1f\xc7\xcd\x9b7q\xfb\xf6m\xdc\xbf\x7f\x1f\
\x8b\x8b\x8bF\x87\xbc\xae\xb1\xb1\x11===\xb8r\xe5\
\x8a\x95\xc2\xe5\x09x\x99L\x06\x1f|\xf0\x01>\xfa\xe8\
#<~\xfc\x18kkk\x96b\xd8\xd3\xd3c\x96\x8a\
\xdd\xdd]\xabP\xc8\x1c\xf4\x9d\x9d\x1dd\xb3\xd9\x0a\x8d\
G\xe38\x80C\xd7\x04Ov\xa4_\x9f\xee\x00j\xc4\
}}}hoo\xc7\xe3\xc7\x8f\xcd-\x11\x08\x04p\
\xf6\xecY\x5c\xbbv\x0d\xa9T\x0asss\x18\x1b\x1b\
C*\x952\xed\x93\xc0fdd\x04\xcf=\xf7\x1c\xce\
\x9c9c\xc7\x0fG\xa3Q\xa3\x89\xf1\xf1q\xfc\xe3?\
\xfe#>\xf8\xe0\x03LOO\xa3\xbe\xbe\x1e\xd7\xaf_\
\xc7\xe5\xcb\x97\xf1\xe5/\x7f\xd9NB<w\xee\x9c\xd1\
\xe5\x87\x1f~\x88w\xdey\x07\x17/^\xc4\x97\xbf\xfc\
e\x00\xc0\xea\xea*\x96\x96\x96\xd0\xd6\xd6\x86?\xfa\xa3\
?\x82\xe7yx\xeb\xad\xb7011a\x96\x8a\xf6\xf6\
v\x03\x00L\xd3K\xa5R\xb8s\xe7\x0e~\xfc\xe3\x1f\
#\x16\x8b\xa1\xab\xab\x0b\x17.\x5c\xc0s\xcf=\x87\xd9\
\xd9Y|\xf2\xc9'\xb6\x87N\x9f>m\xa0\x89U\xe7\
T\x99`\x9e\xfd\xfa\xfa\xba\xf1\x10\x0a\xcb\x9e\x9e\x1e\xab\
r\xa8\xd5\x1a\xdd\x96J\xa5\xf0\xf8\xf1cLLL`\
ff\x06KKKv\xc41\xf7)\xd7{uu\xd5\
\x0e\x1db\xd3gjz\x9e\xcb\x1f\x98\xb9R__\x8f\
R\xa9\x84\xcd\xcdM\x03F\xda\x07P\x09\x1c\xa8\x10\xf9\
\x09 \x8d\xbbR\xe0Az\xe7\xfd\xf4\xab\x93\x17P\xc1\
\x22o%]\xf2\x08bZf\xc9\xa7\xf5\xbd\xf8,\xf6\
\xafJ\x08\x01} pX\x13\x81\xcfa\xac\x0b\xd7\x95\
|\x86\x95=\xc9\x13\xd4j\x11\x08\x04\x8c\xb65HX\
\xf9+\xf9\x10\x01\x81\x9b\xd6\xc8\xf7\xd09Q\xe5\xd2\xb5\
x\xb8rCej5\x99\xec\xf7\xb9\x0b\x1e\xb4?W\
NW\xd8\xab\xfc:\xf3\x134'\x01\x04?\xa1\xef\x0e\
\xe8\xa4\x17\xd0\xef\xfc\x04\xad\xf6\xaf\xda\xaa^\xc7k\xfd\
\x043\xafq\xd3\x04\xb9\xb0\x5c8?a\xabc\xa8\xa6\
\xbd+p\xf0\x1b\x97\xdb\x87;'\xda\xb7\x1f!\xe8w\
\xba\x19Hx$\xc2`0hZ\xb3\x96Fe\xf1\x0a\
=\xbcBs}\x95\xd1q\x13P\x1bd}l\x0ah\
\xde\xcf\xc2+4\x97k\xba\x11\xcd\x96D\xe1\xacU\x1f\
\x0c\x06\xed\x98aM\xa1Qs\x1e\x9fC-\x94\xefF\
\xbf\x1e\xb5QFd\xd3\x1c\x08\xc0P\xba\xeb#\xe5\xe7\
d\x84\x81@\xc0\xde\x8b\x9b\x94\xbe;\xce!\xfbd\xbf\
\x1a\xa9\xce\x13\xff\xae\x5c\xb9\x82o|\xe3\x1b\xb8s\xe7\
\x0e>\xfa\xe8#\xdc\xb9s\x07\xf3\xf3\xf3\xd8\xdd\xddE\
cc#\x12\x89\x04z{{+\x04T]]\x1d\xb2\
\xd9,FGGq\xf3\xe6M\xdc\xbd{\xb7\xe2\x1c\xf7\
X,f.\x8f\xba\xba:\xab\xe0WWW\x87\x9e\x9e\
\x1e\xd3\xde\x97\x96\x96\xac\x9e?\xad\x0f\x5cS5\x07\x93\
\xe9\xd2\x14J!\xdf\xd8\xd8\x88\xae\xae.\x8c\x8c\x8cX\
\xfc\xc3\xdc\xdc\x1c\x9a\x9a\x9a\xec\xa8\xdcD\x22\x81\xb1\xb1\
1,,,`uu\xd5\xac7\xdd\xdd\xdd\xe8\xef\xef\
\xc7\x8b/\xbe\x88\x97_~\x19\xe7\xce\x9dCcc\xa3\
\x81\x88\x5c.\x87'O\x9e\xe0\xcd7\xdf\xc4\xc7\x1f\x7f\
\x8cd2\x89P(\x84\xde\xde^\x9c9s\x067n\
\xdcx\xea\x18\xe4\xad\xad-\x8c\x8e\x8e\xe2?\xff\xf3?\
\xf1\x95\xaf|\x05\x17/^D6\x9b\xc5\xfa\xfa:\xc6\
\xc6\xc6PWW\x87D\x22\x81P(\x84\xd7^{\xcd\
\xd6\x8b\x05`\xea\xeb\xeb\xed\xac\x01\x9a\xd6ggg\x91\
L&\xb1\xb4\xb4\x84\xd5\xd5U;\xdc\x86\xf3\xc65a\
\xbc\xc3\xd2\xd2\x12\xe6\xe7\xe7\xed\xd0$5\xe1\x86B\xa1\
\x0a\xebXMM\x8d\x95H^\x5c\x5cD<\x1eG\x22\
\x91\xb0\xfc\xf4\x96\x96\x16\x1c\x1c\x1cX\xd1\xa6|>\x8f\
\xf1\xf1q\x8c\x8f\x8f[\xde}*\x95Bcc#b\
\xb1\x18\x8a\xc5\xc32\xbc+++v\xf2\x9d\x96[V\
\x01\xc3qP\x98)\x1fa\xaa\xaa\x161\xa2\xf9\x9fB\
M\xaf\xe7~\xae\xad\xad5\xdeA+\x81~\xaf|\xd4\
\xb5<r?k\x90\x1f\xbfW?:\xf7$3k8\
\x16\xde\xcfg\xb8\x01\xc7\xc0\x91I\x9d\x9f\xb3\xb0\x10+\
2j\xda\xa4\xf2P\xae!?\xd7l\x01\xf6\xad\xcf\xd6\
\xf1\xf3\xb9z\x8f\xd6\x1b\xe0s\xd45H\x19\xa3\xa9\xe9\
:?\xd5\xda\xb3h\xf6\xfa~zO5\xc5\xda\xed\xbf\
\xd6\x9d\x1c\xb7C\xb7S\xd7\x04\xed\x0a\xab\xe3\x04\xa3_\
_~/\xe2j\xb3\xee\xfd\x8a\xfc\xaaY#\xfc\xde\x81\
?D\xa1\xfa=\x17\x91\x8c\xd2O\x80\xeb\x5cU\x13\xfc\
4\x1f\xe9&\xd4\xdf\xd5\xde\xd5\x9d;\xf7\x1d\xdck\xd4\
\x04\xcf\x8af\x8c\x12\xa7\xc0\xd3  u\x03\xd0,\xc6\
\xb9\xe0\xbcp\xd3x\x9eg\xda\x87\xe7y\xe6\x07gj\
\x1a\xcd\xdf4\x8b\xf3]\xc9t\xd9\x8f\x96\x15mhh\
@KK\x8b\x09\xa5\xfa\xfaz\x84B\xa1\x0a\x9f-\xfb\
T_\x1c5V\xfa5\xb9N\x0d\x0d\x0dhll\xb4\
T\x1c\x96\x03\xf5<\xcf*\xb4\xb1,oKK\x8b\xe5\
8\xd3TG\xc1H\xc0\xc010\x9f\x98\xad\xbe\xbe\x1e\
mmm8u\xea\x94\xa5x\xf14\xb4\xf5\xf5u\xb4\
\xb6\xb6\x22\x1e\x8fW\x94b\xbdv\xed\x1a\xae]\xbb\x86\
\x1f\xfc\xe0\x07\x18\x1b\x1b\xc3\xdbo\xbf\x8d7\xdf|\x13\
\xa9T\x0a===8u\xea\x14\xda\xda\xda\x0c\xe4\x14\
\x0a\x05LMM\xd9\x91\xbe\xd4(\xc3\xe1\xb0\xe5\xaa\xf3\
\xc0\x93R\xa9d\xc2\x88\xb5\xfckkk\xd1\xd9\xd9i\
sI&\xc3R\xaekkk\xe6\xf6\xf0<\xaf\x02\x0c\
\xd5\xd7\xd7\x9bK\x83\xfemj\xe3}}}\xf8\xf8\xe3\
\x8f1<<\x8c\x8b\x17/\xa2T*\xe1\xde\xbd{\xf8\
\xf8\xe3\x8f155e\xf5\x04.^\xbc\x88\xeb\xd7\xaf\
\xa3\xa3\xa3\x03\xb1X\x0c\xbd\xbd\xbd\xe6&\xb8\x7f\xff>\
\xdey\xe7\x1d\xa4R)\xfc\xfa\xd7\xbf\xb6\x03u\x06\x07\
\x07q\xf9\xf2e|\xe3\x1b\xdf\xc0k\xaf\xbd\xf6\xd4\xe9\
y\x13\x13\x13\x98\x98\x98\xc0\xc7\x1f\x7fl\x1a}SS\
\x13\x1e<x\x80\xb7\xdf~\x1b\x0b\x0b\x0bx\xf5\xd5W\
\x0d\x90F\xa3Q|\xedk_\xc3\xde\xde\x1e\xde\x7f\xff\
}\xec\xef\xef\xa3\xa5\xa5\x05\xbd\xbd\xbd\xa8\xaf\xaf\xb7\x08\
\xfe\xc5\xc5E,--YQ \xa6\x09\xce\xce\xce\xe2\
\xfa\xf5\xeb&T\x1b\x1b\x1b100\x80\x8e\x8e\x0et\
wwcee\x05\x9b\x9b\x9b\xa6\x8ds\xcf\xd1\xa4\xce\
\xa0\xd4r\xb9\x8cL&c\xb1\x14\xdb\xdb\xdb\xc8\xe5r\
\x98\x9c\x9c4\xeb\xdb\xc1\xc1aF\xc1\xca\xca\x0a\x92\xc9\
\xa4\x09\xe5\xa6\xa6&tttX\x19\xe7\xed\xedmd\
\xb3Y\xab\xeb\xe0*%\xfa\xbf\x9b\x82I\xde\xd5\xdc\xdc\
l\xa0\x9c\xdf\x937\xa8\x05\x95}\x12\xe8\xd6\xd4\xd4\xd8\
\x09\xa7\x0c\xa4#]\xed\xec\xecT\xb8L\xfdx>\x9f\
\xaf.U\x0d\x9eS\xb0A\xe1H\x0b\x1c\xf9\xa7\xe7\x1d\
E\xdf\xab\x1cP\x0b/\xe3\x0a\x18\xc3\x92\xcf\xe7\xed\xb4\
C\xf2qf\xcch\x0c\xc1\xc1\xc1\x81\xad#\x8b\x22\x91\
&\x5c\xbe\xbf\xbf\xbfo\xfc\x90\x96J\x8e\x9d\xef\x04T\
f-\xf0\xd9\xaapp\xcc\xec\xc7\xf3\xbc\x8a`[\x95\
#~\xb2\xc2\xb5\x0a\xb8\xb2\xc8\x95K\xd5d\x94~\xff\
T\x0c\x80+P9\xc9n'\xae&\xea~\xe6\xfe\xef\
\xd7\xaf\xdfK\xea5.\x91\xb8\x93\xe1\xa6\xb9\xb9D\xc8\
\xc9\xd7\xd48\x12\xbb\x12\x91\x82\x03\x00\x15\x0b\xedwz\
\x93\x1f\xeau\xdfQMSn\xff~\xf3\xe0\xf6\xe9\xa2\
i\x12\x11\x85\xbc\xe6\xe9\xd2\xdc\xefy\x95\xf9\xa7$:\
j\xd8d\x14Z\xd8\x86\x80A\x919\xe7\x87\xc2\x9fD\
N\xad\x9dB\x9e\xc2\x9dHV]+:\xd7\x00\xcc\xcc\
\x1d\x0c\x06ms\x94J\x87\xc7\xee2\x9aZ\xf3s\xe9\
K\x0e\x06\x83\x06\xcc(\xa04\x08\x87\x9a8\xd7\xd8\xb5\
:d\xb3Y\x8b\x9e\xce\xe7\xf3\x16-L\xe6R(\x14\
\xecY\xd4\xc6\x01\x18x)\x14\x0af*dP\x185\
pZ\x0c\xdc\xfd\xc1\xd6\xd4\xd4\x84\xabW\xaf\xe2\xea\xd5\
\xab\xf8\xcb\xbf\xfcK\xfc\xfc\xe7?\xc7\xf4\xf44\xfa\xfb\
\xfb100`\xc0\x81\x82ivv\xd6\xca\xba65\
5\x99\x16\xda\xda\xdaj\xf3\xcc\xa0\xbe\xf9\xf9y\xac\xad\
\xad\xe1\xdc\xb9shooGCC\x83\xa5?\x11\x88\
\xd5\xd4\xd4 \x9f\xcf\xdbY\x00\xd9l\x16\xe9t\x1a\x0d\
\x0d\x0d\x16\xfbB\x00\xb8\xbd\xbd\x8d\xf1\xf1qK;\xbb\
x\xf1\x22\xae\x5c\xb9\x82\xaf\x7f\xfd\xeb\xb8p\xe1\x02v\
vv\xf0\xbb\xdf\xfd\x0e\x1f}\xf4\x11\x1e<x\x80`\
0\x88o\x7f\xfb\xdb\xf8\xab\xbf\xfa+|\xf5\xab_E\
\xb1X\xc4\xa3G\x8f\xb0\xb6\xb6\x86O?\xfd\x14?\xfa\
\xd1\x8f\xf0\xe4\xc9\x13,..byy\xd9L\xbbW\
\xaf^\xc5\xcb/\xbf\x8c\x1f\xfc\xe0\x07\x15\x11\xf3tg\
tvvbqq\x11?\xfd\xe9O\xf1\x8b_\xfc\x02\
###x\xf5\xd5Wqpp\x80\x9b7o\xe2\xdd\
w\xdf\xc5\x9d;w077\x87l6\x8bo}\xeb\
[\xe8\xea\xeaB\x22\x91@\x22\x910\xd7\xcd\x83\x07\x0f\
P.\x97\xf1\xf8\xf1c\xdc\xbf\x7f\x1f\x9f|\xf2\x89Y\
\x0f\x0a\x85\x82\xa5~---\xa1\xbf\xbf\x1f===\
V\xc6\xf9\xe1\xc3\x87X__\xaf\xc8\xfbg\xcd\x05\xba\
\x8c\x18S\xa1\xa00\x10\x08\xa0\xb5\xb5\x15\xb1X\xcc\x82\
\x08\x8b\xc5\xa2\x95e.\x97\xcb\xc8\xe5r\xf6\xae\xdc\xb7\
L\xcb\xdc\xd9\xd9\xb1\xefxr\xa4\xeeY\xd5\x18\x15\xd0\
\xeb^\xa3\xf6\xc9\xe0F\x9e\x95@AI\xe0\xea\x16l\
\x8aD\x22\xe8\xef\xefG<\x1e7\xb38\x81\x09\xf7\xdb\
\xde\xde\x9e\x81 Z\x95\xd4R\xe8\x0aO\xe5\x89.X\
\x00\x8ej\x06\xe8\xf5\x04\xe8\x1a\xdb\xc3k4\xa8W\xad\
\x10\xdc\xab\xdc\xc3\x1d\x1d\x1dhmmE6\x9b\xb5}\
\xe3fs\xf8\x9ddJ\x9eG\xe1\xac\xc0\x8aq\x1f\x1c\
\xabZJ\xa9\xd1\xbb\x0a\xa6\x06\x11Ri\xd3\xb8'\xb5\
\xa2\xb8\xf2R\xe3\xbd\xfc\xe4\x9f\xca\x90\xcfc)pA\
\xc2SY\x00\xc7\x09)\xbf\xce\x9e\xe5\xf3j\x80\xe1\xa4\
\xfb\xfc\x84\xba\xdfK\xe8\xbd\xfc\x5c'\xd7\x0d`cq\
\x0a\x12\x06\xef\xe3\x5c\xf0o\x9az4S\xa0\xda{\xf9\
\x11\xbd.^\xb5\xc5\xd2E\xd6\xcf\xd8\x18\xb3@s7\
\x99\xb7\x22jn\xfar\xf9(XEA\x89\xf6M\xc2\
U\x01\xceM\xec\xa2V\x9a\xca\x9a\x9b\x9bM0\xf2Z\
n\x1c5GR\xbb\xa4\xa6\xc31r\x1cZ\xe6\x97}\
\xb9\x9b\x9e\xef\xcawb\xe55\xba\x1fhVf\x8a\x9d\
\x1b\xbf\x11\x08\x04\xac\xe4\xae\x22r\xdd\x9cD\xf4\x04S\
\x04\x11\xac\x8b\xae\x0c\x98\x0cdff\xc6\xcc\xf0\xb4\x1e\
0u\x90&G\x8dE\xa1e\x81\xad\xb7\xb7\x17\xdf\xfd\
\xeew1::j}g\xb3Yd\xb3YLLL\
\xe0\xf6\xed\xdb\x98\x9a\x9a\xc2\xd6\xd6\x96i\xb4\x89D\xc2\
\x02 \x9b\x9a\x9aP(\x14\xb0\xb4\xb4\x84\xc9\xc9I;\
\xa0fww\x17\xdd\xdd\xddhkkCKK\x8b\xb9\
B\xa8iR\xa3e\xb0\x14\xaf\xeb\xee\xee6\xe0\x11\x89\
D\x0c\xe0\x91\xd1\xc7b1;c=\x99L\x22\x9f\xcf\
\xe3\xfa\xf5\xeb\xb8x\xf1\x22&&&\xd0\xd0\xd0\x80\x1b\
7n\xe0\xe2\xc5\x8b\x00`\x82\xec\x83\x0f>\xc0\xed\xdb\
\xb7+4\xed\x9d\x9d\x1dD\x22\x11\x5c\xbcx\x11_\xf9\
\xcaW\xf0\xf5\xaf\x7f\xfd)\xe1\xcft\xc6\x7f\xf8\x87\x7f\
\xc0g\x9f}\x86\xb5\xb55\x8c\x8c\x8c`hh\x08\x00\
0::\x8a[\xb7n\xe1\xee\xdd\xbbXZZB\xb9\
\x5c\xc6\xc2\xc2\x02~\xfb\xdb\xdfZ\xd9\xe0\xce\xceN\xb4\
\xb6\xb6\xda\x98\xa8\x81/,,T\x9c\xddN\xda&\xe3\
N\xa5R\x06\xf8\x99%\xc1\x12\xba\xa49\x0a\x97h4\
j\xb1\x1f\xbb\xbb\xbb\x98\x98\x98@\xb1XDkk+\
\x8a\xc5\x22\xee\xdc\xb9c\x16\x22\x02e\xae\x0b\xcd\xff\xcc\
?\xa7&\xbe\xbd\xbdm\xb5\x18\xd4]\xc3\x145\xdd\xcb\
\x1c\xa7k:\xe6\xff\xa4\xf7\x9a\x9a\x1a\xa3\x05\xcf\xf3\xcc\
rG\xcd\x9fV9\x9e\x1b\x11\x89D\xd0\xda\xda\x8a\x96\
\x96\x16\xc4b1455Ym\x00\xe0\xa84\xb6*\
\x08\xfaL\x0a\xec\x93\x94=W\xa8\x91\x07\x90V\xb9G\
U.Qp\x92\x1f\x11p\xeb\xf38\xb7\x0c\xfc-\x16\
\x8bV,icc\xc3\xc6\xa8V\x0f\xf2(\xce5y\
\xad\xd6\xf9g\xdf\xcaGx\x9d\xc6Pq,\x00\xcc*\
\xa9\xbc_\x01\x0b\x9fO\x1e\xe8'/\xfdx\xb7\xf21\
?\xed\xfe\xa4\xe6\xa7X\x1f\x9b\xb3\xe27\x00\xf7\xfbg\
m\xcfrm5d\xf3,D\xc5\xef\xfc\xb4q%4\
\x0a\x19\x05\x17\x14jj\x8a\xe1w\xae0r\x03E\xfc\
\x10\x1a\x9f\xab\xa8\xaf\xda\x5c\xea\xbd*@\xd8h\xe2\xa4\
`T3\x16\xb5\x0a%Rj\xcaj\xf2S\xe1\xc4|\
vj\x1f\xfa\x0e\xcaT\xd4\x0aB\xd3\x187\xa5\xebc\
\xa4\xd9\x90\xe0D\xd7\xc5\x05C,\xae\xa1\x81\x89\x14\xa6\
\x1a\xa4I\xe6I\x8d^\xd7V\x85\x9bnB]'\xe0\
H\x8b'\xf2\x07Pq~ycc\xa3E\xf1\xb3_\
\xba\x15X\x13\x9c\x02\x8c\xf3\xcd\xfcqVZS\x97\xca\
\xde\xde\x9e\xb9b\xe8\xa3\xe7\xba1\xef\xbf\xb3\xb3\x13\xc0\
Q\xf0\xd7\xd4\xd4\x14\xdey\xe7\x1d\x8c\x8f\x8f\xdbIu\
\x91H\x04===\xe8\xee\xee6\xbf\x7f\xa9TB6\
\x9b\xc5\xdc\xdc\x1c\x96\x96\x96,\xb7?\x9dN#\x99L\
\xa2\xbb\xbb\xdbj\xff\xf3=\xca\xe5r\x85\x9f\x97g\xd6\
?\xf7\xdcs\xb8r\xe5\x0a\xc6\xc6\xc6*\xcc\xad\x5c\x93\
x<\x8e\x17^x\x01\x91H\x04\xd3\xd3\xd3x\xfc\xf8\
1\xdex\xe3\x0d\x5c\xbdz\x15\xc0a\x9ez4\x1a5\
\xb3\xfd\xd8\xd8\x18\x1e=z\x84\xdf\xfd\xeew\xb8u\xeb\
\x96Y2\x086\xc3\xe10z{{q\xf6\xecY\x5c\
\xbf~\x1dg\xcf\x9e\xc5\xe2\xe2\x22\x16\x16\x16\xcc*s\
\xe6\xcc\x19\xd4\xd6\xd6bss\x13333x\xe1\x85\
\x17000\x80\xba\xba:LNNb||\xdcR\
\x1d\xf3\xf9<\x1a\x1b\x1b\xed\xf0\x1fZ0._\xbel\
\xb4\xd8\xd1\xd1a\x19!\x9b\x9b\x9b\xb6F*D\xb8\xcf\
\x8a\xc5\xa2\x81\x9c\xabW\xafbpp\xd0\xe8nbb\
\x02\xcb\xcb\xcbf\x0e\xd7bL\x0c\x18\xed\xeb\xebC$\
\x12\xb1S#\x99\x85\xc0\xfd\xc8\xf3\x08XI\x92i\x96\
\xac\xd3@z-\x97\x8f\x8a\xe3p\xcf\xa8v\xaa\x82O\
\xfd\xf1\xe4\x1d\x8c\xacg\xda#]D\x0c\xf6c\xbd\x00\
\xc6\xde0\xb5S\x03\x04\xeb\xeb\xeb\x0d\xf0\xf3<\x09\x00\
6\xcf\xb4\x5c\xb8\xd6O\x97\xef\xb9\xbc\x99\xdfis-\
\xab\xea.P\xa5\x8dBW\x85\xa9\xf2\x16\xeeg\xba5\
i\x19\xd4FeN\x0f\x02\xa22\xc8y\xe6\xff\xb4\x10\
T\xb3\x8e\xf3o\xe5\xd3j\x9d\xe1u\xae\xcb\x86\xe0\x13\
8\x8aW\xe0x]\x05\xd6\xaf\xf9\xcd\xb7~\xfe,M\
\xaf\xf5<q\x01T{\xb8\xdf\xcbk{\x16\xcd\xfe$\
m]?\xaf\xa6\xf5\xbb\xf7Q \xb9&$\xb7_^\
\xa7Y\x02\x1a(\xa3\xd6\x00E}\x00\x9eb\x8e,\x1c\
\xa1\x813\xeex\x5c\xe4\xa6 \xc0\x0f(\xb0i\xee*\
\x99\x05\x05\xbb\x16\xd6p\x05;\xc7\xefF\xf2\xd2$O\
\xf385<\xe6\x113\xca\xd65\x89)\xb8Q\xc0\xc0\
c7Y\x03\x9ffj\x02\x02\xa6\xfc\xd0e@A\xae\
B\x88cV\xebCCC\x83\x1d\x9d\xeb\xfa49.\
2\x00\x9d\x83`0h>?\xba9\xd4\x9c\xc7{\xb4\
t\xab\xfa\xf8\xf8\xde\xe5r\xd9\xc6\xc9\xe0\xa8\xda\xdaZ\
\xc4b1\xbb\x8eL\x91\x87}\x00\xb0\xef3\x99L\x05\
mr,\x07\x07\x07H\xa7\xd3\xc8\xe5r\xa6aQ\x13\
\x04`&\xeb\xabW\xafbdd\x04?\xfc\xe1\x0f\xf1\
\xd1G\x1f\xa1\xa6\xa6\x06\xbd\xbd\xbd8}\xfa4\xda\xdb\
\xdb\x11\x0c\x06\x91\xcf\xe71??\x8f\xe9\xe9i$\x93\
IKQ,\x97\xcb(\x14\x0a\xd8\xda\xda\xc2\xd2\xd2\x12\
\xee\xdd\xbbg4\x14\x0c\x06M\xdb'=\xf1\x10\xa3\xbe\
\xbe>\x5c\xbf~\xdd4C\x16\xc4ikk\xabXo\
2\xfb+W\xae \x10\x08`ee\x05\xbb\xbb\xbb\x16\
0\x97J\xa50::\x8a\x7f\xfa\xa7\x7f\xc2\xc6\xc6\x06\
\xa2\xd1\xa8\x09\xf8\xf1\xf1q,,,\x00\x00\xa2\xd1\xa8\
\x05+\xc6b1\xe4\xf3y|\xf2\xc9'\xb8{\xf7.\
&''\xf1\xd7\x7f\xfd\xd7\xe8\xe8\xe8\xb0cgO\x9f\
>\x8d\xba\xba:\x0b\x80{\xf4\xe8\x11&&&,\x05\
\x92\xa6h\xee\xe1[\xb7n!\x97\xcb!\x95J\xe1\xf2\
\xe5\xcb\xa6\xc5\xd5\xd6\xd6\xe2\xfc\xf9\xf3&\xf4ggg\
+j\xc6s\xdf\xef\xec\xecXj\xd8\xf6\xf6\xb6\x95o\
.\x16\x8b\x88\xc5b\xc8\xe5r\xe6JR\xe1q\xe5\xca\
\x15\x5c\xb8p\x01\xa7N\x9dBCC\x03VVV*\
J\xc9\xd2\x9a\xc4\x80J>\xa7\xa7\xa7\xc7\xfc\xe8\xd4\xf2\
\x19)\xdf\xd8\xd8h.4\x8dW!\xdf\xd2\x802\x8d\
^'\xf0ommE$\x1213x\xa9T2k\
\xc6\xde\xde\x1e:::p\xfe\xfcy\xf4\xf6\xf6\x02\x80\
\x81\x06\xd2/\xc1\x02\xe9'\x18\x0cZ\xa0l6\x9b\xc5\
\xd6\xd6\x96\x15\xb9\xd2\xb8\x03WH\x93\xf7\xa9\xc0r\x95\
2\x97\xaf\xab\xb2E~\xa8V8W\x00\xb3o*\x0a\
\xad\xad\xadf\xc9S:\x05PQ\xbc\x89sK\xab\x10\
\xe7\x91\xe0\x8d\xfc\x9e\x80\x8e\xbc\x81\xfb\x9b\xbcKy;\
P\x99.I\xbe\xa5\x81\x80\xfc[c!\xd4}\xe0\xce\
\x87\xf2\x14?\xd9QM\xf9t\xfbq\x950\xed\xaf&\
\x10\x08\xdc\x00p\xc3E\x11'!\x91/\xd2\xaa\x81\x89\
\xe3\x00\x82\xdfK\xf3s?\xe1\xefN\xa4\xfe\xcf\x8dB\
\x94\xad\xb9\x9e\xaa\x15\xa8\x99I\x11'\xb5\x5c\xa6\xc9\xb9\
\x0b\xe5\x8e\xc9\x1d7\x9f\x03T\x9e\xd2G\x81\xa8B\xce\
5=\xa9\xa6N\xa2\xe7u\xbcF\xcd\xeb:\x1e\xf5\xb9\
\xab\xd9N\x03\x1dU{ \x01\x93\xf9\xf0y\x9aa\xe0\
Z\x15\x88hI\xe0|\x17\x17D1\xc5\x8e\x1b\x92B\
\x9c'\x98\xa9\xe0imm\xb5\xdc|\xbab\x14Hx\
\x9eg\x16\x00\xa2~V\x03\xa4\x06L\xf3*\x05F8\
\x1cF{{\xbb\x09WZ\x07\xa2\xd1\xa8\xe5\xda\xd3T\
\xaa\x91\xe4\x9d\x9d\x9dhjj2\x9fz>\x9f\x87\xe7\
yH$\x12\xe8\xea\xeaB4\x1aECC\x83\xa5k\
\xad\xaf\xaf[\x10f(\x142\xb3\xaaK\xeb\x0d\x0d\x0d\
8{\xf6,\xbe\xfd\xedo\xe3\xfa\xf5\xeb\xa6\xf5$\x12\
\x09\xcb|X[[\xc3\xcc\xcc\x0cfgg\x91\xcdf\
\x8d\x19*\x8dp\x0d\xe9\xb7e\xf0Y:\x9d\xc6\xea\xea\
*\x96\x97\x97\x91\xcb\xe5p\xf6\xecY\xbc\xf6\xdakh\
ooG(\x14B__\x9f1x\x06C&\x12\x09\
\x0c\x0d\x0d\x99k\x81\xc7\xe3\xa6\xd3i\x03\x0b\xf9|\x1e\
?\xfb\xd9\xcf\xf0\xf7\x7f\xff\xf7\xd8\xda\xdaBKK\x0b\
\xda\xdb\xdbm\xeeo\xdc\xb8\x81k\xd7\xae\x19\xf0\x89F\
\xa3x\xe1\x85\x17p\xe6\xcc\x19,..\xe2\xe6\xcd\x9b\
v\x04\xf0\x97\xbe\xf4%466\x9aU\xa0\xbf\xbf\xdf\
\xfe\x7f\xf4\xe8\x91\xa5\xc7i\x16\x88\xee\xabR\xa9di\
\x81\xac\x94\xc7\xfdD\x8bNcc\xa3Yo\x14\xc03\
^\x84\xf3\x96\xcb\xe5\xb0\xb4\xb4d\xfe\x7f\xd6\x97'-\
q\xdf\x10\x00\xb7\xb5\xb5\xe1\xfc\xf9\xf3\x88\xc7\xe3\x08\x04\
\x02f1*\x95J\x08\x06\x83\x18\x18\x18@8\x1c\x86\
\xe7y\xa6ikZ$\xcf\xb1\xa7\xe0oiiA(\
\x14\xb2=\xd4\xde\xde\xfeT\xad\x09\xd5<u\xfdi9\
c\x7f\xac\xdf\x90\xcdf\x11\x0e\x87q\xe9\xd2%\xab\xb2\
H\xda\xa1 d\x19\xe0\xf5\xf5u$\x93I\x8bu\xa0\
\xeb\x825*VVV*R\xe7\x94'U\x13\xfe\xc7\
i\xa7\xaa\xf4\xf9\xf1k\x9do\xbfg(\x8f&\x0f\xa0\
B\xc2\xdf555\xa6\xb8\xd1\xc5E:\x22\x1fa?\
\xb4\x04P\x0eP\xb8\x93\xdfj\x0c\x99\xf2Q\x8d=R\
0\xc4q\xaa\x5cQ\x8b\xab\xca\x177\x9eC\xe7\xc8\x9d\
/\xf6{\x9cLu\x15Q\xbf>j\xf5C\xbf\x85q\
\xbf\xff<\xe6\x86\x93Z5-\xbf\x9a0\xf7C\x90'\
\x01\x15?\x7f\x91\xbb\x18\xaepVD\xa7\xb1\x04\xbc\x97\
\xd7\x92\x90\x9e%\x18Q\xc7\xa4\x8b\xa6~r\x0aM\x97\
\xc1\x11(\xe8\x01:D\xca\x0a\x06\x14\x8d\xaaV\x1e\x08\
\x1c\xa5\x9ch \x9d\xfa\xe4\x09D\xf8L\x05%j\x1a\
\x07`\xfdr\x1c\x1a\xe1\xca\xf1\x92\x19\x91\xd0\xb9!\x02\
\x81\x80\x15\x06\xa1\x90%\xf3U\xf3?Sx4f\x81\
\x16\x07\x16\x05b\x1f\x1a\xd0\xa4`\x8e?\x1c?\x85?\
K\xbf\x92\xa9\x95J%\xcbH\x00\x80\xb6\xb66\xd3\xac\
=\xcf\xb3\xcc\x04\xfaQ\xf9>|\xbe\x9eU\xa0\x80\x8d\
?,$\x04\xc0\x84\x98\x9e\x81\x00\x1c\x0a\x82\xaf\x7f\xfd\
\xeb\x18\x1a\x1a\xc2\xbb\xef\xbe\x8b\xe9\xe9i\xec\xef\xef#\
\x9b\xcdb~~\x1e\xcb\xcb\xcb\x16\xc9\xef\xd2\xa3_s\
\x83Di\x22~\xf2\xe4\x09>\xf8\xe0\x03KI$\xb3\
[ZZ\xc2\xe8\xe8(\x86\x86\x86\xf0\xc2\x0b/\xa0\xbf\
\xbf\x1f{{{\x18\x1b\x1bC2\x99D4\x1aEg\
g\xa7\xc5.$\x93I\xac\xae\xaeZ\x1a!\xe7-\x91\
H\xe0\xf4\xe9\xd3\xb8t\xe9\x92\xcd\xe1g\x9f}\x86\x8d\
\x8d\x0dLLLX\xd6\xc1\xdc\xdc\x1c2\x99\x8ci}\
\xb4,\xc5\xe3q;\xe2urr\x12+++H\xa7\
\xd3\x15t\xc0\xfdO\xc6\xcb\x00\xd2\xa9\xa9)lll\
`aa\x01g\xce\x9cAgg'\xa2\xd1(ZZ\
Zp\xfe\xfcy,//\xa3\xa5\xa5\x05\xb5\xb5\xb5H\
&\x93\xc8\xe5rVS\x9eZ\xd9\xc6\xc6\x86Y\x07Z\
ZZl\xfdkjjL\x98\x02\xa8(\x0f\xcd\x98\x92\
h4jA\xa3tC466\x9a\x85\x86{\x90\x05\
\x89\x22\x91\x08r\xb9\x9c\xed!\x8d4g\x01\x9dh4\
\x8a\x9d\x9d\x1d\xa4\xd3i\x9c9s\x06\x99L\xc6\x8ej\
.\x16\x8b\xe6\x8e\xf0<\xcf,c---\xc6\x0b\x82\
\xc1 \xce\x9e=\x8b\xe6\xe6f\x0br$(.\x14\x0a\
\xc8f\xb3\xc8d2\xe6\xe6\xda\xdf\xdf7\x00B\x9a!\
(b%J\xf2EW>\xf8\xc9\x05\xf7s?\x97\xa8\
\x1f?\xa7\xd0\xd7k]\xa0\xe1\x0ah\x0a^\x02-j\
\xe1\x04\x01\x8c\x1b\x22\xef\xd3h|\xe5\x9d*\x9c\xe9f\
T\xeb1\xf7\x1c\xf7\x97\x0a|\xcdX\xe0\xbd*{\xf8\
\xa3\xd9W\xca7\xf4o?\xf9\xeb\xce\xedq\xdfW\xeb\
C\xe7\xbeV/\xf4\x13\xb2\xae\xf9@;=n\xa0'\
\x09w?!\xff,\xd7\xbb/\xe6\x0a[\x9dd5\xd7\
\xf0}TP\xe9o\x12\x00\x99\x0a\x17\xcf%@..\
\x99\xb72c6\x0a\x1c\x12\x9e\x22=\xba\x11H\x14\xb4\
*h\x11\x0b}\x8e\x0b:\xd4:\xc0M\xafn\x01\x9d\
\x07\xd6\x01\xa8\xab\xab\xb3\x9co\xfa\xd6\xd5\xb7\xc6\xfe\xc9\
\x00(\xeciz\xab\xa9\xa9\xb1T<2+2G\x15\
2|\x16\x858p\xb8\x91\xd5m@f\xc5J|\x14\
\xea@e\xc9P\xb52\x00\xb0\x02?tCP\xdb\x02\
`\x9aN>\x9f\xb7\xfc\xe6@ PQ\xcb\x9f\xef\xa6\
\x81PL\x0d\xe4\x99\xe7\x91H\x04\xd1h\xd4\x98\x09-\
\x1b\x5c\x1f\x82\x9e\x9d\x9d\x1d\xb3J\xd0$\xca\xf1\xc7\xe3\
q\xeb\xb7\xa6\xe60=\x8c\xc1H\xa43\x06q\xfa\xb5\
\xfe\xfe~\xbc\xf1\xc6\x1bx\xe7\x9dw\xf0\xc9'\x9fX\
\xe0\xdf\xea\xea\xaa\x15\x1cas5\x065K\xba\xcc\xe5\
\xe0\xe0\xf0\xbc\xf7\x9b7o\xe2\xf1\xe3\xc7\xf8\xb7\x7f\xfb\
7\x9c9s\x06\xc1`\x10\xb3\xb3\xb3\x98\x9a\x9a\xb2\x1a\
\xfd\x17.\x5c\x00pXioii\x09\xe3\xe3\xe3\x00\
`\xae\x88\xc9\xc9Id\xb3Y\xe4r9+=\xbc\xbb\
\xbbks\xc4gR`R\xab\x5c^^F\xb1X\xb4\
\xea\x87\xd9l\x16\xdb\xdb\xdb&\x18\x8b\xc5\x22VVV\
p\xff\xfe};\xc6\x971\x02\x9c_\xdd\x1b\x9a\xb5B\
\xedMk\x13\xb4\xb5\xb5!\x99Lbpp\x10\xa7O\
\x9f\xc6\xe0\xe0 \xd6\xd7\xd7\xd1\xd2\xd2b\xdf%\x93I\
\x03e\xd4\xfe\xe8\x8ebp\x1f\xd3]9F\xcf\xf3\xd0\
\xde\xde\x8e\x8e\x8e\x0e\x04\x02\x01\xb3`1\xc3\x84\x02\x86\
\x1a3\x8b\xd2p\x1f\xcc\xcf\xcf\xdb\x9e\xe4\x1c\xb8\xb1;\
\xa4\xdf\xa6\xa6&\x5c\xbat\x09\xa7O\x9f\xc6\xf2\xf22\
\xc6\xc6\xc60>>\x8cN\xcf\x1d\x00\x00 \x00ID\
ATn\xa5\x92Y_\x80\xa0\x99`3\x1e\x8f#\x1a\
\x8dZ\xda\x22]$\xf9|\x1e\x85B\x01kkkH\
\xa5Rv\x941\xd7\x80q*\xb4\x90e\xb3YLN\
N\xe2\xc9\x93'H&\x93\x15\x87\x05\xb9|Oy\x8f\
\xcb\xd7\xfdx\xb4\xf2\xcf\xe3\x84\x19\xafWE\x8b<\x9d\
<\x83\x8a\x0a] \xdc\xab\x1a\xac\xc8>\xc8\xafT\xd0\
\xf3{\x02\x02\xa5\x07\x02!\xa5;\x8e\x99\x00\x92\xb1@\
\x1a\xd8\xac\xfb\x94t\xca\xf7\xd6\x14i\x17\xd8(\xaf\xd0\
9\xd2\xb9\xf5\x93\x9f\xc7\x01\x06?\xf9P.\xfb\xd4\x01\
\xa8\xb6\xb0~H\xe5\xa4\x87\xb9`\xc0]x\xf7\xbbj\
\xa6\x1d\xf73?\xe4\xe9\x12\x91\xa2C\x05\x04\x9cT\xfa\
{I8\xaay\xabY\x99HT\x05/\xff\xa7F\xa2\
\xe8\x91\xcf\x22C\xa2\xd6M0\xc0\xef(\x5c\xe9[\x22\
8\xa0\x16\xec\x0a\x08\x1d\xbb\x9f\xe6G\xa2%\xb0 s\
\xe4\xe6\xe6<Q\xf8)\xc8\xd1\x14>\xe0\xa8T%\xfd\
\xdf\xea\x9a\xe0\xf5\x0c\x92c\xb4qSS\x93\xcd\x1b\xb5\
rn0\xf5\xdb\xd3\xca@\x8d\x98\x1a2\xc1\x852\xf8\
\xe6\xe6f\xf3a\xb7\xb6\xb6\x22\x91H \x12\x89\xa0\x5c\
.\x9b\xc9R\x03\x19\xf9\xfe\xa1P\xc8\xa2\xb2WVV\
0;;\x8b\x89\x89\x09\xcc\xcf\xcf\xdb\x01@\xcc\xc3\xa6\
_\x9b\x8c\x9f\xd9\x01\x1d\x1d\x1d\x18\x1e\x1e\xc6\xf5\xeb\xd7\
q\xfe\xfcyttt\xd89\x03\xda\xf4\xb41\xb5\xe6\
\xb8\x8d)^\x0a\x0c\xb4D*\xe7\x02\x00\xe2\xf18\xbe\
\xff\xfd\xef\xe3\xfc\xf9\xf3\xf8\xd1\x8f~\x84\xbbw\xef\x02\
\x80\xb95\x94F\xab1Rj\xf6\x0al\xcb\xe5\xb2\x1d\
\x90\xb2\xb6\xb6fU\xef\x00X\xc0cMM\x8d\xa5\x0a\
\x8e\x8e\x8e\xe27\xbf\xf9\x0d\xe6\xe6\xe6\x8c\xb9\x91a\xba\
\x81\x96\x85B\x01\x9f~\xfa)\xee\xdf\xbfo\xe6g\x02\
.\xd2'\xcb\xf9\x86B!\xd3Jggg\xb1\xb2\xb2\
\x82b\xb1h\x85\x93&''m\x9c\xa4!\xae\x8f\xfa\
R\x01T\x08\x00\xd2VCC\x83\xa5\xbf\xd1=@\xd7\
\x10+\x07>y\xf2\x04\x13\x13\x13\xb8w\xef\x1e\x16\x16\
\x16\xec(\x5cF\xbe?z\xf4\x08\xf9|\x1e\xc3\xc3\xc3\
\xe8\xef\xef\xc7\xa9S\xa7,8.\x99L\xe2\xca\x95+\
\x18\x19\x19\xb1\xb3\x11B\xa1\x10\x92\xc9\xa4\x09\xff\xbd\xbd\
=s\xa7q\x1fNMM\xa1\xbf\xbf\x1f\xe7\xcf\x9f\xc7\
\xee\xee.\xe6\xe7\xe7Q.\x1f\xd6\x0d \xaf ?h\
hh\xc0\xa5K\x97p\xe1\xc2\x05$\x12\x09\xcb>\x88\
\xc5bH$\x12\xc6+vww\xed<\x8bP(\x84\
\xe6\xe6f\xb3\xecd2\x19\x03g\x1b\x1b\x1b\xd8\xd8\xd8\
\xb0\x0c\x05\xa6Q\xd2\x9cOWD,\x16\xb3\xac\x10\xd6\
 \xe0\xc1Y\xca\xe3\xe8.rc\xc8\xfc\xb4\xcc\xe3\x04\
~5\x05\x8f4\xce\xfd\xa1\x82\x8f\xeb\xed\xba3wv\
v033\x83\x86\x86\x06\x9c9s\x06\x89D\x02;\
;;\xd8\xda\xda2\xb7\x0738x.\x00i^k\
\xc3\x90?\xd2\xed\xe8\xcaG\x05@T\x94\x18SE\x8b\
\xa6\xd2\xad*2*\xd3\xe8b\xd4@\xe6jM\x01\x02\
\x9b+w\xab\xcd\xb7\xfb\x5c\x9d\xf3\xda\xe3:\xfa\xa2\xcd\
\x1d\xe8q}W\xb38\xf8\xdd\xc7\xef\x5c\xf3\xd3\xb3X\
\x15\xb8 \xbc\x8e\x80\x80\x1a\xb4je\x14\xden\xb0\x1f\
\x80\x0a\xed\xd9\x8f\x98u\xc1\x15Q\xea\xf7\xbcW\xfd\xf8\
\xeeu\xaa\x95\xab\xdfHM\xdd\x14\xc0\x9c\x0fj\xdd\xdc\
 \x9c+\x06\x1a\xa9\xb5C\x03nh\xd6\xa2\xe9\x90\x80\
\x80c\xe3sJ\xa5\x921w\xdd\x84D\xcb\xfa\x5c\xdd\
$\xd4f\x22\x91H\x85\x1b\x81Z95\xa7r\xb9l\
\x9a\xe5\xe6\xe6&677-J\x9a\x00\x82\x16\x83B\
\xa1`\xcc\x89\xc1\x84,\x1aD\xad\xadP(`aa\
\x01\xc9d\x12\xe9t\x1a[[[\xb6\x8e\x9c\x03\x0a0\
j\xe6\xe5r\x19\xe9t\x1a\x8b\x8b\x8bx\xf8\xf0!\xde\
\x7f\xff}\xf4\xf5\xf5\xe1\xd4\xa9S8}\xfa\xb4\x95\xb8\
\xed\xee\xee\xb6~4\xf3\xc1m\x9c\x1f\x00f\x09\xd0\xb4\
\xd2R\xe9\xe8\x9cv\xd64'\x0d<\xf7\xdcs\xf8\xdb\
\xbf\xfd[\x0c\x0d\x0d\xe1\x9f\xff\xf9\x9f166f4\
IK\x8bf=\xe8\x1e`S\xa6\xad&N\xfd!\x03\
ZZZ\xc2\xfb\xef\xbfo\xa6\xfal6\x8b\x95\x95\x15\
\x13h\xec\x8ftH@\xa8\xcf!\xb0U7\x10\x05F\
MM\x0d\x16\x17\x17\xf1\xee\xbb\xef\xe2\xfa\xf5\xeb\x96\xe9\
\xb0\xb9\xb9\x89t:\x8d\x89\x89\x09\xcc\xcd\xcdacc\
\xc3\x82\xe2\x5c\x97\x18\xe9\x8b\x00\x83k\xc79(\x95J\
\x15\xe7J\xd4\xd6\xd6\xe2\xce\x9d;\x08\x04\x02\xb8v\xed\
\x1a\xa2\xd1(jjj\xd0\xdf\xdf\x8fX,\x86\xee\xee\
n\x8c\x8e\x8eZ\xad\x02j}|&\xcbMG\x22\x11\
\x9c>}\x1a}}}\x08\x04\x02\x06D\x09\xe2=\xcf\
C8\x1cF4\x1a\xb5\x03|\x96\x96\x96L0\xd0u\
\xc4c\x98\x1b\x1b\x1b\x11\x0a\x85\xd0\xdd\xdd\x8d\xbd\xbd=\
LOO\x9bu\xa2\xb7\xb7\x17\xc3\xc3\xc3\xe8\xec\xec\xb4\
\xe3mgff\xac\x8e\xc3\xd6\xd6\x96\xd1.-Tl\
\x04\xd2j\xdd\x9a\x9f\x9f\xc7\xfc\xfc\xbc\xb9<h\x15\xd8\
\xd9\xd9\xb1\xd4P\x06\x0e\xc6b1\x00\xb0\xd8\x9c\xe9\xe9\
iLLLX\xca\xa9ZSOR\xfc\xfc\x84\x95\xd2\
\xa1\xdf}\xae\xa0\xe3\xfa\xba<^-\x00\xca\x93U\xd1\
\xe2{\x92\xff\x91n4\xdb@\x03B\xd5-\xaacU\
\x8b\x81\xbe?\x05?\xafU\xeb%\xef\xe1{\xe9u~\
\xca\xa9*\x97|w\x95s~\x8a\xb0\xce\x99\xdfw\xd5\
\xbe\xd7\xcf\x9fJ\x03\xf4\x13\xc0\xee\xc3\xdd\x8e\xfd\x9a\xab\
\x91\x1f7@\x9d\x08\xf7{\xbfq\xf9\x99F\xfc@\x8c\
j\xe3ln\xee(\x05\x10\x17\x8f\xfe\x5c-\xf9\xe9\xfa\
\x97\xf9\x19\x990\xfb\xd3\xc0\x11.\xa6\xe6\xcf\xab\x05@\
\xfd[\x0a\x1c\x94\x10\xd4\x9f\xad\x88Rc\x17\x94X\x14\
|p\x8e\x5c\xc2\xd5\x14<\x15D.S\xdf\xde\xde\xb6\
\x8d\xa01\x00\x04\x08\x14\xf8\xa5R\xc9\xa2m\x09\xa8\xb4\
r\x9f\xe6\xe3nmmYz\x98\xe7\x1d\x99\xe3\x1a\x1a\
\x1a\x8c\xb11`\x8d\xe5ciA\xf0\xbc\xc3b\x1c\x14\
\xe2\x04!d\x84\x0a\xba\xa8\x09j@b4\x1aE$\
\x12\xa9`(\x14&\xcc\x10`\xf0\x1c\xdd\x08\xac\xb7?\
33\x83\xfa\xfaz\x5c\xbcx\x11\xdf\xfe\xf6\xb7\xad\xf6\
~kk+Z[[\x8f\x05\x00\x0a\x8a\xa8\xad\x11\xb4\
\xa9\x05J\xe3D\xb4utt\xe0\xcf\xff\xfc\xcf\x91H\
$\xf0\xaf\xff\xfa\xaf\xb8{\xf7.r\xb9\x9c]\xaf\x81\
\xa2n`\xaa\x1f\x18;\x8eI\x97J%\xa4R)\xac\
\xac\xac\x98\x85\x8bM\x99\x88\xf6\xa5}rO\xe8\xbb\x93\
!\xeb\xf9\x0e\x9b\x9b\x9bx\xf4\xe8\x11\xa2\xd1(.\x5c\
\xb8`Q\xe5\x14\x8e43s\xbf\xb8\x02B\xe9\xdf}\
\x17\xd2\x84\x02\x96@ \x80O?\xfd\x14555v\
\xf8Q]]\x1d\xce\x9e=\x8b\xcb\x97/\xe3\xca\x95+\
\x98\x9a\x9aB6\x9bEss3b\xb1\x98\xb9\x95\x22\
\x91\x88\x9d\xd8\x08\x1c\x0a\xc6d2\x89\x85\x85\x05,.\
.b{{\x1b\x93\x93\x93\x18\x1b\x1bCww7\xda\
\xdb\xdb\xad\x8e\xc2\xfc\xfc\xbc\x1d\xb5\xcb{\x99\x96\xc8\x98\
\x13\xfa\xf9YB8\x91H\xe0\xfc\xf9\xf3\xb8z\xf5*\
\xda\xda\xda\xb0\xbb\xbb\x8b\xf1\xf1q\xcc\xcc\xccX\x0a$\
\xb3@X>\xb7X,\x22\x1e\x8f\xe3\xe0\xe0\x0033\
3f\xe5\xdb\xdb\xdb\xb3\xb3\x1bVWW\xcdz\xa7\xee\
C\x1e\x87\x9cH$\xac\xa4\xb4\x16\x0c\x9a\x9a\x9aB.\
\x97\xab\xb0T\xba\x82\xda\x8f\x07\xbb\xb2B\xffV\x1ar\
\x7f\xbb\xf7\xea=\xfa|\xae+\xf9\xb6>w\x7f\x7f\x1f\
\xa9T\xca@\xa0\xf2|\x00\x96\xd1\xc5~\x15\xd4\xba\xcf\
Q^E\x0b\x98Z\xd54\xe0T\xe9Ry3\xafw\
\xb5q\xf7\x9dU\xbe\xf8\xcd\x9d;O\xfc\xcc\x9dGm\
\xae\x82\xea\xb6\x0a\x17\x80\xbb\xd1\xdc\xbf\xdd\x8eOj\xee\
@O\xba\x86\xcf\xf3\xfb\xfe$P\xe0~^\xed\xd9D\
cd0\x14R\xac\xec\xc6|X\xfa\xbdu\x81X.\
\x128\x8a\x0aUaC\x02Q\x86\xeb\x12*\x17\x99\xc2\
\x97\x02K\x91\x1f\x99/\x85\x1d\x11>\x05\xb2\x9a\xe3\xf9\
N4\x81\xb1\x0f\xfa\x02i\x01\xd0\xe2!J\xa8$N\
\xfa1\xa9Y\xe9\xa6\xd1\x0c\x00>\x8f \x80\xe3\xa4i\
\x8d\x0cX-\x05\x1a\x0f\xa1\xf7\xd2\xca\xc2<m\x8d\x11\
\xa0FL\xe4\xac&GVK\xd3*\x86\xb4\x00\xb8\x80\
\x8c\xf3D\xd0E\xed\x901\x00:?\xac\x0b\x00\x1c\xa5\
\x87\xb1(\xd0\xf6\xf66\x96\x96\x96\xf0\xf8\xf1ctv\
v\xa2\xa3\xa3\x03\xe5r\x19\x8b\x8b\x8b\x16y\xadg\x03\
\xb8\x8d\xa6D\x16f!\xdd<Kkmm\xc5\x9f\xfe\
\xe9\x9f\xe2\xc6\x8d\x1b\xf8\xcdo~\x83\x7f\xf9\x97\x7f\xc1\
\x83\x07\x0fP(\x14\x0ct\x91\xd6\xc8\xa8\x94\x99)s\
R:#@ mp\x5c\x04w\xb40h|\x8a\x96\
Q\xd6\x18\x17\x8d_!\x10u\xf7\x1c\xcd\xfa\x85B\x01\
\x99L\x06\x9ewh\x19\xe8\xef\xef\xb7\x14\xc0r\xb9\x5c\
QH\x85 I\xc1\x84\xaby\xe9\xfbh\x80V*\x95\
BKK\x0b\x12\x89\x04\xa6\xa6\xa6\xf0\xc3\x1f\xfe\x10=\
==x\xe5\x95W\xf0\xe2\x8b/bss\x13\xfd\xfd\
\xfd\x18\x18\x18\xc0\xab\xaf\xbe\xfa\xd4\xbcsNT\xc00\
\x86G\xf3\xe1'&&\xf0\xe4\xc9\x13\xfc\xc5_\xfc\x85\
\x1d\xdcDM\x9b5<\x18<\xa7\xee6\xc6\xe4\xc4\xe3\
qs\xd5%\x12\x09\xcbF\x09\x04\x02\x98\x99\x99\xc1\xf4\
\xf44\x96\x96\x96\xccJ\xc1\xf2\xbe\xcc\xe3\xf7<\x0f\xd9\
l\x16###\x08\x04\x02\x18\x1d\x1d5\xd7\x17}\xd4\
\x14\x86\xc0\x91+\xa9\xbd\xbd\x1d\xc3\xc3\xc38}\xfa\xb4\
\xd1.\xe7<\x9dNcnn\xceL\xe4\x5cgZ\xc9\
Hon\xd1\x1e\xe0i\x0b\xad\xa6\xf8\xfa\xb9K\xb5\xe9\
|\xab\xe2\xe2\x82X\xeeo~G% \x9b\xcd\xa2P\
(T\x1c\x0bN\x0b/\xad%TV8v\xf2I\x16\
\x12\xe3\xbb\xa9\xa2\xa8r\xd0\xcf\x15\xa2.Y\xce\xb7\xca\
.\xee\x19\xce\x93\xf2bU0\xd5\x0a\xe0\xa7\xc4\xba\xf3\
\xc7\xfe\xf9\xbb\x9a\x9ct\xafe?\xcf\x5c\x07\x80\xed\xf3\
\x08b\xf7>?-\xc2\x1d\xa0\xbe\xc8q\xc8\xd2\xef\xa5\
\x8e\x1b\x17'X\x19!\x7f\xab9\x98\x8cF\x99*\x00\
\x03\x0c\xf4\xeb\x01G~V^\xa7hP\xfd\xaf\xd4\xbc\
\x81\xa3j{\xc0\x11\x03V\xd3\xac\xfaY=\xcf\xb3h\
cZ+\x94(\xc8\xac\x99\xdb\xacA`\x0c\x88\xe3\x8f\
\x9e\x88\xe5\xb7f\xaa\x11+\x88\xd1\xf5b\xd3\xf7fS\
\x7f`5\xf0\xc5\xbf9\xd7\x9aVIA\xc6y\xe1\xdc\
qMX9\x8dB\x82u\xef\xb5\xea\x1f\xd7\x91s\xcd\
\xf5\x22\x18\xd2\xea\x84d\x06\xe5r\xd9\xaa\x0b\xaaK\x80\
'\xe6\xf1\xb9\xeb\xeb\xeb\xd8\xd9\xd9\xc1\xec\xec,\xe6\xe7\
\xe7-&`\x7f\x7f\x1f\xdb\xdb\xdb\xf8\xf9\xcf\x7f\x8e\xb1\
\xb11\xc4b1\xbc\xf8\xe2\x8b\xb8z\xf5\xaa\x95\x89\xe5\
;\xffO[$\x12\xc1\x9f\xfd\xd9\x9f\xe1O\xfe\xe4O\
\xf0\x93\x9f\xfc\x04\x7f\xf7w\x7f\x87\xf9\xf9y\x00\xb04\
'\xae\x8fjh.ps\xf7\x1e\xd7R\x8b>i\xfc\
\x0b\x99\xa3\x02Z2>\x00\x15\x85\x99(\xa0\x01T\x9c\
D\xa9f\xdcr\xb9lk\x19\x89D\xccB\xc4\xc0R\
\xae7\xfb!\x98$`$\xad\xa9\xc5L\x81x&\x93\
A\xa1P@__\x1fzzz\xb0\xb4\xb4d\xf4\xc1\
2\xbf\xe9t\x1a/\xbe\xf8\x22:::\x10\x89D\xb0\
\xb0\xb0`\xe6w67\xce\x86\xd6\xa0'O\x9e\xc0\xf3\
<\xab\xa4\xc8\x8c\x82\xfb\xf7\xef\xa3\xbe\xbe\x1e\xfd\xfd\xfd\
\xe6:\x08\x04\x0e\x8b\x07\xb1\x8c45TZ\xd8X\xba\
xww\x17kkkv8\xd6\xfa\xfa:FGG\
111\x81d2\x89\x8d\x8d\x0d\xf3\xe93\x93\xa2\xad\
\xad\x0d\xa5R\xc9*6.,, \x97\xcb\xa1\xa6\xa6\
\xc6Nv\xa4\x0b\x8d\xfc\x83\xf3\x1f\x8f\xc7188\x88\
H$b\x16\xcfr\xb9l\x19\x1a\x0c\xf4Tm\x15\xa8\
<\xca\x96k\xceyW\xc1\xa9<M\xf9\x96*-.\
/R\xe1\xe8\xca\x0a\xb7q\x9f\x92\xde\x09\xcc\xf8\x1c=\
\xe5\x92\x99O\xa4\xc9b\xb1h%\x8d\xb9?H[\x0a\
\x86uLJ\x8f|g\xf5\xdbs_)\xffV9\xa6\
{\x8a\xd7q\xdf\xfa\xb9\xe6\xb4\xb9\x00\xc4\x9d\x93\x93\xe4\
\xa0\xfb\x9d>\xe3\xc4\xd3\x00\xab\xb5g\x11\xfa\xd5\x06q\
\x92\xd9\x82\xffW\xf3\xf5W3)\xf1\x1a\x17=\xb9\xfd\
\x92!\x11\xc1\xea\x84p\x01)|5\x95\xcd\x15\x92d\
D\xd5\x02\xbft\xf1\x15\xdd\x11\xe1)\x9aU\x97\x00\xff\
\xa6\xb0R\x97\x027\x14\x0b\xa2\xf0\x08_5\xed\x911\
j-o\x9d?\xf7w\xb5\xcdX\x0d\xa0)\xd8Q\xf0\
s\xdcZ\xf3\xbd\x5c\xb3.7\x0b-\x0f\xc0\x91\xb6L\
w\x85Z\x0d\xb8~\xdc\xf0\xba\x91\xcb\xe5\xb2\x81\x07\xd5\
Dy@\x88V\xe6sS\x80\x18hHm\x81k\xc0\
\xf8\x83\x86\x86\x06\x8bJ\x9f\x9e\x9e\xb63\xdf\xeb\xeb\xeb\
\x91\xcb\xe5\xb0\xbf\xbf\x8ft:\x8d\xf7\xde{\x0fo\xbe\
\xf9&.\x5c\xb8\x80\x8b\x17/\xe2\xcc\x9938\x7f\xfe\
<\xfa\xfa\xfa*|\xb5\xff\x93VWW\x87\xaf}\xed\
k(\x14\x0a\xf8\xf1\x8f\x7f\x8c\xb1\xb11{\xf7\xe3\xb4\
\x01\xdd\x1b\xba\x8ez\xbd\x0aR\xae\x976\x9d_\xf6\xc7\
5$XS\x8d\x90Z\x16-1\x1as\xc2\xba\x01\xbb\
\xbb\xbb\x88\xc7\xe3\xb8|\xf92VVV0??o\
\x80\xc3uu\xb8\xccT\xf7\x97j\xa5L\xef,\x95J\
\xb6\xb6kkk\xa8\xa9\xa9\xc1\xdc\xdc\x1c677-\
\xfdmhh\xc8\xce\xa48s\xe6\x0c\x9a\x9a\x9a\xb0\xb4\
\xb4\x84\xed\xedmso\xed\xec\xecX\x0e|>\x9f\xc7\
\xa9S\xa7,\xf0\xae\xa7\xa7\x07\xc5b\x117o\xde4\
 F\xb3:\xcf\x0c\xe0\xfc\xd2\xb2\xc4y\xdb\xda\xdaB\
cc#Z[[100`\x81\xabkkkX\
]]\xc5\xc2\xc2\x02R\xa9\x94\xf9\xb2\xb9\xe7Y\xe8\xc6\
\xf3<\xc4\xe3q\xb32x\xdeaM|\xc6\x180\xeb\
EO\xf3cm\x8b\x9e\x9e\x1e444X\xd0.\xb3\
5\xe8\xbaP-U\x9b\x1f_\xd6uP3\xb9\xcb\x7f\
\xab\xf1{\xe5;\xae\x06\xec\xd2\xaf+\x08\x15\xd4\xd2\x82\
\xe1y\x9e\x95rf6\x14c\x9c\xf8N\x04$\xfc\xa1\
F\xefy^E\xba\xad*v\x0ant.8^\x05\
\xcdj\xa5\xe2s\xc9\xcf\xfd\xc0\x81_;N\x19>i\
\xbe\xdc\xeb]\xebA\xb9\xec\x14\x02\xd2VM\xc0+C\
w\x05\xc3\xff\xa4\xb9\x88\xc9\xef\x99\xbcN\xffw\xc7\xa0\
\x7f\xab\xd6\xa1\xcfq\xaf\xe3\xe7\xea\xa7\xa1\x96\xe3\x97\x97\
OBQ\x86\xab\xfe}\x15\xdc*\xd0\x01\x98\x10r\xfd\
E\xfaL~\xa7e*\x09LvvvP(\x14P\
(\x14\xb0\xbe\xbenn\x02\x8e\x9fcP\x93\xd3qs\
\xe4\x07\xfa\xdc\xf9v\x85\x89\xa2X\xd7\xb7\xe5\xce\xb1\xdf\
\xdci\xd3`K\x9a\xe3\x15\xd0h\xca\x9e\x9e]\xcex\
\x02M\x8d#3P\xeb\x05\x85\xf8\xce\xce\x8e\xf9\xf7)\
\x84x\xdd\xce\xce\x0e677\x01Tf\x1ep\xd3\x13\
\x880\x00\xb1\xb6\xb6\x16\xfd\xfd\x87\x91\xe1\x00,Zz\
ss\x13\xcb\xcb\xcbV\xb5\xef\xf6\xed\xdb\xf8\xf5\xaf\x7f\
\x8d\xb7\xdez\x0b\xb7o\xdf\xc6\xe6\xe6&\xa2\xd1(Z\
[[\x9f\x9a\xf3\xcf\xdbB\xa1\x10FFF\xec\xa4:\
\xfax\xd9\xdcX\x11\x0as\xcdT\xd0y\xe3=\x04F\
lJ\xffZoB\xafWa\xac\xccP\x03DiI\
\xe1\xdf\x9e\xe7\xe1\xc2\x85\x0b\x18\x1a\x1a2a\xcc\xe8u\
F\xabk`\xa9\xebGU@Mk\x84\xeeE\x16\xdc\
\x89F\xa3\xb6\x17H3\x14\xa2<\x1a\x984\xc4#\x8b\
?\xfb\xec3|\xf6\xd9g\xf8\xf0\xc3\x0f\xf1\xc1\x07\x1f\
\x18\xdd\x95J%$\x93I\x8c\x8d\x8d\xe1\xc1\x83\x07\xc8\
\xe5r&(Y\xe8iyy\x19\xcb\xcb\xcb6\xe7|\
\x07\x1e\xfcDALp\xce\x9f\xc6\xc6Ftww\xa3\
\xa6\xe6\xf0\x00'\xe6\xe7onn\x9a\xc5\x80k\xc6\xb9\
\xe1\xd9\x04\xac<\xc9\xb9c\x8c\x08\xcd\xdb}}}\x18\
\x1a\x1a\xb2\x8c\x85\xfe\xfe~\x13\xfe\x8c?\xd9\xde\xdeF\
2\x99D&\x931\x9f\x7f\xb9\x5cy\xb6\x88\xba\x01\xb9\
/\xc8\x03)\x88\xc8\xdf\x8e\xe3;\xae\xfc`\x9f\xfc\xbb\
\x1a\x8fV`\xef\xa7D\x01\x95\xd6K\xce\xb1Z\x92\xd4\
\x22\xe5\x02fZ\x7f\xb5)`\xe1\xbe\xd0g\xf1s^\
\xa7\xbc\x1e8\xaa4K\xd7\xb1\xee+\x8e\xc3\xb5\x8e\xe9\
\x1c\xf1\xbd\xfdd\xa0\xdf\x5cVk\xee|\xb1\xd5x\x9e\
w\x03\xc0\x0dw\x81\xdcVmQ\x8e\x13\xce~\xd7\xf8\
5.\xfcq\x02\xc3\xfd]\xcdZQ\x0d\x18\xb8\xcf\x01\
\x8e\x88\x188bf\xca\xec\x99WK\xbf\xb1\x9aq\xa9\
5\xeaB\xd2\xb4L\x82 \xf3$\x03\xa2?\x90\x0c\x80\
\x02\x86c#\xfa\xa4\xc9\x8e>m\xe6\x14\xa7R)\xcb\
\xe5%a\xeb\xba(\xb3$\x03v5s2\x11\xd7\x8a\
\xe27\xb7\xca\xd0\xf5{w\x9e\xd5\xc4\x5cm]\xd4\xcd\
\xa29\xb0\x1c\x1f\xe7\x91\xc2X\xcdq\x04=\xf4\xf5q\
\x8e4'Y\x9f\xad\xe0D\x9f\xa1\xf1\x094+s\x1c\
\xdb\xdb\xdb\xc8\xe7\xf3\xc8\xe5rV\xf0\xa4\xad\xad\x0d=\
==hkk3\x1a\xa0+\x81\x81\x8e<\xf6\x95\xe5\
is\xb9\x1c\x0e\x0e\x0e\xd0\xde\xde\x8e\x91\x91\x11\xbc\xfc\
\xf2\xcb\xb8z\xf5*Z[[\x91L&\xed(\xddH\
$\xf2TJ\xe1\xe7m\x04\x22\xcc\xe5\xa7\x89\x188\xf2\
\xebs\xeeu}\x08\xac4\xa6\x84\xe6z\xb5\x8ahJ\
\x93\xd6\xbdP\x90KZ\xe3}\x9a\x15@\x1a\xd5\x18\x0c\
Z\xdcX\xac\x85\xb9\xf4\xf7\xef\xdf\xc7\xe0\xe0 FF\
F\xd0\xde\xden\x9a\xf7\xfe\xfe\xbe\xed;\x02[\xd2:\
3C\xf8\xb9\x96\xe9\xa5\x1fx``\x00\xdd\xdd\xdd\xa8\
\xab\xabC.\x97\xb34PF\x86g\xb3Y<|\xf8\
\x10\x13\x13\x13XXX\xc0\xec\xec,\xc6\xc7\xc7\xed\x9c\
\x84\xee\xeen\x5c\xbdz\x15MMM\x98\x98\x98\xc0\xd2\
\xd2REV\x09S&c\xb1\x18\x02\x81\xc3\x0a\x8e\xc5\
b\x11\xef\xbd\xf7\x1e\x16\x17\x17Q*\x95\xd0\xda\xda\x8a\
p8\x8c\xad\xad-\xab\xc8\xc8\xd3\xe5\x98YCM\x9c\
`cyy\x19\xab\xab\xab\x062\xdcX\x15\xe0\x10\xac\
\xc6\xe3qtuu\xc1\xf3<,--aff\x06\
\xcb\xcb\xcb6\xf7\x0cT\xa5\x86\xcf\x98\x1c\xae\x1div\
~~\x1e\xa9T\x0a\xc9d\x12[[[\x15\x16\x0b\x82\
;\x02gU\x96\x5c\xeb\x1fy\x9bj\xb9\xd5\x9a\x0a.\
W\x01\xf4\x13\xee\xc0Q\xf6\x10\xe9O\xef\xd3\xf5W\x1a\
aQ%=\x8f\x81V(\xa5W\xad\x11\xa2\x0a\x94Z\
\x0396\xce/\xf9\xb7j\xf3\x9e\xe7\x99\x15B\xf99\
\xfbp-\xbaj-\xe0\xbc\x9c\xf47\x9b\xba\xfb\x8e\x9b\
c6w~k<\xcf\xbb\xf1\xff\x81\x00_\xed\xdb\xaf\
C\xedL\x17\xcdO8\x9f\xd4\xdf\x17m~\xc2\xcam\
~\xe6\x12\x1d\xb7\xdb8\x99\x8c\xa0\xe55,p\xa2E\
tt1\x15\x01s,\xae\xa6DAC\x06\xa8u\xf8\
\xf9\x1c\xf6\xa7\xc1L[[[\xc8d2\x16=\xac\x1b\
O\x91\xa9jn\xeak:\xee\xdd\xfd,.\xae\xb9\xc9\
\xaf\x0f\xfd\xce}\x0e\xdf_\x7f8>-\xa0\xe1\xd2\x0d\
\x05\x06\x993\x01\x80\x9e\xd3\xcd\x9c\xdb\xdd\xdd]lo\
oW\x00\x00\xb7\xe9s\xb81Y\x0f\x9f\x01V\x5ck\
\xd6?\xa7\x95\x80L\x91U\xd7x\xde@8\x1c\xb6\x03\
p4{\x84V\x0bV\x0e\xec\xec\xecDoo\xaf\xd5\
R'\x83\xa7\x9bcvv\x16\x9f|\xf2\x09666\
\x90H$\xac\x1e\xc0\x17i\x04\xa2\xbb\xbb\xbbX\x5c\x5c\
\xc4\xfa\xfaz\x856\xa6>y\x02U6\x05\xc0\x0aT\
]k\x8f\x82Y\xb5\xac(\x9d\xb9\xda\x9c\xba\xcc4\x8d\
\x94\xcc;\x10\x08`xx\x18}}}\x00\x80\xe5\xe5\
e\xac\xac\xac\xa0\xb5\xb5\xb5B[\xe6zS(\xe9;\
\xd0\x15T-\xc5\x8a\xd5\xf9(\x00\x99\x0f\xaf\x07\xf0\xf0\
]x\xb8\x12\xe3\x09\xc2\xe10\xfa\xfb\xfbq\xee\xdc9\
\x84B!<~\xfc\x18\x13\x13\x136\xc7\x04\x8d\xe5r\
\xd9\xa2\xf1Y\xb6\xfa\xd4\xa9S\xe8\xe9\xe9\xc1\xde\xde\x1e\
\xc6\xc7\xc7\x91L&\x91\xcdfm\xff\x02G\x95\xebH\
\x1f\xc5b\xd1\x8e \xf6<\xcfJ9\xf3\xf0*\xa5u\
\x0a:\x9d\x7f\x15\xd8\xfb\xfb\xfbX^^\xae8\xb1\x93\
\xda0\x83Z\xc9\x87J\xa5\x92U\x98\xa4eD\xfd\xfc\
\xba\xcf\xb5\xb9{\xd9\xd5\xdc\xf5zW\xa0\xebgJk\
\x0aT\xfd\x84\x9aZ\xb0\xb8n\xae\x09^y\x17- \
\xd4\xc2YL\x8c\x8a\x06\xb5r\xedGi\x9b\xf3\xa3\xd9\
\x13\xfa^\xaa\xb4\x92\xb7\xbb\xc0H\x95\x0f?\x9e\xcck\
\xdd\xf7\xf5{\xffj2\xce\xaf\xdfg\x91\xe3\xe5r\xf9\
\x10\x00\x94\xcb\xe5\x1b\xee\xe4\xb9\x0f\xad\xa6\xfdU\xd3\xb4\
\xdd\xbf\xfd\x06\xe5w\xffq\xda\xa8\xdf3\xaai\xfc~\
\xe3v\x9f\xa9}+\xe3\xd2\x05T\xad\x8f\xe8\xd359\
+#\xe5\xfd\x1a\xa1\xaa&+\x00\x15\xe8U\x05>\x19\
-\x8bC\xf043\x9aDu\xc3\xa8\x96\xa6\xa6$\x12\
\xefI\xebSm\xbe\xfc\xe6\xb8\xda\xfa\x1dGh:>\
\xf5\xb9\xeb\x1c\x01\x95\xd5\xdc4\x10G7\x8e\xe6\xf6\xd2\
\x94L7\x81\x8e\xd3\x1d\x8f\x8eA\x0f\xf4\xd1\xb8\x02\x0a\
\x06=H\xc8\xad\x12H\x93(}\x89\xc1`\xb0\xc2\xec\
G\xb3r]]\x1d\xa2\xd1h\xc59\x03\xf9|\x1e\xab\
\xab\xabvr\x1f\xb5\xb4\x87\x0f\x1f\x9a\x19\xb9\xb3\xb3\xd3\
\xf2\xaf\xbfHc$\xf8\xdc\xdc\x1cR\xa9TE~\xbc\
\xcbh\xfd\x00\xbb25-\x88\xc2\xef\xc8\xec)\xd0]\
\xb0\xaf\xfbI\xd7\xc05q\xaa\x9b\xa0\xb9\xb9\x19\xc3\xc3\
\xc38{\xf6,\xc2\xe10\x96\x97\x97\xf1\xce;\xef\xa0\
\x5c.\xa3\xab\xab\x0b\xe7\xce\x9dC\x7f\x7f\xbf\x01\x9cB\
\xa1`\xa9h\xec_\x03\xca\xf8<\xbe7cFx\x0e\
\x03#\xdf3\x99\x8c\xe5\xb4\xbb\xb4R.\x1f\xbawX\
\x0e\xf9\xc2\x85\x0b\x08\x85BV1/\x99Lbqq\
\xb1\x22\x98\x8e`\x95u\x0bH\xef\x9d\x9d\x9d\xe8\xe9\xe9\
\xb1R\xbe\xe3\xe3\xe3\x16XJ\x139\xadY\x8c\x93\x08\
\x85B\xd6/\xcb\xf5\xb2J\xa1\x96\x1cg#\xff(\x95\
J\x96\xbdD0\xcaT>\xad\xa7\xb1\xbe\xbe\x8el6\
\x8b\xd5\xd5U\x8b\x9b\xd1l\x18\xfd\xdf\xaf\x06\x8a\xeeI\
\xe5\x97\xfcLc\xa1\x8eS\xcct\xad\xfc\xf8\xb1\x9a\xfa\
\x95\xee\xdcR\xe8\x0a\x14\x94\x86ym0\x18D8\x1c\
F(\x14\xaa\x88\xfd\xe1\xb8\xdd{\xd5b\xca\xcf\xd5\xfa\
\xc45S\x9f\xbd\xdeC\x1aWP\xa6n`\xed\xc7\x05\
.n\x9c\xc5\xe7U\x9c\xab\xf1\xf2j\xbc\xdf\xe6\xca\x13\
\x0b\x80\xde\xe0n\xf2j\xdf\xfb\x09\x18~\xef\xe7\xe7>\
\xee%\xfd\x88\xa6\xda\xf3\x94\xd1\x1c'\xe0\xf4G\x05\xa6\
\xdf\xe7\xca\xa44Z\x9c\xe6b7\x9a^\x85=P\x19\
\x1c\xa3\x04\xe9j\xea\xeaG\xa3U\x81\xc2\x9f\x08\xb5P\
( \x9dN\xa3P(T\x08I\xe0is\xba\x9e=\
_\xcd\xef\xafk\xc21\xb9\xcc\xdb\xbd\xd6\xfd\xccE\xec\
~M7\xac\x06\xda\xb9`\x82\x1a\xb9F\x8aSKQ\
\x0d\x96\xe5|\xc94\xc9\xa0T\xeb\xd3\xe7\xbac!3\
\xe0\xd9\xe8\xea\xe3\xd3\xd2\xc0\x8a\xf0\x95!P+b\xcc\
Emm-\xda\xdb\xdb+R\x8e\x5cp\xc2`-\x9a\
V'&&0>>\x8e\xf1\xf1qLMM!\x95\
JY\xf6\xc6\xda\xda\x1a\x02\x81\x00\xba\xbb\xbb-\x05\xf1\
\x8b\xb4\x86\x86\x06\xcbQ\xe7\xc9o4g\x92^\x94\xf1\
\xf0\xfd\xd4\x14\xc9k\xb8\x0f\xb4\xc8\x8c\xeeM\x05\xbc\x0a\
\xd08\x0f\x0a\xd8\x00\xd8\x9a\xaa\xcb%\x1c\x0e\xa3\xab\xab\
\x0b\xbd\xbd\xbd\xa8\xad\xad\xc5\xd4\xd4\x14\xc6\xc7\xc71=\
=\x8d\xe6\xe6f\x0c\x0d\x0d\xe1\xea\xd5\xab\x88F\xa3\xe6\
bQ\x9f\xae\x0a[\xb5.p\xac\xa4\xdf`0\x88\x0b\
\x17.\xa0\xa3\xa3\x03kkk\x16`\xa7\x81x\xc0Q\
|Coo/\xbe\xf3\x9d\xef\xe0\xbb\xdf\xfd.\x86\x87\
\x87\xb1\xbd\xbd\x8d\xfb\xf7\xefc{{\x1b\xad\xad\xad\x96\
\xc6\xa8\xe5\x8bI#\xcb\xcb\xcb\x962\xca\xf2\xd0\xa1P\
\x08\xed\xed\xed\x88\xc7\xe3\xc8\xe7\xf3\x08\x06\x83\x16\x03B\
?\xfe\xf0\xf00B\xa1\x10\xb2\xd9,\xea\xea\xeaLP\
\xd3\xfc\xcfwV\xba\x04\x8e\x8aP\xd1\xf2\x10\x0c\x06\x11\
\x08\x04,3\x86\x16E\xd6X \x10\xcdd2XY\
Y\xb1Hy\xd2\x8f\xe7yV\x94*\x10\x08T\xb8\x19\
u\xbf\xd1R\xe4\x02\x02W\x93\xd6}\xc8\xdf~\xc0\xb1\
\x9a?\x9f\xef\xc8\xf1\xd0E\xa5B\x94\x00\x88\xf7(\xc8\
\xe7ab\x0c\xd6\xd4t?\x828\x02!\xfe\xaf\xae+\
\xd2:\xe7\x82\xb4\xcby\xe5{p\x8e\x14p\xeb{\xaa\
\xd2\xa8|U\xefS R\x8d'\xeb\x5c\xeau~\xbc\
\xcfO\x91v\xaf\xf5<\xef\xc8\x02\xe0>\xe8$\xcd\xdb\
\xed\xdc\xbd\xf7Y\x10\x8c+\x14\xfc\xbe\xf3\xd3\xea\xaa\xfd\
\xed\x8e\xd9\x0f T\xfb\xceE\xa0l\x5c\x1c\xd7\xc4\xa2\
&Pe<\xecK\xfb !U\x03*$2\xfeV\
\xbf\xb7\x12\xa6\x8eA}\xb5l*\xc08f\x1d\x93\x0b\
N\x9ee\x8d\x8e\x9b\x7f\xb7\xf1;\xd7*\xa1`P\xfb\
t\x03\x89\xb4\x840\x01\x91\xd6H \xc3uS\x1a\xab\
\x8d\x85\xcfU\xbf\xbf\xce\x17\x01@5W\x82\x1fm\xf0\
>F\x8d\xb3\xa0\x0b\x99g:\x9d\xb6\xa0<\x96\x1a\xce\
d2\xe6bp\xcd\xd5\x04:\x91H\x04\x89D\xe2\xd8\
Z\x02\xc75\xcf\xf3\x0cp0Z]\x99\x12\xcd\x98\xfa\
^\xee8\xfc\xe8X\xdf]\xe9\x89\xd7V\xa35e\xd0\
\x14\xfe\x1a\x5cXWW\x87\xee\xeen\x0c\x0c\x0c\xa0\xae\
\xae\x0e\xd3\xd3\xd3\x98\x9d\x9d\xb5\xbcs\xba[\x98C\xce\
S\x11\xf5\x84J\x1d\x93K\xd3\xfc\xdd\xd2\xd2b\xa7\xda\
mmm\xd9\xd9\x04Z\xb7]\xe7\xa2\xb9\xb9\xd9\x80I\
]]\x1d\xe6\xe7\xe7\xf1\xf0\xe1C+ Dw\x01\xd7\
Q\xe7\x83sL-\x5c\xcf\xfc\xa0\x96Nw\x8f\xf2\x04\
~\xc6l\x15\xba<\x08&\xfch]\xfd\xdc\x04\xd1\x5c\
/>\xdf\xd5\xe2\xf9\xbe\xea\x86`*.p\x14\xe4\xc6\
}\xe2\xae\xbb*!J\x1f\xaaT\xe9\xdc\x1f'\xc0\x8e\
\x13r\xda\x97\xc6Wi\xcc\x89\x1f\xcd\xf1z6\xc6\xea\
PA\x22\x9d+\xd8W\xcb*y\x8c\xbb\x0f8w:\
\x87\xbag\x5c\xc0\xa2\xd6X\xf7]\x15\x9c\x1e'\x9f\xf4\
>\xf7o\xbf\xb9\xacv\xefq\xd7\x00N\x10\xe0q\x0c\
\xd0\x1d\xc0\xb3h\x82zm5\xc1\xe1\x12\xc1\xe7y\xc9\
j\xf7\xf8\x8d\xdd\x1ds5\xc4\xe4\x9abH$\xae)\
_\xfdD\xec\xcf\x15z\xfa\x9d\xab\xc5\xeb\xe6\xd1\x1f\x22\
vF\x95\xabO\xc9\xdd\x14n\xb1\x09E\xc4~\xc2\xdf\
e\xe6\xd5\xdaI\x1b\xb7Z\xd3\xe7\xa8\xe0W\x8b\x0b\xaf\
sM\xfb\x04=\xdc\x90\xae\x05\x81>6\x0d\xfe\xab\xb6\
\x96l*\xfci\x22\xe5\x9a\xf2y\xd4\x94\xfc\xf2\x93\xd9\
\xf4\xd9\x0c\xc6\xccf\xb3\x08\x04\x02\x88F\xa3hnn\
6P\xb0\xb8\xb8\x88\x89\x89\x09LOO[\x0a\x17M\
\xb9~eFwww\x91N\xa7\x91\xc9d\xec\x84>\
\xe6,\x7f\x9eVWW\x87\x96\x96\x16\xec\xef\xefci\
i\xc9\x8e\x0d&\xbdjP\xa0\x0b\x1cU\xf8k\xe1$\
w\xdf\xb8>M\xd5\xfa\x5cz\xe3g\xea\xf7W\x06^\
,\x16\xd1\xd1\xd1\x81\xc1\xc1A444`nn\x0e\
sss\xd8\xde\xde\xb6*tuuuhooG\
[[\x9b\x9d\x12\x98\xcf\xe7+\x84\xa2k\xc9r\xf7\xbb\
Z\x92x\x00\xcf\xda\xda\x9a\xf9\xd6\x95Q+m\x1c\x1c\
\x1c \x9dN\xe3\xd1\xa3Gx\xf4\xe8\x11\x0a\x85\x02z\
{{-\xab\x80V\x1e\x0a}j\x89\xb4\x141\x9a>\
\x10\x08 \x1e\x8f#\x91H\xa0\xa3\xa3\x03\xf5\xf5\xf5\x16\
3@m\x9d\xee&j\xdf\xa5R\xc9bQ4 V\
\xdfU\xe7\x9esN\x00\xc3\xd3\x0b\x81\xca#\xc2\xd5\xec\
M\xeb\x16i\x07\x00\x82\xc1`\xc5\xf1\xc4\xe4/J\x0f\
~>pu\x09TS\x1c\xd9\xfc\x04Y\xb5k\x94\x07\
\xa8\xe5\xd4Ut\xd8\xf4o\x06\xfe\xb1|8\xf7\xbe\xe7\
y\x15\x99\x18n\x81\x22Z\x97\xdcg(M+}\xa9\
+\xd7\x95s\x0a\x16x\xbd\x0b\xc28&\xbf\xf7\xf0\xe3\
\xb9\xcf\xaa(?k\xab)\x97\xcb7\xbcC+\xc0S\
\x1d\x9f\xc4\xec\x9f\xf5\xbbg\xbd\xb6\x9a\xb0?\x09\x04\x1c\
\x87\xa4\x9e\x050\x1c\xc7@\xb4\x1f\xf5e\xba\x02\xc8\xf3\
<\x0b\xf4R\xe2\xe1}j\x01p\xc1\x82\x22\xe8b\xb1\
\x88\x8d\x8d\x0d\xf3Sr\x1c\xee\xf8\xb9)t\xbc\xca\xbc\
\xdc\xb1\xfb\x096\xb7U\xfb\xfe$\xe1\xef\x874\xdd{\
U\x8bP\xb7\x0a\x80\xa7\x18*\x9965\x14\xf5\xdb\xe9\
\xf1\xbf\xc7=\x8fs\xd4\xd4\xd4d\xcc\x9f\xc2g\x7f\x7f\
\xdf\xaa\x17j0\x98\xd2\x81\xabe\xf0\x87\x11\xc2\xf4M\
\xd3\xdcH-\x95q\x03\x0c\xda\xd4\xcay\x5c\x17e\x98\
\x04\x01\xf4\xd7\xc6b1tvv\x1e[^\xb8Z\x0b\
\x06\x83hkkC\xb9\x5c\xb6\xa03\x17\xd8\xf8\xd1\xb9\
\x0aA\x9a\xd3\x09Zy\xafZ\xba\xdc>\xc8\x04u\x8f\
\xb0\xb9@\x90\xebX,\x16\xd1\xd6\xd6\x86\xa1\xa1!\xb4\
\xb6\xb6\x22\x9dNcff\xc6\xac$kkkH\xa7\
\xd3\xa8\xa9\xa9AOO\x0f._\xbe\x8c\x9a\x9a\x1a\xa4\
R)\xe4r9\xdb\x1b\xea\xbe\xf0\x8bO\xa8\xaf\xafG\
$\x12A(\x14BCC\x83\x01\x80|>_a!\
Q7^>\x9fG2\x99\xc4\xe4\xe4\xa4\x95\xa5\xde\xdc\
\xdc4\x0d\xbe\xb9\xb9\x19555f\xfe\xe7}\xae \
\x08\x06\x83f\xe5hoo\xb7\xfa\x04\x99L\xc64\xd1\
\xcd\xcdM\xac\xaf\xaf[\xb9`\xd2\x09\x03SY=\x91\
q1.\x90W\xc5\x80\xb9\xff4{\x93\x1f\xf1:W\
\xd8\x91\x96\xb9'\x9b\x9a\x9a\xec(`w.\xdd\xf4Z\
\x97~\xf8>\xaeB\xe4\xf2!\xa5+\xb7)\xfd0\xf0\
\x9a\xc1\xd7*h]\x17\x84j\xd5\x81@\x00\x8d\x8d\x8d\
v\x0c4\xdf\xc9\xad\x8d\xa2\xd1\xf8\xbc\x8f4N\xb0\xc5\
\xefU\xf1s\xd7\xdaU\xb8\x08\x98\xdc\xb5R\xb0\xe67\
f\xfd\x5c\xe7C\x7fW\xfb\xfc$\xbe^m\xae\x01\xa0\
\x06\x87\xda\xff\x8d\xe3\x1e\xf0y\x9b\x8bF\xaa\x81\x09\xbf\
\x17{V\xf0P\xed\xdej`\xc0\xfd\xfe\xb8\xe7\xea\x06\
SB&rv\x83\xd4\x94\xd0U\x08\xbb\x04\xaa\xfd\xb9\
.\x02e\x8e\xd4r\xd5<\xe5\xf7~jiP\x01\xef\
\x82\x0b\xdd\xa8Z\xf1\xb0\xda\x5cTc\xf4\xd5\xe6\x90c\
\xd0{\xf9<^\xcfg\x93\xd1h\x8d\x03F\xdfS\x18\
\xd7\xd6\xd6V\x94\xef$s\xe1\xe6u\xfd\xff~\xebH\
\x01M\x13\xbdZn(\xa8)D\xaam$?+\x0a\
\xff\xa6\x05\x83\xe3\x04\x8e\xcc\x84\xacr\xc7@EwS\
\xbb\xeb\x05\x1c\xfa\xc9y\xb8Qmm\xad\x1d#\xfcy\
[8\x1cF<\x1e\xc7\xe6\xe6&\x16\x17\x17+\x0a\xba\
\xf8\x01dW\x8b\xe6{h\x90\xa31\x0b'\x02\x9b\xf3\
\xec\xd2\xa7\x823\xedGi\x1c8\xf4\xd7\x9e?\x7f\x1e\
\xb1X\x0c\x99L\x06SSSV\xdc\x86&\xff\xad\xad\
-\x0c\x0f\x0f\xe3\xcb_\xfe2:::\xb0\xb7\xb7\x87\
l6k\x85~\xd8\x14\x9c\xbbk\xc5B@mmm\
\xd6\xb7j\xd6t5q\x8c\xc5b\x11\xb9\x5c\x0e\xeb\xeb\
\xebF\x93<\xf69\x9f\xcf\xa3\xa1\xa1\x01\xf1x\x1c\xe1\
p\xb8\xc22H:onnF8\x1cF,\x16C\
<\x1eG0\x18\xc4\xf6\xf6\xb6\xa5\x19.//[\x99\
q\x15 \x9c[\xee[\xee\x7f5K\xf3;];]\
K\xbe/\x03\xe0\x98\xf2\xe7y\x87uE\xb8\x1fh\x16\
\xd7\xe2MZ\x22\x97A\xb3\xd4\xbc\xb5J*\xefU>\
\xc6=\xea\xe7\xf6sy\x96\xba\x08\xf99i\x85\xfb\x96\
~{\xcd\xdb\xe7\x5c\xa8U\xc3\xdd[\xec\x875\x0e\xb4\
\x12(\xf9\x8d\xf2o\xa5e\xf6\xa7\xdf\xebwJk|\
\x9e\xbb\x8f\xa9\x98\xf9i\xf4j%\xd1=\xa3k\xa7M\
\xff\xf7\xb3\xac\xb8\xb2\xeeYe\xa5~v,\x00\xd0\x87\
\xbb\xcc\xe0\xa4\xa6\xd7\x7f\x9e{\xf4o\xbf\xfb\xbe\x88\xa5\
B\x09\xd2\xef^\x97\x19\xfa=KQ\x1fPy\xdc*\
\xaf%8\xf0{\xb6\x0a\x02\x97)j\x0c\x00\x80\x8aH\
w\x9ds?\xdf\x98\x8e\xcd}\xa62`nb=\xf9\
\xb0\x9a`\xaf\xf6\xbf\xdf\xc6\xf6\xfb\xdb}>A\x07\x83\
\xca\xa8\x01hU3\xadT\xc6k\xf5\xe0\x1c\x82\x22-\
\xec\xe1G\x03|>\x85?\xcfJ\xe7\x1a\xd0\xec\xef\xfa\
\xfd\xfd\x90\xf7I\xa6e\x1e;\xcb\x0a\x82d\xa8\xa5R\
\x09\xf9|\xde4p\xd7\x8a\xa0L_iwww\x17\
\xcb\xcb\xcbH\xa7\xd3\x08\x06\x83\xe8\xe8\xe8\xf8B1\x01\
\xc1`\x10\xc5b\xb1\x22'\xdc\x052\xee;\xaapV\
m_\xadX\xa4Q5eR`\xe8\xbc)=*\xfd\
\xb3q\xfeB\xa1\x90\x01\x80B\xa1\x80d2\x89\xe5\xe5\
\xe5\x8a\xe72pnhh\x08\xc3\xc3\xc3H$\x12\xd8\
\xdb\xdbC2\x994_\xbck\xeeVAS,\x16\xd1\
\xd0\xd0\x80\xf6\xf6v\x9c:u\x0a\xe1p\xd8\xac\x00\xb4\
\xd0\xb8V\x0b}\x07=\x8b\xa0P(\xd8}\x14\x8c\x04\
\x91\x0c\xe6\xad\xab\xab3s?5\xf1r\xb9\x8c\xd5\xd5\
U<y\xf2\x04\xb3\xb3\xb3(\x14\x0aF3,q\xac\
\xf5\x0d4\x18X\xa3\xeci9kjj\xaa\x08\xc2\xa4\
p\xd4\xd3\xef(\x8c\xd9'\xdd`<*\x9b@@\xc1\
8\xf7\x16O\x1bT\xda\xd3q\xd1\xcd\xa0\x16HM\xb1\
u\xf9\x06\x9b\xfe\xcd5\xf3<\xcf\x9e\xc5@=Z\xed\
X\xaa\x9bk\xe1fC\xa8 u\x81\x10\xf7?\xfb\xe3\
\xf1\xbf[[[O\xb9S\xd4\xc2E\x1a\xd2\x18\x0f\xd7\
\x1a\xa0\xb1,~\xf2H\x15F\x1d\x13y\x99\xbbG\x5c\
EC\xc7\xa5\xcf\xe1|\xfa\x81\x01\xbf\xf9~\x96Vq\
\x18\x90`\xa4\x16\x02\x00\x00 \x00IDAT\xdb\x89\
\x0e\xcc\xcf\xcc\xe0\x07\x08\xaa}\xf6yZ5\xb4\xe3\x87\
v\x8fk\xee\xbb\xf0\xb7\xab\x91\xbb\x82\xdf}\xb6j/\
\xca\x04I\x94\xdcd\xda\x1fP\x89\x06]\x9f\xa5k\xfe\
\xd7g\xaa\x80Pb\xd2w\xf2<\xef)P\xe2\xae\x9b\
{\x8f\xdf\xf3\x5c\x97\x85\x8b\x8e\xfd6\xb1;g~\xc0\
J\xfbW\xf3,\xef!\xc8\xd1hem\xb4\x18Px\
h\x8a`5\xb4\xcc\xcf\xc9PX\xfcC\x85\x1bk\xb4\
+Ps\xdfWM\xe2\x1c\xaf\xebo$P\xa1\xa9\x92\
@\x83\xc1\x9b\x91H\x04kkk\x15\xe6D?M\xdb\
M\xef\xcc\xe7\xf3\xb8w\xef\x9e\x9d[\xf0\x95\xaf|\xa5\
\xe2L\x81giuuu\x18\x18\x18\xc0\xa5K\x970\
;;k\xf9\xdf\xeeZ\xf9\x81\x01?0\xe9\xee;\xed\
\x87\xdfQ`\xbbLU\xf7\x0e]':\x06\xae=O\
kT\x01^*\x1d\x9e4\xf9\xfb\xdf\xff\x1e\x9d\x9d\x9d\
\xe8\xeb\xeb\xc3\xc0\xc0\x00\xbe\xf3\x9d\xef`ll\x0ck\
kk\xd6?i\x84\xcfu\xe9\x9c\x02\x96\xf1\x04\x0c|\
s\xb52w\xcd=\xcf\xc3\xd6\xd6\x96\x99\xffY\xed\x91\
1\x0aL\x03V3:\xad0\xf1x\x1c---f\
\xb5\xe0\x99\x01\x91H\xc4r\xfe\x99R\xaa\xb10*P\
y\x8a\xe2\xc1\xc1\x81\x81\xf7r\xb9\xf2dM\xdd\xb7\x04\
E\xf9|\x1e\x91H\xc4\xd2\x0e\x99ES.\x97-&\
\x8250\x18+\xc2\xeb\x0a\x85\x82\xc5\xae\x00G.\x1b\
\x02s>\x8f\x96\x00\x1ez\xc4#\x92Y\xfe\xd8\x05X\
~\xd6\x19*%\x04%\xc0Q}|5\xf5\xbb\x81\x8d\
\xd5\xf86\xfbU\xf7\x1c\xd7_\x7f\x94G\xd3\xba\xe8\xf2\
:\xa5u5\xf7\x13\x80(\xdfdS\xa5B\x814\xdf\
\xc3U:\xfc\x84<\xdfA\xc7\xe0\x8e\xc9\xef\xffj2\
\xb1\x9a\x02_.;\xa5\x80\xfdn\xae\x86\xe6\xf4\xbb\xe3\
\xee\xf9\xbc\xad\x1ab<\xe9\x1e\xbf\x1f\xb7\xb9\xc0\xc2E\
Y~\x9f\xb9BU\xfdF\xca\xe0\xd4G\xa4\x1a\x932\
}5\xbdS\x18kj\x14\x05\x82\x22^e\xb0\xee\xbb\
\xaa\xf0\xf7{\x07uG\xa8v\xa1\x8cQM\xf3\xdc\xe0\
\x14\xd8~&<\xf7G\x03\x18y\x1f\xff\xd6\xc2Ij\
\x1a$ b\xfe\xbd\xce\x1b\xcdw\xa1P\xc8L\xe0\xb4\
\x14h}\xeejt\xa0\x9a\x92Z:\x98vG\x9f*\
\xd7M\xd1\xbcK\x1b~\x9b\x90\xef@m\x88\x1a\x15\xcd\
\xad\x9cs2W2\xb3j\xfe?\xf7Y\xc0\xa1P\xcc\
f\xb3\xc8f\xb3\xa8\xa9\xa9A\x22\x910\xe6\xf8\xac\xad\
\xa6\xa6\x06[[[X\x5c\x5c\xb4\x9a\xf7J\x1b\xae\xe6\
\xaf\x9aI pt,\xb6\x1f}\xbb{FA\x82\xa6\
\xa8\xf1yn\x11(\xceass3\x06\x06\x06p\xfa\
\xf4i\x94J%<y\xf2\x04\xf3\xf3\xf3\xb6\x8e\x5c\x1f\
\x06\xd7\x0d\x0c\x0c```\x00\xb1X\x0c\xa9T\x0a\x0f\
\x1e<\xb0\xe2K\xee\xfe\x00\x8e\x5c\x0d\x9e\xe7\xa1\xb5\xb5\
\xd5\x8a.\x1d\x1c\x1cX=\x00e\xfc\x0a\x94\xf9\x0e\xb4\
p\x94J%\x13~\x14\x18\x14p\xb4L\x01\x87\xe0\xab\
\xad\xad\x0d\x9d\x9d\x9d\x88F\xa3hhh\xb0Z\x10\xab\
\xab\xab\x15\xe5\xac\x09\x88h\x19\xe3\x9a\xd1\x1a\xa64J\
\xc1ESv \x100k\x00\x83\xdd\xd4]\xc61\xb1\
\x06\x00i\x9e\xfb\xc1\xcd8\x02P\xc1\x8b\xa8m3@\
\x91\x96\x10\xae1\xc7FK\x1d\xb5\xf6D\x22\x81\xae\xae\
.\x9b+\xcf\xf3L\x03\xa7\xb0\xa7\xe5\xa3\xa1\xa1\xc1*\
b\xd2\xdc\xaf\xf4ypp`\xe9\xac\xee\x81gJ\xcb\
~\xfcI\xe7\x87<\x88\xd7\x11\x0c\x92.\xb9\x16\x0a\x0a\
H\xd3\xca\x0b\xf5\x19n@\xad\x1f\xdf\xf0\xe3\xcd~B\
XAr5\x99\xa4\xbf\xf5\xf3j2Y?\xf7\xb3p\
\xb1\x9dx\x1a`\xb5\x81Wk_D\xe8\xbb\xcf\xa9\xf6\
\xccj\xa6\x8fj\x9f\xeb\xf7\xae\x96\xed\xa2/?A\xa7\
\xf7WCm\xdc0j\x96\xa2P\x05*M\xa8ln\
\xfc\x00PY\xdb\x5c\x7f\xdc\xe7\xe8\x06P\xe2\xe1g\xec\
\xd3\x0d<\xd3\xdf\x0a>\xfc\x9eE\x01\xad\x95\xe1\xf4\x1d\
\xfd\xb4H\xfd[\x19\x97\x02\x1eE\xc3\xae)\x8f\xf7\x93\
1h\xbe~\xb9\x5c\xae@\xce\xda\x5cA\xca\xb9Wf\
E&\xe7V9S\x10\xe3fNT{?\x9d\x1fj\
J\x04+\xec\x9b\xa9ddX\xa9T\xaa\x02\x88\xf95\
\x0d\x1e\xf3<\x0f\xeb\xeb\xeb\xb8{\xf7\xaei^\xaf\xbf\
\xfe:\xa2\xd1\xa8\xef\xbd~-\x18\x0c\xa2\xaf\xaf\x0fg\
\xcf\x9e\xb5cd\xb5\x02\x9c\xab\xddp\x5cj\xd6U\xa0\
PM[Q\xfa\xe5\x5c\xea=\xa5R\xa9\x82\x01k\x00\
\x18\xcb\xd3\xd2\x1fO3\xb0\x1e-\xcdg.--\xe1\
\xee\xdd\xbb\xb8q\xe3\x06\x02\x81\x00\xfa\xfa\xfa\x10\x0e\x87\
\xed\x0c\x04^\xcf\xb1k\xb9\xd7B\xa1\x80|>\x8ft\
:m\xc7\xe8\xb6\xb7\xb7crr\xd2\xd29]zP\
\xb0\xca\xb1\xf2\x04?-\x8b\xac5A<\xcf3\xd0I\
\xf7\x13\x85)\xab\xedy\xdea\x9a\xde\xca\xca\x8aU\x93\
\xf4<\xcf\x0aGi\xbd\x03\x1e\xfb\xcb\x1a\x0f\xf9|\xde\
\xcaT\x03\xa8\x10\xbeZJ\x98\xd9\x03\xcc$(\x95J\
V\x12W\x8f\xdb\x06PQiS\xe7\x8f\xfb\x90 A\
\xb3o\xf8=\xdf\x95 \x9a\xef\xdd\xd4\xd4d\xd6=\x8d\
\xaf\xe0\xfb\x93\xde\x03\x81\x80\x99\xfa\x81#K\x03+}\
r\xce]\x01\xed\x07\x9c]\xfe\xae\x16C\xf6K\x1eT\
[[k\xe9\xa6\xba\xee\xa4[M=\xe6XI\xebZ\
\xedO\xc1\xb1\x82|7\xbe\x80\xf7\xfa\xed\xffjB\xdc\
OYu\xc1\x81+\x87\xfc\xf8\xe3q\xcd\xf3\xbcJ\x17\
@5\xcd\xf7Y\xdaIB\xf8\x8b\xb6\xcf\xfb|6w\
\xfc~\x00\xc6o\xccJ\x10\xbcF\xefUaH$I\
\xb3\x9a\x06H\xd1\x07\xa7\xcf\xd7\x0am\xdc\x10D\xe5J\
t\xaa\x01\xb8\xef\xe3gJVd\xaf\x8c\x9d\x9bW\x05\
\xba\x96\xd5\xa5\xd6\xa1\xc2Z5\x04\x9a\x0d\xd5\x07\xef\x9a\
\xc6\x8f\x9bc\x054J\xc0\x0a\x00\xf8..\xdaV-\
D\xafu\xd7\xcdo\xdd\xf5\x99\xcc\x1c\xa06\xae\xb9\xd1\
|7\xbf5gs\xd13\xc7J\x7fb6\x9b5\x0d\
,\x10\x08T\xf8U\x95\xc9\xd2\x04\xaf\xf3\xe4j\x0a.\
#\xda\xd8\xd8\xc0\xc3\x87\x0f\xed\xdc\x81/}\xe9K\x88\
\xc7\xe3OY-\xfcZ \x10@,\x16\xc3\xd0\xd0\x90\
\x05\x03j\x0e\xbd>\xdbePj\x16w\x81\x89\xabq\
\xb9\x9a\x91\x9b\x16E\xda\xd3}\xc2\xcf777\x91J\
\xa5\x90\xc9d\xd0\xd2\xd2\x82X,\x86P(d5\x0c\
t})4\x93\xc9$\x22\x91\x88\xe5\xcc\xabo\xd6\x05\
\x82\xdc\x87\x9e\xe7\xa1P( \x93\xc9\xa0\xbd\xbd\xdd\x8e\
\x00niiA&\x93\xa9\x00\x85\x0ad\x5c\xda\xd0\x02\
1\xdc3\x048\xaaQ\xf3\xd0\xa9r\xb9l\xe5\x873\
\x99L\xc5\xf1\xb34\xb7\x13\xecpNX\x05\x1482\
\x1b\xb3\xa4\xf1\xe6\xe6&\x16\x16\x16,\x00\x92Y.\x0c\
\x98;88\xac\x5c\xc7H~\xa6L\xd2\xaf\xcf\xd2\xc5\
\xfa\xa3\x80]?\xa7\xb6N\xda#\xa8\xd2\xc0I\xe5\x1f\
\x14\xfc\xe5r\xd9\x0e)\xab\xa99<\x94I\xe7P\xad\
I\x9cg\x02\x8b\x83\x83\x03lnnZ\x0a\xb4f>\
\xe8x\xfdb\x80t\x9f*\xef\xdb\xdd\xdd5\xc0F\x01\
\xce\xa6\x19\x1c\xba/5\xb5S\xf9<-\x12.\xcfQ\
\xb7\x99\x8eW\xbfwy\x08\x9b\x1bT\xeb\xa7\x84\xf8\xdd\
W\xad\xb9<\xf2\xa4\xfbj\x02\x81\xc0\x0dO*\x01\x02\
'\x9b\xf6\xab=\xd4\xef{?\xc1[\xad\xf9\xa1!\xf7\
;W\x1b{\x96\xf1\xb9\xe3|\x96\xe7\xb9\xfd\xf9\x81\x02\
6\xd7\xb4\xae\xc4\xe8\xba\x0c\x94I\xba\x82\x5c\x9fI\xe2\
%\x03cS?\x92+\x08\xfd\x88\xc7e\xe0:&n\
h7\xad\x8ec\xf4\x8b\x04w\x09K\xdf\xcf}6?\
\xd31\xa8`W4\xcdysS\xff(\xbc\xfd\x82\xff\
t\xbe\xd4\xaa\xa1%C\x09\x00\x18l\xe8g*v5\
\x8a\xe3P\xba\xae\x99j\x14,9\xcbX\x00\xe6T\x1f\
\x1c\x1c`mm\x0d\xb9\x5c\xae\xaa\x15\xc3o^\xa9\xb9\
\xec\xee\xee\x22\x97\xcb!\x9b\xcd\xc2\xf3\x0e\x8f~}\xd6\
\xd3\x04\x09&\x19\xf7\x90\xcf\xe7+J(\xf3\x1a\xae\x8b\
\x9av\xb9\xee\x9a:F\xba\xa5\x8b\xa5\xb5\xf5\xff\xb0\xf6\
f\xcd\x8d]\xd7\xf5\xf8\xba\x17 \x88\x81\x98\x08p&\
\x9blu\xb3\xd5\x93\x86\xb6\xd5\x8a\xcb\xff\xb2\xe28\x95\
\xa1\xf2\x92\x97\xe4\xb3\xe5;\xa4*\x95\xd7<\xa4\xec8\
.9\xb2%+\x92Z\xad\x9e\x9bM6\x87&A\x12\
 \x09\x80\x03\x08\xdc\xff\x03\xb0\x0e\x176\x0fH\xca\xf9\
\xdd*\x16I\xe0\xdes\xcf\xb0\xcf\xdek\x8f'\xe7\xe2\
,8\xf7\x1adj3d,\x8d\xb4\xdbm\x14\x8bE\
,..\x22\x9f\xcfcgg\x07KKK888\
8\xb7.\xf1x\xb7\xd6>\xcb\xfa.//\xe3\x9bo\
\xbe\xc1\xe6\xe6f\x9f\x00\xd31(\x00\x88\xc5b\xae,\
,\xd7\x8e\xe5r\x09\xccuN8G\x14\x1e\x96\x86\xed\
\xfakV\x0d\xb3\x04\x86\x86\x86\xb0\xbb\xbb\x8b\xb7o\xdf\
bkk\xcb\x81OfyLNN\xa2\xd3\xe9`z\
z\xda\xb9x\x82 \xe8s\x1b1\xd0\x94\x81w\xd67\
\xaefz\xd6\x11\xe0\xbd\xc0\xf9C\xa1t]\xad\xb0\xb2\
\xfcA5r\x06S\xc6\xe3q\xa7\x99\xd3\x9dAM\x9e\
 \xb8\xd5j9\xc0\xc9\xf6}\xfes*%\xf5z\x1d\
\xb5Z\xcd\x1d\xd6\xe4\xab\xf3`\xe9\xd2\x82P\xfep\x1d\
87\xb4@\xa8\xd5F\xd7\xd8\x06\xfb\xf1Y\xce\x0d\xdb\
\xe1\xbb\xac\xf6O\x1ec\x95\x06\xfd[\xad\x04\x16H+\
\xd8\xb6\xcf\xfa\xe4\xaa\xf2\xa8\xab\xca\xd5AW\x14E\xe8\
K\xc8\x1c$T/C\x1e\x17\xdd\xa3\x03\xbe\xe8\xb9\x1f\
#\xd0u\xf1/z\xde\xd7\x0e'\xdd\x0aP\xed\xeb \
\xb0\xe1\xf3\xf5\xa8\xb6\xa9A\x1f\xba\xc0\xdclJ\x88\xda\
\x17\xdb\xa6\xfa\xd1\xe9\xa3\x02\x06\xfb\x94\x94!\xe9\x9cX\
\xcdM/+x\xb9\x194\xea\xd9\xce\xa9\xf5\x85\xb1\x0d\
M\xcdQ\x0d\x93\xf3\xac\xda\x19\xfb\xc5\xdf>\xe1\xaf\xd1\
\xf4\xbe\xb4\x1d\x9f\x80\xa6\xc5\x82\x02\x88L\xb9\xd3\xe9\xb8\
X\x03\x1by\xef\x9b'\xdf\xa5\xdf\xeb\xb3\x0a.lQ\
\x18\x22\xfbT*\x85B\xa1\x80t:\xed|\xad\xda\xa6\
2\x13\x9d\x13\x0a\xef(\x8a\xb0\xb3\xb3\x83\xaf\xbf\xfe\x1a\
Q\x14!\x9b\xcd:3\xf6eW:\x9d\xc6\xec\xec,\
\xf6\xf7\xf7\x9dY\xf5\xe4\xe4\xc4\x05'j_t-t\
\x9et\xbdc\xb1\x182\x99\x0c\xc6\xc6\xc6\xf0\xe0\xc1\x03\
\xdc\xbbw\x0f\x00\x5c\xe1#j\x98Z&\x97\xberF\
_\xeb\x9aQ\x10\xf1{\x02)\xab\xe5\xb1/\xa5R\x09\
\xf9|\x1e\xbb\xbb\xbb\xae\xec\xae\xae\x8b\xc6\xe4(\x9d0\
\x98\x90\xf5\xf0\xe97/\x16\x8b\xc8\xe7\xf3\xd8\xdf\xdf\xf7\
\x0a\x00ug\xe8>T\xfa\xd6\x18\x13Z\x80r\xb9\x9c\
\xa3e\x0aC\x02\x11\x0a\xf4b\xb1\x88L&\xe3\xde\x0d\
\xc0i\xff\xbao\x18T\xc89-\x95J\x88\xa2\xae\xc5\
\x8f\xa9\xac\xaa\xe9\x12\xfc\xb2o<(J\xe7\x82cP\
\xcb\x9c\xd5\xcc9\xef\xadV\xabO\xd3\xa75\x80cc\
\xae~\x14E\x0eh\xb2\xc45\x05\xb0\xbe\x9b\xc2\x94J\
\x00\xffV\xf7\x9c\xce1\xfb\x01\xf4\xc7\x9a\xa8\xa0T7\
\x04\xd7\x8f\xb4\xc7\xb5\xe3\xf3\x96\x07p\xcf*hT\x85\
\x8d\x7fk\xa6\x8b\x82\x1a\xab\x18X\xc0\xab\xb4n\x9f\xd5\
\xf5\xd0\xef\xd9\x8f\xab^>\xe5\xccw\x8fO\x01\x8e_\
\xe4\x97\xb4/\x18t]$\xfc\xaf\xf2\xdc\xa0\x01\x0c\x02\
\x0d\x83\xda\xfa1\x0c\xdc.\x9c\xbd\xff2?\xb720\
\x9a\x92\x14}\xf2y\xd5\x1c\xb4\x1a\xa0\x15\xda@\xbf\x1f\
\x95\x02M}\x99j\xfa\xb5Z\xb7]`\xdd(Jp\
\x83\xe6\x89H\xd7\x9a\xa2\xd8\x1fn~[\x9e\x97\xcfr\
s+r\x1f\x04\x5c\xb4o\xba9l\xcd~\x0a\x0d\xeb\
\xb7\xf6\x01\x00\x02\x08\x063r\xae\xf5xO\xdfZ\xeb\
X}\xe8\x9b\x7f[\xd7\x07\x01\x00?\xd7\x18\x0724\
>\xa7\xb4\xa0\xc0\xeb\x22P\xa4B\x8d\x85\x82\x1e?~\
\x8cB\xa1\x80\xe1\xe1a|\xf2\xc9'\x97\x1e \x14\x8f\
\xc7\x91\xcb\xe5077\xe7\x8e;\xa6\x15\x80\xd1\xe2v\
o\xa8\xe6\xac@&\x16\xeb\x9ei\x7f\xf3\xe6M\xfc\xea\
W\xbf\xc2_\xfe\xe5_\xe2\xc6\x8d\x1b\xe8t:XZ\
Z\xc2\xe7\x9f\x7f\x8e7o\xde8:`\xb4z\xa3\xd1\
\xc0\xf2\xf22\xb6\xb6\xb6\xdc\x19\x08\xca\xd0\x1b\x8d\x06\xea\
\xf5\xba;91\x97\xcb\xb9yS\xfaRkU\xadV\
\xc3\xca\xca\x0a\x0e\x0e\x0e\x1c\xfd(#W\x9ac\xff\x99\
\xdb\xbf\xbd\xbd\x8dl6\xeb\xd2\xe2\x8a\xc5\x22\xb6\xb6\xb6\
P\xaf\xd7\xfb\xe6\x8ekF_\xb1j{J\x13l?\
\x8a\xbaf\xf3\xa9\xa9)LNNbrr\xd2\xa5\x9e\
\xd1\xedF\xe01;;\x8b\xa9\xa9)\x97U\xb0\xbb\xbb\
\x8bx<\x8eL&\xe3*W\x02g\xe7\xd7k\xf1\xa9\
\x91\x91\x117^\xa57\xd2\x0d\xcb\x07\x87\xe1Y\x10\x1c\
\x80s\xa9\xaf\x83\xb4R;~\x822\x023\x8e\x93@\
\x80\xefe\xcc\x01i\x8b`P5`\xdd3\x044>\
\xa0\xa7{\x80}\xf1i\xdeZ^\x9a\xf7*}\xd1d\
O\xe0M\x17\x85\x02\x1e\xe0|\xea+\xfbB\x9a\xf2\x01\
u^\xd6%\xab\xfcL\xe9Py\x96U\xfa,\xe8\xb1\
\x00\x82\xfd\xd1\xfb-\x0f\xf4)6\xf6{\xdf\x15\xbf\xe8\
K^\xb6\x93Wy\x89\x0fq\x0c\xba\xaez\xdf\xa0\xfb\
u\xc2\xae\x02:\xecX\xec\x22\xf9~[\x22\xf0\xf9\xf9\
\xb5h\x852p\xe0\x0c\xbd\xfa\xb4ue$\x14d\xdc\
\xbc\xea\xe3$1Z7\x80\xf6S\x19\x9f\xbe\xc3\x87\xfe\
T\x8b\xd1\xfb\xad[@\xdfK\x82W0\xc2\xcd\xc8`\
\x1f2l\xad\xec\xa7\x9a\x87\xd5\xd4\xd8\x1eM\xcbd\x80\
\x14&*\x0c\xec\xfa\xab\xf0R\xf3\x7f\x14E}\x877\
\x0d\x12\xbc\xfa\xff\xa0w\xf8\xe8\xc6\x02$f.\xb0\xda\
\x1cO\x07$s$ \xb0\x972+\xa5]u\xbfP\
\x88lmm\xe1\x8f\x7f\xfc\xa33\xeb\x7f\xf6\xd9g\x18\
\x1d\x1d=\xd7\xa6^CCC.\x16\x80\x05\x8a\x18\x18\
F_\xb2\x0f \x13\xdc\x92.\x12\x89\x04\xc6\xc7\xc7\xf1\
\xf0\xe1C\xfc\xf3?\xff3&&&\xdc;>\xf8\xe0\
\x03\xe4\xf3y|\xfd\xf5\xd7N\xdb,\x14\x0a\x88\xc7\xe3\
8<<\xc4\x0f?\xfc\x80\xaf\xbf\xfe\x1a\x87\x87\x87\xa8\
V\xab\x8e\x9e\xc20t\xc5vR\xa9\x14NNN\x5c\
\xee7\xe7\x84t\xd2j\xb5\xf0\xea\xd5+|\xfe\xf9\xe7\
\xc8f\xb3.H\xccw\xaf\xae\x95j\xa0\x07\x07\x07\xa8\
V\xab\xaeB\x5c&\x93A\xa1Pp\x82\x98\xf3\xa01\
\x05\x16\xe8i\xdb\xe4\x03\xb1X\x0c\xa3\xa3\xa3\x98\x98\x98\
\xc0\xcd\x9b71::\x8a\xf1\xf1qW\xe2\x99\xe9|\
\x04\x1e\x0f\x1e<@\xa9T\xc2\xf6\xf66\xa2\xa8[\xb5\
qtt\xd4\xed?u\xa9P\xa8R\xe8\xe6\xf3y\xc4\
b\xb1\xbe(}*\x08\xa4\x13\x15\x92z\xfc\xb5\xcf\xd5\
a\xad\x1a\x1c;\x814\x15\x11*.\x8ce!\xddS\
\xf9\x89\xa2\xc8\xb9\xd9(p5\xf0\xd5\xfe\xe8\x5cs.\
-\x9f\xb5\xcfZ\xe1MK\x1f\xdf\xa3\xca\x16\xd0-\xc8\
\xc5\x00\xdc\x89\x89\x89s\xd5\x22\x19\xcb\x00\x9c\x81(+\
\xe0U\x01b\xdb\xeaR\xd1L-\x0bFT\xd9\xb3\xfb\
]\xdb\xb6|\xd5\xe7n\xd2vm;?F~\xda{\
\xbd5\x19}\x02\xdf\xa7u\xf9\x1a\xbeL\x00\xdb\xe7\xaf\
\x02>\xf4\x1d>!?\xe8\x9d\x83\x04\xf9e\xed\xf1;\
{\xbf\xd5\xbam\xe0\x9cE\x89\xdcLV\x13W\xa1\xab\
fu\xa2Wj\xdbD\xff$x=\xc3\xfa*\xf3\xc5\
\xff\xady\x99\xed\x13\xc5k\xc0\x9f\x0a\x5c\xcb\xf8\xa8\xe1\
s\xe3\xa8\xc5B\xd18\xe7F\x05\xab\x9d\x1b5\xed\x87\
a\xd8\x17pD\xc6\xaa\x9a\xfb @\xc9\xb9\xe4|Q\
k\x8a\xa2\xeeQ\xbc\x9a\xf6\xe7[g\xfd\xccG\xd3\xf6\
\xdd>\x1a\x02\xce\x8e5\xd6\xd4C\x15NW1\xe9\xe9\
<\xf9\xe8\x8f\x85\x82\xbe\xfe\xfak\xc4b1\xe4r9\
|\xfa\xe9\xa7\x17\xa6\x082\xf2;\x93\xc9 \x9b\xcd\xba\
\xd4Jj7\x0c\xb8\xd3\xf1\x93N\x15\xb41\xaf:\x1e\
\x8fcuu\xb5\x0f\x00\x00\xc0\xb5k\xd7044\x84\
\x95\x95\x15W67\x91H\xe0\xda\xb5k\x18\x1d\x1d\xc5\
\xe1\xe1!\xd6\xd7\xd7\x1d\x18\x22s\xe3\xb9\x17\xf413\
\xae\x80\xa7,\xaa0\xa3\xd9{ww\x17+++N\
\xd0\xe8~\xe3~\xd2#{\xf9\xfd\xc1\xc1\x81\xcb\x84\xa0\
\xf9\xda\xa6\x88\xb1=>CZ\xb4n\x05\xae9\x0b\xff\
\xdc\xbbw\x0fw\xee\xdc\xc1\xed\xdb\xb7\xdd\xc9\x80\x1b\x1b\
\x1bN\xe3\x0f\xc3nPf\x18\x86\xf8\xc9O~\x82z\
\xbd\x8eo\xbf\xfd\xd6U\x16l4\x1a\x18\x1e\x1e\xf6\x1e\
u\x1d\x86\xa1+\xed\xab\xe7\xd9\xef\xed\xedaxx\xb8\
/\xc8\x92\xa6j\xba=\x00\xf4\xd5\x02PaCe\x83\
c\xe1\xd8\xb8\x0f\x95.\x19DKz\xe1\xd8\x99a@\
W\xa7\x9e\x9bbiY\xe7U\x05\xbc\xe5\x0dz)\xb8\
\xe7\xda\xf2\xc7\x06\xc3\xb2\x0dk\x09\x0a\x82\xc0\xf1:\xae\
%y\x8f\xf2\x5c-\x0f\xac\xe0Cy\x16\xdf\xe3S\xe6\
T\xb9\xb1t\xa41\x176\xf6\x82\xe3$\xcfU\xc0\xc3\
\xf7\xe9\x18\xed3?\xe6\xb2<.\xae\x1a\xac\xbd\xf1\xc7\
4~\x91\xe0\x1f\x04\x0e\xfe\x9c\xce_$\xb4\x95\x81)\
b\x04\xfa\xd3D\xf8\x99\x06C]t\xa9&\x0d\xf4[\
\x0c\xc8(\xf5}*\xd4u\xac\xd4\xa8\x14E\xaa\x0f\x91\
\xdfkU1\x96\x99U\xff\x9boN\xb4O\xba\xa6\xfa\
\x9cZ'\xec\xdfd\x0e\xdc\xbc|/}\xb9ju\xa0\
\x09OMq\xb6\xc6\x01\xc7\xa6L\x80\xf3\xc0\x0d\xc6\xf6\
\xd4\xe5A\xedG\xab\x03\xfa\x04\x94\xae\xa5\x02\x00\xf5\xfd\
\x13\xb4\xd8u\xf6m\xaeA\xe8\xda>c\xb5d\xce\x0f\
\xa3\xc1\xe9\xbe`\x84\xf7\xe6\xe6\xa6\x03H>\xfa\xbdh\
Op-xO\xa7\xd3q%r\x1f?~\x8c\xf1\xf1\
q\x14\x0a\x05\xdc\xbbw\xcf\xa5R\xd9\x8b\xeb<44\
\xe4j\x16\x10(}\xf5\xd5W\xd8\xd8\xd8p\x81t\x96\
\xa1\x92\x8e\x86\x87\x87Q*\x95\x5c\xf4\xfd\x17_|\x81\
\xdb\xb7o\xbbS\xecxMMM\xb9\x9a\x03\x14\x0c\xd4\
z\xef\xdc\xb9\x83\x17/^\xb8\xa0;\xa5\x0b\x0ak\xc6\
Kd\xb3Y\xec\xef\xef\xf7Y\x94\xb2\xd9\xac\xab\xacG\
\xbf:\x8f\xb2\xa5\x16\xa8\xccX\xe9\x03\x80\x03f\xd4\x9a\
c\xb1\x18\xb2\xd9,\x8a\xc5\x22r\xb9\x1cj\xb5\x9a\xb3\
\xd2(\xa0\xd0\x12\xc1\xba6|O>\x9f\xc7'\x9f|\
\x82\xbf\xfd\xdb\xbf\xc5\xe2\xe2\x22\x92\xc9$\x9e>}\x8a\
\xcd\xcdM,//#\x97\xcb!\x08\x02d\xb3Y,\
,,\xb8\x14\xd7\xb5\xb55\xe7\xfe\xd0\xa2XZ\xa7^\
\xf9\x8e\x82\xf6X,\x86B\xa1\xe0\x0e\x0b\xa3\xa5`t\
t\x14CCC.\xad\x92\x82\x86s\xa3\x07\xfc(\x7f\
\x89\xa2\xc8)\x16\xb4fQ8\xb6\xdbg)\xb4\x1a\xad\
\x1f\x8b\xc5\xce\xd5\xda`\xee?i\xd7\x17\xb7\xa3\xfb_\
i\xcc\xd2\x1d\xd7\xd5*Y\xfc\x5c\xdb\xb1{W\x85:\
\xebq\xd4\xebuWk\x80|I\x85-\xfb\xc89W\
!\xad\xee\x12u%\xda\xe0J\xab\xe9[ d/\x05\
F\xfc\xdf*k\x0a\x06|2\xd9\x8e\xfd29|\x0e\
\x00\x5c%\x06\xe0\xcf\xbd,Z\xf1}w\x95N\xeb\xe5\
\xb3\x1c\xe8\x02\xda\xcf\xed\x8f\x15\x96lK\x05\xc1 +\
\x832p\x15\x84\xf6YmO\x89\xc4\x12\x037)\x09\
\x9a?D\x9aD\xe7\xf4\xa7)\xc2\x1eDP\xb6\xbf4\
\xcd3\x82\x97\x84\xaa\xfez\xf5k\x02g~SM\x85\
\xb2\x11\xbdJ7\xec\x97\xcf\xaa\xa1\xf5\x10\xf8.kv\
\xb4\xda\x175S\x1e\xd9:H \xeb\x8f\xe6%k\x91\
\xa1A>F\xdf\xda\xeb\xff\x83\x04\xb4\x9do\x8e)\x8a\
\x22$\x93I\xe4\xf3y\xc7\xe4\xd97\xeb\x9fV:\x1d\
\xd4\xbej\xe1\xd4v\xd8V\xb3\xd9\xc4\xbbw\xef\xf0\xbf\
\xff\xfb\xbf\x98\x9c\x9c\xc4\xf8\xf88fgg\x07\xf6S\
\xafb\xb1\x88\x9f\xfd\xecg8==E\xa5Rq \
\xc5\xce\x832\xdb\xd1\xd1QLOO\xa3T*9`\
\xf3\xf2\xe5K|\xf4\xd1G\xe7\xda\xdf\xd9\xd9A\xbb\xdd\
v\xc1k\xf4\xb5OLL`bb\xc2\xb9w\xb8.\
\x142a\x18\xba\xe8u\x05<\x00P.\x97\xf1\xe1\x87\
\x1f\xe2\xe1\xc3\x87\x0e\x1c\x90\xb9\xeb\xfc\xf1of(0\
\xea\x9f\xff\xd3*AKH\xb1Xt jww\xd7\
\xed\x0b\xa5sU\x164\xa6\x85f\xff[\xb7n\xe1\xa7\
?\xfd)\xee\xdf\xbf\x8ft:\x8d\xc7\x8f\x1f\xe3\xbb\xef\
\xbe\xc3\xf3\xe7\xcf\x9d\x99\xbeZ\xad:Z\xce\xe5rx\
\xf5\xea\x15\x1e?~\x8cF\xa3\x81Z\xad\xe6\x8e\x19\xe6\
\x0f\xd3\xfbT+\xe5\xbe\xa2\x90\xa0\xf0\xa5\xeb)\x97\xcb\
aff\x06\xa9T\x0aKKK\xce\xf4\xad4\xc3K\
\x03\x8c\x87\x87\x87\x9d;\x88\xf3\xa9\x15\xf7\x18\xf1o\xab\
g\xaa\xf5\x8e\x16A\x9e;\x10\x86\xa1+\xd0d\xe9\xdc\
g\xaa\xd7\xefI\xeb\xb4Nh\xdc\x14\xf7\x85U\xc6\xb8\
O\x14\x8c\xf3^\xc6CP9\x18\x1e\x1eF\x10\x04\xce\
z\xa1\x8a\x0fA\xb0u\x17\xaa\xa6O \xc0\xeft\x1c\
\x16\xb4)\x9fTp\xed\x0bj\xb6\xf1\x07\xbe9\xba\xe8\
\x1a$\x03/\xba\xa2(\xf2\xc7\x00\xfc_\x00\xc1\x8f\xe9\
\xf4U/\x9f\xd0\xb7\xdf\xe9\xf7\x9cp\x1b\xc9\xeeCn\
\xbe\xfe\xab\x89\xde\x82\x06\x9f\x80P\x93\x94>\xa7\x0c\xc4\
j\xdc\x8c*f\x7f\xb4\x00\x8b\xbe\x87i2\xdc\x94J\
\xe0\x83\xe6\x8a\xef\x22\xc1\xa7\xd3i\xe7\x07\xa4p\xe4\xbd\
\x0ad\x94\xd0}m\x92\xc0\xd5<\xa6\x97\xce\x91j\xe6\
\x04\x01\xbaAU\x0b\xd0\x00G2MF8[z\xb2\
s\xaf\xef\xa09\x97\xa7\xfd\xd9\xc8s\x1d\xcf \x1a\xf5\
1%\xbe\xd7\xbe_\xfb\xc0\x1f\x9e\x16\xc7\xf8\x03\x9a\xbc\
\xd5\x95\xa1s?\xa8_\x96\x0e4\x0e$\x8a\x22W\x92\
\xf6\xed\xdb\xb7\xaed\xebU\xafB\xa1\x80[\xb7na\
nn\x0e\x9b\x9b\x9b\xc8\xe5r\xce\xdab\xe7\x8b\xd5\xdd\
&''Q*\x95\x5c\xf1\x99W\xaf^!\x93\xc9`\
ff\x06\xc9d\x12\x8dF\x03\xaf_\xbf\xc6w\xdf}\
\x87\xb1\xb11\xe7\xb7\xeet:\xee46\xba!x\xa8\
\x0e\xdfU\xadV]}|V\x83#\xd3\x1f\x1e\x1e\xc6\
\xbd{\xf7\xf0W\x7f\xf5W\xf8\xeb\xbf\xfek,//\
\xe37\xbf\xf9\x8d;j\x97sE\xba\x1c\x19\x19\xc1{\
\xef\xbd\x87\xc5\xc5E\xdc\xbau\xcb\xf5\x9b\xae\x10\x9a\xb6\
\xa9\x11\xce\xcc\xcc8\x1f\xfa\xbbw\xef\xb0\xbb\xbb\xeb\x0a\
\xfe\x00gV\x18]\xfbx<\x8eb\xb1\x88\xdb\xb7o\
\xe3\xe1\xc3\x87XXX\xc0\xc9\xc9\x09VVV\xf0\xc5\
\x17_\xe0\xcb/\xbft~\xe7\x5c.\x87N\xa7[y\
\xf0\xc5\x8b\x17\x0eH\xef\xef\xef;k\x84\xae1}\xf9\
\x5co\xcea\x14E\xce\xdfN\xad\xfc\xe4\xe4\x04\xc9d\
\x127o\xde\xc4'\x9f|\x82\xe9\xe9i4\x9bMg\
\xbdcf\x05\xe9\xcf\x1e\xa6E`@\xab\x83*\x18\xaa\
\x1c\xa8\xd0V\x1aV\x17\x92\xc6\x0c\x10`\xb0\x1d\xd5\x90\
-\xd0T\x93>y\xa8V\x04T\x1ee\xf91\xf9\x96\
\xba--\x98W\xe1\xcc\xef\xe9\x12\xe4^\xd21rn\
\x08\x04x\xe9\xbeP\xbeE\xe0\xa1q\x02\x1c\x97\x82\x07\
\xab\x84\x12\x9ci\xdf\xd8g\xe5\xa3z\xf9\x14\x08\x0b\xb0\
.\x13\xfe\x96\x07\xf9\xcfe\xec]W\xd1\xcc}\xf7\xa8\
\xe9bP\xbb\xfa\xbc\xed\xfcUP\x8cOC\xe7o\x15\
\xb6>F\xaa\xe8\xf1\xa21*#\x22\x81X-^\x05\
57,\x99\x86\x9a\xaa\xd4g\xa5\x1b\x89c%\xfaV\
\x93}<\x1ewU\xb5\xd4$\xaes\xec\xeb\xb3\x9a}\
\xa9\xf9+\x0a\xd6`!\x12\xa3\x96\xc7\xa5y\x90}\xd3\
t(\xdf\xfbU\xe3\xd79V\x9f\xac\xb6\xabh\x98\xed\
\x93\x81\xfb2\x11\xec\xfa\xf2\xe2\x98\xb4F:\xa3~}\
y\xffzYm\xf7\xa2\xcdf\x9f\xe7\xd8\xady\x9eE\
_h\x02W\x7f\xae\xa5G\xf6\x9f\xcf\xfa\xe8]\x19\x8a\
e\x16<=\xb0R\xa9\xa0Z\xad\xe2\xe4\xe4\xe4G\x1d\
!<77\x87\xbf\xff\xfb\xbf\xc7\xc2\xc2\x02\xfe\xfd\xdf\
\xff\x1d\x8f\x1f?F\xbd^?g%Q\xd7\x8a\x06Y\
V*\x15\xfc\xfa\xd7\xbf\xc6\xfc\xfc<FGGQ\xaf\
\xd7\xf1\xd5W_\xe1\xfb\xef\xbf\xc7\xe8\xe8(\x16\x16\x16\
\x9c\xe6}rr\x82T*\x85\xa9\xa9)\x8c\x8f\x8fc\
gg\x07\xf5z\xdd\xed\xa9\xcd\xcdM\xec\xee\xee\xa2\x5c\
.\xa3X,bll\xcc\xd5\xf9O\xa5R\x18\x1f\x1f\
\xc7\xc2\xc2\x02\x8a\xc5\x22\xde\xbcy\xd3Wc^\xf7\xe3\
\xc4\xc4\x04>\xfd\xf4S\xfc\xe4'?\xc1\xed\xdb\xb7]\
~}\xa1Pp\x01\xba\xf6\xe2\x01C\xb3\xb3\xb3x\xfe\
\xfc9\x9e<y\x827o\xde\xb8\xca}\x9c{\xbe+\
\x95Jall\x0cw\xee\xdc\xc1\xc7\x1f\x7f\x8c;w\
\xee`tt\x14\xbb\xbb\xbbx\xfa\xf4)\xbe\xfa\xea+\
T*\x15\xa7\x8d7\x9bMT*\x15\xac\xad\xadag\
g\xe7\x5c\xdc\x02\xdd]\x8dF\x03\x93\x93\x93\xce\xcdB\
\x0d\x9a\xeffI\x5cj\xb0\xd4^\xa3(B\xa9T\xc2\
\xe8\xe8\xa8K\x0f\x9d\x99\x99A\xbd^w\xa9\x92\x045\
4\x85w:\x1d\xc7\x1b\x803\x8d\x94|A\x0b\x1eY\
\xa1o\xf7\x08\xf7\xab\x06\xfc\xc5\xe3qW\x0f\x83m[\
\xdf\xba5\xef\xfb\xe2\x87\xa8,X\x10\xcc\xf7\x11\xb0X\
\xe1\xaf\xfb*\x08\xce\xca\x80\x1f\x1e\x1e\x22\x9b\xcd\xf6\xf1\
t\x0b\x1aT\x09R\xfe\xac\x82{\x90\xbbUy\x85\xca\
\x1d+\xef,\xdd\xfa\x14\x0dU\x22\xb5m\xfd\xdb\x82\x1d\
\xfb\x99\xbd|kx\x0e\x00\xfc_\xb5w;p\xdb\xc1\
A\x84t\xd5\xff/\x13|\x8a\xb4,\xb2\xd2E\x1f\x04\
2\x94\xd1\xaa/I\xdfa\x83L\x94\xf8\x19\xc4F\x22\
\xb7&!\x12\xa4\x0f\x14\x00\xfd&0n\xf4T*\xe5\
r\x9e/\x9a\x0b\x9f5\x82\x84F\xa4\xca>S\x1b\xe0\
8u\xc3\xb3\xefJ\xa0\x16\xbch\x7f\xedz\xe8\xa6\xe5\
FU\xff<M\xbd\x8c\x96W\x137\xdb$P\xf0i\
\xf0\xbc\x87\x99\x12\x049Q\xd4\x8dR\xae\xd7\xebh6\
\x9b\xe7\x04\xab\xae\xadoC)\xe2\xd75QF`\x9f\
\x01\xce\xfc\xa6a\x18\xba\xc0\xabx<\xee\x98\xf6e\x99\
\x0c\x96\x0eU\xc3\x18t\xff\xe9\xe9\xa9;\xb7\xfe\xcd\x9b\
7\xb8u\xeb\x16\xc6\xc6\xc6\xbcs\xe5\xbbR\xa9\x14\x16\
\x17\x17Q,\x16\xf1\x9b\xdf\xfc\xc6\x8d\x91\xa9\xa7A\x10\
\xb8\xf3\xe5\xe9\xd2\xa0izxx\x18\xd5j\x15\xaf_\
\xbf\xc6\xef\x7f\xff{\x14\x0a\x05\x00\xc0\xfa\xfa:^\xbf\
~\x8dt:\x8dV\xab\x85\x99\x99\x19\xcc\xcd\xcd\xb9\xb2\
\xc4\xc7\xc7\xc7X__w\x87\xe9\xd0\xf7_\xadV]\
m\x02\x96\xd0\xa5\xd0\xe3\xdc\xc6b1\xec\xec\xec`\x7f\
\x7f\xbf\x0fT\xf2\xbb\xd9\xd9Y\xdc\xbd{\x17\xff\xf8\x8f\
\xff\x88\xc5\xc5E\xc4\xe3q4\x1a\x0d\xbcz\xf5\x0a{\
{{\xae\x22\x1ei\xab\x5c.#\x95J\xa1\x5c.\xa3\
T*\xe1g?\xfb\x19\xca\xe5\xb2\xb3v\xbc~\xfd\x1a\
\x1b\x1b\x1bh4\x1a\xae\xda^\xa9T\xc2\xf8\xf88\xae\
]\xbb\x86\xfb\xf7\xef\xe3\xfa\xf5\xeb\xc8d2\xd8\xdd\xdd\
\xc5\xa3G\x8f\xf0\xa7?\xfd\x09\xef\xde\xbdC:\x9dF\
\xbd^\xc7\xde\xde\x1evww\xb1\xbb\xbb\xebj\x01X\
\xcd\xb0\xd3\xe98m>\x97\xcbazz\x1a\xbb\xbb\xbb\
\xd8\xdb\xdbsqA6\xceDO\xd5\xdc\xd9\xd9\xc1\xda\
\xda\x9asI\x14\x8bE\xd4\xebu\xa4\xd3i\x14\x0a\x05\
w\xf4\xf1\xfe\xfe\xbeK\x05$\xfd\xda\xc0[\x02<\x06\
\xfc)\x00R\xcdT\xe9\x90\xdf\xd1\x05\x08\xc0\x95\x1df\
\x80\xa2\xe6\xe4+o\xd4\xfd\xa3|\xd1\xc7\xb79W>\
7\xa8\x16\xfdR\xe5\x81|\x9b\xd9D\x1c\x97\x1e\x91\xcc\
\xb8\x10\xb5\xbah\xaa$\x00G\x87j\xb5d\xbb\xbag\
}\x82_\xf7\xae5\xfb\xeb\x18I\x17\x9c#\xdes\x91\
rb\xaf\xab(\xcd\x16(\x9c\x03\x00\x83\x04\xac\xaf1\
\xdf\x8b\x15\x05\x0d\x12\xb4\x97u\xf4\xb2\xcbga\xb0\xff\
+\xe2\xb4\x96\x85\xab\x00\x13E{\x17\xa1/E\xa6\xdc\
\xa8\xf1x\xbc\xcf\x8f\xaf\xe8\xd1\x17\x14Bf\xa6\x87\xe7\
\xb0mn|\x1bT\xa3\x97\x0f\xfc(\x80P\x81\xcf\xa0\
\x18\xa6QY\xb3=\xc7A\xa2W\x01\x1fE\x91\xeb\x9f\
\x06\xd0\xe8\xf7jF\xa3\xcbA]\x1f<\x0c\x84\xc2[\
K\x8bj\xf9\x5c\xd5\x10\xd8\xb62\x03\xfa\x1c\xd3\xe9\xb4\
\x13N\xd4\xba\x07\x9d0h\xe9N\xfb\xae\xda\x8e\xde\xaf\
\x8c\xc0G+\xd4v\x18$\xc7\x9a\xeed\x8a:\xd7\xb6\
/\x8a\xee\xed<jP\x9b}7\xfbzrr\x82\xdd\
\xdd],--agg\xe7G\x01\x00\xa0\xcb\xd8\x0e\
\x0e\x0e\xb0\xbf\xbf\xef\xf2\xcb\xc9\x0cY\x93!\x9f\xcfc\
ff\x06\xb3\xb3\xb3\xc8\xe5rN\xeb\xdc\xd9\xd9\xc1\xcb\
\x97/\xb1\xba\xba\xea\x8e\x80\xa5\xbb\xa3\xd3\xe9`cc\
\x03kkk\xb8{\xf7.\xd2\xe94b\xb1\x18\xee\xdd\
\xbb\xe7\xd2\x19+\x95\x8a\xb3B5\x9bM\xd4j5\xb7\
n\xa4\xf7\xa3\xa3#\xe4r9\xb4Z-\xbc{\xf7\xce\
\x15\xb5\xc9f\xb3(\x14\x0a\x8e\x0eS\xa9\x14>\xfe\xf8\
c<|\xf8\x10\xb7n\xdd\x02\x00,--\xe1\xc5\x8b\
\x17x\xf5\xea\x15~\xf8\xe1\x07lnn\x22\x08\x02L\
MM\xe1\xbd\xf7\xde\xc3\xcd\x9b7\x9d\xa5\xa1\xd9l\xba\
\x03i>\xfe\xf8c\xcc\xcd\xcd\xe1\xfa\xf5\xebx\xfe\xfc\
9VWW\x91J\xa5p\xfd\xfau,..:-\
}ll\x0c\xf1x\x1c[[[\xf8\xfa\xeb\xaf\xf1_\
\xff\xf5_\xd8\xdc\xdct\x81\x91\xdb\xdb\xdb\xee\x14@\x06\
+r}\xb9\xb6V\xcb\xe3\x1e\xa5\xa5\x81\xfbU\x05\x9d\
\x06\xe9q_=\x7f\xfe\x1c+++\xee\xc0\xa3\xa3\xa3\
#w0\x15\xd3\x1dwww\x9d\xc0\x22\xc0\xa3\x9b\x8a\
`\x82'\x0f&\x12\x094\x1a\x0d\xd7W\xd2\xa3\x8eA\
y\xa9Z\x00\xa9\xa1\xabE\x94n:u\xc1\xf0\x1eu\
5h\xc5=\xcb\xa3\xf9\xa3\xc1\xd2\x0a\x04I\xcf6\xde\
\x86\xf3D\xbeB\xc5\x80\xd6\x0f\xf2\x17>c\x15G\x15\
\xfa*\xf0u\xafr/\xabe\xc1\x0a[\xe5/V\x89\
\xb2\xff\x93o[\xb9\xa5m\xf9>\xbf\xec\xf2\xf5\xc7\xeb\
\x02\xf0\x81\x80\x8b\x80\x81\xcf$\xa1\x9f_t\x0d\xd2\xc4\
/k\xdb\xd7'\x8b\x1c\xeds\xbe1\xe8d\xda\xb6\xed\
\xf3V\xb8Z\x8d\x92\x82VS\xd9\xae\xf2.\x0ai\xf5\
\x95\x93 \x88\xf6\xd5\x150h\x9eI|\x04\x22\xaaA\
rn,\x82\xb6@M\x89\xdcn0\xbe\x87Z-p\
fn\xb3\xfe}~\x16\x04A\xdf\xbdz\x22\x98-\xcf\
\xa9\xae\x9bN\xa7\xe36\xab\x0aJ\xfeMS4}\xd2\
4\xf3Y\x7f\xfb\xa0\xb9\xb2\xc2\xdfg\x8e\xb7\xbe8\xbb\
\xe9\xa9%\x17\x0a\x05'\x1c\xe9\x0b\x0d\x82\x00\xdb\xdb\xdb\
}A|\x1a\xb4\xe6\x03\xaf\x83\xb4\x07\x05\xbc\xfa\x13\x8b\
\xc5pxx\x88\x95\x95\x15,--azz\xfa\xca\
e\x82\x01\xb8x\x90R\xa9\xe4\x84\xaf\x16\xbe\x89\xc7\xe3\
(\x14\x0a\x18\x1f\x1fw\x87\x1d5\x9bMloo\xe3\
\x9bo\xbe\xc1\xeb\xd7\xafQ\xaf\xd7\xfbh\x80&\xed\xed\
\xedm\xec\xed\xed\xb9\xba\xf4@7\x1d\xed\xa7?\xfd)\
~\xf7\xbb\xdf\xf5\xb9+xX\xce\xd6\xd6\x96;\x1cF\
-:\xdf|\xf3\x0d\x9a\xcd&>\xfb\xec3\x8c\x8f\x8f\
\xe3'?\xf9\x09\xf2\xf9<\xbe\xff\xfe{\xac\xaf\xaf\xbb\
C\x8f\x16\x16\x16\xd0l6\xb1\xbc\xbc\x8c'O\x9e\xe0\
\xab\xaf\xbe\xc2\xd3\xa7OQ\xa9T\xd0\xe9t\x90\xcf\xe7\
\xf1\xde{\xef\xe1\xbd\xf7\xde\xc3\xfb\xef\xbf\x8fl6\x8b\
\xe3\xe3c\xac\xae\xaebss\x13\xa5R\xa9\xcf%\xf0\
\xe1\x87\x1fb}}\x1d\x07\x07\x07\x98\x9b\x9bs\xc5{\
HoKKK\xf8\xd3\x9f\xfe\x84o\xbe\xf9\x06KK\
K\xaeH\x13S\x1by\xb8\x91-zCz\xe3~;\
99\xc1\xf6\xf66\xde\xbe}\x8b|>\xef\x80\xb0\xfa\
\xee\xe9\x82\xe1\xf3\x0c\xfe+\x97\xcb\xd8\xd8\xd8\xc0\xca\xca\
\x0a\x12\x89\x04\xde\xbe}\xeb\x0a@1\x90\xb0P(\xb8\
\xc0I\xd6\x80\xa0F\xcb:\x19j\xc5\xd2\xa0a\x0aT\
V\x92T\xda%\xbd\xd3\x8a\xc0\xff)\xccI\xa3*\x14\
u\x0f\xab5D\x95-\x8d\x83\xd0 b\x0aY\x06s\
j\xa5TMQ\xe6\xbc)\x1fe\xffi\xc1\xd2\xfc}\
\xb6\xa3{N\xad\x1f\xcaG\x94W\xe8\xfeUK/\xdb\
P\x90fy\x09\x7f\xdb\x00G\xbb\xffu\xce\xd4\x05m\
\xaf\xcb\xe4\xa8\xde\xd3\xa7\xc0\xe8\x82\xfa:h'\xe12\
\xa1~\x91\x90\xfd\xbf\x5c\xfa~\xcb\x1c\x81\xf3\xcc\xda\xf6\
\xfb\xc7\x5c\x96\xe1[A\xa1B\xd12k\xe0\xcc\x8c\xef\
\x0bD\xb4\xc4\xa3}\xb3\x08\x98@B\xfd\xdc\x83\x82\x00\
}\x88\xd4\x06\xe0\xe8\x0f\xfbb}L\xfa<\xb5_\xd5\
\xc6\xa3\xe8\xach\x8fE\xe5\xbe\x08\x7fk\x86;::\
\xf2\x06\x0c\xd99\xa4v\xcf>\x10,0\x18\x92\xa9l\
l\x87'\x9fi\xe6\x80o\xfdu\xbd\xd4\xbas\x11p\
\xbc\x08\xe0\xaa_\x5cs\x95\xa9\xc1\xd6\xeb\xf5s\xb5\xc4\
\xed\xe5C\xfa\xa41;\x9fj\x95\xe8t\xba\x87\xa7\xac\
\xac\xac\xe0\x9bo\xbe\xc1\xf4\xf44\xee\xdc\xb9s\xe5X\
\x00j|\xd7\xaf_w\xd1\xea{{{\x00\xe0\x8a\xe4\
\xcc\xce\xcebdd\xc4\xado\xb5Z\xc5\xd3\xa7O\xf1\
\xe4\xc9\x134\x1a\x8d>\x8dI\x99y\xbb\xdd\xc6\xd6\xd6\
\x16\xb6\xb7\xb7q\xed\xda5\xf7NZ\x034\x1e%\x8a\
\x22g\x89\xe0\xdcq\xcc\x87\x87\x87x\xfa\xf4)\xf6\xf7\
\xf71::\x8a\xbf\xf9\x9b\xbf\xc1\xc3\x87\x0fQ(\x14\
P\xa9T\x90L&\xf1\x17\x7f\xf1\x17\xce\xec\xff\xf4\xe9\
S\xfc\xfe\xf7\xbfw\xe5\x89\xdf\xbd{\x07\x00\x18\x1d\x1d\
\xc5\xe2\xe2\x22>\xfa\xe8#\xbc\xff\xfe\xfb\xb8~\xfd\xba\
\x9b\xc7D\x22\x81\xcd\xcdMWY\x90}\x9b\x9b\x9b\xc3\
\xe2\xe2\x22\xaa\xd5*\x80n*!\x01\xc6\xca\xca\xdap\
o\xb2\x00\x00 \x00IDAT\x0a\x1e=z\x84W\
\xaf^\xe1\xe0\xe0\xc0\x95\xf7m\xb7\xdb\xee \x1b\x9a\xec\
if&\xcd)\xa0\xa6\xf0b-\xfcf\xb3\xe9\xacH\
\x8dF\xc3\x09f\xd2\x19\xe9!\x95Jabb\xc2\x15\
\x19\xa2\x80\xa3\xa5\xe3\xf8\xf8\xd8\xed\x11\xa6q\x12P\xd9\
5#xg\xdb\x04_\xd4\xdc\xb5\x1dj\xcf\xec\x0f\x95\
\x13M/\xa4\x15\x8e|P\x15\x0bK\xeb\x9c\x1bM+\
V\xc5@\xdd\x98\x0a\xba\xb9G\xe2\xf1\xb8\xb3\x9c\xd8J\
\xa4\x0a\x96m`\xa5\xba\x16\x15t\xe8^\xe3\x1e\xe3\x18\
.\x937>>c\xf9\xaa\x15\xee\x1c\x87\xae\x87\x95?\
\xda\xcf\xcb\xae\x1f#\xef\x82`@\x10\xa0O\x13\x19t\
\xf9:{\xd1s>m\xea\xaa\xed\xeb\x84\xdaw\xfdX\
!\xef{\x8f\xd5\xca\xeco\x12\x85\x9a\xee\xec\x82\x91\xd8\
\xd5\xdco\x01\x84>\xa3\x01\x83\xca\xf0)\xd84hF\
Sb\x14\x04X\x9f\x91\xb5\x08(X\xe1g\xec\xbbO\
\xc0\xa8EC\x99\x0259j\xb8\xd4\x0c4\x88H\xc1\
\x855\xe13\x8f\x98\x1b]+\x9e1xR]\x08\xd4\
H4`\x89\xb9\xd3j\xaeTS\xbb\x9aL\x07mN\
\xfd\x7f\x10\xfdX\xadE\xe7C\xe7IM\x92\x0c\xd0b\
9\xd4\xdd\xdd]\x1c\x1c\x1c8\x81\xa0\xef\xf4\xd1\xab\xfd\
L\x81\x8c~\xaf\xeb\xd7h4\xb0\xb3\xb3\x83\xd5\xd5U\
\xac\xac\xac`ff\x06\xe5r\xf9\x5c\xdb\xbe+\x9dN\
\xa3T*aff\x06\xfb\xfb\xfbX__w\xa6\xeb\
t:\x8d\xe9\xe9iLLL`dd\x04a\x18\xba\
\x13\xf9^\xbf~\xed\x84\xa5\xf6\x87s\xc3\x14\xcc\xd5\xd5\
U<\x7f\xfe\x1c\xef\xbf\xff\xbe3\x8d3\x1d\x8d\xae\x1b\
\xce#\xfd\xe0\xb4DP`\x92&*\x95\x0a\xbe\xf8\xe2\
\x0b\xe4\xf3y\xfc\xf2\x97\xbf\xc4\xdc\xdc\x1cn\xde\xbc\x89\
X,\x86[\xb7n9\xbf\xfbw\xdf}\x87\xdf\xfe\xf6\
\xb7\xd8\xda\xda\xea\xb3\x821\xe2\x7f~~\x1e\xb3\xb3\xb3\
H$\x128>>v\xb5\x05\xe6\xe6\xe6P\xa9TP\
*\x95\xfabO:\x9d\x8e\xd3\xfa\x094\xb7\xb6\xb6\xf0\
\xfa\xf5kg\xb1(\x97\xcbN\xd3gj\xa5\xee3\x0a\
h\xa5\x1d\x0a7\xa0\xbb\xf78v\x82\x09\xf2\x04j\xe3\
Q\x14\xf5\xc5\xe5\xc4\xe3qW\x15\xb0\xdd\xee\x9e@X\
\xab\xd5\xdcI|\xdc\x0f\x07\x07\x07.\x08R\xfd\xf2\xb6\
\xe6\x01\x00g\xe1\xe1\xbe%P\xe7\xb3A\xd0\xf5\xd3\xe7\
r9W\xff_y&-\x1d\x8c\x07`\xe1(\xae\xa3\
j\xf6\x1c3\x9f\xd3\x9a\x1f\xaal\xd0\x0a\xe0S(4\
\xc6J\x85\xa9\x06JZ\xa5\xc4\x06<\xab\xb2\xa3\xfc\x5c\
\xe7E\xdf\xe9\x13\xe4\xfc[\xf9&\x9f\x1b$\x1f\x94\x0e\
\x94\x0f[\x97\xb3}\xdf \xdeq\x95\xcb\xf7\x5c_\x1a\
\xa0\x15\xb0\x97!\x90\xcb\x18\xac\x0f\x04\x5c\x04(.\x12\
\xe4>Fm\x99\xf8U.{\xef \x80a\x11\x9c\x12\
\x1f\xbf\xd7`\x11\x15\xe8\xdc\x5c*T\xa9ih0\x9e\
E\xb7\x9a\x83\xaaB~hh\xc8\xf9\xcc\xf5\x84@\xeb\
kb?\xad\x00W?\xbe\x12\xfb\xa0\x98\x02\xfd\x9e\xfd\
%J\xe6o\xa0\xcb0\xb8\x99\xac\x10\xb0\x84\xaa\xda!\
\xfb\xc9\xa02\x0d\xf8\xe3\x5c\xa9\xffPA\x17\xcf=\xd7\
HZV(\xd3\x9a\x0cz\xfd_\x01\xa2\xd5\xda8\x9e\
(:;\xbf\x9d\xe3a\xdc\x03\xd3\x18\xc9\xc4-\x83\xb1\
LK]\x10l\xdf\xae\x05\x19\x1e\x81\x22\x81!\x00\xd4\
j5<y\xf2\x04SSS\xae\x0c\xefe\x17AK\
\xa9TB\xa9TB&\x93q\x1a\xf0\xc8\xc8\x88Kc\
K&\x93h\xb5Z\xd8\xda\xda\xc2\xe3\xc7\x8f\xb1\xbe\xbe\
\xde\x17\x03\xa2\xf4F\x00\xb4\xbf\xbf\x8fl6\xebR\xfc\
\x08\x00\xda\xed\xb6\x13\xba:'\xb4V1\x08\x90c\xe7\
x\x8f\x8f\x8f\xf1\xea\xd5+\xfc\xfa\xd7\xbfF6\x9bu\
io\xb4\x02\xd5j5\xac\xaf\xaf\xe3\xf9\xf3\xe7\xd8\xd9\
\xd9\xe9\xab\xfeHAF\x8bZ\xab\xd5\xc2\xf2\xf22\x16\
\x17\x17\x9d\xb6}tt\x84\xd1\xd1\xd1\xbeyc@\xe9\
\xee\xee.\xc6\xc6\xc6\xdc\x01>\xa9T\x0a333\xd8\
\xda\xdarip\x07\x07\x07x\xf3\xe6\x8d\x0bl\xd5\x8a\
\x99\xf4\xe7\xb3\x02\x22A\xb0\x02\xb9\xa3\xa3#lmm\
ass\x13\xc5b\xb1/k\x81n\x16\x8d+:<\
<t\xf4\x90\xcb\xe50??\x8fR\xa9\xe4\x02`7\
77\x9dE\xec\xe0\xe0\xc0\x15d*\x95JN\x90k\
?T\x90r\xfd9V\x9e\xf8H\xa1\xcd\x1a\x04\xb4\x1c\
\xd0-Ik\x06\xf7+\xf7\x8b\xd2\xb7j\xbb\xd4\xfe\xc9\
\x1b9gj\x19Q\xa5\x89\xfb\x85\xfdf\xe1!\xb5^\
p\xde\xaco\x9f|\x87'&j\xb06\x7f\xd4\x9d\xc0\
\xef\xd4\xa2G\x9a\xd4>)\xef\xb7\xe0\xc1\xca\x12\xb6\xa3\
\xee\x02\x0b\xf2\xad\xfc%\xbd\xe8~\xb0\xfc\xc1\xfe\xbeH\
\x1e\xea>\x05L\x10\xe0e\x82t\x90\x96<\xe8\xfa\x7f\
\xa1\x99_\xd6\xfeE\x97\x15\xc2\xbe\x05\x19\xa4\xd9\xab/\
\xd8\x02\x0653YP\xa0\xf7\xf3\x7f%H\xdb/;\
G\x0a\x08\xb8\xf0\x1a\x18\xa8\xc4\xe7kO\x03r\xec\x5c\
Y\x90\xa3\xdf\xe9\x9c\xf8\xcc\x83\x1axC\xc1\x7ftt\
t\xaeH\x88\x05Q\x83\xe6\xef\xe8\xe8\xc8\xc5\x02\xd8\xaa\
\x83\x04\x1d\xb6t\xa9\xfa\x015\xa8\x87\xa6S\xeb\xce\xd0\
\xcb7'\x836\x8do\xae\xd4\x1a\xa0\xf7(\x83\x08\x82\
\x00\xe9t\xda\xf5\x7f\x7f\x7f\xbf\xef$\xb8\x8b\xd6\xc4\xd2\
\x80\xd5\x1ex\xbf\xa57f\x03\xbcy\xf3\xc6\x09Q\x00\
\xb8}\xfb\xf6\x85%\x82\x01\xb8c\x8b\xe9S%S\xcd\
\xe5r\xb8v\xed\x9a\x03\x12<6wee\x05o\xdf\
\xbeu\xda\x9c/\xce\x85{*\x99L\xa2\x5c.;\xe1\
H\xff\xb82nj\x99<7\xa1\x5c.czz\x1a\
\xcb\xcb\xcbn/*H:::\xc2\xf3\xe7\xcf\xf1\xfb\
\xdf\xff\x1e\xc0Y\xb4\xf9\xce\xce\x0e\xd6\xd7\xd7\xf1\xe8\xd1\
#<y\xf2\xe4\x5ctv2\x99t\x95\x04\x87\x86\x86\
\x9c\x09\x9f\x01\x83Apfv\xd6+\x9dNcjj\
\xcai\x95\xa9T\x0a\x8dF\x03\xe5r\x19\xe5r\xd9E\
\xf8\xef\xed\xeda}}\x1d\xb1X\xcc\x01B\xae\x1bA\
\xbd\x02<\xdd\xc3\xcaO\x0e\x0e\x0eP\xa9T077\
\xe7\xdeG\xe1\xc6\xf9`\x9c\x06\x05\x19\x05W.\x97\xc3\
\xf8\xf88NOO\xb1\xb3\xb3\x83\xe1\xe1a,//\
;\x8b\x00\xad-\x0a\xaeIwta\xd9\xf3\x11H\xdf\
\x1aW\xc2=\xa9\x19DZB\x97\xf5\x1f\x82\xa0k\x09\
\xe2i\x82\x00\x9c\x89^\x85\x9a\xc6Gh6\x12\xe7\x8a\
1%\x14\xcaV\xb8R\xa3\xe7~ =\xaa\xe2\xa0\x05\
\xd0\xf89\xad\x8f\xa4e\xbb\xcf\xd8\x9e\x0aj\xa5u\xe5\
\xc1>\x97\xaa\xbd\x94\x8e}\xaeGm\x97\x9f[\x05W\
e\x8e\xca\xa7A\xef\xb2\x9fYe7\x8a\xa2\xfe\x18\x80\
\xcb\xd0\x83v\xe6\xb2\xeb\xaa\x1a\xb9m\xfb\xffr\x0d\x12\
\xc0V\xe8\x91\x90\x94\xc9\x0c\xca\xbbT\xa2\xf2!=\x9f\
\x96KM\x97\xc4\xce\xc2\x16|7\xcd\xdd\xb6\x7fJ<\
\xba\xc0|\x975\x95\xeb\xa2\xb2O\xba\x86V\xe3\xd6\xf7\
)\x03\xd2\xf1(qX\xd3>O5\xa3\xe9\x9f\x1bS\
5\x7fk\x92S\x1f\x1a/\x9a\x1a\xc90X\xd3\x1c8\
\x8b\xb4\xd5z\x01d8Zg\x9c\xda\xc3\xfe\xfe\xbe\xcb\
\xd9\xb6\xb4i\xe9\xc9\xa2l\xfb\xbdn\xb4\x8b\xda\xb0\xe3\
\xe3\xd8\xc9@\x09\x88\xa8\x0d*\xca\xb7m[\xc6\xe3\xd3\
\x00,H\xd0w\xb3hM\xbb\xddF2\x99\xc4\xe3\xc7\
\x8f\xdd\xbc|\xfc\xf1\xc7\x17\x1e\x16D\xcd\x98\xc2\xf5\xe4\
\xe4\x04\x85B\xc1E\xbc\xd3L\xdfl6\xb1\xba\xba\x8a\
7o\xde\xf4\x9d\x1d`\xad:\xda\xb70\x0c\xdd\xe9k\
;;;(\x16\x8b\x88\xc5b8::r\xd6\x85\xcd\
\xcdM\xd4j5g2\x1e\x19\x19A>\x9fG*\x95\
r\xc2V\xf7\x06\xb5\xe0j\xb5\x8a\xd5\xd5U\xbc\xff\xfe\
\xfb\x08\xc3\xd0i\xff\xaf_\xbfv\x81\x97\xec\x07OC\
|\xf8\xf0!\xee\xdf\xbf\x8fT*\x85\x17/^\xe0\xeb\
\xaf\xbf\xc6\xe8\xe8(\xee\xdd\xbb\x87\xa9\xa9)\x07H\x83\
 \xc0\xee\xee.b\xb1n\xb9\xddB\xa1\xd0\x07\xa4\x98\
N\xc8\x14?\x16/\xda\xde\xde\xee\xa3/\xee\x7f\xdf\xba\
s\xed\x94\x06\xb8\x17\xde\xbd{\x87\xed\xedm\x94\xcbe\
\xe4\xf3y\xa4\xd3i\x07p\x09\x00\x0e\x0f\x0f\x1d\xbf\xa2\
)|dd\x04\xe9t\x1a\x99L\xc6\xed\xd7N\xa7\x83\
D\x22\xe1\x8a\x0e)o ?\x89\xa2\x08\x99L\xc6Y\
^\xd2\xe9\xb4\x03\x84\x5c\x17\xfa\xcc\xc9\xcf\xa2(\xea\xab\
KB~\x10E\x91\xfbL\xf9\x19\xb5}\x1ebE\xbf\
=\xad1\xaa\xc1\xeb^Q\xfe\xaa\xf1L\xba7\xa8\xa4\
X>\xa6\xcf\xb2-uK*\x9f\xa2\x9b\x85\xfb\x96}\
\xe7\xbaP)\xe1\xbd\xc0\x99kJ\xf9\xa6>\xc3\xb1X\
\x05b\xd0\xde\xd7\xbdc\x05\xbe\xe5\x01V\xeb\xd7g.\
\xbb\xec;\x07\x9e\x05\xe0k\xd8\xc7\x5c\x07\xbd\xf42a\
>\xa8\xc3\xbe\xcf\xed&\xf21C\xdf\xfb\xec\x84\xf23\
E\x92\xfc^\x89\xc8.\x9co\xac\x8a\x0cU3\x8b\xa2\
\xa8O\x03\xe0=Z3[\xefUB\xd4\xc8|\xed/\
Qz&\x93q\xfe2\xfdN\xdf\xa5)x\xeaGS\
\x7f\x97\x9d[Kp\xbc4P\xe6\xe8\xe8\xa8\xaf\xdf\x96\
\xd8\xd9g\x1f\x00\xd0\xe7\xb8q\xa8\xc9\x1c\x1c\x1c8&\
\xa3iN\xd9l\xd6\xb5\xc7tA\xeb\xd2`\x8e\xb3F\
\xf4\x0e\x1a\xa7\xf6\xd3Zc\xacu\xc0\xb7\xc1|\x17\xb5\
\x0f\x16\xfb\x89\xa2\xc8\x99\xbf\xc9t\xf5$5m\xd3\xd2\
\x0fi\xc3\x07\xc8\xb4_V{ \x83\x22\x13===\
\xc5\xda\xda\x1a\xbe\xfd\xf6[t:\x1d\x5c\xbf~\xdd\xf9\
\xa8u\xdc\xbaf\xf1x\xdcY+\xca\xe52\xe6\xe7\xe7\
]@\xdb\xf1\xf11j\xb5\x1a\xd6\xd6\xd6\xb0\xb1\xb1\xe1\
\xdc/*\xf8\xd5\x1d\xa0\xeb\xdb\xe9t\xdc\x19\x04\x04x\
\x89D\x02\xb3\xb3\xb3x\xef\xbd\xf7\xb0\xb4\xb4\x84j\xb5\
\x8a \x08\x9cU\x88\xe7\xda3XP\x19k6\x9bE\
>\x9f\xc7\xec\xec\xac\xab@\xc8\xf6\x9a\xcd&\xc6\xc7\xc7\
\xfb\x82.\xd3\xe94\xee\xde\xbd\x8b\x8f>\xfa\x08?\xf9\
\xc9O\x90\xc9d\xf0\xf2\xe5K<\x7f\xfe\x1c\x8f\x1f?\
F\xbb\xdd\xc6\xe6\xe6&\x1e>|\xe8\xcc\xfb\xedv\x1b\
\xeb\xeb\xebx\xfa\xf4)n\xde\xbc\x89\x1b7n \x99\
Lb||\x1c@\xb7,1\x85p\xbd^\xef\xcby\
\xd7Hx\x02dZ\xb7\x94\xfe\x14\xa0(]\x9c\x9c\x9c\
\xb8\xa2A\xac`Hw\x08\xfd\xfc\xea2  \xe6\xdc\
v:\xddR\xc3\xac\xbcH\x0b\xdb\xf6\xf6\xb6\x8bA \
\x90>::r\x16\x98b\xb1\x88B\xa1\xe0@u\xbd\
^w\xe7\x06\x10\x14\xb1}\xf2\x9f\xc3\xc3CWiS\
\xc1\x0e\xf9\x1f\xf7)A\x1f\xad>J\xe3\x9a\xe6\xe8\xe3\
A\xba\x87}\xb2\x87\xfb\x8a\xc0\xd0\xb7\xb7\x008\xe5\x80\
`\x97\xe0\x5c\xe3\x8f\x82 \xe8\xa3m\x9f\x5c\xd1\x94n\
\xb5L\x92o\xf9\xb4\x7f\x95=:~\xcb\xdf\xed\xd8t\
\xcc\xf6\x19\xdb\xeeU.\x9f\xb2\x03\x88\x0b\xc0\xc7\xec.\
b\x80\x17\xbd\xdc\x0aL\x1f\x02\x1e\xf4\xbc\xefs+x\
}mZ\x90\xe2\x03\x09j\x8a\xb7\xc2N\x01\x80\xde\xab\
\x82yP_\xf8\xb7\xed\xbb~\xa6\xda\x80\xe6\xbb\xf3]\
\xda'+L\xf9\x99\x12\xa0\xfe\xd8k\x90\x00T\x8d\xcd\
\x06\xc7\xf09\xdbo}\xcf\xa0\xec\x03\x0a0\x15\xa4\xec\
\xfb !\xa6\xf3\xae\xa9N\x1a\x8dK\x8d:\x9dN;\
\xbf'}\xfd\x9ay\xa0s\xe8\xeb\x9f\xfd\xdf\xce\x9d\xdd\
\x90\x83h\xcb^\x04\x92\x8c\xa0___G*\x95\xc2\
\xf6\xf6\xb6\xab\xe6\xc6\xaau\xfa\x8cm\xc3\xd2\x0e\xffV\
\xc1\xaa\xf3g\xd7I\xd7\x95\xcc\xae\xd5ja}}\x1d\
Q\x149\x9f\xee\xa0+\x1e\x8f\xa3\xd9l\xa2\xddn;\
\xb0U\xab\xd5\x00t\x99\xe7\xf2\xf22\x96\x96\x96\xcei\
\x9ez\xd1\x94\xca1\xe5r9\xdc\xbau\x0b\x1f~\xf8\
!\x16\x16\x16\x5c\x0c\x00\xb5\xccN\xa7\x9b\x96W.\x97\
\x1d\xb8<88\xc0\xf6\xf6\xb6\xa3\x05\xa0\xdf\xc2R,\
\x16\xb1\xb8\xb8\x88\x0f>\xf8\x00\xb3\xb3\xb3\xa8\xd5jH\
$\x12\xb8~\xfd\xba3S\xdf\xb8q\x03@\xd75\x94\
L&\xf1\xd9g\x9f\xe1\xe6\xcd\x9bh\xb7\xdbx\xf9\xf2\
%\xfe\xf0\x87?\xe0\x7f\xff\xf7\x7f\xb1\xb3\xb3\x83\xa5\xa5\
%\x14\x8bE\xdc\xb9s\x07w\xef\xdeu\xc2vbb\
\x02\xff\xf3?\xff\x83\xff\xfc\xcf\xff\xc4W_}\x85\xb9\
\xb99<x\xf0\x00\xa3\xa3\xa3\x18\x1b\x1b\xc3\xd0\xd0\x10\
&''\xb1\xbb\xbb\x8b\x97/_\x02\xe8\x9e\xd4\xc8R\
\xc7\xbb\xbb\xbb\x00\xe0\xdc[\xb4\xd2(HU\xedQ\xf7\
\x17\x8b%\xb1\xae\xc4\xd4\xd4\x14\x12\x89\x04\xf2\xf9\xbc\x9b\
\x97 \x08\x9c\x1b@}\xf8a\x18\xba`\xbd(\x8a\x5c\
\xa1#\x06!\xd2-E\xc1N\xb0Bp\xc8 Z\xa6\
\xd62\xbe\x82`\x9d\x81\x8a<\x88\x89\xd6-\x967V\
\x81l5V\xb5$*\xed*\x0dr\xbd\x95\x97\xe8<\
\x91'\xb3\x1d\x05R\xaa\xd8)\xcf\xb41L\x04\xc9\xda\
6\x81\x8f\xba\x5c\xd5\x82\xab\xef\xd4\xe7x\xe9\xe7\xba\x16\
\xea6\xb0|\xe5\x22\xdek\xe5\x80\xdd\xf3\xfa\x9b\xd7 \
Y=\xa8=7\xefVP\x5c\xa4Q_tY&\xfa\
\xff\xfa\xb2\x03\xb1\xef\xb5\x84\xe0\xd3\xa0ta\xf8\xac5\
\xc5\xd9\xf1+!\xda\xfe\xf0\xb7\xd5\xe6tC\xab \xa4\
\x86\xae>8\x05\x08J<\xaa9\xf2s\x0d\x06$\x1a\
\xf7\x05\xa1h\xff\xd9w\xab5\xfa\x88\xca\xce\xad\x8f`\
\x06\xcd\xb9j\xb0\xfa\xac\xfe\xd8>\xda6\xd9O\x9a\x11\
)\xcc\x98\xfbK\xbf\x1dc\x0f\x98\x1d\xc0\xc8c\x15\xec\
\x17\x81O\xdb\x07\x1f\xb8\xf3\xfd?\xe8:==E\xad\
VC\xa5RA\xb1Xt@\x85\xa5\x80m\xca\xd1\xa0\
k\x10\xf0R:\x1e\xd4o\xce\x01\xe7\x8e\xb5\xf7\x99\xa2\
e\xb5\x7f\xbd\xa8y\xc7\xe3qW\xa8\x87&\xf1\xb5\xb5\
5\xbcx\xf1\x02\x1b\x1b\x1b\xee~\x0a3j\xbc\xda\xd7\
N\xa7\xe3,8\xd9l\x16\xef\xbd\xf7^\xdf\xa9\x81a\
\x18bff\x06\xbf\xf8\xc5/\xf0\xc1\x07\x1f\xb8\x805\
\x9e\x05\xc0r\xc44k\xb3o\xc3\xc3\xc3\x98\x9b\x9bs\
&\xfbX,\x86\xed\xedm|\xfb\xed\xb7h4\x1a\xb8\
y\xf3&\xfe\xee\xef\xfe\xcei\xc3;;;888\
\xc0\xcc\xcc\x0c\x00\xe0\xc9\x93'\xf8\xdd\xef~\x87\xef\xbe\
\xfb\x0e\xeb\xeb\xeb8==u\xd5\xfa\x008\xe1\x0f\x00\
\xd3\xd3\xd3\xb8\x7f\xff>\xfe\xed\xdf\xfe\x0d_~\xf9%\
\xf2\xf9<\xbe\xfe\xfak\x5c\xbf~\x1d\x9f|\xf2\x09\xae\
]\xbb\x86D\x22\x81\xb1\xb11<z\xf4\x08\x8f\x1f?\
\xc6\xd8\xd8\x18\x12\x89\x04J\xa5\x12\xb6\xb6\xb6\x10\x04\xfd\
\x05e\x98:GM\xdc\xc7\xf0I\xeb\xd5j\x15/^\
\xbcp\xe6jV-\x8c\xa2\x08\x95J\x05\xb1X\xcci\
\xe8@\xff\xf9\x19\x5c{\xf2\x0a\x16\x04\x22\x00\xcc\xe5r\
h4\x1a.\x1b\x83<\x8a\x80\x22\x16\x8b\xb92\xbe\x00\
\xdc\xe7\xcc*\xa0\xe5C\xb3\x1a(8\xd5\xddG\xf7\x02\
c\x878\x1f\xbc\xf43\x05\x8fj\x11SZg\xec\x88\
\xf2U\xf6\x9f\xedi|\x80\xce\xaf\xee\x1f*\x0fZ\x0d\
\x90\xbc\x971\x17\x046\xfa\xbc\xee7\xfef<\x945\
\xef\xf3\x19\x9f\x92\xa5\xfdS0h\xe3\x84t\x0e\x06\xb9\
\x10}2q\x90\x1c\x1b\xc4w\x06\x16\x02\x1a\xf4\xbfO\
\xb3\xbe\xe8\x05\xbe\xb6\xff\x1c\x80\xe0\xd3N\xf5\xdd:\xa9\
\x83\x98%\x89\xc7'0}\x82\x8f\x0b\xab\xff_4V\
\x0b\x02,\x02\x04\xce\xfc\xd9\x0cr\xe3F!\xb1\xf8\xd0\
3\xffO&\x93}n\x00\x0a\x16\x9fP\xe5\xf3\xea\x12\
\xb0\xc2X\xfb\xa9}\xd4{\x06\x05\xcfQ0\xf9>\xe7\
\xdf\xbe6|\xc2_7\xa9\x02\x22\xd5t(\xec5u\
\x0c8;\xd9L\x99\x92\xaf\xfd\x8b\xde\xed\xeb\xbf\xef>\
\x1f\xea&\x10c\x1d\x82d2\xe9\x5c\x134\x91\xea\xfc\
\x0eB\xfe\xba\xc1-\xad\x93Q\xd9\xfb-@`\x1b\xaa\
\xb1P\x9b\xf3]\x04(\x95J\xc5\xb9b\xda\xed\xb3\x03\
^NNN\xf0\xe2\xc5\x0b\xbc{\xf7\xcei\x9f\xcap\
-\xd3\xd5\xea\x8b\x04p>\xcbC\xb9\x5c\xc6/\x7f\xf9\
K\xf7?\xd3%Y\x0b\xa0\xd1h\xe0\xee\xdd\xbb\xf8\xfe\
\xfb\xef\xf1\xfa\xf5k<y\xf2\x04\xc9d\x12\xd7\xae]\
\xc3\xec\xec,\xa2(\xc2\xda\xda\x1a\x9e?\x7f\x8e?\xfc\
\xe1\x0fXZZ\xc2\xcf~\xf63\xfc\xe2\x17\xbf\xc0\xc4\
\xc4\x04:\x9dn}\x84J\xa5\x82\xcf?\xff\x1c\x95J\
\x05O\x9f>\xc5\x0f?\xfc\x80\x83\x83\x037o\x0c \
e\xd5;^###\x98\x9f\x9fG6\x9bE\xa5R\
q}\x98\x9d\x9d\xc5\xf6\xf66>\xfb\xec3LNN\
:-\x98\x96\x96b\xb1\x88b\xb1\x88|>\xdfW\xe9\
\x90{\x9c\xe0V\xd7Vy\x12\xffo4\x1aX[[\
\x03\xd0\x05\x0e\x0f\x1e<p\xd9\x18\xac\x8f\xc1\x88u\x00\
\xce*\xc6\x03\xb0\xa8$\xb0\xd2\x1f]Q<\x18\x8c\xf4\
D\x8d\x9f%\x82I/\x14\x92,\x9d\x1bE\x91s\x1b\
h\xdc\x8f\xd2 p\x06\x00\xb8\xfe\xfc\x5c\x03\xf8\xacR\
\xa0.;\xba\x02m\xbc\x02\xe7\xcb\x9a\xe7\xd5\xaa\xa0\x96\
\x10\x8d\x81\xb0\x02\x9csFW\x13\x01\x00\xe7\x9a`H\
-\x5c\xdcc\xec#\xc1\xb6m[\xfb\xeb\x13\xea*\xf4\
\xf5^\x0az\xe5\x0f\xba\xa7\x07\xc9\xccA\xf2\xee\x22~\
g?\xf3\x96\x02\xb6\x97\x0a\xfd\xcb\x10\x85\xef\x1a\xc4T\
/\xbb\xae\xf2\x0e\x9dP\xdf{\xad\xb9\xc6\xf7\xac\x0a(\
K\x98V\x90\xb3]\xdb?2^\xdb\xb6\xe6\xc2k\xfb\
\xc0y\x22Q\x14\xac\xc1{v\xe3\xa8{\xc2\x22C\xab\
Q\xf0\xf2!k%\x14;\xd7\xbe\x0d\xabm\x0d\xf2w\
\xe9&\xd3\xe0\x18\x9d7\xbb\x06vl|\x8e\x95\xd4\xf8\
\xa3\xe7\x8d\xf3\x80\x19\xfa\x81\xc30\xc4\xde\xde^\xdf!\
G\xfa\x0e\xdff\xf1\x09u_?\x07\xd1\xbc\x0dJ:\
>>v\x9a'\xb5%\xad\xdc8\x08\xa8\xf1;\x9d'\
\x15\xfe*h\xd5\x95\xa4\xf7\x90\xe93}\x8b\xc0d\x10\
\xedGQ78occ\xc3\x05\xcfi\x9a\xdc\xde\xde\
\x9e;\xa4\x87&^\x8e\x198\xcbLQ \xaaB!\
\x08\xba.\xabt:\xed}\xbf^\xa3\xa3\xa3\xe7\x82\x15\
\xdb\xed6^\xbcx\x81\xe5\xe5e\xfc\xfb\xbf\xff;\xd6\
\xd6\xd6\x9c\x96]\xaf\xd7\xdd\x91\xba\xcdf\x13\xdf\x7f\xff\
=*\x95\x0aVWWq\xef\xde=\x9c\x9e\x9e\xe2\xed\
\xdb\xb7\xaeDr\xadV\xc3\xfe\xfe\xbe\x0b@#\x9d\xb1\
b\x1f\x0f\xe8\xd1\x8b%|i\xeen\xb5Z\xd8\xde\xde\
\xc6\xe6\xe6\xa6+t\xb3\xbd\xbd\xdd'D\xb3\xd9,R\
\xa9\x94;\x98\x87n\x14\x16\x10b\x1a\xa0Z(5~\
\x85{%\x8a\xba\x19\x01\x9b\x9b\x9b\xf8\xe1\x87\x1f\x10\x04\
\x01\x16\x16\x16\x1c\x00\xa0;Lc\x02\xb8\xce\x14\xbc<\
m\x91\x85\xb1\xe8\xef\xe7\x1e\xa2\xd5\x80\xe0U\x81#-\
\x09\x04\x88\x9a~J\xc0\xad\xf4\xaa\xb4M~\x16E\xfd\
\x87|\xa9\xd6\xce\xcbgUU\xa1\xcaw\xb2MZO\
9\x06\xabl\xf1\x19\xcb\xcf8\xaf\xb4F\xb0O\x04\xe7\
\x04\x0e\xc0Y\xb0!\xdb\xe2\xf7\x0a~\x95\xbf\xb2\xcf\x9c\
w\xe5y\x9c+\x8d\x95\xb1cU%\xd3\xf2r\xce\x9b\
\x95\xbdz\x1f\xdf\xc7\xf9\xd5\xef||w \x00\xf0i\
7\xdaQ\xfb\xf9 Tb/\x1f:\xb9\xaaFvY\
[\xda'%@\x9f\xb0\xf6\xb5\xc3R\xb2\x1a\x17\xa0\x80\
\xc1.\xf4 4f\x89\x1f8[<\x12\x94-7i\
\xfdUV\xe0Z\xb3\x13\xfbM\xdf\x1c\xd3\xcdT\xeb\x1d\
\x04R\xac\xf0\xb6\xf3<\xc8\x7f\xae\xe0h\x90%\xc0\xba\
S|\xbe\xcdA\x97\x15\xfa*P\x19\x08\xc6\xc0/j\
.|\x07\x99\x1f\x99\x13\xdfc\x8f\xdf\xb5\xfd\xd5\xb5\xb7\
\x9f\xe9\xbc\xb1\x7f\xba\xc9-\xd0\xa4\x90#\x10\x89\xa2\xb3\
\x9a\x04\x14*\xd65\xe2\x1b?\xd0\x9f\x1e\xa6\xfd\x22\x13\
!#\xd4\xefHWZ.:\x9b\xcd\xba2\xb0\xcc\x18\
\xa9V\xab.\xe5O\xdb\xdf\xdf\xdfw\x9a4\xcb\xf6R\
\xf3\xab\xd5j\xa8V\xab\xe7\x82J\xad\xcb\x0c8\xd3\x9c\
\xa89\x92q\xb2HQ\xa9T\x1aH\x03\x83\xaeX,\
\x86\xdb\xb7ocqq\x11\xe3\xe3\xe3X^^F\xb5\
Z\xc5\xd1\xd1\x91\x8b\xf8\xdf\xdc\xdct\xda\x18\x8fE\xfe\
\xfe\xfb\xef\x1d\x80\xe1\xc1L\x0c\x0a\xe4\x1e\xd5T\xb0\xc3\
\xc3C\xa7m\xf3:::\xc2W_}\x85g\xcf\x9e\
9\xed\x15@_\xb5\xc9\x5c.\x87 \x08033\x83\
\x89\x89\x09\xb4Z-\x97k\x1fE\x91+\x06\xc4\xf5\xa1\
\xb0U!\x04\x9c\x09\x1c\xbb\xcfNOO\xb1\xb7\xb7\x87\
 \x08\x5c\x1a\xe6\xcc\xcc\x0cfff066\xe6\x84\
\xfc\xc1\xc1\x81\xcb\x9a`\xdc\x09O\x17$\xff!}1\
F \x8a\xce\xce\x18!(\xd1\xe8vj\xc0\xec\xbf*\
\x0d\xcch\x1a\x1a\x1ar\xe0B\x9f\xe5\x18\xf4DS\x15\
\xb0\xaa$h\x00 \xd7\x86t\xc6vT\xa8\xb1\x1d\xd2\
\x1bk\x10\xa8B\xa4\xfc\xdb\xc6\x91p\xcf\xa9B\xa6\xfc\
\x99s\x95J\xa5\x5c_\xe9\x0e M\x93\xb7qo)\
\xef\xd0 oU\xe0\xd8\x07}\xef\xa0\x80\x5c\xeb\xaeU\
\x1e\xe1\x8b\x8b\xd0\xef-\x88P\xeb\xca \xd9yy\xb5\
\x10\x9cg\x8a\xf6\xf3\xab\x00\x81\x8b\xda\xb4\x9f_\x04\x10\
|\xf7_\xc4\xe8-\x12$\x01p\x11\xa9\xf5\x00\xfd&\
%\xbb\x80\xb6M;\xf1z\x0f\x17@Q\x992P\xd5\
\x90\xf49MO\xd1K\xd3\x15I$D\xf1\xea_\xd6\
yP\xd3\xacO\x08i\x9f-\xf2\xe4\xf7>K\x835\
g\xab\x06\xa2c\xd3\xb9V\x8dAM\x97>\x0d\x97\x9f\
\x0f\x0f\x0f#\x97\xcb\xb9\xe8l\xad\x06HS$}y\
\x8c4'c\xd2\xd3\xdft\x0e9>\x05^\x17\xad\xad\
\x0f\xec\xe9\xbc\xd2\xcf^,\x16]:\x98jUz\xae\
\xbc\x05\x8f>\x00f7\xbb\x0a\x7fm\x83\xfd\xa7\xc9\x94\
\x02\x80\xe0\x90\x7f\x1f\x1f\x1f\xa3Z\xad\xbay\xd7\x9a\x0b\
\xcdf\x13\x1b\x1b\x1bx\xfb\xf6m\x9f\xb9\xba\xddn\xe3\
\xe0\xe0\xc0\x1d\x1b\xcb9\xb2\x19,\xbaG,8P\x10\
\xf1\xf2\xe5\xcb?\x0b\x00\xe8\xba=x\xf0\x00\x0f\x1e<\
\xc0\x97_~\x89G\x8f\x1eamm\x0d\x95J\xc5E\
\xc6\x13\xc4\xef\xef\xef\xbbS\xf4(\xbc4N\xc4\x0a\x18\
\x00\xd8\xdf\xdf\xc7o\x7f\xfb[\x8c\x8f\x8f\xbb@\xc2w\
\xef\xde\xe1?\xff\xf3?\xb1\xbe\xbe~\xce\x7f|||\
\x8cJ\xa5\x82\xa1\xa1!W\xd0hdd\x04o\xdf\xbe\
\xc5\xd0\xd0\x10\xae]\xbb\x86R\xa9\xe4h\x9e1\x0d\xcd\
f\xb3\xaf\x92\x1f\x85\x04i\xdf*\x1b\x14p\x07\x07\x07\
.\xb3dee\x057n\xdc\xc0\xd4\xd4\x94;3\x80\
B\x9d\xc1\x7fA\x108\xe1O\xcbM\x14E} H\
]D4e\xab\x95G\x0f\xe8b\xec\x02-\x1d\xa49\
\x02>\xbe\x9fcP\xbe\xa9\xfb_\xf7\x0c\xc7\xae`G\
\x05\xb1\xf2&u\x8f0x\x9a\xe3\xe6;\xd8W\xb6K\
\xab\x8a\x0a~\x0d\xa8U\x8d\xd9\xfeM\x9a\x8b\xc7\xe3}\
\xa9\xc5*g\xc8\xb3\x94\x1f[\xbe\xa7|\xd1Z%\xec\
gjeP\x17\x86O!P\xde\xe4\xe3\xf7\xd6\x0ap\
\x91\x8c\x8e\xa2\xe8|\x1a\xe0 a\xee\xfb\x5c\x99\xe8E\
 `\xd0\xb3\x97\xddo\xdb\xb7\x88\xe8*\x00\xc12v\
\xd5\xc6\xd5\xb7\xeakO\xcd9v\x91\xb5}\xb6\xebC\
d\xfc\xad\xa6'\xfdQ\x0dV\x99\x93\xd5\xe0u\x9d\xf4\
@\x1dV\x1d\xe43\xfa\x9c\x0a\x11\xfd~\xd0\x9a)\x03\
\xf2\x05\x8d\xa9UC\xdbR\xc1j\xb5yE\xf1\xd6g\
\x0c\xa0\x0f \x90\xf0i\xd2\xce\xe5r(\x95JH\xa7\
\xd3\x08\x82n\x0cD\xbb\xdd\xc6\xc6\xc6\x86\xcb\xfdg\xfe\
3\x19\x11\xfb\x09\xa0\xef\x5c\x00\xbb\x1ev\xbcvM}\
\x97\xdeK\xf3v\xa9T\xc2\xc4\xc4D\xdf\x11\xb6\xcdf\
\xd3\xa5\x02\xf2\xf8\xd5\xcb\xf6\x99\xd2\x0e\xdbW\xed\x8bs\
\xce9\xe4\xbcQ\xebg\xce:\x991\x00g\x06\xeet\
:.(\x8fBncc\x03\xcf\x9e=\xc3\xcb\x97/\
\xd1h4\x10E\x91\x03VL\xad\xd4\xbe\xd8\x8c\x18\x9d\
3j\x93Q\x149\xf3l\xbd^\xc7\xce\xce\x0eVV\
Vp\xfb\xf6m\xe4\xf3y\xef\x9c\x02\xdd\x93\xf3j\xb5\
\x9a\xb3\xa4d2\x19\xb7\x96z\xdd\xbd{\xd7\x99\xd8y\
lm\xa5R\xe9\xd3(y\xf9\xe8W\xc1\xa6\x02\xe8\xef\
\xbf\xff\x1e\xab\xab\xab\xee@\xa7Z\xad\x86\xdd\xdd\xdd>\
a\xcc\xf5\xe7:0#\x82\x81\x84+++\x98\x98\x98\
p@\xe2\xd6\xad[h4\x1aXZZB\xa3\xd1p\
n\x00\xd5$9\xb7J\xfb\xbc(\x089\xef\xb4hT\
*\x15w\x08\x10\x01H>\x9fG.\x97s){\x8c\
\xfa'\xd8\xe6\xdf\x00\xce)6vlJ\x8fV\xa1a\
\xff4\xf0\x93\xbc\x88\xe3\xd0\xd3\x1c\x15\x04\x90\x0f0e\
R-\x0d\x1aq\xcf\xfb4\xcb\x87\xcf+ \xe1}\xac\
)\xa0\xf3\xc6\xbe3\xbbH5rU\xca\xac\x96\xcc\xb5\
Q@\xa0k\xa4|[\xe9_\xd7\x8dkk\xf9\xce \
Y9H1\xb3\xfc\x81r\xc8\xf2*\xdfs>9\xc6\
5\xd6{\x09\x00\x02\x1d\xc0\xa0\x0e\x5cv]\x06\x1c~\
\xac\xe0\x1e\xd4\xc6\xa0w\x0ej[\x9f\xb5ffe\xb8\
\xbe\xbe\xda\x9fA\xc2d\xd0\xbb\xb9\xb15\x1f\x5cQ\xaf\
}\xb7\x12\xa5m\x9b\x1b\xa9\xd3\xe98\xf387\x08S\
\xcd|(\x95?V`_$\x8ct<\x1ahh5\
~\xa0?\xdd\xcf\x0a\x7f}\x87\x9a\xe8\x94\xa9\xfa\xe6_\
\xfb\x11\x8f\xc7]\x11\x19\x16\xb8a?\x08~:\x9dN\
\xdf\xb1\xc0\xfc\xa9V\xab\xe7NO\xf4\xcd\xf9\xa0\x0d\xa5\
\xe3\xd0=\x12\x86\xa1K\x9f*\x97\xcb\xc8\xe5r.\xaa\
\xbcZ\xad\xa2Z\xad\xba\x00@;O\x96>|\x80\x8d\
\xbf5&\x84\x0c\x8a\xdf1\xff|dd\x04\xc5b\x11\
\x13\x13\x13(\x16\x8b}\xc7\xaf\xd2\x12Q\xadV\x11\x86\
]\x9fw\xb1X\x04\x00\xbcz\xf5\x0a+++\xd8\xd8\
\xd8p\x82\x89&n\xf5U\xea;\x83\xe0,b\xda\xae\
\xb72Q\xa0[\xbevss\x13\xaf^\xbd\xc2\x8b\x17\
/\xf0\xe0\xc1\x03\xafP~\xf9\xf2%\xbe\xfe\xfak\xec\
\xed\xedajj\x0a\x00\xb0\xb7\xb7\x87V\xab\x85{\xf7\
\xee\xe1\xee\xdd\xbb.\x8b \x93\xc9\xe0\xfe\xfd\xfb\xb8\x7f\
\xff>n\xdc\xb8\x81\xb1\xb11\xfc\xc7\x7f\xfcG_ \
\x9fe\xda\xbe\xaa|6F\xa5\xd5jass\x13\xdb\
\xdb\xdb\xce\xc4\xadL\x5c\x83\xb4Z\xad\x16\xd2\xe9\xb4;\
\x9dS\x01\xcf\xa3G\x8f\x10\x8b\xc5p\xe3\xc6\x0d\x14\x0a\
\x05\xcc\xcf\xcf#\x0c\xbb\x85\x8aFFF\x9cuJ]\
%|\x17\x01\x97\xad{\xaf\x9a&y\xc9\xde\xde\x9e;\
\xbb\x81y\xfctEP1\xe0q\xc9\x0ctd\xff5\
\xbb&\x0c\xbb56H\x97'''899q\x87\
\xfe\x10\x940p\x91U\x009'\xcc\xcaQ\x1ei\xcd\
\xdf\x8c= ]2\x0e\x81B\xd6\xfa\xf2\x95\x8e,}\
\xf1o\xe0L\xd0s\x9f\x10\x04(`V\xb0\xc7\xfdF\
\xa0\xaa\x8a\x96Z\x07I#\xea\x1a\xd6}@\x80\xa3\xda\
\xbb\xf22\x8d!\xb0r\xd5'G\x06}\xa7\xa0\x81\xfd\
\xb0\x01\xc5\x0a`\x94\x9f\x0c\x02\x03:\xcf\xfc>\xae\xbe\
\x8fA\xccP/\x15P\x97]V0\xfeXPq\x95\
g.\x02\x05\xfc\xdf'\xac\xed\xdfvQt\x8c\x83\x90\
\x9b\xaf=_\x7f\xb9\x99T\xf0\x91\xd0\xed\xe7\x1a\xf4A\
\x84\xcb\xfb\xc9 h\xda$\xba\xa79\xdc\x0aU+\x8c\
/\x03^\x96\x90\xf4~\xb5\x0c\xf8\xc6n\x05\x85\xf5\xbb\
q<\xbey\xe5<p.8>\x9a*96\x06^\
\xed\xed\xed\xb9\xe03\xbe\x879\xec\xd4\x12FFF\xce\
\x9d\x0fn\xe7\x7f\x10m\xf9\x90;\x9f\xa5\xe6\x9f\xcb\xe5\
011\x81B\xa1\xe0\x04@\xb3\xd9\xc4\xee\xee.\xb6\
\xb6\xb6\xce\x99\xd0\xed\x9e\xb1k\xc2\xb9\xa5f\xaf\xe6@\
\xcbP\x99f\xc7\x13\xe8X\xcb\x9f\xa6\x7f\xfa_9\x96\
\xd3\xd3ST*\x15T*\x15'\xb0677Q\xa9\
T\xd0h4\x5c\x90\x1b\xab\x01\xaa\x89\xd3\xd2\x81\xae\xbf\
\xb5z)=\xb4\xdbm\xec\xee\xee\xe2\x87\x1f~p\xe7\
\xcb\xe7\xf3yWU\xae\xd1h\xa0Z\xad\xe2\x0f\x7f\xf8\
\x03j\xb5\x1a\xa6\xa7\xa7\x11E\x91;e\x0f\xe8\xfa\xdc\
\x17\x16\x16\xfa\xd2\x08y}\xf0\xc1\x07\xc8\xe5rX\x5c\
\x5c\xc4\xaf\x7f\xfdk\xfc\xf1\x8f\x7f\xc4\xce\xceNW\xab\
\xe9\xcd\x9f\xd6\x89\xe0\xa5\xc2E\xc7D\xbe\xa6\xc2B\xd7\
\x844\xc89/\x16\x8b\xa8V\xab\xce\x02\x15\x8f\xc7\xb1\
\xb9\xb9\x89o\xbe\xf9\x06\xc7\xc7\xc7\xb8q\xe3\x06\xd2\xe9\
4\xe6\xe6\xe6P(\x14\x5c)\xe2Z\xad\x86z\xbd\xde\
\xc7su\x0fh\x14\xbd\x9dW\xfa\xbcY|\xea\xe0\xe0\
\xc0\x01\x82\x83\x83\x03\x17o\xa1}\xe2\xd8\x08\x84Y\x9c\
\x88\xc2Q]#zL.\xdd\x1d\x9aM\x02\x9cE\xf4\
s\x9e9\x7f\xb46P\x80\xaapVANK\x8dj\
\xfa\xb4\x84\xaa\x8bT\x9fS\x00\xc4yS\xab\x13\xfbh\
-\xbb\xfc\x9e.\x02K\xcf|V\xf7\xb8U\x9a\xd4J\
\xcc\xfdO\xde\xadJ\x82\xba\xc3\xf8[\x81\xf1 Yh\
\x85\xb4\xf2\x07\xf2Q^j\x95\xb1\x82^\x7f\x93\x9e\x94\
v\xb4\x0f\xca\xd7\xe2a\x18\x06W\x15\xe8\x8aL~\xcc\
u\x99\x90\xf6\xbd\xe3\xcf\xb9\xecsJ<\x83\x84\x1a\xd0\
\x1f\xbd\xeckK\x17\xc22:\xbd\xc7\xfe\xe8{\xb8y\
U\xc3\xe3\xe7\xdcLV\xe0(\xcaS&\xc5\xef\x98\xd6\
\xa3\x95\xe8T\xd3\xb4\xcc\xc5\x82\x1c\xce\xd1\xa0y\xb0\x82\
P7\xa5\xad\x8a\xa5c\xd5M\xa9\xeb\xa0\x975\x9bi\
\xd0\x11\xdf\x05\xc0\x15\xa5\xa1\xbb\x83\x01v\xaa\xd1\xd0\xd7\
~||\xec\xcc\xc8\xb4\x92P\x0b\xf6\xf5\xd1G\xcb\xba\
!\xad\x80&8\x19\x1e\x1ev\x82\x80\x87\x13EQ\xe4\
N_\xabV\xab\x8e9[\xd3\xbf\xb6\xed\xa3\x19\x8e]\
\x0f+\xb1&\xe3d2\x89|>\x8f\xc9\xc9ILO\
O;\x93\xb8MMb\xbf5\x1d\x8c\x8c\x93\xa9~L\
\xad\xacV\xab\xe74\x7f\xdfz\xe9\xdap\x9d-\xf0#\
\xe3<88\xc0\xabW\xaf\x5c\xd4~\xb9\x5cvk\xb2\
\xbb\xbb\x8b\xb5\xb55\xac\xae\xae\xe2\xbd\xf7\xde\xc3\xcd\x9b\
7\x11\x86!\xea\xf5:NNN\xf0\xe1\x87\x1fb|\
|\x1c\xedv{` \xe1\xfc\xfc<\xe6\xe7\xe7q\xfd\
\xfaud\xb3Y|\xfe\xf9\xe7\xd8\xda\xdar\xeb\xa6t\
j\xe7Q\xd7Y-/v\x0cv\xfdx\x9e<\x05&\
\xe3\x888G\x9b\x9b\x9b\xe8t\xba\x01\x90\xac\xe4\x17\x8b\
\xc5P*\x95077\x87N\xa7\xe3\xfc\xfa\xa4g\xce\
%\xad/\x9cW\xad\x5c\xc7u\xe3\xb1\xbf\x8c\x87!\x0f\
\xa1\x1bekk\x0b\xe5r\xb9/\xa6\x81\xfdU\x1eA\
\x81\xcd\xeaw\xa4k\x00N\xa9P\x01\xad@\x9b\x82\x5c\
\x05\xa3\xf2-\x82\x05\x15\x8el\x8b\x00\x83\xc2\x9e@\x9e\
\xd6\x01\xb5 \xa8\xc6\x0e\xc0\x05\xe4\x11\xb4\xf0;\x15\xfe\
,n\x04\xa0\xcf\x02\x17EQ\xdf\x09\xab\x04\x22\x9c?\
u\x0bXM\x1a\xc09~\xc66\xad\xe2\xa6B_-\
\xaf\xba\xf7\xed\xf3\xbc_\xe9Sy\x84\xe5\x15l\xc3\xf2\
\x12\xee\xcf\x8b@\x82U\x84\xe2a\x18\x06\x7f\x8e\xc0\xfd\
s\x85\xf4E\xd7\x8f\xb1.\xd8\xbe\xf8\x847\x07\xea\x13\
\xfc$`5\xf3\xe8$\xd9I\xf7i\x8e\x16\xcd\xe9\xb3\
\xfaN5\xbb\xd1gF\xe2P\xedN\x83eTh\x92\
\x98\xb4\x0f\x00\x90L&\x9dI\x97\xd6\x00\xfb\x1c\x09W\
5r\xdf\xbc\xa9\xe6c\xc7eM\xfb\xaa\xfd\xe9\x18U\
k\xd1\x02\x19\xcaH\xb9Q\xeczp^\xd9g\xfa\xa2\
y\x14j\xbb\xdd-p\xc2\x8ah4\xa7\xf2\xd4=\x0a\
?\xfaA\xe3\xf18\xb2\xd9\xac\x1b\xf7E\xae\x00\xbb\xae\
:\xcf\xf6\x19\x05@\xd4\xb4\xe9\x8e cg \xa0\x9a\
\x07\xad\xef\xd5\xd2\x9c\xed\x97\x0a%e\x0c\x0c\xfa+\x14\
\x0a\x98\x9b\x9b\xc3\xec\xec,\xd2\xe9\xb4+\xab\xac\xdaP\
\x14E\xae\x88\x8bf&0v\x81\x91\xe3GGG\xce\
\x8cn\xb5$\xa5%\xb50Y\xa6\xa6\xf3\x08\xc0\xa5\xa0\
\xd1\xfc\xcc\xb3\xeay\xea\x1b}\xe7L\xc3\x8b\xa2\x08\xf9\
|\x1e\xf9|\x1e\x0b\x0b\x0bx\xf0\xe0\x01n\xdd\xba\x85\
x<\x8eJ\xa5\x82o\xbf\xfd\x16\xbf\xfa\xd5\xaf\xe0\xbb\
>\xfd\xf4S\xe7[\xfe\xe2\x8b/\xb0\xb6\xb6v\xae<\
\xb4j\xa0\x96)[\xe0\xacc\xd4{\xb9\xce\x04T\xac\
[\xc0X\x0b\x0a\x93\xad\xad-4\x1a\x0dw\x98P\xa9\
T\xc2\xe4\xe4$FGG\x91\xc9d\x9c\xa5hgg\
\xc7Y*X\xdb\x83\xff\x93\xd6\xc30\xec\xabQO\xed\
\x7foo\xcf\xb9\x03\xb52\xe6\xce\xce\x8e\x0b\x1a\xe4;\
Y\x14(\x8a\xa2\xbe\xfa\x00\xd4\xecIs\xb4\x0e\xd9\xd8\
\x19-\xf7{|||\x8e?\xd9\xcb\x82k\xcd\x80\xb0\
\xa7v*\x0f\xb4G\xa0\xdb{\x14\x84p]\xc8\xb7|\
\xbc\x93\xf3\xa3`\xda\x82U\x95\x0fj)$M(\xcd\
\x13\x9c\xa8\xf5D\xef\xb5\x00A\xe5\x10\xe7\xd3\x82%\xdd\
\xf3\x1c\xeb\xa0{|\x02\x7f\x90f\xcfw\xf2\xd2\xfei\
{\xf1\x8b\x16\xf2\xa2\xcb\xf7\x8cEMz\x9fe\x14W\
m\xf3\xaa\xcf\x0cz\xd6j\xee$\x00\x8d\xae\xb6\xbem\
\xdbWkF\xb7Z\xa1o\x0eU\x9b\xd3\xe7\xed=D\
\xae6(\x91\xdf\xa9\x00Q\xf3+7\x0b\x83`\xd4\xe7\
\xac\x84\xa2\x1bF\xfbhM\xf1\x17\x09\x22\xdd4v\x83\
i\x10\x8fn|5\x89Ys\x98\xce\xb5\x0f\xd9rM\
\x98\x87\xcd\xf6\x98\xf3?66\x86\x5c.\xe7\xfc\x9b\xbb\
\xbb\xbbNx%\x12\x09g\x0a'\xd3\xd1\x18\x09\x1d\x9b\
E\xc5\xfa\x9d\xbd\xb8\x96L\xa7\xa3VEp\xb1\xb3\xb3\
\xe3\x8e\xbe\xe5Z\xd9\xf7Y\xc6h\xe7Z\xbf\xe3\x1aS\
\xa8\x90\xd9\xd0\xb2\xc1\xe0\xc3\x89\x89\x09\xa79\x13t\xa9\
\x06\x02t5'\xe6\xc1OOO\xe3\xa3\x8f>\xc2\xdc\
\xdc\x1c\xaa\xd5\xaa\x0b\xa2k4\x1a\xd8\xdc\xdct\xda\x9f\
5\x9d\xab\x00e\xdb\xaa\xe1\xf03j\x96\xfc\x8c\xa6d\
\xd2'\x85\x18\x05\x01\xb5\xc3V\xab\x0b\xf7\x86\x0a\x00\x00\
 \x00IDAT\xe5\x80\xcd\x07\x1f|\x80\x8f>\xfa\
\x08\xa3\xa3\xa38::\xc2\x9b7o\xf0\xaf\xff\xfa\xaf\
899\xc1\xc4\xc4\x04\xee\xdc\xb9s.H\xf0\xce\x9d\
;\xf8\xa7\x7f\xfa'\xdc\xbcy\x13\xbf\xfe\xf5\xaf\xf1\xe8\
\xd1#\xec\xef\xef\x9f\xa3[\xf5\x17\xeb\xd8\xd8o5_\
\xab6\xca\xc0T\xd6\xd9\xdf\xdb\xdb\xc3\xf2\xf22~\xf8\
\xe1\x07\xbc{\xf7\xae/\xb8\x0c\x80\x03V\x8c\xa0\xdf\xdc\
\xdc\xc4\xe1\xe1\xa1\xabbH\xda\xa6\xe0'@\xa3\x9f\x9f\
\x15\xfc,\x18L$\x12\xc8f\xb3\xc8d2\xa8\xd7\xeb\
h4\x1ah4\x1a\xae\x82\x1d\x01\xe8\xc1\xc1\x01\x80\xae\
\xf0.\x14\x0a.\x82\x9e\xfc\x82\xedia-\xeec\xba\
\x85\xe8Bc=\x0b=\xfa\x9a\x00\x98\xe9plO}\
\xe4\x14fT\x80T\x11\xb2\x00,\x8a\xa2s\xf5&\xb8\
\xef\xb5-\xe0L\xdb\xd6\xf9Q\xde\xa2\xfb\x9a\xf3\xc9{\
\x14\xb4\xeb\x1ak\x7fT\xb8k\xfb\xba\xa79\xb7\xca\xc7\
T\x99\xd46\x07\xedy\xbd\xcf\xa7\xf8\xaa\xccP\xf3\xbf\
O\xa6Z\xab\x8c>\xc3\xb6\xac\x02\x09\x00\xf1\xa0{\xb9\
\x0f|Z\xad\xaf\xe3\xf6\xf21\xb7?G\xa0\xdb\xb6.\
\x03\x0e\xbe\xc9\xf5\x09r\x15DV(\xab9\xc8\xf6]\
'\xdb77\xca\xb8\xadV\x0b\xf8O\x81\xe2\xfbl\x90\
\x97\x05\x00\xfaN\x0aZ\xf5\x11sQ)\x94\x88\xec\x95\
)[?\xbc\xed\xb7\x0a?;o\xea\x0f\xb3\x04\xca\xfe\
hU\xb0Ak\xa3?4\x97\xaaF\xac\x00J7\x1c\
\xb5\xc8x<\xee\xb4\x9at:\x8d\x91\x91\x11W\x97}\
vv\x16{{{\xa8T*\xa8V\xabn\xad9\xb7\
\xcc\x91\xbf\xcc\x02\xa0\x97\xa5ee\x04LC\xa2\xb9\x92\
%X\xeb\xf5\xba\xf3\xef*\xf3\xd0\x0dl\xe7F\xff\xb6\
\xd6\x15\xae1p\xa6\x81\x91a3R>\x97\xcb!\x9f\
\xcf\xf7iF\xea\xb7\xe5<\x9e\x9c\x9c\xe0\xe0\xe0\x00\xc3\
\xc3\xc3X\x5c\x5c\xc4\xa7\x9f~\x8a\xf1\xf1qloo\
c{{\xdb\x01\x88\xc3\xc3C\xf7\xbfj\x18\xa4\x052\
Nez\xbcG\xfb\xae\x9fq\xad)\xdc\xc8\xa8\xacK\
\x8cEyfff\xf0\xb3\x9f\xfd\x0c\xe3\xe3\xe3h6\
\x9bx\xfd\xfa5\xfe\xfb\xbf\xff\x1b\xcf\x9f?\xc7\xbf\xfc\
\xcb\xbf`zz\x1a\x9f}\xf6\x99\xab\x11022\xe2\
h\xe5\xf6\xed\xdb\x98\x9c\x9ctQ\xf1\x7f\xfa\xd3\x9f\xdc\
\xa1L\xd4\x06U\xa8p]\xd4\xbaEf\xac{S\x81\
|,\xd6=\xd5noo\x0f\xef\xde\xbd\xc3\xd2\xd2\x12\
j\xb5Z\xdf^RM\xab\xdd\xee\xd6\xdf\xafV\xab\xd8\
\xde\xdevn#\x1e\xba\xc3\xb5\xa3e\x81k\x9dL&\
Q\xab\xd5\xfahA\x0b=\x0d\x0f\x0f#\x93\xc9`\x7f\
\x7f\x1f\xd9l\xd6\x09j\x9e\xe9@\xba\xa2\x8b\xc1F\xd0\
S\x98\xa9u\x90\x96\x19\xa6\x81\x12@\xdbx\x80 \x08\
\x1c\xe0\xa0v\xad\xeb\xae\xda\xba\x82P\x9f\x00\xb2{\xce\
~\xa6<W-:Z\x9f\xc2\xeeY\xa5=\xeb\xb6\x88\
\xa2\xc8\x81=\xeea\xab\x1d[\x9a\xf6\x81\x00k1\xb5\
\xfcD\x05\xb6\xbe\xd3\x8e\xcd\xca\x19\xdb\xbe\x15\xf6>\xc5\
M\xe7\x85\x97\xca\x8fA2=\x08\x82\xc1\x16\x80\xcb>\
\xf3i\xb3?\xe6\x7f\xdb\xc9A\xc0\xe12\x10\xf1c\x80\
\x8a\x15\xd0\xba\x88\xf6{\xed\xdf\xa0\xf6\xad\x1f\x86\x9f[\
\x81\xaa>-\x12\xaf\x8f\xb0) \x95xu\x13)\xe2\
\xe5bkF\x80\xa6\xd5XS\xbb%$\xab}s\xe3\
X\xad\x83\x80C\x99\xb9j\xfe\x97\x014\xed\x83\x15\x82\
v\x03(3V\x0d\x80\xbeQ\x060\x15\x0a\x05\x17\x88\
\xc5*r\x85B\x01\x1b\x1b\x1b\xd8\xde\xdev\xe0\x8a\xf3\
I\xc6\xa7\xa6E\x0b\x10u~tmu~T\xeb\xa5\
6C\xe6\xa8\xb4\xa4\xe6>\x9f\xb0\xb4td\xe9&\x08\
\xce|\xfd\x14n\xa7\xa7\xa7n\xec\xf4\xef2\x98\x8b\xcc\
]5wMW\xa3+\xe5\xce\x9d;\xf8\xf0\xc3\x0fQ\
(\x14\x00\xc0\x15X\xda\xde\xdev\xcf\xb30\x8c\xf5_\
Z\xa0f\xfd\xe9\x0a\x12\xed\xb89W\xa4W\xce\xd3\xe9\
\xe9)\xd2\xe9\xb4\xbb/\x1e\x8f\xe3\xc6\x8d\x1b\xc8\xe7\xf3\
h6\x9bx\xf1\xe2\x05\xfe\xf8\xc7?\xe2\xdbo\xbfu\
\x02\xf4\xe5\xcb\x97x\xf2\xe4\x09>\xfe\xf8c\xfc\xc3?\
\xfc\x03>\xfa\xe8#d\xb3Y7G\x00p\xff\xfe}\
w4\xeew\xdf}\x87\xb5\xb5\xb5\xber\xbf>\xc0K\
\x80@\x1a\xe7\x8f\x02 \xfa\xf6\xf7\xf7\xf7Q,\x16\x11\
E\x913o[zV\xcb\x03\xfb\xf6\xee\xdd;ll\
l\xf4i\xacV\x09\xd1\xf7\xf1Xb\xba7\x14\xe4\xd3\
\x95\xd2j\xb5\x9c5\x8a\x05\xc2\xd8\x1f\x8e\x87q0\x8c\
\xf0g\x8c\x0c\xf7;\x81\x07\xdd@z\xd4/\xdb\xa2\xab\
\xc0\x0a&\xfb\x99\x8eM\x85\x99\xbd\xdf\xf2\xbdA\xc2_\
\x81\xb4OAa{\x14\xf2\xfa\xbc\x82\x03\x8e\x93\xf7\xd1\
Ef\xb3\xb3\xb8\xb7UY\xb1\xa6}\x0dV&xP\
\x97\x1f\x9f\xb5\x02\xdf\xe7\x82\xb2\xf2\x82\x7f\xf3^\xbb\x97\
t\xfet\xbe\x15\x0c\xa8\x5cb\xbb\xbaf\xfc;\x8a\xa2\
\xf31\x00\x97\x09\x5c\xdf\xe4^\xe5\x19\xdf\xe5{\xaf\x05\
\x19Vp\xf9\x84\xb2\xef\x1e\x8b6\xad\xb0\xd3\x8d\xe7\xf3\
\xdd\xf84\x1a\x9f\xc0\xb0\xc4{\xd9\x5cR\x8b#\xf1j\
\xc4\xb7\x8d\x84UA\xcc\xb1\x90\xd8\x89\xbc)\x94\x14\x8d\
\xdb`.\xbbF:\x0e\x0b\x00\xad\x95D\xad\x0d\xca\x18\
\xad\xf0\x1f4VmO\x85\x8a\x0a\x02\xdeK\xb3\x22\x8b\
\xd9d2\x19\xc4b1'\x98\x98\x9f\xce\xb3\xd8\xcb\xe5\
2\xc6\xc6\xc6\x9cYv||\x1c\xa9T\xca\x9d1\xaf\
\xeb\xa3\xa0\xc9\xd2\x90\xd2\xf3\xa05%\x83M\xa5R\x08\
\xc3\xd0\x99\xb4i\x05`\xce\xbf\xd2\x89\x8f\xa9Y\xba\xf1\
\xbd\x8b\xef\xa3yV\x03\x0f\x17\x16\x16\xb0\xb8\xb8\xe8\x02\
\xea8o\xc9d\xd2\x09Y\x8d\xe8\xaf\xd7\xebH$\x12\
\xb8w\xef\x1e~\xfe\xf3\x9fc~~\xde\x05I\x91\x06\
\x99\xb9@\xdf\xb3\xcfO\xaeL\x9e\xcf\xa9kG\xa3\xc0\
\x15\xf0\xf2\xb7\xd2.\x85f6\x9b\xc5\xb5k\xd7p\xff\
\xfe}|\xf8\xe1\x87\x98\x9d\x9dE\xb1X\xc4\xfe\xfe>\
\x9e={\x86\xcf?\xff\x1c_~\xf9%\xde\xbe}\xeb\
\xe2\x17Z\xad\x16VWW]l\xc3\xd6\xd6\x16\x1e<\
x\x80l6\xdb\xe7?\x9f\x9f\x9f\xc7\xdf\xfe\xed\xdfb\
zz\x1a_~\xf9%\x9e?\x7f\xee\xdc\x1b\xec\xbb\x1d\
\xa7\xcf\x84\xca\xfdD\x8d\x91\x15\x16\x01\xb8\xc3itm\
\x95g\xa8\xb9Y\x95\x01\x15dV\x80\xea\xda3\xe3\xa4\
P(\xb85\xe6~\xd5c\xa8\x01\xf4\xd1f2\x99t\
g7\xd0\x8aF\x00\xad\xfc\x87\xc0\x84\xee\x0a\xbae\xd8\
\x1e\xd7R\xf9\x91*\x05\x9c\x07\xee\x03\xfe\xcf\xbe\x11\xfc\
\xe8\x09\x95l\xdf\x9a\xf6\xed\xbeP\x81\xa6{\x83s\xad\
Y*\x00\xfa\x00\xbe\xad\xd2g\x85\xac\xba!)d\xb5\
N\x82\xdd\x93V\xdeXk\x91\xf6\xcf\xee\x1b\x9f\xfc\xb1\
\xfbC\x05\xbb\xed\xaf\xce\x85\x02\x1e\x9d\x0f\xed\x97u\xdd\
)=\xda\xcf\x01\x5c\x1e\x03\xa0\x93l\xff\xb6\x8d\x0dz\
\x89e\xb6\x83\x98\xdeE\xcf\xfa\xd0\x8b\xefs\xddD\xbe\
v\xb5\x1f\xbe\xfe\xdb\xc9\xd7\x9fA\xa6n\xc0o\x8a\xb2\
D\xa4\x84G\xe1\xcf\x8dn\x89@Q4/\x8d\xbc\xb7\
>\xaad2\xe9L\x81\x0c\x06\xb3\xa9\x5c>\x01\xa4L\
\x9c\x9fS`\x13\x90psiD\xb0%n\xbbf\xba\
\x91U\xc8\xdb\xb9R\x13+}\xec\xcceV\x82\xa7&\
\xcbx\x07\x96A\xadV\xab.\x0d.\x9f\xcf\xa3T*\
\xb9\xd2\xa9\xb5Z\xcd\x99S5\xb7\xd9\xae\xf3 @i\
?S\x10\xc3\xc0\xc30\x0c\x1d\xc3\x1bd\xd9\xd19Q\
\x10b/\x15\x12\xcc\xc9&}\x84a\x88R\xa9\x84\x85\
\x85\x05\xdc\xbbw\x0f\xc5b\xb1O\x83\x0b\x82\xc0\x15X\
Q\xfa\x88\xc5b\xb8v\xed\x1a~\xf1\x8b_`aa\
\xa1\x8f\x9e\xa8\xb90\xb5\xd2\x16-\xe2\xf3d\x92\xc0\x99\
&\xcc\xe7\xed\xdc)}s}u\x5c\xa4\xe9R\xa9\x84\
\x9f\xfe\xf4\xa7\xf8\xe8\xa3\x8fp\xe3\xc6\x0dLLL \
\x8a\xba\xa7\xdd\xad\xac\xac\xe0\x8b/\xbe\xc07\xdf|\xe3\
|\xe7J7A\x10\xa0V\xab\xe1\xcb/\xbf\xc4\xfa\xfa\
:\x1e?~\x8c\xbbw\xef\xe2\x93O>A\xb9\x5cv\
\xe7D\x94J%\x07\x12\xef\xde\xbd\x8b\xdd\xdd],-\
-a}}\xbd/fB\xfb\xaa\x80[i\x18\x80\xd3\
\xb8\xd9\x9fN\xa7\xe3\xe2\x16H\x97\xba\xf6J\xd3j\xd5\
\xf2i\xd1\x14B\x9c\x9f\x91\x91\x11W\x08\x8b\x81\xad\xbc\
FFF\x1c\x08g?\x18_qzz\x8a\xe1\xe1\xe1\
>\xc1\xab\xfe\xfcF\xa3\xe1JB\xd3_\xafu\x01\x08\
j(H9n\xf6\x93\xf4\xc8\x0c$\xc6\x14\xf0Y\x0a\
!\xba\x22\xe8\xfe\xa1;A\xffV%\xc2Z\xcd\x18\xf4\
\xcb\xef\x198\xa8\x9a\xbe\xf2H\xe5c\x16P\xd8\x8b\xeb\
b\x03\xb0\xed\xbd\x0a\x22\xec>\xe5\xde\xe0\x18\x08 t\
\xbex/iWy\x9dZ[}\xc2^\xc1\x85\xcf\xec\
\x7f\x99<\xd4{\xd4\x12A\xfaS\x00\x10\xe8\x97\xbe\xcb\
7\x99\xdaY\xfb\xdcE\x9a\xe1\xa0\xff\xedf\xf3\xbdg\
\xd0\x80\xad\xe0\xb7\xa8\xcc\xf6m\x10\xc3\xd76|\xdf\xf9\
|E\x17\x01\x09\xbd\xd4w\xc6\x0dC\x01KBR\xd3\
\x93\x9a\xd2Tx\xf0sM\xa7\xa1\x90\xced2n\x93\
Q\xd3\x194\xa7\xbe\xf9\xe2g\x1a\x98\xc8\xbe\xb3\xdf\x17\
i\xb8\xb6}\xce\x8f\x82\x06\x0dl\xb4\xf7\xab\xa5\x80\x9b\
\x84\x0c\x97Z\x0c\xe7\x9f\xe6n\xfdnxx\x18\xa5R\
\xc9\x95\xe6e\x80 #\xa5\x19\xe4d\x83w|\xf4m\
\x81\x9c\x02/5\xfdQP[\xf4n\xe7\xdeG\xf7>\
0\x19Eg)\xa3<\xa4%\x0cC\x17\xf87::\
\xea\x02\x00\xe9\xb3o6\x9b\x8enx\x84.\x19\xfc\xf0\
\xf00n\xde\xbc\x89\xb9\xb9\xb9>\xe1\x0ft\xcfM`\
0\x1b\x01\x80j\xbddBd\xc4J\x8fjz\x04\xce\
*\xaci\xf0\xa7\x15\xae@\xd7\xed0>>\x8e\x9b7\
o\xe2\x97\xbf\xfc%\xde\x7f\xff}DQ7N\xa1Z\
\xad\xe2\xf1\xe3\xc7\xf8\xfd\xef\x7f\x8f\x17/^\xf4\x1d\xa6\
c\xb3(\x98\x1e\xca\xfe\xbf|\xf9\x12\xbb\xbb\xbbX\x5c\
\x5cD\xa1Pp\x80\xb0X,\xe2\xee\xdd\xbbX\x5c\x5c\
D\xa3\xd1\xc0\xeb\xd7\xaf\xf1\xe2\xc5\x0b\xac\xad\xad\xb9\xe2\
?\x1a\xf5\xee\xe3-\xa4\xd7\xc3\xc3Cg-\x99\x98\x98\
@\x22\x91\xc0\xcc\xcc\x0c\xea\xf5z\x9f\x05\x88\xeb\xa8\xa0\
B\xb5F\xad\xea\x18\x04\xfd\x81\xab\xdc\x7f\x99L\x06\x85\
B\x01\xb9\x5c\xce\x09M\xf6\x8b.\xb1f\xb3\xe9R`\
\x83 p\xc5\x86\xb8v\xdc\x17\x0c\x16\xa4klww\
\xb7o}\xd87\x0a\x7f\x8eAA\x85\xe5K\x9c\x1b\x9a\
\xba\xf5\xff0\x0c\xfb\x00w\x18\x86\x8e\xb62\x99\x8c\x03\
\xcfj\x15\xd2\xb8\x15\xfe\xad1\x1b\x04\xd8\x1a\x88\xa7\xd6\
[\x9ds\xbb\xcf\xeco\xcd\xe5Wel\x10p\xd0u\
T\xfa`_\xad\x0c\xd4\xb9\xbd\x8c\xff*\x9f\xf4\xc9\x17\
\xde\xafV\x05\xab\xb0\xe9|h{v\x0e\xf4\xddn.\
\xaeb\x01\xf0u\xde\xf7\xdd\xa0\x0e\xfb:q\xd5\xf7\x01\
\xfe2\xaaV0\xeb&\xd3M;\xc8\xe7\xc2\xff\xd5,\
m\x05\xa2\xd5d\x06\xcd\xc7e}\xb5\xf3b\x85\xa8\xef\
G7\x9a\x82\x01~o}\x86\x1c\x8b\x9a\xf8.\x12\xd6\
v\xdeT\xc3S4L!G\x01j\xd1\xa4\x8f\xe0\xf4\
}\xf6\x1e\x8b\xd0\xf9\xb7\xba\x0a\xd4\x95\xd1h4pp\
p\xe0\x82\xf88v\xf5\xbb\x91\x810Enll\x0c\
\xd9l\x16\xc5b\x11SSS(\x16\x8b\x08\xc3\xd0\x1d\
\x18\x03\x9c\x8f\xd2\xb5s\xa4\x01\x99:/\xbe\x00R\xb5\
,X&\xa1\xed\xfa\xac0>p\xcb1\xd2d\x9aH\
$P.\x97133\x83|>\xdfg\x1d`@\x19\
\x19&\xd7\x91A\x89\x85B\xc1\x09+{\xbd{\xf7\x0e\
\xcf\x9f?w\xe5\x80\xad/T\xe7GM\xa6\x00\xfa4\
\x1e\x0b\x0e8.\xbb'\x0b\x85\x02n\xdf\xbe\xedL\xfe\
333.\x22\xbeV\xabayy\x19\xdf~\xfb-\
\x9e<y\xd2\xa7M'\x12\x09\xa7\xc1*\xadq_\x1c\
\x1e\x1e\xe2\xd9\xb3g\xd8\xdd\xdd\xc5\xd8\xd8\x18\xc6\xc6\xc6\
p\xe7\xce\x1d\xdc\xbcy\x13\xb9\x5c\x0e\xb1X\xcc\x09\xd4\
R\xa9\x84;w\xee`ss\x13/^\xbc\xc0\xb3g\
\xcf\xb0\xb5\xb5\xe5\xb2$H\x17\xbe\xe2h\xb4D1\x05\
\xb0P(\xe0\xda\xb5k.>A\xcd\xed\xd4\x8ci\xf2\
V\xe0\xa4\xa9\xaa\x89D\xc2\x01\x15\x16\xb2\x22\xd0\x04\xe0\
\x5c9\x5cc\x0d\xc8c\xe0&S^\xb9w\xa2(r\
\xc5\xc1\x98%\xa09\xf4\xcaW\xac\x10T\x1a%o\xe4\
:\xaab@+\x08/Z\x004;I\x01\x8f}\xaf\
}\xb7\xdd#\x9c\xb3 \x08\xfa\xd2j\xed^\xb9\x88\xdf\
\xfa\x84)\xfbc-2L-\x06\xd0\xb7\xc7\xad\xc5S\
\xf93\xe7\xc8\xca\x18\x0b\x00t\x9cJS\x16D\xb3\xff\
\xfa\x1e~o\x15\x12\x1fX\xd5\xe7u\xbc\x96G\xeb\x1c\
\xf5e\x01\xf8\x1a\xbc\xea\xf5c\xef\xb7\xcf\xfa\xb4\xa1A\
m\xfb\xc0\x84\x0fU\x0dj{\x10\xca\xd3vTH\x11\
\x01\xfb&S\xdb\xb1\x8b\xa4\xdf\xebg\xf4\x83\xd2Gg\
\x89V\xcb\xad*\xea\xb6(P5f2\x96\x5c.\xe7\
6:OC\x1b\xa4\xddh[j\x8d\xd0\x8dKs\x9d\
\x0f\xb4\xd8\xbf\x07mD~g\xfdn*\xfc55\x93\
\xda\x0bk\x01\x0c\xaa\xe9\xcf\xb1\x1d\x1f\x1f\xa3V\xab\xe1\
\xcd\x9b7\xce\x979==\xed\x82\x04y\x84j\x22\x91\
\xc0\xeb\xd7\xaf\xb1\xb3\xb3s\x0e\xc8\xd8u\xb2\xee\x132\
W\xad\xe1@\xe1D&\xe1\xf3\xe1\xa9\x16\xec\x9b\x97A\
\xeff\x8a\x15K\xbdNLL`jj\x0a\xd3\xd3\xd3\
\xc8\xe7\xf3nM\x18+AS\xae\xce[\xb3\xd9D\xb9\
\x5cv\x05^x\x1d\x1e\x1ebee\x05\x9f\x7f\xfe9\
\x9e={\x86\xb5\xb55whM\xa7sVTE\xcd\
\xae\x0a\xdc,\xd3V\xbf\xa32x\x00}\xc2\xf7/\xff\
\xf2/\xf1\xf3\x9f\xff\x1c\xd7\xae]\xc3\xf8\xf88NO\
O]\xe0\xe6\x9b7o\xf0\xe4\xc9\x13,--9\xba\
e\xdbVC\xe4{\x08BhAX]]\xc5\xe6\xe6\
&\x86\x87\x87\xb1\xbc\xbc\x8c\x89\x89\x09\xcc\xcf\xcf\xe3\xce\
\x9d;\xb8w\xef\x1e\x0a\x85\x02\x8e\x8e\x8e\x90\xcf\xe71\
::\x8a\xc9\xc9I\xdc\xb9s\x07{{{\xd8\xda\xda\
\xc2\xd6\xd6\x16677]6\x07\xe9\x8a\xe3Q\xcbL\
,\x16C>\x9fG\x10\x04\xee\x94\xc2L&\xe3\x02\xe9\
hmb\xec\x00\x0f\x08\xe2I\x8d\x9ck\x9ey\x91N\
\xa7\x1d0h6\x9bh6\x9b\xceM\xc1\xac\x03\xc6\x9d\
p]\xb8/\xe8*\x18\x1d\x1du\xda\xb2\xeew\xd2o\
<\x1e\xf7\xc6\xf1po\xd1j\xc8\x8b&}\xd2\x04\xc7\
\xa3)}\x0a\xe4\x95\x7fpm| \x83\xfb\x82|J\
\x7f\xfb\xdcJ\x1c\xb3\x15~\x97]\x83\xee\xd1}J\x9a\
&H\xa1\x95\x8c\xbf}>u\xb5B(=\xda\xbd\xc2\
v|\x02\xd8Z1\xf43\xf2s\x05\x16\x0a*l\x7f\
\x06)\x1c\xfa\xbd\xf2#\xbd\xe2\xd6$k\x85\x97\x9d\xec\
\x8b&\xdf'\x08\xaez\xf9\x84\xfaE\x83\xba\xe8y^\
:.\x9d<5\xd3\x0d\x02\x03\xba(>\xa1\xa9\xef\xb5\
m\xf8P\xaa>\xab\x04\xef\xeb??W\x22\xe2\xb3J\
\x10V\x88R\x883\xc5HSO\xac\x05C\x9f\xa7\xa0\
Q\xc2\xd3C=\xac\xc6\xa5s`\xc1\x8fo\xedu\xcc\
\x0a\xb0T\xf0\xab\xf6I\xb3?\x83\xb6t\xdcv\xaex\
\x9d\x9c\x9c`ww\xd7\xa1{\x02\xa0\xd1\xd1Q\xa4R\
)'p\xe82`\x0a\x96]G\x1f\xb0\xe1\x1cq\xaf\
\xd8\xf5T\x1f\xa4\xae\x9d\xce\xd5E{\x86\xed\xe9<\xa4\
R)\xe4\xf3y'\xc0n\xdc\xb8\x81\xf9\xf9y\x94\xcb\
e\x00p\xb9\xdad\xd2\x0c\x8a\xdb\xd9\xd9A\xadVC\
\xb3\xd9D2\x99\xc4\xc4\xc4\x04FFF\xdc\xfb\x8e\x8e\
\x8e\xf0\xe2\xc5\x0b\xfc\xe67\xbf\xc1\xff\xfc\xcf\xff`{\
{\xdb\x9d\x06hA\xa1jB\xec\xab\xc6\x00X:\xe0\
\x98I\x8b\xbc\x0a\x85\x02\xee\xdc\xb9\x83\xbf\xf9\x9b\xbf\xc1\
'\x9f|\x820\x0c]\xff\xf7\xf6\xf6\xf0\xf2\xe5K\xbc\
y\xf3\xc6\xd5! #U_\xa9\x87q\xf5\x05n\xa9\
\xd9\xfa\xf4\xf4\x14\xaf_\xbf\xc6\xd2\xd2\x12^\xbe|\x89\
\xb5\xb55\xd4j5\xcc\xcc\xcc \x95Jabb\x02\
\xf1x\x1c\xd3\xd3\xd3\x98\x9a\x9aB\x14E.\xado}\
}\xdd\x81\xc8z\xbd\xeeNKd\xe5>\xe6\xeck1\
\xa5\x1b7n \x91H`rr\xd2\xddK-\x9d\xf1\
,L\xe3\xcbd2.\xf6\x87sGs9\x9fa \
,\x0b\xfe\xec\xed\xeda{{\xdb\x09\x5c\xd5:s\xb9\
\x1c\xca\xe5\xb2+\x01\x5c\xab\xd5\x1c\x8d3\x9a\x1f\xe8\x17\
h\x83\x04\xe9\xa0\xffU\xdb\xe5\xe7\xe4\x11v\xfd}\xee\
=\xaeM,vv~\x80Z\x14Up\xeaE\x1aP\
\xcb\xcf \x99`\x9f\xb5\xbc\xdd\x07,\xb4\x0d_EV\
\x9d#\x8e\x8b\xbfUq\xb3\x9a\xbf\x82e\x05\xc9\x83\xf8\
\x98Oi\xb4c\xb0ks\x15\x19\xe8\xbb_\x7f\xf7\xc6\
\x1bw\xa5\x80}\xa6\x07\xab\xe1\xf9:zQ\xa7.\xd2\
\x0a}\x83\xbd\x0a\xb2\xd3\xf6|\xcf\xa8\x90\xe1\xff\xd67\
\xd7n\xb7\x81(\x02\xa4\x8d>\x82\xeat\xd0\x89\x06\xbb\
\x0e\xec\xfd\xbe\xff\xdd\xe7\x00\x02\x19c\xd8\xfb\xac\xd3n\
\xe3\xb4\xd5B\xd8\xdb\x5c1!2\xc7x\xa3\x08 \xa2\
T@\x12E\xe8\xb4\xdb\x08\x00\x9c\xf6\x087\x16\x8f#\
\xec\xb5?\x14\x8f#\x1e\x8b\xa1\x13\x8b\xa1\xdd{\xbf^\
a\x18\x22\x10\xb3\xde\xd0P\x5c4\x84S\xf7\x13E\x1d\
\x00\x11\x80~\xda\xb8\x0a\x0d\x9c\x17\xa6\x11:\x9d6:\
\x9d\x10\xdd\x93\xa8#\x84a\x80X\x18\xba99m\x9f\
\xe2\xf0\xb0\xe9\x8e\x1f\xe5\xfb\x83`\xb0\x85\xaa\xfb\x1d\x5c\
?[''8\xd8\xdf\xc7\xf1\xd1\x11\x9a\x8d\x06&'\
'\x90N\xa7Q,\x14059\x89\xfd\xbd=\xb4Z\
'\xe7\x18X\xa0\xb3$\xf4\x18\x8b\xc50\x14\x8fw\xd7\
GPz\xa7\xd3\xe9\xde\x07 \x0c\x02\xc4c1\x84A\
p\x16<\xd4\x1b\xd3 \xd0\xa4fU\x8d\xac\x1e\xea\xa5\
\xfb-,,\xe0\xe7?\xff9\x1e>|\x88\x89\x89q\
\xa7\xe9\xbf{\xb7\xe9\x98;\x81\x12\xb3$\xf6\xf7\xf7\xdd\
\xb9\x04\xf1x\x1c\x85B\x01\xa9T\xb277@\xa3Q\
\xc7\x9b7o\xfa4\x7f\xc6\x0c\xa8\xdb\x8c\xfdSK\x88\
27{\x11\x08q|\x1c[2\x99\xc4\xfc\xfc<\xee\
\xdd\xbb\x87L&\x83\xc3\xc3C\x0c\x0d\x0d\xb9\x93\x02\x9f\
>}\x8a\x95\x95\x15\x1c\x1c\x1c\xf4\x01t\x15\x0a\x5c\x03\
+l\xac\x09\x99\xfdUF[\xa9T\xb0\xbf\xbf\x8fW\
\xaf^a||\x1c\xef\xbd\xf7\x1e\xee\xdc\xb9\x83\xd1\xd1\
QWi\x8f)u\x99L\x06\xf3\xf3\xf3\xee\x80\x9c(\
\xea\x1e\xe7\xfb\xec\xd93\xac\xae\xae\xe2\xe0\xe0\xc0\x95P\
\xde\xdd\xdd\xc5\xd1\xd1\x11\x8a\xc5\xa2\xab\xfb\xcf\x8a\x7f\x9a\
\x22\xaa\xe0\x9a\xfb+\x08\x02d2\x19DQ\xe4\x02[\
\xdb\xedn\xbd\x00\x16\x04b\xdd\x8b\x8d\x8d\x0dw\xf6E\
\x10\x9c\xa5\x09\x07A\xe0,\x0b\xe5r\xd9\x9d\x97\xc0\x9a\
\x0f<tH5g\x0b\xc2\x95\x17\xf8\x84#\x81\x97Z\
 U\xf9\xb0\xd6/\xa5\x1b\x05\x84\x96>\xf8?\xcd\xfa\
|\x97\x82h\xe5\xc9\x83L\xe5V\xc0\xeaw\xfcm\xc7\
\xa5{\x9a\xfdQ\xe5\x88\xd6Y\x82\x01\x9fr\xecS~\
\x94'*X\xb0\xee\x01\xee#\xe0\xfc\x89\x95|N\x01\
\xede\x8a\x8f\xb5*\xe8\x9c[\x80\xa2{\x85\xdf\xc5\x01\
\x04!\x1b\xb6\xcc\xdb\xbe\xf0\x92\x0e\xe8\xb3nB\xae \
0\xa2\x9e \xf6}\xa7\x1d\xf7}\xef\xee\xe9t\x10\xf4\
\x04\x09z\x7f\x83D\x15\x8b\xa1\xd3[\xdc\x88\xe3\x08\x02\
tz\x82\xd4\xbd\xdf\xb3\xa0\x81}\x0f\xc8JM_\xba\
\x0fz\xc1\x04\x01\x00\xdb\x8b:\x1dt\xdam\xb4NN\
\x9c O\xa7\xd3\x18\xea\xe5\xf3\xeaE\x93\x9b\xf5\xd5\xeb\
\x86\x8c\xc5b\x08\x11\xa0\x1d\x01\xf10D63\x82\xd3\
V\x0b\x9d\x9e\x0f\xfd\xf8\xe8\x08Q\x10\xf4\xb0D\xaf\xf7\
Q\xb7O\xae\xbdN\x07m\x9a\xfa;\x1dD\xedvw\
\x1e\xa3\x08!\xfa\xad)^\xfb\xceU\x00\x01\x80 \x8a\
\x10\xb5\xdbh\xb7Zg\xf3\x823:h\xb5Zh\xb7\
Z}\xef\x8f\x05\x81{g\xe4k\xb7\x07zB\x8e\xa3\
}\x8av\xbb\x85\xe3\xe36\xaa\xd5\x16\x92\xc3\x89^\xf1\
\x9e!\x14\x0by\x94J\xa3\xd8\xdb\xab\xa1sz\xea\xfa\
\xcd\xb9\xb5\xc0\xf7\xccJ\x11\xc3\xd0P\x1c\x89\xc4\x90\x04\
'\x01\xedx\x0c\xc0\x10\x12\x89\xb3\x88i\xfa[\xe9\xce\
Q\x8d@]\x09\x14\xf6\xfaY&\x9d\xc1\xc8H\x063\
33\xf8\xf4\xd3O\xf1\xe0\xc1\x03\x8c\x8f\x8f;m\xf7\
$\x8a\x10\x06\xc0\xc9\xc91\x1a\xf5\xb3\xd2\xbf\xa7\xad\x13\
\x04\xe8~w\xda:A\xfd`\xbfg\xfa\x8f\xfa\x80K\
\x80\xee\xf7\x87\xcd\x06N['}q$\x83\x18'\x99\
\x16\x99\xb4fg\xe8\x1e\xa5\xc5\x80\xe3M$\x12\x98\x9d\
\x9d\xc5\xc7\x1f\x7f\x8c\xc5\xc5E\xb4Z-lll \
\x9dNcss\x13_}\xf5\x15VWW]\x90&\
s\xdc9\xef\x1aW\xc1\xff-#U\x81d\x81?\xfb\
w||\x8c\x8d\x8d\x0d\xec\xec\xec`}}\x1dO\x9e\
<q\xb5\xf9i~\xcff\xb3\x18\x19\x19qi~\x0c\
\xcc\x9b\x9f\x9f\xc7\xb5k\xd7\xb0\xb1\xb1\x81\x83\x83\x03\xe7\
\x92\xcaf\xb3\xd8\xdb\xdb\xebK?\xcdf\xb3\xce\x05P\
\xab\xd5\xb0\xbf\xbf\x8f(\x8a\x5c\xdb\xc9d\xd2\x09\xee0\
\x0c]{\x0c \xe4s\xac\xeb\xaf\x05y\x94\xa7\x90\x8e\
x\xc43k)h\x1d\x08[\xed\x90\xebgM\xdbl\
\xcb\x17@\xa6\x8a \xdb\xd0\xf5\xd7,\x01[\xe1O\x85\
\xb9\x0aBj\xf5\xa4yM\xd7%\xed\xa8 \xbdHk\
\xf7Y\x9f,\x1d\xdbg\x14\x00\xa8KKi]\xc1\x84\
\x02\x05\xce\x81\xed\xa3Z\xc587\x04\x13:\x1f6\x90\
Ue\xc5 \xe5J\x01\xb7\x029\x05c\xbaN:\x9e\
\xcb\x00s\x14E\x88\xbb\x97\x9f\x9b\xe6\xab]>\x86\xdc\
\xfb\xa0\xef\x9eA\x02\x9c\xf7\xfa\x16\xfa\xec\xbe\xc1\xa9S\
}\x88,\x02\xa2NW\xabD\x14u\x05\x19\xfb\xc8\xff\
{B?@\x80\xd0\xb4k\xcdF\xfd\x7fs,\xc1y\
u\xda3l\x0a5^\xa1Yh\x02\x0f\x12I,\x16\
C2\xd1\xf5\x01\xb6;=\x7fg`R\x19#\x00\x9d\
\xfe\x13\xaa\x00 \xec\xc2\x0a\xb4\xdb\xcc\xc7\x8d#\x9dJ\
\xe34\xdb\x05\x01\x9dv\x1b\xedv\x7f\x10W\x10\x04\x08\
b\xc28\x11\x01Q\xc7\x09\x91(\xea8Lt~\xde\
\xcf\xa7\x86\x0eB\xdb\xbe\xf9\x89\x10\xa1\xddi#h\x07\
\xee\x1dg\x04\xdaA\x18\x0b\x11\x8b\xc7\x10\xa1\xbbf\xbd\
\xe5s\xef>\xd7&M\xe8=\x01\x1d\x0b\xbb\xf4\x1c\x0b\
C\xb4NN\xb0\xb3\xbb\xd33\xbf\xa61\x94\x18\xc2p\
b\x08CCq\x84\xb1\xb3\xf9\xb5y\xc5\x0a\xb8\x98\xf6\
4\x9cH 1\x14\xc7\xf0p7Z\xfa4\x00\x12C\
\x19\x14\x8bEL\xcf\xcc`\xb4X\xc4\xe9i\x1b\xcd\xc3\
\xe6\x19Cw\x07\x03\x9d\x22\x0c\x83\xae\xefyj\x0a\xd7\
\xe6\xe6019\xe9\x8a\xfdP\xf0\x15\x8bE\xe4\xb2Y\
\xe4\x0bE\x5c\xbbv\x0d\xc5b\x01\x5c|\xa6\x9au:\
\x1d\xa4\x86\x87\xd1I\xa7q\xda>E,\x8c\xe1\xb4\xdd\
=\x10\xa6\xabY/\xa3Z\xadbb|\x02\x01\x22\xb1\
\xe2\x00\xe9t\x0aS\x93\x93\x18\x1f\x1b\xc3\xd2\xd2\x12\x8e\
OZ}\x9ai\x1f\xd0\x8b\xfa\xd34\xad\x86m\x19\xad\
\xd5tr\xb9\x1c\x16\x16\x16p\xe3\xc6\x0dd2\x19\xa7\
\xd9\x86a\x88g\xcf\x9e\xe1\xd1\xa3G(\x16\x8bH\xa7\
\xd3\xd8\xd9\xd9q\x19\x0d4\xfb\xaa\x9b\x88\xedjJ\x1a\
\x7f[\x97\x8c\xae\x1f?'\x93\xde\xd9\xd9A\xa5RA\
2\x99\xc4\x9b7o\x90\xc9d\x90\xc9d0;;\x8b\
\xf9\xf9yLLL\xe0\xf4\xf4\xd4Y\x01r\xb9\x9c+\
\x01\x0c\xc0E\xda\x97J%g\xd2\xa6 \xcef\xb3X\
]]u\xa7A\xf2\x1a\x1a\x1aB&\x93qG\x08\x13\
\xe8\xb2|\xf4\xe6\xe6\xa6;@\x8a\xa7\xfa\xb1\xa2$y\
\x83\xee\xb3 \x08\x9c\xc5\xa1X,\xbaBH\xccF \
\x8d\x00\xfd\xeeN\xce\x0b\xe7\xc4\xfa\xc2\xf9\xf7 +\x01\
\x7f3\xd3\x00\x80\x8b\x0d\xd0\xb2\xd5V\xebU\xc1\xa5\xf1\
-\x0a\x90-\xd8\xd0gt\xfd,\x8f\x19$\xf4}<\
]]m\xea\x82Q\x8b\x03\xfb\xa0\xf1\x00\xaa\x18XW\
\x94\xdd3}\xf2\xc8\x08v\x9dG\x9f`\x07\xce\xb2i\
\xb4_\xda\xb6\xfdm\xc7iA\xbc\x0f\x04h\x9b\xdd\xd3\
\x00\x03c\xfe\xf4\x5c\x03\xcd\x10WA\x0eW\xb8\xc7'\
,.\xba\xd7\x0eX/\xa7\xe4F]\xe6g\x85\x9f\x8f\
h|\xed\xf9&\x9a\x8ct\x90\xc0\xb3\xcf\x9f\x11_\x80\
X\xa8\xa5~\xbb\xdap\x10Eh\x9f\x9ev\xc1I\xcf\
\xed\xe06`\x0c]\xb3r\x18\xb81\xc4\xc2\xb0+\xe0\
\xfa6g\xe0\x06\xdd\xe9\xf9\xed\xc3 @*\x99B+\
\xd3\x05\x01\xc7\xc7\xdd\xc0\x9d@\xfa\x16\xf51\xee\x0e\xce\
\x16\x8a&w\xbfb\xdf}\xb7~\xc1v\xfa\xd7\xc7w\
\x85\xa1\x00 \x8e\xb9\xd7\xaf\xf0\x0c\x0d \x1e\x8b\x01Q\
\x846\xceo\x84sm\xf6\xe6\x99fx\xba3\x98V\
u|t\x84\xed\xed\x0aNO\xf38l6\xbb\xe6T\
\x00C\xe2\xef\xd3\xa8e\xfd,\x91H \x99\x1cF\x22\
\x91@:\x9d\xe9U , \x9f\xef\xa6he\xb3Y\
LNNbaa\x01\x85B\x01\xed\xf6i\xaf4p\
7{\xa1R\xd9B\xa5\xb2\x8d(\x8aP.\x9709\
9\x85r\xb9\x8c\x89\x89\x09\x94\xcbe\xa7\x05\xed\xec\xec\
\xa0\xd5j\xb9\x03c\xdc%\x82\xef\xe8\xf0\x10\x87\xcd\x06\
:\xed\x16\xd2\xe9$\xd2\xe9$\x8e\x8fOzu\x11\xf6\
\xb1\xfa\xf6-\x9e=}\x82\xf5\xf55\xb4\xdbm\x14\x8b\
E\x9c\x1cw3\x06\xd2\xa9\x14\x00 9<\x8ck\xf3\
\xd7077\x8bG\x8f\xbe\xc3A\xbdqN\x88\x9e\xad\
q\xbf\xc6\xe4c\x98\xba\xa7\xc8\xa0\xa95]\xbf~\x1d\
\x9f|\xf2\x09\xae_\xbf\x8e \x08\xf0\xee\xdd;T\xab\
U\xac\xad\xad\xe1\xd1\xa3G\xe8t:(\x16\x8b\x88\xc5\
b\xee\xbc\x02[UO\x8bPi?\x15\x04\xab\x16D\
&G\x1f\xad\x06\xa6i\xbfONN\xf0\xee\xdd;\x04\
AW#\xdf\xdc\xdc\xc4\xce\xce\x0e&&\xba\xee\x22\x16\
\xe0\x19\x1b\x1bC\xa7\xd3q\xda>\xcb07\x9bM\x8c\
\x8f\x8fcll\xcc\x05Y\x86a\xe824\x0e\x0f\x0f\
\x11E\xdd\x82W\xb9\x5c\xce\x8d\x9fU\x09Yy\x8f\x99\
.,\xc1\xab\xc2\xbbOa\x90\xff\xc30D6\x9b\xc5\
\xd8\xd8\x98\x0b\xf2\xe4\xa1J\xd5j\xd5U=T\xc1\xaa\
\x1a\xb2\x9a\xea}1\x01V0qNu\x1e\x09\xd2(\
\xf0\xb5\x88\x19c\x87h\x15P\xcb\x03\xd0\x9f\x87\xcf\xd8\
\x873r\xef\xe7\xcd\xaa]+}\xfa\xac\xc2~\x85\xa3\
?\x96\x87\x80^\x01\x05\xe9D\xdd\x1d\x1ax\xc8v4\
.F\x85+\xbf\xb7mq\x9c\xbeJ\x91\x16\x10\xb0\x9f\
\x0a<t\x7f\xf9\xc64\x88\xc7\xeaxm\xbc\x9b\xb5\x94\
\xc4-z\x19t\xe9\x00\xbd\xdf\xcb\xf3\xbe\xc9\xb1\x7f[\
\xb3\xcb\x8f\x01\x00l\xc7\x0ap\xf6\x03\xf2~\x9d\x22\x15\
~\x83\xc6\x15\x04\xc19\xabF\x9f`\x0f\x0c\xc2\xbb\xa8\
\xcd^_B\x93\x16\xd3%<8\xc1\x8e\x93\x134\xea\
u\xa0\xd3\xab\x90\x17\xa8F\xdaA\xab\xa5\x07_\x04\x88\
\xa2\xfe\xd4\x12\xf5\x9fq\xd1\x13\x89!\xc4\xe3=\xf3U\
\x14\xa1\xd3\xd9\xef\x12\xa5\xacw\x07\xb2V2Q\x8c#\
\xe8\xf4\xfe\xfe1\x17\x99\xb1%\x5c'X\x01\x04\xe0\xdc\
\x9cY\x1c\x10u\x10\x861\x84\xb1\x10\xa7Q\x07C\xf1\
\x18\xc2\x00h!B'8O/\x5c\x0b\xfe\x0azV\
\x8bS\xa6\xc4\xc5\xe3H%\x87\x91\xc9\xa4q\xdaju\
\x05\x7f/\xff\xf8\xf8\xf8\x08a\x10 \x91\xe8fX\x0c\
\xc5\xbb\xe6\xf7\xe1\xe4p_]\x05Ww?\x9dA6\
\x97\xc5\xc4\xf8\x04\xae\xcd_\xc3\xc2\xc2\x02&\xc6'\x90\
\xcbw#\xbaS\xa9\x14\x12C\xdd4\xbbN\xd4q\xe6\
l\x17\x95\x7ft\x8c\xa1\xa18FK%d\xd2\xe6l\
\xfb(\xc2\xf1q7V\x01\x00:\x9d\xb6\x9a;\x00\x00\
\xadS\x96\x1bn#\x0c{ \x87\x19\x13\x9d\x08\x1b\xb5\
*\x9e\xfc\xf0\x03\xbe\xf9\xe6\x1b\xac\xbc]\xc1\xd1\xe1\x11\
\x92\xc9\xe1\xae\xf6\xdfi\xa3}\xda\xeak3\x0c\x80\xa1\
\xa18b1\x1b\xfb#\x16\xac\xdeo\xde\x13\x86\x01:\
\x1d\x9a\x1d\x03\x11\xbap\x9f\x05A\x97\xb9\x0c\x0fw\x0f\
\xac\xf9\xe0\x83\xfb\xf8\xf9\xff\xf7sW\xe4go\xaf\x86\
g\xcf6\xf1\xedw\xdf\xa2V\xab\xe1\xde\xbd\xbb\x18\x1b\
+w\xa3\xe8\x8f\x8f\xd0\xe9\xb4\x11E\xf4%\xf7\xf7\x89\
\xef\x8f\xc7c\xae\x7f\xb1\x18\x05\x93\xad\xfd\xc1`7\xb8\
\xbev\xf7\x0f\xf7r?\xd8i\xb5N\xb0\xb5\xb5\x89F\
\xa3\x8eW\xaf^:\xd7L:\x9d\xee\xa5\x15\x96\x91\x18\
:;\x84go\xaf\x86\xed\xed\x0a\x1a\x8d:Z\xa7-\
\x17\x98\x09\x00\xf9B\x1e{\xfb{\xa8\xd5\xaa8>\xee\
V/<8\xe8\x9e\x05\xf0\xe2\xe5\xcbn\xcd\x85Z\xad\
K\xa3CC\x18-\x95\x90\xcb\xe5P(\x16\x90\xcbw\
s\xfew\xb6\xb7\x1dH`\x8cGw-\xba\xc2'\x93\
I\xa3P,`\xb44\x8a\x5c>\xdb\x8d\x07i\x9d\xe0\
\xe8\xe8\x10\xad\xd6Io\xdc\xbd\xe3^\xe31\xd1\xca\xe1\
\x04\xef\xc9\x09\x0bE\x85\xe8t\xce\xac6\xd6\xac\xacB\
_\xeb_\xc4b1w\xe0\x96\xf2\x22u\x11h\xd6\x81\
Z\x93\xb4\x0eJ<\x1e?wP\xd7\xd9:\x9e\x05\x1e\
Z\xf39\xffV\xfe}\xb1\x15\xf9|\xac\x97\xfdL\x83\
\x0dc\xb1X\xdfY$Z\xf9\xb0\xbb\x1f\xfa\xdd\x07\xaa\
8X\x8b\x94\x0atk\x9e\xb7q\x02V\x1e\x0fr\x83\
\xf0\x1a4o\xda\xfe@\xe5\x1d\xbd4\xc00\x08\xfd\x82\
\xec\xfc,^\xf8\xe2\xfe[\x83+}o\xdb\x1dt\x0d\
Z`7\xd1\x97\xdck\xfdK\xb6\x0f}\x80e\x80I\
\xc7>\xa7\xc47\x08\x8d\x06A\x97a\xc75\x0a\xb7\xf7\
yL|\xfa\xed\xd3S\x1c\x9f\x1c;\xdfiW&v\
\xd0\x89\xe06h\x10\xc0\xf9\xcc\x81\x9e_\x8f\xef\x8f\xc7\
\xbb1\x04A\x88x,\x8eN\xd4\xd5\x82\x10EH\xa7\
\xd2\xdd8\x00\x11\xca\x9dN\x07\x9d\x00\x08z\x02/\x16\
j\x5cA\xa7\xc78\xbb\x0c\xde\x826\x1ds\xbf9\xb8\
\xdf\xe2aV\xca\xcd\xc7\xd9\x5c\xf5\x1c4=\x90\x14\xeb\
Y;\xc20\xc4i\xab\xe5\xfa\x01\xf4\xc7/X\xda\xe2\
F\x89\xc7{\xbe\xfaX\x0c\xe9t\x12cce\x14\x0b\
E\xd4\x1bulll\xf4\x10}\x84\x00\x11\x12\x898\
\x86\x87\x87\x90L\xa6\x5c}\xfd\xd1\xd1Q\xa4\xd2]a\
\xceJg\x99\x91\x0c\xb2#Yw\xe6@yl\x0c\xa3\
\xbd\x03]\xfa\xaf\xde\x86\x0b\x02\x0c'\x12\x18\xee\xe5\xdd\
\x9f\xdf'\xfd\xb4\xd4M\xdb:\xc4\xe9i\xb7hO\x17\
\xa0\x19:\x8f\xa2\xaeu#\x91@,\x0c\x11\x04\xc0a\
\xf3\x10\x95J\x05\xaf_\xbf\xc6\x0fO~\xc0\xb3g\xcf\
\xf0\xf6\xed[\xd4{\xa7\xc0\xc5\xe3\x19\x0c'\x12\x88\xa2\
\x0e\xd4\x05\x00\x00\xc7GGh\x9d\x9c \xd13\xc5\xc6\
b1\x0c'\x8714\x14wy\xe6A\x18\xb8G\x08\
\x8a\xa8\xddi,J\x10\xf6\xef\x81N\xa7\x83T:\x85\
\xeb\xd7\xafcff\x063\xd3\xd3.~a\xb4\xd4M\
\xc9L&\x87q\xef\xde]\xdcZ\xbc\x85N\xa7\x83\xcd\
\xad\xcd.@k\x9d\xe0\xb4-\xa7J\x86\xbd\x9f\xa0\xdb\
\x97X\xfc|\xfaU\x18\x85\xe7\xb4\xcf0\x16v\xfb\x8f\
. C\x84\xae[I\xb4V\xa5\x1b\xa0\xbb\x1f\x9a\x87\
M\x1c\x1d\x1f\xf51\xe2\x8d\x8du\xe4sy\x97J\xca\
\xf8\x8fd*\x85\xe9\xe9)\xcc\xcd\xcea\xe1\xfa\x82\xab\
70::\xda\x052\x00\xb6w\xb6\xb1\xbc\xbc\x8c\xed\
JW\xa0oU\xb6\xb0\xb7\xb7\x87\xc3\xc3C\xa7\xc5g\
\xb3Y\x84a\x80|\xbe\xebj\xe0\xf9\x08\x99L\x1a\xed\
v\x1b\x1b\xeb\x1bx\xbb\xfa\x16\xf5z\x1d\xc9T7e\
pjr\x0a\xd33\xd3\xc8\xe5\xba\xc7]\xef\xef\xefc\
\xbbR\xc1A\xfd\x00A\x18 \x16?\xf3\xe9\x87aw\
.\x5c\xa1\xb10@\x10\x05n~\x02\x04\x06$\xf5\x0b\
0\x15H\x16\x18hD?S\x035U\x96\x7f\x07A\
\xe0\x8a$\xf1y\xad\x9a\xa9Z\xbe\xe5\xa7\x17\xc9\x19\xed\
\xa3\xf2\x22\xdf}\xaa\xf9[\xeb\x11/\xd2\x87\xef\xb8b\
\x15\xeej\x0d!P\xf0)\xd2\xca\x1b\xed\x98|\x02\xda\
\xf2U\xb6u\x91\xdc\xb3\x0a\xac\xcfm\xe0\x03\x07l3\
\x1e\x86\xbd\x08\xec\xe0|\xe3\x17^b\xee\xfdQ\xdf\xf1\
\x96K\x00\x84^\x81\x08\x8f\x88&x\xf4\x0b\x81AB\
\xfa\xec\x7fj\xec\x83\x01I\x84\xe8\x5c\xbbAO\x05\x19\
\xb8\x08\x17\x00\x1d\x12\x88\xd3\xe6{&o\x9a\xbb\x03\x9c\
-z\xbb\x97\x11\xd0\x0a\xbb\xd9\x00A\xc8\x1a\xeb]\xa1\
F\xe2\xf3\x05\x01\xf2]A\xcf\xaa\xd0\x89\xa2^<D\
\xf7]\xc9\xe1\x04F2#\x08\x83\x00''=\xe2\x8e\
\xc5\xd0\x8a:\xbd\xe0\xc0\xa8'\x8a\xbbQ\xfaQ\xa7\xe3\
\x84\x8e!\x0cwo\x1f\x01z\xe7\xfbr`\xc89A\
\xbc\xe7\x22\x89u\xd7'\x8c\xc7\xba\x82\x0b\xdd>\xf8N\
\x1c\xf4!\xe5x<\xde\xf5\xd1'\x13\xc8e\xb3\xdd\xb4\
\xb9R\xa9\x1bI]\xab\xe10\x08\xd0\xee1\xd8lv\
\x04\xb9l\x0e\xd9\x5c\x16\xc5\xe2(J\xa3\xa3(\x8e\x8e\
b$\x93A*\x9d\xee\x9a\xfcS)ds9dG\
F\x90\xced\xba%\x85\x13\x89\xae\x16\x1au\xec\xc0\x06\
\x8c\x97\x7f\xf9Q|\xa7\xd3\xc6P<\xdes\x07t\xb5\
\xf2\xd3\xd3V_\x1a]\xd7\xa5\xd1\x05\x90\xc3\xc3\x09\xc4\
b!\x9a\x8d\x0666\xd6\xf1\xe4\xc9\x0fx\xfa\xe4\x09\
\xd6\xd7\xd7qx\xd8D\xa7\xddF\xd8s\x83\xa4RI\
\xc4\xe314\x1b\x0d\xec\x89\x06\xd3h\xd4{L\xabK\
\x9f333\x18-\x8dbh(\xee*\xdd\xb5\xcd\xd1\
\xd2\xe8\x09Ek\x11|\x81\xb97\x00\x00 \x00ID\
AT\x0ap\x96Q\xd2\xedk\xd7\xdf\xfd\xe1G\x1fb\
fv\xc6\xc5r\x00@\xb9\x5c\xc6'\x0f?\xc1\xdc\xb5\
9\xe4\xf3y\xe4\xf39\xac\xae\xaeaye\x19\x9d\xa8\
\xe32st\x7f\x90N4\x05\x8d\xebO\xe6I!C\
\x93\xb22E\xd2\x8d2m\x0b\x224\xce!\x08\x82>\
?6\x056\xeb\x22PK\xccd2x\xfbv\x05\xcf\
\x9e=s9\xf8\x14\xea\xb1X\xb7\xda\xde\xf2\xf2\x1b\xbc\
}\xbb\x8aj\xb5\xda5)\xf7R\xf2\xba\xa0\xa4+\x04\
\xf7\xf6\xf7\x10\x84\x01\x8a\xc5\x82\x1bK\xb9\x5cr\x87]\
MLL`(1\x84\xe5\xe5e\x17p8\xde\xcb\x08\
\x09\xc3\xee)\x8a\x07\x07\xfb\xa87\xea\xae\xfe\xbe5Q\
\x07\xc1YL\x0c-\x93\xb4\xect:\x11\xd0\xe9\x17\xa2\
\xfcM\x8d_\xab<\x12\x1c\xd1\xefOK\x00\xd3\x025\
\xf0\x8dV\x0e\x9b[\xaf.\x08\xfa\xe2\xb9F\x1a\x80g\
3\x0b\xac\xcc\xd0ud\x9f}>z\xce\x89\xa6\x1c\xb3\
\x0d\x1b\xd3\xa2\xefT\x1ef\xab\x87\xda\xc3\x91t\xce\xad\
\xf5[\xd7D\x05\xb5\xbeC\xc1\x85\xd2\xad\xb5\x02\xe8\xfd\
:V\x9fRd\xe7\xc17.w\x18P\x18\xf4\xdf\xac\
\x13l\x1b\xea\xfdqN\xa3\x96\x9b\x06\x7f\xd7\xbb\xac\xc6\
\xde\x0dC\xeb\x17\xee\xfe\xfe(\x9a\xe9\x7f\xe7\x95\xae \
Pg\xb5t\xe8L\xf8\xfb\xda\xea\xb3\x16\x08P\x18t\
\x0f\x80~\x81\xdd9_\xb6\xb2\x8fx\x82\xa0\xe7\xbf?\
u\x9b\x8b\x9bVkb#\x8a\x10u\x22g*\xee\xa6\
\xd0\x85\x08\xd1\x15\xa6m\xa2\xc9N\x07\xb1 \x04\xc2\x18\
\x92\xc3\xdd\xb3\xd3ca\x88\xfd\x83\x03\xb4z)Ea\
\x10\xa2E\xb3W\xc8\xf9\xed\xfe\x04\x01\x1cMP\xc0\xab\
\xa6\xaf\xe3\xf0\x11\xdbe\xa8\xf5\xec\xe7\x8c\xd9#\x8a\x9c\
\xc67\xdc\x0b\xd6;;p\xa7?\xca\xb8\x1f%w\xbb\
\x14\xf4\xfe\x8e\x85!FF2\x18\x1f+#\x97\xcbc\
gg\xbb\xeb\x82AWs\x99\x9e\x9aD\xa1PD\xa1\
\x90\xc7\xc8H\x16\xa9T\x12\xc9d\xaawR\xdapW\
3\x8e\xc7\xbb`\xaa}\xea\x02\xb7N\x8e\x8f\x90Ju\
\xc1C\x18\x0e\xf5\x0f\xee\x023\xddEW\x18\x00\x99t\
\xcam\xd0\xd3^\xfc\x86mOg8\x8a\xba~\xd3\xa3\
^\xaa\xe4P\xef\xd0\x98\x00@\xbbw`\xcc\xf0\xf0\xb0\
\xb3:\xed\xed\xed\xa1}z\xea\x8e\xcem\xd4\xeb89\
>B\x80n\xb1\x97\x85\x85\x05LNM\x22B\x07\xc3\
\xc3\x09\x1c\x1du+\xf3\x85\xc1\x99?\xbd\xd3\xee\xf7\x01\
\xbb\xf5\xe4\xdc\x07]:.\x8e\x16177\x8b\x9b7\
obrj\xd2\x1d\x95\x9b\xcf\xe7\x90\xcd\x8e\xe0\xfd\xf7\
o\xe1\xfd\xf7o\xb9\xb1\xb0\x82^\xd7\x8d\x15`(1\
\xd4\xe7\x8b%H\xa1\x16v\xc6\x84\xcf\xb6iw\xba\xba\
\x96\x0e~NA\x15\x8b\xc5\x1dS?=m\xb9\xfb\xcf\
,\x5cgmQ\x13\x06b\xae\x9a\x1f\xfb\xa5q1Q\
\x14\xe1\xe4\xe4\x18\xd5\xea.j\xb5*\x96\x96^w#\
\xfbcg@\xbd\xdd3\x1fw\xd3\xf7\xba\xfdCO\x09\
I\x0eu\xcf\xa6\x18\xc9f{\xdar\xb7l\xf3\xee\xee\
\x0e\x82 @*\x95\xc2\xe1a\x13\xa9T\x12\x85B\x1e\
ccel\xeflc(>\x84lv\x04\xf1\xa18\
\x9a\x87MD\x8d\x0e\xea\xf5:\xaa\xd5\x1a\x0e\x0f\x9b\xbd\
\xb4]\xfa\xa1)\xb0{\x9a5z{\x0b=\xed?\xe0\
\xde\x8d\xd0\x8e\xfa\xcb;\xff\xff\xa4\xbdi\x97\x1c7\x92\
-x\x01\xf8\x1a\x11\x19\x91\x1b7\x91ZJ\xaa\xee\xea\
\xad\xaa_\xbf>\xa7\xcf\x99\x99\x7f?\xfd\xce\xe9/\xd3\
\x1f\xaa_\xd7\x22\x89\x12U\x14\xc9d\xee\x99\xb1\xfb\x06\
\xcc\x073\x03\xe0\x1e\x91)\xd6\x8cKy\x98\x19\xe1\x0e\
\x87\xc3\x01\x98\xd95\xb3kC\xcbZ~b\xa1$H\
\x8aX\xf9\xa2\x008\xe7|\xfc\x83s\xceS\x00\x8b\x82\
%\xf7\x899/b\xda`y\xd7\xc3\xb5\xbe\xcf\xef\xee\
\xd7\xd0\x03\x81u\x00\xbc\xe2\x17\xdf/\xde\x97c7\x85\
\x1d\xec\xd1\xf1\x1e#\xfb\xb50pJ_c\xe5E\xce\
\x93~\xc4\xd7\xcb\x9c\x96\xfe\xc6\xd7\xc5{\xeb0\x16g\
\xdf\xb3\x0e\xd1\x83X>\x0e]\x06Ced\xa8H$\
~P\x06\x16Jl\xdd\xeek\x88\x7f\xd9\xdf\xcbO\x15\
\xc6\xf1\xc1\x02\xf8\xb1\x87\xff$dbp\xde^Ed\
O;;~\xffG\x11\x86\x87\xad\xfe~\x1b$\x88\xbd\
\xe5,Vu\xd4\x8a_d`ao\x12\x1f\xe8\x97\x18\
\x12\xec\x12\xfd/\xd67@\x91\xff:\xcaS\x8d\xa1)\
\xf1\xc7\xc6\x93]\xac\xed\xba\xae\xbcuG\x96\x00\xb3\xda\
\xc1\x86w\xee\x1c\xa0\x15\x9c\x0a\x16\x83\xdcc(\x80\x87\
\xeb\xd1[\xf6{\x05\xa2\xda9O{\xc8\xdby\xeb/\
\x0e\xb4Q\x10K\xa0\xebY\x07\xf1\xc6$\x7f\x1b\xa3}\
\x05\xb5\x93\xe3c<{\xf6\x0c\xb3\xe9\x14ww\xb7\x18\
\x8f\xdf\xa3m\x1b_d\xa5,K\xe2JH\x0c\xb24\
EQ\xe4\xc1\xc7\xe7H\x10fYFcVm\xe1\x9c\
\x851c\xf4\x82\x18\xff\x0a\x14\xeb\xa1\xc3D\x9b\x97S\
\xc4\xdf@\x0a\xc0n\xf0\x0f\x004m\x8b\x9b\xebk\x9c\
\xbd\x7f\x87\x9b\x9bk\xc0YL\xa7\x07H\x13\x83\xc6\x07\
d\xa5\x9c\xae\x98\xa0\xa9+(\x08\x92\x94`\xbb\xddp\
\xfa\xd9\x12Z\x93\xb0\x11X\xbe\xed\x1a_\x8cI\xb3\x7f\
]\x1b\x0d\x03\x83\xae\xb3\xb0\xce\xd2\xbaP\x01\xdd\x8a-\
/\xa5\x15^\xbcx\x8e\x7f\xf9\x97\x7f\xc1\xcbW/\xa1\
\x00\xfc\xf8\xe6G\xbc{\xf73\xfe\xc7?\xff\x0f|\xfe\
\xc5\xe7\xbdg\xb9\xba\xbc\xc2\x7f\xfe\xe7\x7f\xe2\xe7\x9f\xdf\
b\xbb\xdd\x10|\xad\x0c\x94\x8d\xdcK\xe8\x17\xe9\xe9Y\
\x98\xdc\x1f\xbf\x81\xbb\xfe&\x0b\x04\x0a\xe7\xb6m\xd1v\
\x9c\xf2\xa8\x10\x5c\x0b\x00+\x8f}\x01\x17\xc7\x82\x0c!\
[\xeb\x02\xaa`\xadE\xc7sS,\xe3\x1eb!F\
\x0d+7eA\xe9\x82'\xa7'89>\xf1\xd9\x06\
\xe4\x22\xb8\xc4\xdd\xed-\xb4\xd6\x18\xb1\x85\x7f0\x9dR\
z_\xdb\xe2\xe4\xe4\x18#F\xa7\xba\xb6\xc5\xf5\xdd\x1d\
.\xaf\xaep\xcb\x9c\x04\x8es{\xfd\x1aD\xd8\xfb\x0c\
Lo\xad\xa8\x96\xe3\x8f\x5c\x07\x17\x09\x9d\x87\x84\xedP\
\xf0\xc4V\xf4\xd05\x14\xa3.@\xf0\xdf\xcb9\xf1\xf9\
q\xdb\xf1\xf5q\xdb^\xa9\xeav\x8b\xf3\xc4\xfb\xcd\xbe\
=A\x5c\xaab\xb1\xc7\xe7;\x17\x5c\x11\xd2\xa7\xa1\x02\
\xd0\xb3\xa8\xfd\xb8\x02\xd694-e\xe0\xf8\xf5;\x90\
\x11b\xb0*\xa5{ne@\x11\xc2+A\xa9\xfc\x9c\
\x88\xc6^i\xed\x11\x1b\xcb\x88l\xdc\x97}h\x88G\
E#\xa5%\x1e/\xd9\xb7\xe2\xc3g\x01<\x16\xec\xb5\
oC\xff\x94M/X\xc9\x8f\xf8\xee\xf7Y\xe3\x0f\xf4\
\xa1w\xfe'\x9c\xfb)\xed\xee;O\x0d\x04\x15 \x22\
\xca\xed\xfd\xee\xc1#V\x9a\xa2\xcfz\x160B\xd0\x9d\
\xb3\x0em\xd3\x90\x0b\x00\xfc\x02\xa1v\x16\xa2\x08\xf4\x1e\
\x0c\x0ep0\x94D\xc4\x87\xf4\xa9\xcevh[\xe3\xef\
\xe1\x9c\xc3f\xbd\x81\xed:@\x0b\xff~X\xe0\x12\x5c\
\xb5O\x13\xdf}\xc4\xbe\xb6\x19\x8fW\x7fxw\xaf\xa5\
\xbe\x82\x84\x9d\xb3\x00\xa8\xff&\x8a?\x00\xe7\xd9+\xe7\
P7\xb5\x0ff\x92M6(9\x0ai\x96\xa1,\x0a\
\x14\x5c\x14\xe8\xd5\xcb\x97\x18\x8fG8;;CY\x16\
\xe8\x18MH\x0c\xf9\xd1\xbb\xae\xf3q\x11J,<\xc0\
+Q\x82\xbe$\x89AQ\x94\x18\x8fJ\x22W\xea:\
\xc0\xc4\xca\xd0\xe3\xd3`w\xcc\xe2q\x09\xff&&\xde\
$\xf6\xcf\xf3\xcdf\x8d\xf3\x8f\x1f\xf1\xf6\xe7\xb78\xfb\
\xf0\x01\xab\xe5\x822>\xca\x129+\x80y\x91cT\
\x8e0\x9bN\xc9}\x04AG\x9cWh\xd6\xeb\x15\xea\
\xaa\x82\xb5\xf0\xe9y\x9dm\xd0v-4\xcf\xa3\xb6\x8d\
\xad\xa7`\xd9\xb8\xdef\x04\xb6\xe22$&\xc1W_\
~\x89\xff\xf3\xff\xfa?\xf0\xc5\x17_\xa0\xaek\x9c\x9f\
\x9f\xe1\xdf\xff\xfd\xff\xc6\x9f\xfe\xf4'\xfc\xc3?\xfc=\
\xc6\xe3\x89\x87\xd3\xdf\xfc\xf8#\xfe\xd7\xff\xfaw\x5c]\
_S`&\x07\xfa\x892\x17\x06\xc9!I\x13V>\
b\xb2\x22\xe5\xdd\x12J\x1bX\xbb\x1b\x18,\xb1(\xda\
((\x0b\xefJ\x91\xcfd\xa3\xa6\x1f\x0b\xa5\xe8\x9d\x1f\
\x9f\x9c\xe0\xe9\xd3\xa7>em\xb1X\xa0\xae*t\xb6\
\xf3AyI\x92 M\x88!2c\xbf\xf7v\xb3\xc1\
b\xb9\xc0|N\xe7\x1bC\xc2|<\x1e\xf9L\x12!\
\xa5J\xd2\x14\xd5v\x8b\xf9b\x81\xab\xebK\x5c]^\
`\xb9bJfgqs{\x83\xb6k\xb1^\xaf\x90\
\xe5\x19\xc5\xa1p\x1cEUU\xb8\xbb\xbfCUmQ\
7\x15\x1c\xacG4\xe8w2\x1eb\xa4-\x16|^\
\xa0\x9bh\x9f\xe8H\x89\xebA\xf5J1\xc1X\xecr\
\x93\xc0A\x89\x11\xd2H\xd3\x0c\xd6+\x82\x92\x98\x0co\
x\xf8\x19\xad\x14:\x11\xb2,\xd0=\xfb\x1e\xa3\xc0\x82\
\xa4\x18\x0c\x84\xd8\xc0\x22\xf7\x0bI\x04udy\xfbw\
\xach_H\xa2:\x19rxX\x1f\xf0B\x1d<\x97\
\xbc\xe4\xdac\xf8Z\xeb\xd04\x5c\x19\xd5\x84\x0c\x87\x1e\
\xc4\xefvs\xf5\xe5\xb0\xae\xcf\xf4*m\xc7h\x80|\
F\xd7\xf5\x0d\xda\xa1`\x8f\x95\x1f\x1e\x8e\xde\xe7\xf15\
\xc3\xeb\x13c\x8c\xd2Z\xc3\xfc\x92,\xdb\xf3\xd9C\x02\
a\xf7\xf3\xdd\xf3>I\x81\xd8\xa3\xe9<l]>~\
\xfd\xf0\xbe\x0f\x09\xb5\x18\x85\xd8\x0bo\xa3\x8f\x0e\xeck\
\x7f\xa7\xcf\x83\xefD\xe8\xab\xf0\xa6\x00\x88\x86\xac\xd06\
\x01\xc6jU\x03\xa39@\xce\xf4\xa9YE#&m\
\x1c\x14\x03\x00\x12\xfe\xc2\xf2\x07\x00\xba\xd30\x1c\xe8\xd9\
\xd496I\x8a\xad\x22\x7f\xa1\xf2\xbe\xb1\xbe\xff\xcc9\
\x8aE\x88\xe9:\x1f{F`\x8f[\xe7\x91q\x0cc\
\x09vkP\xa0\x9aV\x8a\x03\xddX\xe3\xe6\xefmj\
`-\xb1\x1aj\xad\x91\xa4\xcc\x9a\x97\xa4\x1c\xb5\x9db\
T\x8e0\x1e\x8fqrr\x84\xd9\xf4\x00\x89!\x1e\x80\
j\xbb\x81\xd1\x0aiB\xf9\xf2\xe2\x8b%\xab \x04,\
Z\xf6A7M\x8d\xcd\x9a\xee]\x16\x05\xc6\x93\xb1\xb7\
L6\x1b\xca&(\xca\xc23\xbc= \xab\xf7\x1e\x0e\
\xce\xb3\xc4)\xa5\xd0\xd45\xd6Qa\x15\xad5\xb24\
\x83\xe3\xbc\x7f\xc5\xc2=\xcb2\xcc\xe7s\xbc\xf9\xf1\x0d\
\xfe\xf0\xc7?\xe0\xdbo\xbf\xc5\xc7\x8f\x1f\x09bU\xa4\
\xd0\xa4Y\x86\xf1h\x8c<\xcf\x90\xa6\x09f\xb3)\xd2\
$\x81\xb5\x1d\xea\xba\xc2r\xe1\xb0^\xaf\xb1Z-)\
(\x94\x95.\xa5(-.\xcdh\x1e\x11[#Y\x93\
\x9d\xed\xa0\x10\x84\xc20(\x93\x22\xf3\xc9\x97{tt\
\x8c\xaf~\xf5+\xfc\xed\xdf\xfe\x06eY\xf8\x92\xccg\
gg\xf8\xaf\xff\xfa/\xfc\xc7\x7f\xfc\x07\x0e\x0fg>\
\xed\xef\xee\xee\x1e\xf3\xf9\xbd\x9f\xc7i\x9ar\x80^\x9f\
\x09N\x0e\xeb\x82\x7f4&\x5c\xa1\xb9\xa4\xd8U\xd4\xf4\
\xe6\x1dT o\x11\x18\x18\x08\xd4\xac1\x8c\xdbu\x9d\
\xaf\xf0\xf7\xaf\xff\xfa\xaf\xf8\xa7\x7f\xfa-\xf2<\xc3f\
\xb3\xc1\xf9\xf9\x05G\xd4wX\xad\xa8\x08\x8f\x10\xfb8\
\xe7Pr\x9a\xe5\xfd\xfd=\xce\xce\xcep{{\xeb\xe1\
\xef\xe9t\x8a\xd9l\x86\x11\xbf\x1bk-Y\xfc\x17\x17\
\xb8\xbc\xbc\xc0j\xb5\xc6|~\x8f\xf5z\xe3\xd7\x8e\xc4\
\x83\xd4u\x8d\xa6m\xf0\xec\xd9S\x9c\x9e\x9e\xe0\xe0`\
\x02\xa5\x14)pu\x85\xba\xaez\xeb\xadm\x05!\xd9\
\x9f\xf2L\x96t\x9f\xb1\x0f\x96\x95\x01>G\xfc\xf21\
IOp\x19\xd0\xef\x96ct,\xf3v\x14e\x01\xcb\
\xae\xa9\x18)\x90\x7fI\xb1{x\xdfu\x8c:ZK\
\x0a\x80p\xa0\xc4\xa8\x00TD\xae3@&\xe3gu\
\xd1g\x14\xc7`\xa0\xb5\xd9\x99;@pe\x90\xb1\xce\
{\x8e\xee\xef[\xbe\xcf\xb2O\x08\xb2!\xca\x8es\x8c\
\x04\xc4\xc6\x10\xbcr\xe4\x1c\xfc\xfd\xc5 \xdb\xd9\x0f\xf9\
\x02Q\x92x\x90\x18\x0d\x88PU\xd6V\xe4}\x13:\
\xd0oj\x88\x88\xc0\x05\xcb\x7f\xa8\xc0'@$\xa0\x06\
\x8d\x0cZ\xfd4\x14\xe0\x93\x95\x82G\xda@\x10\xb2N\
\xf5\xff\x1e\xde\xc3=\xb0\xfb\x0e\xaf\x8f?\x8f\xa1\xb1a\
\x1fzn\x08\x15C\x91\x03\x01\xe7\xe3\x05\xfa\x7f\xf7 \
\xa3}\xfd\x1alj1\x12\xe0\xd1\x00\xb1j\xc0\xb1\x03\
\x91\xa5c\x06\xda$)\x14\x0e\x0a\x81u+\x0e:\x04\
\xb7\xa9\x8c\x81j\xc2\x84\xf7\x90\x12\xb7%\xa8\x83l\x96\
t\x8d(\x22\xbb\x10\xd7\xfe\xe7S{\xcf\x11\x8b}\xef\
xG\x1b\xbd(\x01rO@\xe0F\x0d\xdd*$\x89\
a\xe1\x96z\x1f\xea\x88\x85\xa3p\xad\x97e\x89gO\
\x9f!M\x13J\xc5\xaak\xdc\xde\xde\xa0e\xc1@)\
\x7f\xc4\xc4\xa6\xe0`\xbb\x96\xc9\x92Z\xc0Y8\xadQ\
C\xc6\x14H\x13\x03k[_zU\x8e<\xcf1\xe1\
\xe0\xc0\xb2\x08\xd4\xb1ChtX\xb1\xd1:\x8b\xc5|\
\xe1\x0b\xbd,\x16\x0b\x5c]]yH4I\x12\x14e\
\x81\xae\xebPm\x89\x1ch:\x9d\x22\xcb3|<\xfb\
\x88?\xfd\xf9O\xf8\xf0\xfe\x03\xe6\x8b\x05\xb6\x9b\x0d\xaa\
\xba\x82\xedhs,\x8a\x1c\xdb\xc9\x06m\xd7\x22\xcbR\
l\xd6$X\xc6\xa3\x11+\x96\x0d\x96\xab\x15\x96\xcb\x05\
\xba\xae%\xcbU'\x1e\xf6/F\x14\xe0(~k\xa3\
C\xfa\x9csv0\xb7\xfb\xfeVc\x0c\xbe\xf8\xf2s\
|\xfe\xf9+\x14e\x0e\x07\xa2\xe1}\xff\xfe=\xae\xaf\
\xaf1_\xcc1\x9f\xdf\xe3\xea\xfa\xd2oBR\xdeU\
\xcb<\x83Bf\x88\x96\xd7Y\xeb\x15^\xcav\x11\x17\
\x15\xady\x0f\xad\x0f\x0c\x83aVBg\x99\xb0&M\
\xa2\xf9\xe8\xa0\xc1\xb0s\x844hC5\x18\xfe\xe6o\
\xfe\x06\xff\xf6o\xff\x86\xdf\xfe\xf6\xb70\xc6`\xbe \
\xc5kr@d@uU\xe3\xee\x9eJ\x15\xd7u\x8d\
\xc5|\xc1\xf1\x1b\x14`:;\x9cav8\xe38\x9e\
`\x11*\xa5\xd0v-\x96\x8b%\xde\xbd{\x87\xf7\xef\
\xdfc\xb1\x98\xa3\xeb\x02Eo\x92$H\xd2\xc4+&\
\x12\x10:\x1a\x8f|\xa6B\xd7\xb6\xb8\xb8\xbc\xc0\xed\xdd\
-\xbd\x7fv\xbf\x00\xe8#'~\x8d\x89|\x09\x08\x9f\
\xf0~\x905\xcb\xae5F\x0d!\xee\x10?\xbe\xa4\xf0\
Y\xe7(\xd6\xc8\x89\x80\xe5\x9dG\x0b\x11W\x86\xbai\
=j\xd9\xdb\xeb<\xbc\xae<q\x97\x7f\x7f\x1e\xd5!\
\x85\xd2\x98\xe0\x90\xd6\x92B\xa75\x08\x9d\x09\x08P\x9c\
\xfe,\x7f\x87\xfd\x87\xe6dQ\x94>\x10Q\xf8Q\xa0\
\x08\xc6\xd7\xc6x\xab\xdf\xb22+\xc8F\xbc7\x05\xff\
\xbe\x1fQ\x089\x9d\x08z\xc7}\x8c\x8f\xb8o2F\
\xa2\xc8\x0c\x91S\x8a1\x11VZ\x1d\x898A\xa7\xc0\
\xf7\x0c\xa8\x96\xcc\xd9\xbd\x06q\xach\xc5hI\xf4\x5c\
\xce9r\x01P Y\xef\x09\xf7\x0a\xf2\xde\xa6/p\
\x89\x08\xdaG\xcc\xa0}Vv\xef\x9a\xe1\x03D\xed\x0e\
\xaf\xf9\xd4\xc3\x0b\xe4\x1ed\x1f\xbe\x8d\xd0\xa3\x9d\xeb\xe2\
\xc9\x19o\xe6v\xe0\x97\x0db\x1b\xfe\xfc\x9d\x89\xbf\xaf\
o\xdej\xe9\xff\x00@\xd7Q.;\xbd\x0e.N\x01\
\xe5\x83\x08\xc5g.\x8a\x8cs@\xd7\xd1\x0c\xd4\x9a(\
_\x05\xea\x16\x81B\xedv\xe4\xebfF\xbb\xba\xaaP\
\xb7\x96\xb4XE.\x08\x93&$\x0cy!Q\x86\x80\
\x02\xd0OU\x19j\xc6\xfd1\xd9\x1d\xd4}\xe31T\
\x94D\x17\xb1]\x87V5HS!\xe9\xa1\x0dk4\
*\x91&)\x8a\xb2\xc4\xa8,1\x1a\x8fP\x96#\x14\
L\x9f,P\x9bI\x12XK$+$\xcc\x1a,\x16\
\x0b\xce\x88p\x1e\x0a\x0c~HE\xf9\xda\xce\x22/\x0a\
\x94E\xe1S{\xac]c\xb9\x5c`\xbd^\xe1\xe2\xfc\
\x02777\xa88\xdd\x892\x0eR$)\xf9\xdb\xe5\
9\xd2$\xed-vr[\x84q\xea\xba\x8e`\xdb\xba\
\xe9\x09d\x81\xbe\xa1(m4\x10\xa5\xd0\x86\xa8\x94\xc2\
f\xb3\xc1|N|\x0eYF\x1c\x07I\x9a`1_\
\xa0\xae\xb6\xa8\xab-*.\x02\xb3^-)\xd8\xaf\xae\
P\xe49\xca\xb2`&C\x0apt\x1c\x14W5\x9d\
\xe7\xac\x17?k\x22u!l\x07\xb0l\xf0n\xa7\x01\
{f\x9a&H\xb3\x0cG\x87\x87\xf8\xfaW_\xe3\xc5\
\x8b\x17\x94\xbf\xbe^\xe3\x8f\x7f\xfc\x03^\xbf\xfe\x1e\xdb\
j\x0b8N'\x8c\x03\xb6T\x14\xfc\x19\xcd\x0f\xad\x14\
TT\x9f\x9d\xe6\xbe\x83\xd2\xec\x13F\x88\xad\x81\x0a\xae\
0\xa9\x85\x11\xcfO\x1b\xcdo\x11&\x92\x1dc\xad\xf5\
\xe7\x03D\xba\xe5\xe0\xf8\x99R\x00\x8e\xe6\xd9\xa8\xc4\xc5\
\xc5\x05nonXA+1\x99Lp\x7f\x7f\x8fQ\
9\x82\xd6\x1a\xf7w\xf7(\x92\x1cY\x9a\x11\x97\x05+\
\x9c\xd6Zl\xab\x0a\xab\xfb%n\x99\xdew~\x7f\x8f\
\xbb\xfb{\xac\x96+\x1f?\x90$\x09\xc6cr\x0fd\
\xac\xe0\xca\xfe\x98f)\xd6\xeb5\x14\xe0\xdd\x06B9\
\xdc6mXw\x00+@\x81pK\xac\xfd\xfe\xd6\xcd\
\xc8\x07\x1c\x12\xa3a[\x89A\xd1\x80\xd2\xe8\xac\x83\x05\
\x08\x0aWaw2\xda\xb0\xe5OB\xbb\xe1tJA\
\xc2\xb2\x8c\x182\xb7\x9c\xf2\x17\xdfOh\xda=\xd2\xa0\
\xfa\xfen\x80\xd6\xbe\xd2\xda+\x1e\xd69\xd4M\xe3\x09\
\xd4\x8cI\xbcA`\xadC\xd3\x06\xba\xe3\xe1>j\x8c\
Ab\x12_\xa2X\x94T\x99\x13\xf1>Fi\x88\x0e\
m\xd7y\xa5\xb7\xb7W\xc9<\x8c\xe1s\x91\x0b\x8e\xa8\
\xcd\xe5y\xa4=9l\xf4\xbcb\xdd\xc7c\xe1Q\x81\
\xaeCjB\xfa\xa6\xcc\x9d!\xfa:\x84\xf2\xe3\xb5\x18\
\xce\x91=7\x1e\x9d}\xc1\xda\x1c\x04H\x0bd0K\
~\xe9\xf0BL\x84\xf9_q\xe9\xe0\x1a\x87\xdd\x8e\x0d\
\xcf\x15\x95@\xf4\xb3=\xde\xf5_\xb8\xe7\xfe\x0f\x86\x82\
,~\xb9=\x88Q)\x18\xe8\xd0\xb9}Z\x97lh\
\x0f\x08\xbb\xe1\xef\xf2\xf7\xbel\x01\xb1\x08\x8d\xe2\xc00\
c\x08\xc6w\x94\x05 \x8bD\x10\x03A\x11\xa8k.\
\xf0\x0d\xf0g>\xad\x0a\x01i\x88-\x22\xd6\x06a8\
\x90\xc9\x0a\x0f\xbb\xd1\xe8\x14\x06Z\xb0\x8a~\x7f\x18\xed\
\x90\xa3\xafW\xd2\xb9\xd4g\xf8\xdf\x8d1$L\x99\x84\
%\x89\x16\xbb|W\xe4\xb9\x17\xd2yN)n\x22\xb4\
,S@\xa7\x89\xc1v\xb3\xc5\xd5\xe5%6\xeb5\xaa\
j\x8b\xe5b\x0e\x80\x03\x1e\xadE\xcd0\xa5R\x0a\x9d\
\xd1\xdeW\x9b\xd9\x0euS\x93\xd0\xee:\xac\xd7$p\
\xcf\xcf?\xe2\xec\xec\x0cwww\xa8\xeb\xc6g$\xd0\
\x06\x1bh\x96c\x82\x9cxl\xfbc\xd1\xf7\xc16M\
\xeb\x15K\x0f\x9d*\xedS?\x83\xd5\x16\xfeN\xd2\x14\
\x0a)\xd2\x84\x22\xfd\x95\xb3X.\x1d6\x9b\xadg:\
\x5c\xcc\xefQ\xd7\x15\x0e\x0e\x0e|\xc1\x19\xcf\x07 J\
*8\xff\x9d\xcb\xcf\x8eT\x0e(`2\x19c\xbd^\
\x01m_\xe1S*\xc0\xa3\xd2\x17m4\xc6\xe31>\
\xfb\xec3<\x7fA)k7\xd7\xd7x\xf7\xfe\x1d\xfe\
\xf0\x87?\xe0\xfd\x87\x0fp\xce\xc2$\xda_/\x96z\
b\x82U\x1eGQ\x93|\x89\xa0X\x0en\x13\xce\x0b\
\x13Y=\xf2\x9d\xccq\xc3\x14\xb3\xd6Y\xd8\xce\x06#\
C\xc1o\xba\x96#\xe2i\x1d\x05\xd4\xc0\x81H\x99~\
~\xf73\xfe\xf0\x87?\xa0m[\x1c\x1f\x1d\xa1\xaa+\
|\xff\xdd\xf7\xf8\xf1\xcd\x1b4u\x8drD\x19#U\
U\xe1\xe0`\x8a\xd9l\x0a\xa5\x81\xc3\xa3C\x94E\x89\
\xc5r\x81w\xef\xde\xe3\xfc\xe3G\xaf\xe0\xcd\xef\xe7\x98\
/\x16X-\x97\xd8l\x89 \xc8$\x1aE\x9a\x93\xa0\
\xcas\xcc\xa6S\xa4\x5c\xb3\xc2Z\xe7\xddo\xeb\xf5\x0a\
\xeb\xf5\x06\xcb\x82\xd2\x1d\xb7\xdb\x0a\xd5v\x8b\xba\xa9\xfd\
\xf3\x13\xec-\x82C>\xa3\x7fce@\xe2,\xfc;\
djqk-\x9c\x22\xce\x80\x9d\xd4;\x19_\xa3\xa1\
\x5c@4\x5c\xc7$7\x8a\xe2\x04\x0cBp\x9c\xbc\x9f\
}y\xe9\xf2\xef>$0>\xc7\x0bj\x13\xd0&\xeb\
,\x8c2\xd0F\xc1\xb8\xe0\xbe\x89\x03\x87\xb5\xd6\x1e%\
\xcc<Kc@\xe6\xda\xb6\xa15kI\x99\xe9d?\
\x1d($2\x1fc\x94v\x9f\xd1c\x1d)\x0f\xcaZ\
v\x9f\x84}=d\xcc\x04\xa3@bMto-\x05\
EI\x8cP\xad\x95\xefS|\xdf}\xe9|\xbdc\xa8\
\x180D\x11[\xfer$\x8a\x0eH,\xf6_gg\
\x87\xe3\xaf\xb5\xd0\xc35\xca\xdf\xf4\xa14\xc0^~>\
X\xbe\x0e\xc0\x8a\xd8\xa2\xdf\x03(\x84\xb6\x5c\xffo\xfa\
~w\x22\xc6?\xfe\xc5\x0c6\xf6\xa1\xa6\xb8s\xb3\x87\
\xee\x11\x9d+\x13k\x98\x1d\xa0\x22\x0bI\xac%\x1f\x81\
\x1e\xb5\xd9\x8b\xf2g\xa8G\xc9\xe2\xe3\xe8hO\x92\xd2\
\x86t\x97\xf8\x10\x08\xca\xb1\x7f,M\x12X\xadC\xb0\
\x8a\x15\x86\xbd~\xca\xc9/!\x1d\xf1\x03\xc9\x84\x8e5\
\xe5\xc4\x10\xd4\x99\xe5\x19\x91\xef\x14\x84N\xec(\x00>\
\xdb!f\xa0\xeb\xe0,\x05\x14I?\x8d!\xdf\xb7\x82\
C\xdb\xd6\xa8\xeb\x04\xcb\xe5\x92\xeb\xb7SJX\xd7\xb5\
^Y\x10\xd7A\xd3\xd4\xc0\xday\xeby\xbb\xdd\xa2m\
\x1bl6T\x91M|\xd9u]\x93\xe5<\x88\x8b\x18\
\x0a\xc9\x87\xde\xff\xf0\xfc}\xf3G)\x05\xa7\xa8\xa0\x91\
X\x13DJT\xfa\xcd\xbfk[\xb4m\x83\xb6M\xfc\
\xf7\x8es\xcb7\xdb-\xda\xa6\x06\x9ceT`\x83\xed\
f\x85\xe5b\x8e41\xa8\xaa-\x9a\xa6\xc2d<\xc2\
\xd3'\xa7\x185\x86+\x06\x96\x18OJ<\x7f\xfe\x9c\
\xdc\x14\x8b\x05\xb6\xdb\x0d\x04\x82\x0c\xfdw\xfe]\xcaZ\
z\xf6\xfc)\xfe\xfe\x1f\xfe\x0e\x9f\x7f\xfe9\xb4\x06>\
|\xfc\x80\xdf\xff\xfe\xf7\xf8\xe1\xc7\x1f\xb0Z- \xb0\
%)\xa6\xad\xdf\xac\x95\x22\xab<l\x8a*\x9ac\x0e\
\x92\xc2\xa6\x94B\x92\xa8\x9eu\xd5\x1f?\xf6\xe1\xdb\x16\
&I\xa0\x8c\x82\xea\xe2\x028\x9a\xe2\x1a\x18\xfa\x0e\xed\
\x86\x1f D\xa9\xbf\x7f\xff\x1e\xff\xf9\x9f\xff\x0f\xee\xee\
n1\x9b\xcd\xa0\x94\xe2r\xc1g\xb8\xbc\xbc\xc4z\xbd\
\x82\xd6\x1ae9\xc2\xe9\xe9)\xbe\xfe\xfak\xbc|\xf9\
\x12\xa3\xd1\x08\x00\xb0\xde\xacqq\xf1\x11\xaf\x7fx\x8d\
\xc5bN\x02\xbb\xdaF\xfd\xa1gI\xd2\x14c\x0e\x0a\
\xcc2\x9a\xff\xfcp\x84\xdc\xf0\xdfU\xb5\xc5j\xb5@\
\xd3\xd4\xc8\xb2\x8c\x8a&\xd5[\xef\x9e!dPb\x22\
\xe4\x99D\xd1\x86W\x9a\x94B\xcf\x0a\xd6Z\xa3\xa9\x03\
\xf5\xac\x05\xad1D((\xad\xdd\x00w\x8b \x0b\xcc\
|t\x8d\xec\x8f\xb4\xb6\x0c\x94f\xa58N\x1d\x8d\x94\
_y\x01bp\xc5\x028\x86\xff\x9dsde{\x14\
\xcd\xc1\xba&z>\xd3\xdf;y\x8eP\x16\x0c\xa5f\
vl\xa1+6nZ\xce*\x02\x82\xf0\xa6\xd8\x02\xf4\
\x9e=\x9e\xf7Z\xf7+\xf7\xedB\xf8t-\xcd_\xe7\
\x91-?\xb9\xf8\xfeb\x80\x05\xf7J\xe4>p\x01\xaa\
\x0f.g\x91A\xb1\x22\xb5\x9b\xee\x17\x1f2'\x5c$\
\xf4I.:\x88\x1bA\xfa\x1d\x88\x80\xf8\xae\x9f\xb2\x9f\
?v\xec@\xf7\x8f\x18\xcc\xfb\xae\xde\x97c\xef\x1eh\
\xb7\xd7W\xd5?\x7fx\xff\xe1w\xf1\xe7;\x1aj$\
\xfc\x87\x03\x1do\xf21\x94$\x93\xfb\xc1'\xdb3\xa9\
bk\xdc[e\xfc{\xd7\xb1\xa5\xca~\xe4\xaemQ\
\x96#\xef\xe3\x8b-B\xa9\x84(\x1a\xbdE\xf09\xf9\
{\xb0\xc5mX;6\xc6@u\xad\x9ft\xb6\xeb`\
y\xa3\xd0FAsT\xb5\xf4\xd3\x19\x03\xa8.\x1a\xdc\
\x1eL\xb3g\xe0\xc3\xafF\x87\x0d_\x02\xb1\xd24E\
\x96g(\xf2\x82\xd3\xd0\x0a/\x90\xe9\x1d\xc4M\x0d,\
jg\xbd\x22\xe8\x95#\xa3}\x11 \xad\x15\xc6\x5c\xe1\
\xadk\x1b\xd4\xbc\xf9:\xd7Q@\xa5\x16\xf4\x84\x02\xde\
\x9a\xba\xc1|~\x8fj[a\xb9\x5cb\xb9\x5cz\x14\
\xa0\xaakl7[l\xb7\x1b\xf2\xb5\x03\x9e(\xc9E\
\x91\xbe\xd2S\xaf\xc9\x0f\xde\xf7\xf0\xa0\xcf\xd1\xbb~\x17\
5P\xd0\x8a\x08}\x0e\x0e\x0e|a\xa7\xad\xedPW\
\xc4\xe5P\xe4\x05+=%Y\xbc\xce\xa2\xaak\xff\x5c\
\xd5\x96\xe8\x8f;\xae%\xb0\xddn\xd1u\x1d\xa6\xd3\x03\
\x9c\x1c\x1f\xc3\xe53\xbcz\xf5\x0a\xc7'\x87\xa8\xdb\x0d\
../)\x87\x9c\x8b\xcbl\xf8|R \xa9\xea\x9b\
DqK\x9a\xdao~\xf3\x1b\xfc\xcf\x7f\xfdW|\xfd\
\xf5\xd7\xe8\xda\x16\xaf_\xbf\xc6w\xdf}\x8b\xf3\x8b\xf3\
\xfe\x9a\x88,<\xc9\xb1w\x0c\xc3[\xb5+\xe0\x03Z\
\x12R\x0e\x05\xf1\x91vlt\x9e\xb5\x16\xaa\x0b\xd5\xe6\
\xb4nA.]>/R\xb8\x04u\x8a\x952Q\xa6\
W\xab%\xde\xfe\xfc\x16u]\x11\x99\xd4\xe9)F\xe3\
\x11\x0e\xa6\x07\xb8\xba\xa6\x82E\xe1\x9a'\x94u1\x1e\
\xa1nj\x5c^^\xe2\x87\xd7\xaf\xf1\xe6\xcd\x1b\x9c_\
\x9c3\xa3\xa5\xeb=7\x10\x08\x93\xa4J @\xfb\x09\
\xcd\xb7\x0d\xb418\x1e\x1d\x01\x00\xca\xd1\x08\xcb\xe5\x12\
\xd6v\x9e\x14\xca9K\xc4?q\x8d\x11%\x020(\
\xca\x94\x1e\xe9z\xf7\x8e\x95\xd5,\xcb\xa0A\xf9\xfa\x02\
\xed\x8b\x9bF\xdeO\x0c\x81\xc7Z\x93\x03\xbc\x02\x1e,\
XB\x03\xe8\xf3h\xdf\xd4\xca\x97\xcav\xd8\x8d\x80\x07\
\xc4\x00\x0c}\xd3\xfc\xdeD\x80\xcb8v6\xa4{\xaa\
h}\xf5\xe8z\x95\xf6\xfd4<\xd7l\xd7\x91\xf2\xde\
\x85\xfa0-W\x04\xd5\x8cd\xec\xae\xd1\xc7\xad\xec\xe1\
9\x0e W\x821T\xcd4\xfan\x1f\x9c?\x5c\xff\
\xbb{@\x90I\xfe<\xadw\xe4\xd2P\xf6\xc4.\x06\
i#\xbe\x8fw{\xc5\x08\xc0\xc3F\xfc\xff7\xad \
\x16\xfe\x9f\xaaX\xecC\x12\x1eB\x17\xf6\x09q\xd9X\
\xe3\xcf\x87\xb0\xc7\xc3\xfd\x0d\x83\x15[\xd6\xd2n\x80h\
y\xb3\x1a@E^!\x18\xbc\xe8}\xf7\x88\x03\xa8\x86\
\xfd\xd3\x9a\x84Y\xec\x9f$A\x1e\x82\xccH\xb8+8\
\x15&\x91\xe1\xe0\x11\xd1>\xa5O\x891H\xb4F\xc5\
\x9fk\xc1^\xe4\x19\x9c\x83\xd6$\xd0l\xd7Q.\xb6\
\x8c\x05?ob$B|7# ~\x8e\xe1\xb8+\
pNub\x90\xa5\x19E\xeb\x8fF\x18\x95T\x99/\
MRh\xc3J\x896\xbdIk\x9d\xf8\xc0,\x8c&\
\x14 \xf6\xfb\x89\x95\xa8\x94B\xa2\x0d\xbb\x04\x045\x09\
p\xb7X\xa0F\xac\x17\xdb\xa1\xae[,\x97\x15\xaam\
\x85\xcdv\xc3\xdc\xfd\x0d6\x1b\xaa\xc7\xde4\xad\x8f\x87\
\xe8\x98\x1d1V\xf6\xbc\xf5\xe9\x22\x07V\xef]\xc5\xdd\
\xdc\x8d\x99\x18\xceh\x15-\x16\x19;\x0ab\xca1\xe5\
`G\x1f\x84\xe8\x1c\xac#\xe6\xc8Z)\x16\x90T\x05\
R\xaa\xac\x11\xf2\xa3X9\x00\xb6\xdb\x8d'\x9cQ\x00\
f\xd3)\x9e?\x7f\x8e\xf2\xe83\xbc|\xf9\x12\x93\x83\
\x11\xe6\xcb[hcP\x96%\xbe\xfe\xfak\xb2\xce\xbb\
\x0e\xab\xf5\x0a\xb7\xb7wh\x9b\x06\x97W\x97\xb88\xbf\
\xc0\xdd\xdd\x1d\xaa\xba\xc2\x8b\xe7\xcf\xf1\xea\xd5K\x9c\x9e\
\x9c \xcb2\x5c\xde\xdf\xe1\xdd\xfbw\xf8x\xfe\x91\xac\
^\x11\x0e\xf1\xbc\xd0\xcaG\x91\x8b\xe0\x92`&yn\
\x9f}b\xe1\xdd@\xfe] \x90\xda \x82C\xa5-\
\x89\xb2\xd6F\xc38\x17\x02\xe3\x04\x89RA\x19\x0dQ\
\xe5!\xce\xa1m;\xcc\xe7s\xc09\x1c\x1e\x1e\xe2\xcb\
/\xbf\xc4\xf1\xc9\x09\xd24\xc1\xfd\xfd\x1d\x91$i\x85\
g\xcf\x9e\xe1\xc5g/prr\x0cc4\xee\xeen\
\xf1\xd3\x9b7x\xfd\xc3k\x5c__\xc3Z\xa2%\x8e\
\xcb\x1a'\x86b&\x8a\x22'\xc1\xcdc\xd14\x0d6\
\xeb\x8d\xcf\x08y\xf6\xec)L\x22ewCLF\xc3\
A\x81Y\x96\xd1\x18n+\x16\xd0a\x9f\x8d\x15\x1b(\
J\xab\x15\x97@\x8c\x9c8\xc8\xd8\xf0x)\x03\x1d\xd5\
,i8%9F\x18=W\x02\xef_$\xe8#\xdd\
_\x1b(M\x96?l\x9f\xc9O\xdeQ\xcc\x01 J\
E\xac\x94\xc4Q\xffZ\xa9\xbd{Np\x01\xd1O\x92\
$\x84\x14\x9a\xa4w^\xe0$\x10\x81M\xf9\x11\xa2X\
8<\x8cf>&;\x86\xd7\xc4\x8a\xa4\xdc\xd7\xa4\x12\
\x1bD\x8a\x15\x19hv \x9f\xe0\xf9\x00z\xcaD\xb4\
\xaf(\x15\xe6\xb9 $\x1e5\x88\xee\xd9\xeb{\xd4'\
\xff,\xd1g\xf2\xbbG\x00\xf4\x03B\xf6S\x8f\x9ee\
\xeb\x85\x02\x7f78\xcf?\xd4#\xc7'+\x0cC\xad\
m\xcf\xf7C\x0d\xea\x97\xda\x10\xedSG/\xd7\x1b\xb9\
.\xc044Y#\x9a_\xa5\xbd\x1b\xe3a\xa8\xbd\x7f\
O\xb1\xf8\xe5^\x0a`J_N\xa1Q!(,\xb6\
\xf6!\xae\x13G\xe7+\x15\x98\xcd|z \xe0\x09\x84\
\xb4\xd2H\x04&\x84\xa4\x0b*\x89\xf1\x82\x11\xcd\x1e\xe1\
z\x00=\xf60m\xf7\x07\xa6\x84\xb1\xd0\xbd\xf1N8\
\x87\x5c\x1b\x22\xdb\xc9\xd9\xd2\x1f\x8f\xc7\x14l7\xb0H\
\x04\x96S\x0c\xb7)\xee\xa3h5\xd6\xb1\xc5\xa85\xe0\
,\x9c\x0dAd\x0e\x01Qqp\x94^\xb7^{a\
`\xbb\x0eu\xdb\xa2i[\xd4U\x85\xcdfC\x91\xfd\
\xdb-\xea\xaab\xcb\x80b\x00\x9a\xbaO=,0d\
_\xe8;?/\xf6j\xed\xfcy\xa4\xa3C\xa0j\x19\
/\xa5\xa8\xe0ROqB@\x9f\xf2<\xc3tz\x80\
\xd1\xa8\x04@\xe9\x89m\xdbz\xf7@\xd7R\x0c\x83\x8f\
\xe8\xcfRt\x1d\x91\x175*\x04\xdd\xc5Ev\x88-\
\xceb2\x19\xe3\xf8\xf8\x08\xe3\x13\xaaHx?\xbf\xc7\
r\xbd@Y\xe6\x18\x8f_\xf82\xb3\x93\xf1\x98r\xd2\
on\xd1u\x1d>~\xfc\x88\xef\xbe\xfd\x16\xdf\xbf~\
\x8d\xab\xabK\xfc\xf3?\xff\x0e_\x7f\xfd5\x8a\xb2\xc0\
\xf5\xf5\x15\xfe\xf4\xc7?\xe2\xfb\xef\xbf\xc7\xdd\xdd\xad\xdf\
d\xe2=\x81bXC\x0c\x0b\xb0\xbf\xda\xa3_\x83I\
`\xc2\x8c#\xaaE!Ptr\x18\xe5h3\xd5J\
A\xa7\xc9\xcef\x22\xf7j\xa3`\xd9\xf80\xec\x9b\xad\
\xea\x0a\x17\x17\xe7\xd8l7\x98N\x891r\xbd^\xfb\
\xf4\xbe\xdf\xfd\xeew\xf8\xec\xc5\x0b(\xadqyy\x89\
\x8f\x1f?\xe2\xdb\xef\xbe\xc5\xd5\xd5\x95OG\xec\xc3\xc8\
\xda\xa39I\x9a\xfa\xf7\xb9\xd9l\xb0at\xa6m\x1a\
\x14e\xe9\x15}\xef\x1ea\x0e\xff\xedv\xeb](B\
n\xd3\xb5-R\x0ev\x13\xd2\xa3\xf5z\xcdk\x85b\
J\xc0\xebK\xe4\x91/\x04\xc5~\xeb<\xcf\xe1L\xca\
\xf0\xb8ES7\x102\xb10fa\x0e\x871s\x1c\
\x90\xd7\x06\x94\xc6\x18$\x0e!\xbd.\x9e\xddJA\x1b\
xH\xbd\xe3\xba\x09q\x81&\xd9\xcb\xe4w\xc3\xb5M\
\xf6\x1d$\xc0\xc1\xf1\x0d\x94b\xe7\x95\x0b\x04\xc3,\x8e\
1!.\x14\xe9\x8f\x06\x14)\x1b\x01\xe9\x18\xcc\x95=\
r#F%\xb9\xe1\xc1\x09\x14[ ,\x92\xf4.\xd8\
\xd5\xa1\xd0\x9b\x1b\x92\xc1\x15\xcf\xcd\xe1z\x10w\x88\x7f\
\x0b{\xe4\xed\xfe\xd1\xe9?\x8bR\xf1>\xe5\x02\x02\xf0\
\x98\x0f\xff\xf1\x9b\x0co\xb0\xc7\x82\xdfc\xa9\x0f?\xef\
\xdfo\xf7\xfb}\x9f\xf9{F\xe7\xecn$\xbb\xf7\xee\
\xbf\xe0\xfd\xcaH\xfc\x89\x1fh\xb9\x8f\xb5\xbc\x93\x81\x03\
I\xc2y>\x7fUE\xe57Yp=\xea\x22\xe0\xce\
\xf8M\xb1\x0b\xc4\x1ebq6\x0dUuK\xd2\x14\xbd\
l\x1fEp\xb6\x08\x1d\x81E!\x19\x03l\x19P\x90\
\x5c\xeaaD\xd5)oqB\x09r\x12\x04)@\x8a\
A\xd0\xd6\xe9\x99:^PC\xd6,\x9f\xaah\x0c\x0c\
\xc3qd\xf1\xa4\xc8\xb2\x9c\xd9\xf5r\xe4\xac\x19\x0b\xa2\
!\x87T\xfd3\xccd\x08\xe7`\xb5\x10d\xc4\xac`\
\xbc\xa8b-\x9c\x05\x1c\xa1\x01\x0a]\xd7b\xb3^\x91\
_\x7fK\xc2~\xbb%\xff~UmQW5G`\
[\x0f\x0fv\xb6C\xdb\xb4\x1c'\x10\x16\xa4X\x88\xf1\
\xc4\xd9\x07\xdb\xc5\x9f\xc7\xe3\xd2;?\x9c\xe8-\x9c\xa1\
R\xac5Y}\xe3\xb2\xc4d<\x02\x1c\xd1\xabn\xd7\
ktmC\xca\x87\xb5\xe8\x00R\x02\xba\xd4Gb\x8b\
B\x84-\x9d\xb3\xd9\x90 \x18\x95%\xf2,\xc5f\xbd\
\x22$\xc19\xdc\xdd\xdeb\xd5\xe5\xb8\xb9\xb9\xc1\xfd\xe2\
\x16\xdbz\x89<\xcfq|r\x82\xf5z\x85\xa6\xa9\xd1\
45\xa6\xd3)[\xb9\x06''\xc78>>\xc2\xe9\
\x93S\xbc\x7f\xff\x1e\xff\xf8O\xff\x88\xaf\xbe\xfa\x12\xce\
9\xfc\xf4\xd3\x07\xfc\xf1O\x7f\xc4\x0f?\xbc\xc6j\xb5\
\x22\xa51JO\xe5\xa9J\x02(\x82\xa8U$\x90h\
\xdc\x99\x94\x89\x91\xa18\xcd\xcb\x13]\xb1b\xa3\x22\xf7\
@\xd7up\x8abW\xe2l\x85\xe1;\x919\xd7v\
-\x94\x02\x07\x5c\x92\xd2\xdeq\xcc\x80\xf0\xe0_\xdf\x5c\
\xe3\xdb\xef\xfe\x8c\xb2,\xf0\xe2\xb3\xcf\xf0\xd5W_\xa2\
\xae+\xe4y\x8e\xbf\xff\xfb\xbfC\x92$\xf8\xe9/?\
\xe1\xf5\xeb\xd7\xf8\xf0\xe1\x03\xae\xae/y\xaa\xf4c\x0d\
\xc4\xe55\x9a\x8c\x90\xe5\x19g$P\xc4\xfc\xb6\xda`\
\xbd^\xa1e4\xa2\xae+,W\x0b\x8c'c8'\
\x99:\xe0\xdfI\x99\xcb\x8b\x02\x19g\xa0l6\x1bL\
&c\x9c>9\xc5x<\xc6b\xb1\xc4\xc5\xf99\xd6\
\xeb5\x05\xe4\xf1\xdav<\xb7\x12m0\x1eO0*\
K\xcc\xa6GHuI%\x8c[\x8b\xeb\x9b\x1b\xacV\
k\xca\x10H\x93\xde\xdc\xb4] \xf9\xf1\xef\xd2)\x0a\
\x80k[\x08\xf6eL\xc2\x82\x15QN}X\x03\xda\
)\xbf\xd7\x99h\xce\xc7\xe7\xf8\xf7\xc6\x0a\x05\xec\xc3\x06\
\x9cC\xf0\xe5Ck\x0aVT!\xae\xc0h\x0de\x9d\
wi@G{\x9c#\xff~\x9c\x1aN\xf6\x86\x0a1\
i\xfb\x14\xfc\x08u\x19\xaeu9\xc8\xed\xc4\xc6\x94\xa3\
\xfd\xd3#\x02\x88e\xda.\x920TJcE:\xce\
\xe5\x7fP1\x8a\x944\xba6z\x176\xdc7\x01\x18\
\xd2\x8e:\xb3o\x80\x1f\x13\xdc\xc3E\xf6\xd8\x86\xf8)\
\xc7\xf0~\xd4\xe8\xfes\xe54\x81\xbf\xf6}\xd7k;\
:/\xfc\x1b\xb4\xae\xde\xcf\xd0\xf7\xec\xfb\xe7\xbc\xa0\x8f\
\xfd2\xf1\x84\x88\xa3\xb8mg\xe1\xf4\xc0\xf7\x83\x90\xca\
\x17[@^\xa1q\xf4\xbd\xe6\x01Q\x8e\x059\x80D\
\x9b\xa0/+(=\x00\x00 \x00IDAT\x1c\x80\
\xaa\xa4i\xa5=\x84.\xd1\xd5R\x0eXP\x01\xb0p\
\x95\xea\x8fbe\x11\x02\x11\x86Y\x818\xea\xb51=\
\x8bT\x8e\x04\xd8\x11\x92Z\x0bu\xaa\x811\x09\x97\xda\
5\xec\xefO\x90\xa6b\xa1\x18(\xe5\x00b7\x80\x8a\
\x16\x99I\x99\xb8H\xf5]/\x12\xa4\xa3@ly\xa2\
\xa9k\xde\xbc%\xd0H\x81\x02\x1fk\xb6\xe6\xdb\xb6#\
V6.\xe8R\xd5\xb5\xa7U\x8d5h\xd9\xf8E\x11\
\xb0\x0c\x0d\x8a\x05\x1b\xcf\xa7\x00S\xf7\x99\x00ea\xf7\
}z\xf1\xfc\x0a\xe3\xe7a\xd4=\xf3U)\xa2\x80.\
\x8b\x02\xa3\xf1\x08J)T\xdb\x0d\x91\xf7T\x15\x8d\xbb\
\xd4o\xe0M\xb9mjti\x82<\xcb\xa0\xd2\x046\
\xcf\x00G%\x91\x8d\xd6p\x96x\x0e\x9cMPW[\
\xdc\xdd\xde\xe0\xfc\xfc\x1co~\xfc\x11\x1b5f\xf6\xc0\
\x04Yip0=\xc0b\xb1\xc0t:E\x9a\xa5>\
5-\xe6m\x1f\x8f\xc7\xf8\xcd\xdf\xfd\x06/_~\x86\
\xe7/^\xc0$\x06?\xbf}\x8b\xff\xfd\xdf\xff\x1b\xaf\
_\xbf\xf6\x05n\x00@\xb3\xc9\xa3\xe4\xf9t\x9fFV\
#\xa4NQZ\x9e\xd0\x992d\x9e$\x04\x937\x5c\
\x1c\xcaD<\x18\x8a\xa1eV\x12M\xc2\x01_-(\
\x10P\xf5-$O{\xcd\x7f'\x8a\xe1nq)8\
\x05\x83\xc8Ea\x89}\xf2/\x7f\xf9\x0b+\xc9\xc0\xe9\
\xc9)~\xfd7\xbfFY\x96H\xd2\x04\xd7\xd7\xd7\xf8\
\xe9\xcdO\xf8\xe1\x87\x1fp\x7fwGT\xc0\xbc\xae\x1d\
\x07keI\xe63\x07\xf2,\x04\xf6U\xdb\x8a\x5cN\
UEV>\xcf\x15!\x0aZ.\xe6\xd0\xc6P\x90\xaa\
\x92}\x87\xfa\x91\xa6\x89\xaf\xfa\x97\xa6)\x0e\xa6\x07x\
\xf1\xe2\x05\xca\xa2 \xd2\xa1\xb2\xc4\xc7\x8f\x1fq?\xbf\
'\xc6\xc7\x8e\xe2V\x8c!\xaa\xec\xcf?\xff\x1c_|\
\xf1\x05\xfe\xf1\xef\x7f\x8b\xd9\xe4\x04\xff\xfd\xdf\xff\x8do\
\x7f\xfc\x09\xf7\x8b%\xa06\x10\xc8\x1a\x0c\xc5\xd3\xf8\xf5\
\xe7\xb0G\xb1,\x8d\x95\x9c\xa7\x8d\xf1\xe9|\x02\xc9\xdb\
\x08\x11\xf5\x1c\x03\xc3t\xb8HQ\xf4\xae\x031\x10\xd4\
n\x89q9\x04\x11\xa2}\x80\xfa-\x8a\xa3\xb8\x93\x80\
@\xfc\xa4\x94B\xdd4\xb2\xe0| jX\xab|\xec\
(\xf3\xf2\xb1\xf3k5\xbe.\xde\xb3\x862P\xeb\x10\
\x93\xe0\xe2\x06U\x88w\xf0\xf2\x82\xc7|\xd8\x17\x99\x1f\
\x88Qh\xf4)\x86\xc3\xaf!\x96\xce\xc1z\x05PN\
\xf3k@\xfbb@\x0f\x0b\xf8XcQj0H\xfe\
\x9a\x87-\xa1\xa1\x05\xfd\x8b\xc7\x83\xc2~W\x18?\xdc\
\xe7\xfd\xda\xff\xb0Lm_\xb1Q<)w\x03T\xc4\
\xf2\x14-U\xe0\x14\xe9\xec\xbeJW\x9e\xef\xd9\xdf\xbb\
\xcfXE\xe7\x87\x98\x81\x9eB\xc1\x9a\x9e\x02\xc1\xd7H\
\x8c\xb7\x9a\x94\xa2\xc0:\xb2\x06\x1c/l\xedS|\x0c\
o\x8aFS\xea\xa0\x089\xb2\xaeIH\xe7Y\x8e\xc4\
vh\x18\x065:\x12fQ\x00\xa1\xd6\xaa'\x90\xfd\
8\xaa4D\xdfk\xc3\xfe\xfc\xc4\x93\xb7\x90\x12\x126\
|N\x00\xf0\xd0\xb9d5\x98\x88\xf5+^8^\xb9\
\xd1\x0aF'\xb0\xc6\xf4\xe0=\x19s*\x9d\xacP\xd5\
\x15\xea\xb6%E(1\xe8\xba\x06\xeb\xf5\x1a\xb7\xb7\xb7\
X-W\xa8\x9b\x1aUU\xfb\xca\x82\xf1A\x10\xff\x00\
\xa5\x894\xc5\xa1\xf5.\xe3\x02\x84\x94*\x81\x8d-a\
\xfa=\x8d\x1d\xd1;\x951\x91\x0d4F1d\x8ee\
\xec#N\x8cF]\x11Mo]Qf\x82\xedB)\
[B\x86:tm\x83\xa6\xaeH\xb9\xe3\x00K\xe7,\
\xd24cELS\xca\x98sX1?\xc0\xe5\x05Y\
\x88\xb7\x15\xa1\x07\xcf\x9e\x9f\xe2\xe0hD\xdf\xafVx\
rz\x8a\xb6\xeb\x88\x866\xcbqxx\x88\xc3\xc3C\
\x8c\xca\x12\x93\x03\x82\xc3\x9f<}\x8a\xd9l\x8a\xc5b\
\x8e7?\xfd\x84w\xef~\xc6r\xb5\x04X\xb9UJ\
q\xb9ixB\x9e8m\xd5\xcf\x03\xd9\xe4\xe3\x8d\x93\
\xe7u\xdb\xb5@\x17X\x1a\xe5\xd9\x05\xfe\xf7\xb3R\xac\
#\xa5\x80DGJ4\xa2\xb1\xd5\xa4\xdcy$)\xa0\
xb)\x12\xfe\xe0z\xbc\xf5\xf3\xfb{\xbc\x7f\xff\x9e\
\xca\x1b\xbf\xfc\x0c/O_\xa2\xa9k\xbc{\xff\x1eo\
\xdf\xfe\x05\x7fy\xfb\x13\xae\xae\xae|%F(F\x06\
\x9d\x851)F\xe3\x11\x15kRD\x04\xd4\x09\xec\xbf\
\xdd\xa2k[rSiRhe\x7f\xa9\xeb\x1a\xf3\xc5\
\x02\x19\x07\xb5\xc9\xdc!2\x1e\xf8\xb4N\xa3)\x8b\xc6\
9\x22^JS\xe2\x138>9FUWppX\
,\x16\xa8\xaa-\x14\x07\xf8\xa5i\x8a\xb2,1\x9dN\
\xf1\xe5\x97_\xe2\x8b\x97_c\xb9\x5c\xe2\xcd\xbb\x0f~\
\xacHY\x02 ,t\x08\x16e\xec\xc3\x97\xbe\x092\
(\x82N)\xa2\xe0\xa5\xf5\xa2<\xdf\x81\x08\xb8\xd8\x95\
\x0a\xd0\xb3\x89[\x80\xd6\x9b\x8a\xbeS4\xa7T\xdf*\
\x0e\xeb'\xb0\x06*E\x99A\xba#\xd2!\xe7:\xde\
+\x88\x11P\x02\x0a\x8d\x04\xa0j)P\xd4_\x8b\x0f\
\xb9\xa5D\xf8\xf7\x0c?\x0c\x82\xd7\xd9\x9a\xf6(\xb0\x92\
\xe7\x09\xee\x85`\xbciBj\x19UV\x18\xb0\xc4F\
\x87\x18:\xb2\xb7\xc4\xc8\xda\x0e\xf2\x88\x90\xa5\xa3\x9d\x19\
|\x1f)\xc1\xc6\x18R\x00\x06\x0f\x1a7\x1ak\xdc\xbd\
\xbf\x07\xbf\xfb\xe6\xf7\xa0\x01\xfb\xcf{\xd8J\xa7k\xfa\
\x9f\x0f\x85\xc4\xa7\x1c\xfb\xee\xff\xd0\xf3\xd18\x04\x97\xc2\
\xce}\x5c\xa4\xe88\xf2%\xc9\xdf\xb4\xe0#\xed\xcf9\
\x8a\x02\x05|\xc5>\xf1y\xc7\x0b\xc0*\x0b\x95\xf4S\
\x9b<y\x07\xdfT\xa2\xceeplgaU\x176\
?+\xfe\xe9\x00\x1f\x05\xcb=\x0a8\xb4\x0a.\xb1(\
\xf2\x1cM\xdd \xebZ\xd4\xb2I\xeaPh\xc7+\x83\
\xb2HU4yX\xf9\x88\x95\x15\x89\xbe\xf5\x01\x8aZ\
A\xe9`\xc9K\x1f\xc4z\x91vE\x09H\x22\x08\xb7\
\xb3\x1d\xc3e\xf2\x9e\x05YP\xb0\xb6\x1f\xb5\xed\xacE\
\xb5\xddR\xa9\xd5\x96\x08C\x8a\xf1\x18eYz2\x1a\
\xf2\x9f\x02i\x92\x90\xfb$!.\x80.\x82\xfcEI\
\x93 )z\xf7\x88\xc63\x9a\x02V\xa0A\x11*\xf0\
\xef\x86\x94\xdcp\xbd\x0bo0\xcc7\xce\xa3\xd6\xd1\x9c\
S\xb2\xf3+\xf6\xdb3\xba \x94\xc1UUQ?]\
\x9f+\x9c\xfc\xfa@\xdb\x00[l\xbd\x85N\xc1\x90\x05\
\xa5Vr\xf9b\xdbuX\xd75\xe6\xf396\xeb\x15\
\xba6D\xd2S\x00\x15)n\xeb\xcd\x1aY\x9eCi\
\x85\xedj\x83\xef\xbe\xfb\x1e\xeb\xf5\x0a\xdf|\xf3\x0d\xbe\
\xf9\xe6\x1b\xa6\xc3mPU\x0ay\x9ec\xbb\xdd\xe2\xc3\
\x87\x0fh\x9a\x1a\xb3\xd9\x0cGG\x87\x98\xcf\xef\xbd\x7f\
]6+\xcd;\x0c\xe5\xdc[\xce2\x09\x15\xf2\xa4\xfc\
\xb3\xcc\xe90f\x12t&\x88\x9c\xac\xcd8p\x10\xcc\
\xe8\xe7|\xaez\xbcA\xca:\x16\xd4*\x08\x0b\xf8\xb6\
\xb5V\xb0df\xc3v\xce/7\xf2\xd9Oq||\
\x8c\xc3\xc3\x19\xa6\xd3\x19\x94\x02\xaeo\xaeqqq\x8e\
\xc5b\x81\xb6\xed\xf8Y#\xa1\xc1\xebDh\x99\xc1J\
\x05\xb9\xa1(\xe84(\x81\xbb\x86U\xd7\xb5h\x1ab\
dL\x12B\xd1$\x7f\xdd:\xcbA\x9d\x06\x93\xc9\x84\
y\x03:|\xf8\xf0\x1e\xd6ZL&\x13\x1c\x1d\x1dG\
5\x0b\x0c\xba.\xf1\xfd\xaa\xeb\x0a\xd7\xd7\xd78::\
\xc4\xfb\x0f\xef\xb1Y6\xf8\xf0\xe1\x03nn\xefP7\
-$\x1b\x80\xd6\x8e\x8e\x94\xcd \xb0\xe5\xddR0\xa7\
,\x98\xf8\x07~\xdd+\xa5\xa0]\x88\xe5\xa0\xad\x91\xb3\
\x9b\xb8\xaa)x\xef\xb5\xce\xd2v\xc3\xb7\x12w\x8e\xbc\
\xff]\x83\x8e\x95I\x15\x8c3\xeb(\xa5O\x0b\x97\x8a\
\xd1H\xd2\x94\xf6\x15\xffn\x15\x0b\x5c\xeb\xf7q\xe1\x85\
\x90q\xda18#\x83O\x0e\x91\x16\xb2\xdf\xd2\x1e\x10\
&\xa9\x8c]o\xddF\xcaB\xd7Yh\x87^\x1b\x1e\
.\xeb\xddg\xf7\xb9\x9d\x8b\x9e\xdf\x05\xa55V\x12\xe8\
\xdc~\x0ar|$\x1e~\x88\x1b\x8fV\xd9\x8e\x12 \
\x1d\x8a\xb4\x94\x1d\xc8\x03\x18tw\xbf5\x1e\xfb]\xe2\
\xce\x0d\xad\xf4a;\xbft\xec\xebW_\x01 \xff\xb2\
\x8b\x04\x9bh\xc7\x0f*?|\x88E,D#\x00i\
\xfbv\xe7\xfc\x10W!\x9b,K\x99^\x9a\x8dr{\
\xdc\x0c\xb1\x96\xe8\x98\x80\x83\xf5L\xf1E;+\xf5\xba\
U\x98h|/\xad\xb4\xdf\xe0\xa4\xbd\xc4\x18\x22\xf4\xe9\
\xc8U B7a\xc1\x98\x1a\xf8g\x88'Lx\x93\
\xb4pDhS\xf0c\x04\xd3J\x06\x82\x92\xc0\xc5\x10\
\x8d\xeb\xe9\x8d\xb5\x8a\xe6v\xb0\xaae\x93\xd3ZA\xb5\
\xa1\xd0K\x98c\xb4\xf98\xae\x19/t\xc6u\xddx\
\x14!MS\xcc\xa63LgS\xa4i\x8a\xed\x96\x0a\
\xde$\xfc\xac\x1d\x80$)`L\xe2\x05l\xd34\xbe\
dk\xd34\xb4!\xa1\xdb\x99\xa7\xbd\xf7\xc39\xbeZ\
\xc5(\x80(_\xce\xcf\xe9\xfe\xbc\xc6\xcex:\x16f\
\x84\xb4\xa8@Y\xed\xf89\x99B\xb8m\x1a\xe6`\x08\
HRoN\xcb\xf9\x1d\x057j\xa5P\x14\x94\x1a8\
\x1a\x97\x18\x8dJ\x22w\xe2g]\xafV\xc4g\xc0>\
j\x81\x90\xcbr\x84,KP\xd7TXFR\xd3\xc6\
\xe3\x11\xae\xae.\xf1\xe6\xcd\x1b\xe2z\xaf+\x1cL\x0f\
ptt\x84<\xcf\xf0\xe1\xc3\x07\x9c\x9f\x9f#\xcb2\
|\xf6\xd9g\xd0F\xa3\xaa\xb6\xb8\xb8\xb8\x84s\xceo\
\xf2\xa2\x94J\xbf\x83\x1bD\x14\x82>\xdb\xa4\xc0\xfb1\
l\xdfW\xceB*\xa1\xb4Gs7J\x13\xd4\xf1;\
\xe8o\xec1b\xe7aW\x88BF\xca\xabV\x1a\x93\
\xc9\x04_\xfd\xeaK\xbcz\xf9\x0a\xcf\x9e=CUm\
quu\x89\xb7o\xdfb\xb1\x5c MS\x9c\x9e\x9e\
\xa0m\x1b\xcc\x17s\xb4M\xa88(\x85\x84\xac#a\
\xd7\xb6-\xaaz\x8b-\xa7\xa5\x02$\x90|\xc7\x00J\
\xc1U\xb1%L>\xea\xa2(xvm\xfc8Z\x8e\
\x09\x90g\xca\x8b\x1c\xeb\xf5\x1awwwX\xae\x96d\
(\xd8P\xeaW\xda\xac\xeb\x1a\xab\xd5\x12\xf3\xc5\x1c\xdf\
\x7f\xf7\x1d\xd6\x8b?\xe0\xcd\x9b78;\xbfDUU\
\x9e\xdf\x1fJ\x82\xc6\xe0\xd1Eo%s\xf6\x10\xba\xe0\
\x97\x16\xf2&\xc9\xde1\xbcG\xc8\xfd\x85\xd3\xbe\xe3\x80\
Ac\xa86G\xdbv\xc1\x90j[F\x1b\x10\xcd\x87\
\x80\x0e\x0c\xd1;A\x1c\xe3\xb4G\xe7\x984\x0a.\xb8\
#\x1c\xe0\x1c)6\x9dm\xc8?\xcf\x8a\x8eW$#\
)\x18o\xfb}\x11\xb0_.\xc4\xebqGV\x02\xbd\
9\xac\x07HF\xcf6wb^\xd0\x8d\xe3@t?\
S\xb8-\x1d\xf5Ci\xed\xe3)z\xfd\x19\xfe\x1e\xc9\
)\xe7\x5c\xe4\x02x\xec\xa1\x06\xbf\x0f\x05\xfeC\xd7\xf5\
\x17m\xff\xef}\xd7\xc5\x16\xfe>\x85\xe1S\x0e\xd9P\
\xe9\x0f\xf4\x06\xd0\xdfS~\x5c\x04\xd3\xaaAu=\xb5\
\xab5i\x9e\xf4\x0e\xa1<c\xdf\xe7\x1b`\x5c\xcf\xbc\
\xe7\xad\x8f`q\x89p\x96\xf3\xe3v\x8c\xd20\xc9n\
\x8e\xa7D~\xa7i\xb0\xa8I\xd8\xf6\x95\x96\xa0~P\
\xac\x80\x1c\xd4'\x03g,\xf2,C\x9b\xe7\xc8\xdb\x06\
\xd5\x96\xfc\xdeJ\xa9\xde\x04\xea+\x14\xa1\xa2\x15Ai\
\x81\xa5*\x11R\x17\xad{\x0b\x886urCh\xde\
\xe4\x9d%HX\xb2\x03\xa4\xea\x9f\x90v\x00`H\x94\
\x04`\xcb\x11\xebmK\x11\xf0uUsq\x94\xd6\xa7\
7\x0a\xff\xffhT2]0)4UUa\xb3^\
c\xb3\xdd`\xbdZ\xd1\xf9i\x8a\xd1\x88IB\x92\xd4\
\x13\x8f\xb4leo\xb7[l\xb6\x12\x8d\xdd\x8fq\x00\
\x10Y:2\xcfxl\xa3y\x1b+c\xf1g\x0f\xcd\
\xe5\xf0\xfe\x03\x1a\xe0\x18\xd6\x07D@\x11\x8d\xb1Ra\
\xb3\xf0\xf38\xea\x8b\xb5\x1d\xda\xb6A\xd3h\xa4\xc8\x90\
&\xc4! \x08\x80\x04\xf55M\x0d\xc0!M\x12\xa8\
\x9a\xfaf\x12\x8d\xbc\xc8a-Q\x03Wu\x854K\
pp0A9*\xb1X\xcc\xb1\x5c.\xa8\xdabQ\
\xa0\xaa+\xdc\xde\xdd\xe2\xea\xfa\x0a\x9b\xcd\x1aEQ\xe0\
\xf0h\x86\x83\xe9\x01\x8a<\xc7\x1f\xff\xf4G\x5c__\
c\xb5Z\xc3V]O\xb9\x0e\xeb-@\xaaP\x14\xcb\
\xe2D\xf9\xb3l\xe1G~\xff\xd8\xad\xe2\x98\xed\xce\xc7\
\x1a\x08\x9b\x9f\xb3~m!R8d\xf85\xc4\xa7\x1c\
)_\x9d\xf5sX[\xcav\x01H\xb8L\x0e\xc6x\
\xfa\xf4)>\xfb\xec\x05&\x931\x96\xcb\x05>\x9c}\
\xc0\xd9\xd9\x07\x94e\x89\x83\xe9\x14&!\xd4\xa6\xb8\xce\
q{wG\xc4SN#I\xc9\x1d\xd0\xb6-\xac\xb6\
h\xea\x9a+0\xc6\xb5\xe3\xad\x1f\x0b\x80\x82!\x15\xc8\
-\xd2v-t\xab1\x1ae(\xca\x9c+\x192g\
}\xd7\xa1n:4u\xed\xd7\x97\xd6\x1aEQP\x01\
\xac\xaa\xe2 G\xd5+TCs\xc8\xa1\xaa\x09\xb9\xb9\
\xbe\xbc\xc5\xdd\xd5\x0a\xcb\xe5\x12\xab\xd6\xc1)\x8d@*\
\x14\xca\xf9\xc6$`aL\xe3\xec\x0e\xe2\xea\xf7\xc8\x0e\
(8\xd0F\xefL\x84\xbe\xe2\xd8\xa2\x84\x19>\xa5^\
\x06\x91$\x19_d\xc7\x8fQ\x14t\xadB\x07\xc2\xbf\
\xac\x90(\xa5\x08u\xd5B'\x1c\xe2\x07Da\xa1R\
\xd3\x1aJ;\x1f\xdf\xf0\x90\xb1\xf7\xd0z\xa5~y\x11\
\x12}G=\xdc\xdfL\x8c^\x0d\x0c>>\x86{>\
\x0f\xacW,\xfc\xcdDnD\xe7)\xc0\xefg\xfb\x94\
\x10\x0c\xde\x17\xad!KT\xc0F\xfbe\xf1I\xc7/\
\x0d\x94\xbf\x09x\xf3\xf3\xd6^\xd8\xb4\xfc\x83F\xc1p\
\xf4\xf7\xc0\xc2\xd9\xd7\xfe\x00Z\xed\xe3\x17\x0fh>\xbd\
\x9b\xeeqQ\xc8\x8f\x8f\x94\x8c\x08^\xa2A\x16x\x1a\
 +\x10,\x04\xa5\xad\xe1O\xb8\xa5\xf3\x93\xb9\x8b\xb4\
X\xa5\x22pg\xdf\x8b\xe3\xcfmg\xe1TG\x1c\xe9\
P\xbev\x83O\x0b\x14\x81\xe4hsPph\x1bG\
\x14\x9dZ\xfb\xba\xd5iJ\x13\xa4+r\xe4m\x0d\xd3\
\xd0\x06\x92\xa6\xbb>\xaf\xf8\x99\x0co\x90\x12\x0cF\xcf\
\x1f|\xabZG\x04\x22\xce\x02\xb0\xd0*A\x9a&\xfe\
{A\x0f\xd2\xc4p\x99Z\xee\x0bg7\xd0&@$\
7\xdb\xed\x96\x09m\x9c\xdf(\xab\xba\xf6u\x0e\x8a\xa2\
@Q\x96\x18\x8fF\x04s\x1b\xaaz\xb7Z-\xb1\x5c\
\xaeps{\x83\xdb\x9b\x1b\xac\x96\x0b&\xbf\xb1\x04_\
75\xaa\xed\x16Y\x96\xa1,K\x22 \x1a\x8d0\x99\
L\xd0\xb6\x0dW\xcb[c\xcbAZ\xc2\x1c(\x828\
~\x9fP\x02K\xf3\xfc\x8d\x16(\xcd\x97\xf0\xbdu\xb6\
\xff\xbd\xdf\x18iR\x89\xbc\xd2,\xe5%%R\xfc\xe4\
d\xb18\xc4S]\x14L\xa5\x1c\xd7\x0e\xb7\xe8\xda\x06\
\xad\xd6\xc8\xb3\x14\x93\xf1\x08\x931q\xcb;\xe7(\x9e\
\x80\x8b\xc9$\x89\x01\x9c\xf0\xaa\x13K\xa4\xc0\xf0Z+\
l\xb7\x1b\x0a\xf8\x9b\x8c1\x9bM\x91e)\xbe\xfc\xf2\
K|\xfd\xcd7\x18\x8fG\x5c\xf5\xee\x03*\xae\x8c8\
*\xa9\x08\xceh4\xc2\xb3g\xcf\xf0\xfc\xc5s\xbc\xf9\
\xf1\x0d^\xff\xf0\x03\xae\xae.QWu\x8f\xf2\xd8\x97\
{\xf6K\xcc\xfaqRJ\xf9\xc0\xd6\xe0\x16\x90\x14\xa8\
(\x9e\x85\xf7.\xb1\x99bk7V\xde\x05>\x16\x97\
\x80\xcc3\xc3\x91\xf8\x0e\x04e+\x81\xb8\x15\xf1\xdb\xcf\
f3|\xf1\xc5\x17x\xfe\xec\x19f\x873(\xadp\
{w\x8b\xb7o\xff\x82\x9f\x7f\xfe\x19\xa7\xa7\xa7\xc8\x0b\
\xaa\xc9\xe0\x9e\x9c\x22\xcb3\x8c\xc7c\x5c]_\xe1\xfe\
\xee\x9e9\xe8\x83\x02\xdf\xb4\x8dOK\xed8\x96C6\
\x15\x9a\x0b\xa1@\x11\x95cn\xbc1\x91\xa6\x94\xf2\xd7\
\xb4\xc4\x17 \xcfL\xc4L\x84\x02\x14\xbe\x96\x05E\xe0\
\xbb\xad\xf3hJ@\xa5\x09!\xac\xeb\x1a77\xd7p\
\x9d\xc6vI\x01zV\xa7^\xe0\x88\xd5-\xb2\xa7\xed\
8e\x12\xe4\xcf\x0f\xa5sI\xe8k-('\xcfm\
\x90/^\xe2\x94\xb4\xd6h;\x8b$\xa1:\x16*\x82\
\xe6\xd3\xae\xc3f\xbb\x85\xb2\x96H\x84\x98^\x1b`6\
\xc7\x08^\x0f\x8a@\xbcW\x09\x03\x1f H$1\x88\
\x1a>_\xdc\x03\x80S\x8a\x95\xbfHY\x19\x08\xe6G\
\x8fH\x18K%\xc0\xde\xd7\xc3\xf3\x86\x9f\xcbw\xc0\xce\
\xb5\xbdk\x94(*\xbbA~^\x91\xd0f\xc7\xa2\xc7\
`\x8f\xf0\x07\xf7\xd7k.\xe0\x8c\x10E\x07\x94\xeb\xfb\
&z\xd7>\xf0\xf9\xa7\x1e1\xf4G}\x894\x91\xf0\
\xad\xdfT\xf7\xddS\xfe\xee\x0b\xd5Oxi\x9f\x80(\
(\xc5\xb9\xab&T\x1f\xebT\xc8\x85\x8f-\xf6\xf8\xd0\
JG%z\xfb\x932V\x00\x04\x9aj9\x00Ij\
E\xf7\xce\xa7\x13{\x0aR|=Y\xcb\x12\x84\xd3\x06\
xT6\x8fh\x5c\x15\x80\xae\xed`Y\x837Y\xe6\
\xad{\xabD\x18G\xc5\x82\x9cC\x96vA\xb3\x8c\xde\
M\x8c\x8a\xf8\xdc\x5c-\x1a\xa8\xf2\x1b\xb4X.\x00<\
\x91\x901\x9a7\xaf\xc4+I\xd6R\xae\xaek8\x90\
e\xb3\xf6\x9f\xb7]\xcb\x84<d\xed\x8b\x82\x97p\x84\
\xafV\x1aY\x96\xa2(\x0a\xe2\xf9NSV:,\x9a\
\xba\xc2f\xb3\xc2z\xb5\xc6b\xb1\xc0zC\xf9\xda!\
~\xc2\xf9\x1c\xfaj\xbb%n\x82\x8c|\xe4\xe5h\x84\
\xf1h\x844\xcb0\x1aQ\x81\xa1\x9a!\xf3\x8a\x15\x91\
\x9a\x95\x8f.\xb2\xde\xe4\x95\xd1\x07\x11\x94\xd7C\x84\xe8\
K\x12^\xbb\xdf\x0f\xff\xd52\xcf\xfcF\x1a\xbbe\xfa\
\xf7\x0dm+\xaf\x08\x92\xc2@|\xfe\xb3\xd9\x0ceY\
\xc2\x18M\x05\x82\xd6k.<D\x85GZF~\xb2\
\x8c\x08\x9a\x9a\xb6\xc1b\xb9\xc0\xab\x97\xaf\x98\x991\xc5\
\xe9)\xf1\x04l6\x1b\xfc\xfa\xd7\xdf`2\x19c\xb3\
\xdd\x10\xcc\xbc\x5c\x90\x15|0E\x92&(G\x84\xc6\
\x9c\x9c\x9c\xe0\xd5\xab\x97\xf8\xea\xab\xafprz\x82?\
\xff\xf9\xcf\xb8\xbd\xbd\xc5\xed\xed-\xea\xba\x8a\x94:\xe1\
\x7f`\xff\xbf\xeb\xaf\x19b-\x0dQ\xe6:R0\x85\
\xb6Z\xce\x19\xa2p\xf2\x8e\xe2\x94\xa9\xd8j\x15EB\
\x16\x9f\xe3\x227ZQi\xdb\xc3\xd9\x0c/_\xbe\xc2\
W_}\x85\xc3\xe3C$I\x82\xfb\xfb{\xbc}\xfb\
\x17\xfc\xf4\xd3\x1b\xdc\xde\xdeb\xbdY\xa3i\x1b<9\
}\x82,\xcbpp0A\x9a\xa5P\x9a\xf8\xe6\xe5\x1d\
v\x1d)\x00\x92v8TT\xc2X\x90\x9b\xcd+9\
 \xc5\xb7njh\xae\x82G\xb9\xe4\xe2j\x22\x22\x1e\
\xd7\x92;+/rJ\xdd\x8b@ekC\xad\x8a0\
\xfd\x1c\x7fg\xd1\xb5d\xadw]\x07\x98\xcc\xbbo\x95\
\x22\xb4\x8e\x14(\x07\x8d\x10a\xaf\x11|\xf3\x0e\x9cu\
\xc4\x06\x82X\xff>6\x80'\xab\xb8\xc6:1\x80\x94\
b(\x9b\xd6\xaf1\x06\x10CJ\x1b(\xd5\xfa>\x8a\
\xe2(\xf4\xb6\xf13\xf4\xe8\xd1y\xed$\x86H\x81\xe2\
\xb9\xd0\x89\xab\xa7cw\xad\x22\x84\xc9\xd2\x80\xef\xf0\xff\
\xc7siGn\xa8\xb0\x86\xe3\xfd\xda\xf5\xff\xdc1v\
w\x8eh\x9f\xf5\x86\xb0r\x83Sb4X\x8c\xd2\xd0\
\xee\x90\x11\xb0'\x1fc\xe7\x82\xec\xd7~\xa8\xe8\xf7D\
|s>\x0eio\xa7\xff\x7f\x08\x7f\xb5\x07b\xd9s\
\x8f\x1d\xb7\xc2\xd0\xaa\x1f\x08\xd7^{\x83\xfb\x0c\xef\xbf\
\xef\xf7\xf8\x88}H\xc1\xba\xd7\x88\xe9\x9f\xe5\xbb\x98\xec\
F6\xf8\xde\xdf{\xee\x1fG\xd5\xb7\xce\xc1\xb5\xd6/\
t\xaf\x91\xf1\x82\xe8]'}\x96~;\x8a\xfav.\
\xe11A\xb0\xf8e\xb2\xf3u\xfe\x99@\xb0z#\xcf\
\x10\xf9J\xf3,G\xda4h\xea:@Gb\xdd\xfb\
>\x87\x89\xee\xc7\x06q\xa0 \xbc%\x1f\x17\x8a\x01x\
\x83\xe9Z\xa8\x06~\xc1\x10\x9f\x01\xf9\xa0\xdb\xb6\xf3\xbe\
Q\x09\x0a\x92\x1f\x00\xde\xb7\xaf\x18\xc5HS\x8aXO\
\xb9\xea\x9b\xbfve\x89\x1f\xbd\xaa\xbc/\x1f\xa0\xc0\xbf\
.%d\x00L\xc9\xea\x1c\x05\x09\x01\x0euE\x163\
\xb9\x17\x08\x15\x90\x9f\xc9x\x84\xf1\xa8\xf4\x0a\xc9\x96]\
\x0a\xdb-A\xabq\xc6\x80_7\xbd\xb9\xd6\x9f\x07!\
<\xb0?7\xe2\xf3i\xaeD\x1a\x85\x02\xc7_\x0e\xe6\
\x85\xea\xaf\xa5\x18\xc5\xd2ZQI\xda\xd9\x0c\xe3Q\x09\
8\xcb<\x08\x9ck\xde\xb4\xfe]\x19h?\xc6i\x9a\
\x22K)\xa03\xcb3\x9c\x9c\x1ccr@p>\x94\
\xc2b>\xc7\x93'O\xe0\x1cA\xd9\xe3\xf1\x08\x87\x87\
3\xe6\xa40\xfe\xfe\x92\xa7n\x12\xf2\x8d\xff\xee\x9f\x7f\
\x87\x83\xe9\x01\xae\xaf\xae\xf0\xfd\xeb\xd7X\xcc\xe7\xa8\xaa\
\xca\xbbr\x1c\xcf_\xa1\xac\xf5>^~<a\x0c\x14\
K]i\x05\xe3\xb4\xb7\xe4\x9c#\x85\x985pV\x9a\
\x10\x05\x0d\x0e22x\x0c)\x95R|\xa9T\xca6\
I\x08\x92><<\xc4\x93\xd3S<\x7f\xf1\x1c\x05\x17\
\xe0\x99\xcf\xef\xf1\x97\xb7oqvv\x86\xfb\xfb{t\
\xd6b\xb9\x5c\xe2\xfd\xbbwX.\x978:<BY\
R\xdcD\x9af8\x98N}\x80*\x14\xd0\xb4-)\
\xe5\x11\xca\x22\x02K9\xea/\x14?\xa5\x95R\xc8T\
\xaev\xb3Y\xc3\xda\xceW\xb2\xcc\xf2\x0c\xbaQ\xd8v\
\x9d\x9f/u]a\xbb1\xa1Be\x9ea4\x1e\x11\
}3\xbb\xb8\x9a\xba\xa6\x5c\xf9\xde>I\x02\x85\xc6F\
\xf9@e\x9a\xd7\x9c\xca\xe8\xfd\xe8!\xc0Y\x989\x01\
x\xce\x04?\xce\xde\x1d\x10\xb9l\xbc\xb0\xa7\x0c\x06\x09\
X\x93\x00J!\x1d\xf2$fI(\x14%\x8a\x9a\xb4\
\x1f\xbbS\xe5s9\xbc+G\x90\x82H\xe9\xf3\x02\x9d\
\xdbTJ\xc3$\xbb\xf3c\xd8^\x1c_\x12\xf7\xe31\
\xa3r\x9fP\x1e~\xd6\xfb\x1b{`}V\x98\xfc\xbe\
\xae\x02B\xd0C\x98\xf7\xcc\xef\xd8\x1d<\xe8X\xf4;\
\xa5t\xab\x1d.\xfa\x07\x0e\xf9\xe6\xb1\x07\xdf\xb9F\xf5\
7\xbe}\xed\xf7'\xc9@\xf0\xef\x11\xf6\xfc\xc1\x0e\xa4\
\xda\xd3\xc6\x86J\xc7\xfe\xce\xf5\xa8.\x87\xf5\x9c\xa3\xc6\
|[\x0aA[\xec\x8dC\xa4\xc9\xc7\x9b\xb2s.d\
XH;\x08~\xe3\xe1\x06\xbe\xaf\xbf1O\x03\x05'\
\xf5\xb36z\xcf\xcam\x0a$\x1f/\x22\x0f\xdd\x83\x02\
\x11e\xe1\xca\x10rk\xf4\xbfX\x94j\x97\x94B\xf1\
\xf9=\xa8\xd5\xe7\xf6F\x93\xdd\x01\x1dBP\x9b|\xde\
v-\x9a\xa6\xf1)y\xceJ.~G\x11\xb9\x92\xc2\
h\xb4\x8f\x80\xce2*\x18d\xd8\x0f\xba\xe6\x0aw\x94\
VE\xd7J\x91\x1f\xb1\x02\xa0(\x10\xab\xe3\xea\x86\x92\
\x8aFc\x22\xfdr\xcc\x19\xd0\xf8\xf2\xa1\xe3\xc9\x98\xef\
\x9b\xc2\x98\x02eY`\xd2v\xd8\x8cJl\xd6\x1bl\
\xb6\x1b\x1f\x99/m\xc6\xef!\xdc\xa3\x7f8\xd7_\x7f\
J\xedV\x0f\xdc! z`M\xee\xfb\xcc\x18\x8d<\
#\xf6\xc0\xc3\xd9\xccS\xddR^9\xa5\xff5MM\
\xf0(4\xb3\xc0\xd1\x86_W\x15`\x14\xc6\xe3\x11\xa6\
\x07\x07\x98\x1cL\x88\x82x<\x82\xb5\x0e\x93\xf1\x18u\
]\xe3\xec\xec\x0c\x1f\xce>\xc09\x874!\xda\xe1\x96\
\xe1\xec\xc4$8\x98\x1e\xe0\xe9\xd3\xa788\x98\x22M\
\x13\x1c\x1c\x1c\xe0w\xbf\xfd-\xaa\xba\xc2\xaf\xff\xe6\xd7\
X,\x16\xb8\xbb\xbb\xc3\xcd\xcd\x0d\xae\xaf\xaeY\x98\x12\
L\xdc\xb5\x9dG\x03\x9a\xba!\xc8\xbc\xe5\xd41\xb68\
\x13\x9e\x0b\x0fm\xc6\xce1\x1a\xa5\x94G\xe8\xb6[\xaa\
\x92\xd8\xb2;\x07\xce\x81\xdd\xfc0\xc6\xe0\xe0\xe0\x80\x14\
\xa6\xc9\x04\x93\xc9\x18\xd3\xe9\x14\xb3\xd9\x0c\x93\xf1\x04\x9d\
\xedpss\x8d\xcb\xcbK\xfc\xf8\xe3\x8f\xb8\xb9\xbe\xa1\
\xbeh\x1a\xbf\xcdv\x8b\xea\xe2\x1c\xeb\xd5\x0a\x07\xd3\x03\
\xcfE/dBR\x83\xc0I\xc6\x83\xeb\xef\x89\xf2\xbb\
0^\xb2\x1c&\xc1\x0bJ\x7f\xac\xba\x16\x8a!\xf6\xb0\
\x07\xa9^-xk-6\xdb\x0d\x94V\x18\x95#\x94\
\xa3\x11\xca\xa2@\xd7u\x98L&\xa8\xea\x0a\xeb\xd5\x1a\
u\xd3PE\xcc\xa6\xf6l\x85\xf1\x5c\xf4\x8a\xbe(R\
\xdc?\xc7cM\x99\x00\xbc\xc6\x11\x82\x80\x856Z\xf8\
4d\xdezu\xd6\x06>\x01\xcbJ\x9f\xb6\x0em\xdb\
\xd1\xfb\x1a\x1a`,\xc8)^(\xa5@R\x0e\xbe\x1e\
\x22\x1arXg\xb9\x88\xd8\xc0*\x8f\xdav\xd6\xb1\xf2\
\xc8\xfd\x93\x89\x80\xbeb\xdd\x17\xa8\xda\xefw\xb1B\x19\
\xa7E\xd25\xf1u\xbb\x01\xee\xbb\xc6\xe8C\x06\xeb\x8e\
\xa90\xf8\xbeo`\x88\xf2\xb6\xdbN\xff\xd8\x95\xaf\xc4\
\x04\x08 \xb2\xe8~\xa1\x91\xc7>\x7f\xe8\xf8\xa5\x0dl\
\xa8!\x0d\x85\xfe>\x0d\x8a\xbf\xd8\xfb\xfb>Eb\xe7\
\x9e\xfc\xc2\x85f\xd7x\xf8I\x0f\xac\xbb~\xd56\xda\
X\xfam\x0b\xb1E\xac\x89\xc9\x8f\x04\x0eZ\xce\x14\xf0\
\x05IDw\xa1\xd5\xee\xbb\x1f\xb7\xac\xe2\x1f^L\x86\
\xadz\xeb\x1c\xb4L\xc2h\xd1*Qj\xa2>\xc4\xcf\
\xad\x01b\xcb\xe2\xcf\xc5\xa7/A\xa0Bh$\x96\xa6\
\xbf\xc6\xb7\xc5\xc2\x1fa\xd3\x0a\xbe\xec\xa0\xdcX\xe7\xd0\
9\x0b\xb4\x0eAD\xa2g\xe9\x0b\x14*c\xac\x95\x82\
\xc9\x99O\x80\x15\x00)\x10DmZ\xd8\x86\x8a$\xad\
V+\x86\xf4\xa9\xf5$I8\xb0\x90\xd3\x93\xd8\xc7+\
\x81\x86\xb4)\xe8\x1d\x01+>g\xb4\x0c\x0f\xb2\x05\xeb\
\xacE\x9e\xe7d!g\x19\x8c\xd1\x98\x8c\xc7(\xf2\x1c\
\xa3\xaa\xc4j\xbd\xc6z\xb5\xa2\xea|\xe2\xcf\x8d\x8f\x81\
\x85\x10/\x5c\xbf\xe6\xd8\xf2\x91\xb2\xc6\x00z\xfeO7\
\xdc\x0bX\xc1\xdb\x87\xd4\xd1\x5cS\xd4\xbf\xb2D\x96\xa5\
\x848\xb5\x94N\xb6Z-}Z\xa4\xf0D8\xab\xbd\
P\xa9\x9b\x1a\xcd\xba\xc1\xe1\xe1\x11\x0e\x8ff\x94IQ\
m\xd1v\x0d\xca\x92\xaa\xdc]\x5c^\xe0\xfb\xef\xbf\xc7\
\xf7\xdf\x7f\x8f\xc5b\xc1\x8f\xd9\x8f\xa0?99\xc6\x17\
_|\x81\x97/_\xe2\xf4\xf4\x09NNN|\xb5\xbb\
o\xbe\xf9\x1a]GEl\x16\x8b\x05\xd3\xe7\x9ea\xb3\
\xd9\xf0\xf3\xd3\x03\xb7-\xd5\x1fX.Ha\xe9:B\
\x92\xca\xb2\xc4lv\x88\xe9tJD<\x89A\xdbv\
\x9c\xc5Q\xa3\xe1TI\xc3\x8a\x5c\xc2\xe9\xb5\x97\x97\x97\
x\xf7\xfe=\xee9@\xaf\xeb\x1c\x17\xa5\xd2\x18\x8d(\
\xc8\xef\xf4\xc9)NON\xf0\xec\xd93_?\xbe\xeb\
,nooq~\xfe\x11?\xfd\xf4\x17\x9c\x9f\x9f\xfb\
\xd4:\xa5\x14,,\x0c\xe8\xbc\xc5r\x81\xce\xb6\xc8\xf3\
\x9c\xd7U\x02q-X\xc7y\xfe\x1aD\x17.\xfb\x04\
C\xbfP\xf0\xa9\x88\xe1\xbdRQ/\x22q\xa1q\xf1\
s\x95\xd7 \xa5\xd5Y\x9f\x9eg-1?\x12\x9a\xd2\
\xc1\xda\x8e\x83us$I\x82\xd9\xe1\x0c\xc6\x90\xff\xff\
\xfe\xfe\x1e\xf3E\x0b)\x85\x0c\x08\x0a\xa1\x19!\x93\xf5\
\xac|\x00\xb2\xe00\xf2\xbb\xdf?\xb8r\xa7\x10j\xf5\
\xa7\xac\x94\xe8\x0dqRa\xf3\x13\x85\x00pmD?\
\xae\xc4\xcd\xc1U\x0e\xb5\xf6\xc1}\xca\x02I\x22U\x03\
\xa3\xfd\x16\x14\x9b\x90\xa6\x14\xdc\xdb\xb5\xd4gqI8\
\x87\xa0\x9c8@vV\x89\x03\x90awQ\xdf\xa4\xef\
Dj\xa8|;\x8e\xaf\x97\xef\x8dI\xc2^\x82>\xe2\
\xe0\xb7\x03\xfb\xb0q\xeb\xcfq<\x17\x1e\x91\xaf\x22\xec\
w\x10\x84_\x10\xc9C\x84C\xe4I\xa2\xb5VZ\xa9\
\x9d\x14\x82\xa1\xb0\xfd\xa5\xce?\xd8\x83\x81e\xfe\xd81\
\x14\xd0\xc3f\xe9\xa1\x1fk\xe1\x97\xad~\xf2k\x07\x0d\
P,\xe1\xb8\xb0\x8fU\xda\xfbbD0\xd1\x0bf\xeb\
\x18q\x14/M\x9a}\xe42\x1e\xd2\xe1\x8d[:\xaf\
e\x82\xbb\xddg\xf4(A\xecj\x00<4d\xbb\x0e\
0\xc6\xbb\x0bD\x19\xb1N\xd2\xefB\x8a\x1f\x10,s\
?~:\x90M$\x09\xf9\xc1\xdb\xa6\x81\xd2\x0d\x14(\
\xd6@\xc8\x90\x04\x8e\x84\xa2\x80G_T\x85\x06\xd2\x83\
\xdaIbz\xe3\xa9\x94B\xe3,\x1c\x17\xd1\x89y\xf5\
\xads\x9c\xe2\x16\x160@\x8a\x98\xc0\xef\x12\xf5-\xb0\
\x98\xe5\xbc}y\x1e\x82\xe5+\x9f\xcb\xae\x0dG\xf8\xee\
\xbck0\x87@BV>\xd9,=3<\x1e'(\
\x87\xb6\x0diu\xc6$D\xb7\x9a\xe7\xbeZ\xa1\xf0\xa6\
\x8fF%\xee\xd3\x14ww\xb7\xd82\xed\xee\xbe\xa9\xb9\
O\xd1U\xac8\x89b\x92$d\xe5h\xad\xd06\x84\
\x8e\x90U\x0c\xec<\x95R\x88\xa6*\x17\x94\xa1\x0f\xb2\
4EY\xe6(\x8a\x0c)\x17oj\x9b\x0a\xcb\xc5\x12\
\x8b\xfb{\xb4MM\xf3\x9c\xe7\xb63\xca\x93\xc2$I\
\x02g,\x8a2gh\x96b \x9e>{\x86\xf1d\
\x8c\x9b\xebk\x9c}<\xc3\xfb\xf7\xef0\x9f\xdf\x13-\
ut\xd0\x5cq\xb8\xb9\xb9!\x01\xbf\x5c\xe2WU\x85\
\xce\x12\x1f\xfcx4\xc2\xd1\xf11\x12\x8e=\xd0Z\xe1\
\xf4\xf4\x84\xe8n\xad%\xc6\xc1\xf1\xd8\xbb\x03\xe6\x8b9\
n\xaeo\xb0Z\xaf\xd16\x0d\x924\xc5\x93'O\xf0\
\xe2\xf9sb\xd4\xcbs\x0a\x18k[,W+\xdc\xb1\
O^J^\xa7Y\x06\xa5\x80\xa6&\xd7\xcf\xdd\xdd\x1d\
\xd6+\xa2AV\x0a\xc8\xf3\xcc\xb3\x1a\xe6y\x86\xc4\x18\
\xb2\xfc\x0fg\xb0\x9d\xc5|\xb1\xc0b\xb1\xc0\xd5\xf5%\
>\x9c\x9d\xe1\xe2\xf2\x02u]A\xf6\x18\x1f?\x00\x09\
\xe0\xa4\xcf\xdb\x1d\xb8\x9a#\xf1\x13\x0d\xe7\x0c\x1b\x02\x80\
q\xda/|B\xdbv\xb3\x90\xb4\xd6\xe8\xa2\xb9*\xe4\
N\xda\x14h\xea\x06IB\xcaj\xc3\xec\x83\xe0=J\
\x08\x80\x9a\xb6Eb\x0c\xf2\xbc\xc1h<\xc6\xc1\xc1\x04\
Y\x96a\xb9Zb\xbb\xdd\x22\xaf*\xac\xeb\x9a\xe6\x91\
1pI\x0a\xa7i-\xc7L\x7f\xcc\x8f\xc8\xeaYp\
\x91f9\x05\xdf\xa6i\xc2\xfc\x04l-\x1b\xf4S\xdd\
\x5cp\x0f\x02\xa0\xcd*^\x1b\x0a~\xadK\xdb\xce\x11\
\xb1\x90k\x9a\x80\xf6tB\xeacv\xa0r\x80\xf6L\
\x1d\x19r\xb2^\xac\x7f\x17\xecN\xd2$\xbc=\xea\x0c\
Q\x88\x9d7\xe2 oZ)x\xe7\xfePF\xf2\xf7\
\xc2\xe3A\xa8\xda\x03e\xbe\xb5\xf12\xed\xc1\x98:%\
\x08\xf1_'/\x87\xca@\x1fe\x14\x11\xacz\x7f\xcb\
\x91\xec\xb3\x12\x15\xbd\x91~\x10A|\xe3\xbf&&\xe0\
\x13\x84\xbf\xd7\xbe>AW\xd8\xf7}x\xa0\x87\x10\x8b\
\xf0\xbb\x8fX7\x12\xa8\x16\xac\xff\x9e5\xc3\x7f\x87*\
p`X\xcc\xc1\xda\xa0I\xf9I\x88=\x8aG\xf4\x9d\
\x15\x0b=\xea\xd0\xae\x0e5\x08\x82\xe2\xff\xb4\x0aB9\
~\x0e\x11\xf6t\x1b\xa9\xe8\xc5\x0aA\x94g-m1\
\x8e\x07%\x8a\x02[\x11\xc4\xc6\x17,~\xa9DH\x92\
?,$\xe9\x1bA\xac2\x86\xe1\xb9C\xb4<)*\
F+\xb4\xb6_\x18I,\x16\x1fO\xa1\x95\x17\xaaD\
\xdfI\xa5N\xe9\x96dUX\x8e\xfa\x0e\x0b\x9eQ\x06\
\xbf\x7fP\xde0\x19G\x96\x05+\xe7\x1d[\xe7\x03\xeb\
h\x1c}a\xad\x9d\x00\x1ayg\xce\x92\x9f\xbb\xd5-\
\xa5\x08\xd6\x15\xea\xba\xc2\xa8,\xa9\x92\xe1x\x8c\xb2,\
\xa0\x94B\xdb\xd4\x80s\xec\x8e\xe8\xf0\xd01\x8ca\x11\
kOr\xf0G\xa3\x12Jkl\xd6k\xac\xd7\x0e\xae\
q~A\xecC\x12\xe2v\x05\xf2.\xcb\x02\xd3\xe9\x14\
\x07\xcc\xd4\xa741\x09n6kl6k.\xce\x12\
\xac\xf5,M11\x13L\xa7S\xc0\xb4(\x0fr\x8c\
\xca\x11\x16\x8b\x05\xba\xae\xc5\xe9\xe9)NN\x8e\xb1\xdd\
l\xf1\xf1\xfc#\xce\xce>\xe0~~O\x11\xe1F\xf7\
\xfaC(\x18\xb9\x03\x96\xab%\xce\xce>\xa0\xebZ\xdc\
\xdf\xdf\xa3(\x0ab\xa6\xab*$iB\x99\x03y\x81\
\xa3\xe3#<}\xf2\x04&\xe1<w\x1eG\xa5\x14\x05\
\x15\x16\xa5'x\x9aN\xa78<:\xc4xD\xae\x88\
\xf9|\xee\x03\xf1\xd6\xab5\xae\xae\xae\xb0Z\xaf(\xbe\
\x80\xad\xf4\xb6\x93R\xcfs\xcc\x17s8\xe7\x90\xe7\x99\
\x7fO\x09\xd7\xc4\xd0\x86\x5c\x0by\x9e\xa3\xaa*\xcc\xe7\
s\x9c\x9f\x9f\xe3\xfc\xe39n\xefnq\x7fwOL\
\x8b>M\x91\x11\x00g=\x81R\x08\xaa5\xde\xb2W\
\x8a\xb9\x0a\x9c\x85j9\x06\xa8\xeb`\xc0\x0a\x84L\xbd\
$B \x87q\x0bL\x94\x95\x179\x8a\x9c\x82_\xdb\
\x8e\x90\xaf\xa6mx\x89\xca\x06\x1a|\xbfMSS\x0d\
\x08\x0e\xcc<::D\x9e\xe7\xde\x15\x97\x179\xf2:\
\x87F\x8a\x8e\xd135\x9e\xa1q\x8a\xd2\x089\xe8\x15\
`c\x84\xd7K$QP\x96\xc4nH)\xbb]\x80\
\xfe\xa1!\xec6CD\x14\x00,v\xe9s{sZ\
\xc7\xf5\x06x?\x8c\x97(\xe0\xa9\xa3\x1d\xbb*|M\
\x11\x19\xbb\xe8zo\xbc\xb10\x8f\xe3\x11B\x8b\xa4\xde\
H\x9f\xfa(\xc6n?\x95RL$\x14\xf6r\xeb,\
\xa0\xc3\x1e\xdc\xdb[bT:\x12\xc8{\xe3\x00\xa2\xef\
\xe2u?\xf4\xf3\xc7\xd2\xbc/\xbf\xe1\xbf\x8b\xd1Y\xff\
,\xd1}\x13c\x8c\xd2\xcc\x83\x1dN\xe2w\xfc\x0b\x02\
U\xfa\xfe\x092\xbe\x7f\xfdN{\x12`\xf78\xf4\x11\
\xc3\xf2\xbd\xcf\x1fPT\x86\xd7\x0b\xc4m\xb4\xf6\xbe\xa2\
\xa1\x7f\xc8\xfa\xa8q\xb1\xb8#\xf8\x9f\x17\xb6\xd7\xf0\x06\
\x030\xd4\xf0T\xfc\x82\x80\x88\xf9~wR\xed\x08k\
\x84\xa6=\x0a\xa0\x00\xa3(\x15G\xaa\xf9\xc99\xf1\xa4\
\xb3]\x1f\xc2\xa3\x09!\xcf$\xcaC\x82\xd4h$\x5c\
^T\xc8q\xa4<0\xbc\xdc\x0f\x96x\xeck\xd5\xcc\
\x80\xe7\x1c\x97\xed\xe5R\xc2\xd6\x06\xa8R\x14\x0b\xa3\x09\
&\xb5\xa2\x81\x83\xb4\xfc4I\xc8\x12+\x0a_8H\
\x84\x80e\xa2\x1aa\xe9\x8b\x99\xc7\x04\xc1\x90\xe9b\xbc\
\x1bG{\xa5\xcd\x88b\x03\x07\xdb%\x84\x1c0q\x8a\
\x072h\xcd\xef\xce)\x1e(g\x1d:\xc7\x81\x976\
(\x22\xc6\x18\xca\xb1/rL\xc6c\x1f\xd4d\x5c\x88\
R~\xe8\x10\xf2 \xe9wQ\x14\x98\xcd\xa6\x18\x8dJ\
4u\x83\xba\xaaXA\x13\x01\x1bj\x7f\xf7\x95\x95~\
\xe0\x8f1\x1aeY\xe2p6\xc3l:EQ\x14>\
\x80q\xb3^\xb1`u\xbe:\xa4I\x0cFE\x81\xce\
\x10q\xd2\xc1\xe1\x14\xa3\x19!\x11m\xdb M\xa78\
9=\xc5f\xb3\xc1\xdb\xb7o\xf1\xd3ODw\xbbf\
7\x82\x9f\xfa\xd1\x9c\xd7\xf2\x1eXil\xdb\x06\xf9S\
H\x08\x00\x00 \x00IDAT\xeb\xcd\x1aZ+\xac\
W+\xba\xcf\xc1\x01\x0e\x0e\x0eprr\x82\xd3\xd3S\
dY\xe0\x7fX\xad\xd7\xb8\xbf\xbf\xc7\xd5\xd5\x15\xe6\x1c\
,\x98&\x09\x8e\x8e\x8f\x91f)\x92%\xc54di\
\x8a\xedv\x83\xdb\xbb[,\x16\x0b\x9aw<W\xea\xaa\
\xc2j\xbdf\x22(\xcaz\x90@\xb3$M\x90\xa4\x89\
\x8f=\x19\x8dJ\xcc\x0e\x0fq|t\x84\x93\xe3cd\
y\x86\xbb\xbb;\xbc}\xfb\x16\x17\x17\x17\xb8\xbb\xbb\xf5\
\xc48B\x8c$0\xb2\xb6\x16P\x84\x10\xf9JmZ\
\xdcj\x12Hk`\x93\x0eIJHEUW0m\
\xe7\x83ve\x9d\xfa\x1c\xf6\xde\x04\xa4#1\x06\xa3\xd1\
\x18\x07\x07T\x15R+\x8d\xe5j\x05\xc7\xae4_\xe1\
\x8f\xafS\x10N\x09\xfa;ISN\xe5\x9c\xc1Z\x8b\
\xfb\xf5\x1a5\x8f\xebx<\x82\xcd\x0c\x5cAU\x04m\
y\x80\xd6)\xaav\xb8\x16\x85q\xe0\xd6d\xc3\xc3H\
\x90\xa2\xedX\xf8\xd3ME0\xcb\x9a\xda\xb7\x1e\xfa\x95\
\xffd]\x88\xab@{\xe1&{\x8f\x8f\x90\x17\x84\x17\
}:iBX\x12\x00\xa4\x8cP\xb0\xa8\x90\xad9\xb6\
\xce\x9c\x1fs\x87\x18IV\x806\xd4r\x14\xf5\xfdX\
\x8a^/V\xcc\xcbB\x17\xfe\xf0\xf2\xa0\xbf^\xe9\xab\
`h\xc5\x9f\x87\xdb\xa8\xde\xf5t[\xb7\xe7:\xbe\xf9\
\x03\xc2\x97t\x9d}\xd7D]tQ5\xc0a\xf8\xdb\
\xbe\x0b\x1f\xf2;\xec\xd3\xe2\x1e\xf2\xc3?t<$\x10\
\x1f\xbf\xff~\x0dr\xdf5r\xae\xe8\x96\xdebwR\
%*\xf0\xc1{\xcaK2\xfb\xf9\xfc~\xdf|\xfb\xfe\
\xdfp\x86\xf0\xd1\x03\xe8[\x0c*\xdc\x13\xd1u\xd2\x90\
\xb7\xf9\x07\xda\x5ch\x976\x17\xd9`\xba\xb6\x05\xb8\xf0\
O\x8f\xbe\x17!\x87W\xfa\xebi\x8b\x891\x95\xe9q\
S\xa4-W\x92\xd3\x9a\xaa}q\x1f}\xbf\xd9\x92\x06\
\x07\xcdY\xeb\x80\x0e\xde:\x90\xf6\xa5xJ\xaf\x16\x02\
\xc0>f\x0a\x8cj\x10x\xf8\xb3,\xc5xL\xd6t\
\x9aH\xbe\xb4d\x0e(4u\xdb\x0b\x08\x04\xb8\xce{\
\x07H\xe5BON\xc4J\x9da?\xa4e%-\xcf\
M\xf0\xaf+\x12\xe4h\xf7q\x91\x0f4h\x99g\xce\
\x01\xb0P\x8a8\xe4\x9b\xba\xc2\xd6\x10\x8fA\x9a\x18\x86\
\x90G\xd8V\x1b\xb4M\x8d\xda\xf5+$>t\x90\xc2\
F\xd6bQ\xe4L\xd6\x93\xf8b?b\x89\xd08r\
j\xa0\xd6~^:D\x9b\x0d\xcf\xa1,\xcb0\xe6t\
\xc6\xb2,\xa0\x15\x15\x9cY.\x17Xr\xf0\x1f\xc0\x96\
\xba\xb5Pi\xa8\xfb>\x1e\x8f\xf1\xea\xd5gp\x09\xd5\
\x1d8==\xc5\xd3gO\xa1\x8d\xc2\xc5\xc5G\xfc\xf0\
\xe3k|\xfcx\x86\xf9\xfc\x9e\x05N\xb8w\x1cm-\
\x02~6\x9b\xe1\xd9\xb3g\xf8\xf2\xcb/qxx\x08\
\xc3\xae\xa6\x83\xc9\x01\xc6\xe31\x8a\xa2\xc0h4\xf2\x01\
st\xe4\xc8\x8a\x0c\xcb\xe5\x02\xd7\xd7W\xf8\xf0\xe1\x03\
\xe6\xf39\x00\xe0\xf8\xf8\x18\xc7\xc7\xc78::\xc2\x8b\
\x17/\xf0\xea\xd5+\xcc\x0eg\xd0F\xe3\xe5\xcb\xcf\x90\
\xe7\xe4\xb6X.\x97\xb8\xbb\xbf\xc3\xf5\xf55\xa5\x1d\xde\
\xdc\xe2\xee\xee\xce\xa7\xd45u\xe3cO\x8c1\x98\xcd\
f\x14\xfc7\x1e\xa3\x1c\x95X.)@\xd1\xda\x0e\xe3\
\xf1\x08i\x9a`\xbb%\xe6\xbe\xa6n8\x95\xb7%\x92\
(\x0eJ\x14\xbe\x02\xeb,\xa5\xa5\xb22 \x01\xb6\xd6\
)\xe4\xb9\xa1\xf3\xd7\xda\x07\xad\x0a}u\x8fo$\x9a\
\x1f\xe2\xba\xca\xb2\x0c\x07\xd3\x03\x94E\xe9\x0b\xdbt\x1d\
\x0b9Y\xab\xb1\xc1\xc1\xebQkM\x05\x83\x0c\xc5\xf4\
t\xb6ES7\x1c\xd7AL|y\x9e\xa3U@\xd7\
\xf1\xfaj;t\x1c8\x99\x17\x05\xb2={\xb0T\xf7\
T\xa0\xd2\xc4\x12\xa5.)\xc9\xf4\x00\xda\xef!q\xe0\
\xad\x7fNo7EnN\xad|\xb9\xf2\x1e\x8b)0\
\xa0F\x0f\x83\xe4\x91\x09\xa5=+\xa4\xd5\x0a\xca\xd2&\
'\x01\xa5l\x01\x85\xd52\x10\x19C\x03R!\xa4\xcb\
\xf5o\xb9[#&\xbc;\xc5B\xb7\x8f\xbf\xfb\xef\xe5\
|\xf4\xf7\x9a\xa1\xed\xea\xc2\xa9;\x86e\xfc\xfb\xd0\x8d\
\xe0\x8dXDr\xf1\x01k$6\xe4\x12!h\xd9'\
F\xbd\x90\x1ct\x10{>\xdf\xb9\xc9'\x9c\xb3{\xc3\
\xfe\x03=\xf4\x00C\xc1\xbf\xf7>\xf1&\xe5\x8bE\x04\
-V\xac{\x09&\x01\xc0\x16\x1ei\x7fqp\x89c\
E X\xaf\xbb\xf7\xd3<\x89\x01\xf2\xcb\x06\x8e\xea(\
\xd7Wu\x84\x02\xa8\xc1uJ\xf5f\xb7\x87\xa1D\xbb\
\xd5\x04S\x8a\xa5Ky\xf1\x0c?y\xb4\x02!\xf5\x89\
'cL\xbf*\x0bQ\xa2\xeb\xbd\xd0\xe4 \xc041\
h\x9dl*\xd1\xc4f\xcac\x1f\xac\xe7\x5c\xbf\xdf\x80\
O\xdf\xea\x07\x84\xd1\xe5\xc6hJMb\x98\xb3i\x88\
\xdc\x84\xf2\xc7\x0f0\x19O\xa0\x8d\x8e8\xef\x1b\xf6\xef\
\xb7\xbe\xc6\x80l\xb0p\x0eNY\xef\xae\xa0g\x94\xb8\
\x03@\xfc\xb1\xaes\x1e9\xa0:\xe9\xc4u\xd0\x89\xc5\
\x84\x01\xd3\xe2/m\x00\x04\x87AR\xe0\xb6\xdb\x0d\x0b\
\x881\xb4\x1eqya\x12\xde\xea\x816\xe3\xb6\xa9\x84\
\xadF\x91S\xbaaY\xe4<\xd4\x1d\xe0\x11\x0e>\xdf\
[\x96\xa4\xb4\x89\x9f2\x9e+\xc6hrO\x8cK\xa4\
Y\x82\xa6\xae\xb0nZ,\xe6s,\x17\x0bT\xdb\x8d\
\x87\xc5E\xf8)\x00Y\x9eb\x92M\xf0\xe2\xc5\x0b\xcc\
\x0egXV-\x8e\xc7\xc7899F\x96e\x98\xdf\
\xdf\xe3\xcd\x9b\x9f\xf0\x91S\xdf\xea\xa6&_u\x94\x9b\
,\x1c\x0dE^\xe0\xf0\xe8\x10\xdf|\xf3\x0d\xbe\xfe\xd5\
\xaf\xf0\xf2\xe5+\x1c\x1e\x1d\x22\xcfr\xe2\x83`\x81\xd6\
S\xf2\xe1\xb0\xddl\xb0Z\xad\x00\x00\x9b\xed\x16g\x1f\
\xcf\xb0\x5c.1\x1aQ\xb5\xbd\xe5bAJ\xccj\x89\
\x8b\xcb\x0b\x5c__c\xb1\x98crp\x00\x00\x98\x8c\
\xc7\xd0\x86\x18 \x95V\x94=\xd040Zc4*\
\x91\xe5\x19r.E-<\x1c\x008o\xbe@\x91\x17\
(\xca\x02eQ\x02\x00\xa6\xd3\x03\xfc\xc3?\xfe\x034\
\xbbc..\x89\xf6\xf7\xfe\xee\x9e\xd3\xf1\x9c\xcf>\x91\
\xf7`#T\xc5h\xe3\xb3\x22\x94V\xc84\x07\x14Z\
\x854Ka:\x8d.\xb1Hm\x8a\xa4\xa1\x0c\x0cI\
\x0f\xb4\x96\xd6\x9a\xa0by\x9e\xfb\xfe\xb5m\x8b\xf9\x82\
P\x91\xaa\xaa|q'Y\xf3\x81\x9c\x8b\xd6B\x96Q\
\x1b\xe3\xd1\x08EY\x00\xceQ\x0d\x82\xa6\xe6\xb2\xdc\x14\
\xcf\xb2^6\xd8\xd4\x96\x90\x8e\xc4\xc2\x81\x08rL\x22\
\xef7\xf1\xeb\xd8$\x09\xb9!Y\xb8\x9b\xae\x83\xb1\x1c\
\xa8g\x1c\x12\xc5\x84W\xa1\xb4,W\xa3\x0c{B\x1c\
dm\xa2,$)\x0a\xb5\x8f\x8d\xd5\xa1\xf3\xc4Xr\
\x7f!\x12\x925E\xf3\x09\xac|X\xbf[;\xc7k\
\x86\xbf\x1ff\x1b\xd0\xf5\xb2\xccc\x98~\xbfq\x10\xff\
=\x0c\xac\x93\xfe\xc5H\xf50\x83jx]lD?\
d\xf4\xc6\xedG\x8d\xf4\xe4\x84\x9c\x1b_=\xcc\x94\xf1\
\xe7\xf8{\x0b\x11\x10\x22\x02\x92\xe8f;\xc2\x7f\xe8\x83\
x\xe4\xf8\xc5\xef#M\xe6\xa1\xef\xf7ka\xbf\xacT\
\x0c5#\x15\xf9et\x04\xf3\xd0\xc4\x8cHt\xe4\xf3\
\xa8\xad\xa1\x8f\xe6\xd1\xc3\x81\xab\xf2\x05\xe6=\x18\x89r\
'%B\xab\xc0\xa9\x1d?O\xbf\x1a#\xd9\xfd$\xe4\
\xc2$W\x00[\xd9\xec\xf3f)\xe1\x0b\x9c \x82\xd6\
\xc0\x91\xfa\x9a\xeb\xa6;\x84\xa0>\xcb\x96\x0b\xf3\xe8'\
I\x02\xa34:\x16r\x1e'\x91\x09f):\xbeg\
\xddG\x13\xc9\xf0\x0d\x1d\x0b7\xb1\x9e\x1dC\xe7:1\
\xc8M\x8641\xe8\xba\x14\x00\xe5\xaa\x97L6\x03P\
N>Q\x98n\xd1\xd4\xb5\xd7\xeee\x96\x04%>\x08\
w\x11\xfe\x82\x8ah2\xadA\xda?GA+@'\
)\xb2<EZ\x11\x84\xdcr)P\x19q\xbbg\x0a\
\xee{\xd72O\x9a\xa6\xc6v#J@\x86QYb\
S\x96h\x9b\x86P\x0e\xb7K\xf24\x5c7Y\x9az\
\xe6\xb6QY\x92e\xc6\xae\x04!\x84!\x85g\x97\xff\
\x9c\x1d\x99\x80\x22\xffpQ\xe4\x18\x95\x05\xe5\xec[\x8b\
5\xc3\xbc\xab\xe5\x02\xeb\xf5\x8a\x14\xaa\x8e\x83<\x93\x04\
\xa3\xb2\xc4\xc9\xc91^\xbcx\x81v\xf2%F\xa3\x11\
\x16\xf3\x05\xd2q\x82\xd3\x93\x13\x12\x0c\xab\x15.\xaf\xae\
\xf0\xf1\xfc\x0c7\xb77\xd8n7=\xa5<PC\x1b\
\x8c'\x13<{\xf6\x0c_}\xf5%\xfe\xf6o\x7f\x83\
\xaf\xbf\xfe\x1a\xd3\xe9\xc1\xee\xa0r\xdf\xb7\xdb\x0a\x8b\xc5\
\x02\x8b\xf9\x1c\x97\x97\x97\x84P\xb4\x14\xfc\xb8a\x97\xc1\
\xd3\xa7O1\x9d\xcd(\x10\xef\xea\x12W\x97W$\xfc\
\xe7s\x5c^]\xe2\xf4\xf4\x04\xa3\x11eeLg3\
\x14E\x8e\xf5j\x8d\x8f\xe7\x1fqss\x03\x80R@\
G\xa31\xd24\xc5d2\xc1\xa8,\xd1Y\xeb\x03N\
\x0f\xa6\x07=\xee\x87\x949\x0d\xf2\xa2\x80\xd6\x0aM\xd3\
\xe0\xfe~\x8e_}\xf5\x15\xde\xbd{\x87\xc5b\x01\x07\
\x87\xcdf\x8b\xe5r\xc9.\x06\xfaW\x10\x96\x8eS\x5c\
\xad\xed\x90\x22\x83JS$\x9a\x98\xfd\x12c\xd0\x22l\
\xcc\x82\x16\xb8\xcc\xf5\xf2\xcd\xd3$\xc1h<\xf2>\xf6\
\xb6\xa5qY\xadVl\xa4P\x1a\xa2N\x15\x12'\x05\
\xb8\xe8\x1eY\x96\xc1\x98\x84]j\x06EY\x221\x06\
M\xdbb\xb3\xddb2\x99`<\x1e\xfb\x0c\x9b\x22k\
q]-\xd9\xb5\x03\x0a\x90\xd3\x06\xda\x85\xcc%c\x12\
$\xcc\xbf\xe1\xf7CcPr\xd0]\x9ae\x9e\x7fC\
\xdc+q\xc6\x9307\xfa\xf9\x1f=\xbfP\x88KY\
o\x00\xde5\xa2M\x88\xb9\x10k:N\xc9\x03T\xa0\
\x0c\xe6\xf3\x01\xa0\x05\x80.\x08}\xc7\xd7\x07\xc3z\xff\
>\xbe\xef\xf3\xfd(t\xf4{\x0c\xed\xa3/\x90\x87m\
\xec\x08\xf1\x9d\x9b\xed\x06\x07>\xac\x18\x84\xef\x83\xce\xb2\
\xdb\xbe|/dJ@\xd8\xdbD\x01\x88\xf2\xca\xe3M\
\xaa\x0f3\xc6\xb0d\xd4\xfc\xe3\x0f\xf4\xc8\xe1\x1fl\xa7\
\x8dp\xdfG\x05\xee'hh\xf4\xfb\xe0o\x88\x85\x8b\
\x9e\xf5\xdf;\x1f\x91\xffDE>5\xa0\xf7\xfb\x9eN\
\x11\xbc\xde3\xe8eL\x1dC\xd4\x16J\xf5\x83\x01\xf7\
5#\xe3-.c\xe1\xd2\x87v\x9e\xdd\xceE\x82A\
)\x00\x1c\x89\xae\xb5\x0a\xbemvit\x1dEc;\
M0\x7f\xdb*8\x9d\xfa\xa0H\x0fy;\xc7iK\
T\x5cB)\xa0S\x83\x99 \xe7*Rh\x9cR0\
\x8a\xab\xec\xf9\x00IKT\xa6J\xca\xf6\x1a\xa4)Y\
\xbaFkdyN\xd1\xc3m\x83\xbai\xb0^\xaf|\
\x954\x00H\xb4\x90S\x11\x04\xef\x9c\x05\x9c\xa5\x08>\
\xa93\x00\x03\xc3\x01L\xc24X7d\xe5\xb5\xd6\xa2\
i\x1a\xefc\x16&9\xa3\x15\x9c\xe9\xa7\x03*\xf7\xf0\
\xe2\x89\x7f'4\x86&O]\x131\x90\x1e\x93\x05\x9e\
r\xccA\xd7\xb5;\x1aE_\xeb\xd6~\xf3\x1d\x95%\
\xc1\xf5Z\x91\xf2\xd0p\xb9_G\x81\x8b^%\x8d\x11\
\xa9\xb0\x8b\x81h\x95\x13\x14EA\xd0zN\x5c\xfem\
]{\x81Qm\xb7\xb0-U\x8e4\xc6\xa0,\x0a\x1c\
\x1eN\xf1\xfc\xd9S<9=A39\xc5r\xb9D\
\xd5T8yq\x0c\xa5\x15\xd6\x9b5nnn\xf0\xe1\
\xc3\x07\x0a\xb4[\xafQ\xd75\x14[xd0\x90\xe2\
1=\x98\xe2\xf4\xc9)\xbe\xf8\xfc\x0b\xbc\xfa\xfc\x15\x8e\
\x8f\x89\x10g\xdfx:GY\x02\xe7\xe7\xe7\xf8\xf0\xe1\
\x03\xfb\xd9\xef8\xd0\x93\x22\xe1\x05\x96\x9f\xce\xa68=\
=\xc1\xc9\xf11\xc6\xe3\x11\x8a\xbc\xc0\xbbw\xef\xb0\x5c\
-q}}\x85\xba\xaa(\xd5/M8-p\x84\xae\
k\xa9\xfc3\xc7\x1b\x14y\x01\xa5\x88\xe3`\xad\x15\xea\
\xbaB\xdb\xb6x\xfe\xfc9^\xbez\x89\x93\x93\x93\xbd\
\x16\x9a\x1cR\xe8\xe7\xf8\xf8\x08/>{\xe1SO\x89\
W`\x83\x8b\x8b\x0b\xfc\xfc\xeeg\x5c^\x5cb\xbe\x98\
\x13[d\xd71\xdb\xa1E\x92\xd4\xc82\x0ap%\xb6\
<\x05\xed\x82\x00Iu\xe2\xdfk\x96f\x14G\xa1)\
\x92|4\x1a!I\x12\xca\xddgJ\xec\xa2\xc8{e\
\x8a\x05q\x93\x008\x81\xf5%\xc0\x19\xbc\x17T\x9c1\
\xd3\xd45\x8e\x8e\x8e0\x99\x8c\xd1r\x9a\x9cw'v\
\x1d\xea\xed\x16\xceP`\xa3\xac\x8f\x04\x0ai\xaa\x91$\
)\xb1\x0c:*fS7\x0d\x12\xa3\xa0\x0a\xbaO\xdb\
\xd0\xb8HJ\x5c\xc7\x0c\x84\xd6v\xbc\xe1\xc6\x0b\x22\xac\
\x09\xbf\xae\x92\xe0\x92\x82\x14kc\xc3I\xd0d\xd9\xaf\
)5P\x02\xb7C\xb3q|\x8ds\x01\x85v`\xc3\
``\xc0>\xba\x97\xbb``\x0d\x8f\xf8\xd3\x9dX\x01\
\xecQ$\xe4\x9e\xbf$\xff\xd1\xcfr\x0b\xcd\xf4\xd1\x02\
\xe9\xb7\x8bE4\xefc\xbd\x8b{\xc6\xeb\x80\xcb\x85\xaf\
\xf3\xc5\x80\x02j\xe3[\xec]\xf0\x98\xf2\xf2WC\xfd\
\xd2\x81\x9e6%\xf7\xf9\xc4\xb6\x06\xd0\xc7\xb0\xed\xf8E\
+\x9aq;y\xb6\xfe;\xff\x09\xfb\x86\xe3\x8d\xb6\xd7\
\xb7(\xdf\xfd!-\x92N\xf4oI\xac&\xc9\x8d\x97\
)\xda\x0b$q\xbb\xa8\x85\xfc\xab#?\x99\xa4\x8d\x19\
\xad\xfc}\xc4g\x060=\xa7\x05\x1c/\xa0\xae\xe5<\
`H\xfb\x16ZQ\x94\xb2T\x0a\x8b\xfb\xed\x82\xbe\x1c\
\xf0\x19~\x16Q\x14\x05)\x11\xa2\x12\xe5\xfb\x02XH\
\xea`P\xe3\x84w]\xc1\xc1h\xe24\x8f7\xa9\xaa\
\xdab\xb5\x5ca\xb5^\xa1\xf1)I\x09[\xf5&D\
\x9b\xf3\xf3:\x86\xe3\xb5R,tC\xad\x81\x8ek\xad\
;\xf6S[\xdb\xa2mk\xc0\x19(X\x18M\xc1u\
\xce\xe9@\xc4$O<\x10\xf62\xdd\xe39F\xe0\x82\
\x83\x10g5M\x13\x15w!\xa1\xad\x95\xf2\x14\xaa\xfb\
,\x01\xadH\x01\xca\xf3\x0c\x93\xc9\x98K3\xd7Ll\
TGc/k\xd8\xf9\xdfY-\xf5i\xac\x89\xa1Z\
\xf0\x93\xf1\x08\x87\xb3)\xa6\xd3\x03b~\xab\x97Lc\
\xbcA\xdb6pp\x1cp\x98\xe3\xe0`\x82\xd9t\x8a\
\xf1h\x84\xc4\x18T\x8c\x1e\x1d\x1f\x1f\x93\xe5\xbf^\xe3\
\xea\xea\x12\xe7\xe7\x17\xf8\xf8\xf1#n\xefn}\xed\xf9\
`\xfc%\x18\x8dF8>9\xa6|\xff\x93S\x1c\x1f\
\x1fa4\x1a=*P\xcf\xcf?\xe2\xdbo\xbf\xc5\xc7\
\x8f\xe7\x1c\xe8w\xcf\xc44\xce#Qi\x96\xe2\xf8\xf8\
\x18Y\x962\x7f>\xe5\xd6?}\xf6\x14\x0e\x16?\xff\
\xfc\x0eu]\x13\x99\xd4\xa6\x81[Qu;\xf1\x8fo\
\xb7[88\x8a/P\xa4\xf8VU\x8d\xba\xa9\xa0\x94\
FY\x16\x1cx9{\xb4\xaf\xf1\xa1\xb5\xc6\xf1\xf11\
\xa6\xd3)\xda\xb6\xf1\xd9.\xa7OO\x91\xb2\x80\xbf\xb8\
8\xc7\xf55!%\x80\xf0]\xd4\xe8:r\x17\xc4\xdc\
\x162\xd5\x04\x8d\xa4\x18\x15\x99\x88\x0eiF\xb1\x11\xeb\
\xcd\x1auS#I\x13\x14e\x01\xebH\xa9\xd5\xde\xad\
Hl\x9ar\xf8b;~\xaf\xa35D\xcc\x8b\x15\xb6\
\x15U\xc8\xcc\xb2\xc4\xe7\xbfS\x9d\x0c\xaeO`-\xea\
\xae\x82\xdb\xd2\xf3eY\x86dD\xb4\xbai\x96\x22\xe3\
\x98\x0dk\x1dl]1\xb4\xeew\x0a@+\xdfw\x80\
|\xf7m\xcbdCJy(^\xd2\xe6<\xa1\x1a\xa8\
\xafrx\xb3\x8c\xe3\xb2B\xec\x0b\x9f\xc7\xcfe\x07k\
\xac\xb3\xe4\xa2\xec\xac\x83\xe5@'\xb1e\x87nV \
 z\xfb\xdf\xf9/\xcb\xa1\xde\xb5\xb1<\xe8Ih~\
B\xbe\xff\xde\xfbEBp\x87/t\xcfg~\xfc\xe2\
\x8dB\xfe\x8d\xe4\x8e\x8b\x90B\xd1\xc1\x82\x22EGH\
\x03\x1c\xf4iW\xbe=> \x0f\xe9\x00\x8f^\x15?\
\x9c\x17z\xfc\xddpp\xf7\x0d\xdc`\x01Sk! \
&\xfc\x0c\xda`!f\xb4\x10;\x84\x17\xf5xw\xc3\
d\x7f\x1c\x9d\x08\xf7\xf0\xd7YG\xc0:\x93Y\xf4`\
\x9d\xc1d\x8b\xfdCA\xa7\xa56mg\xd1\xa1c\x96\
3\x8dx^K\x9f4\xfa\x0a\x0cE\xdc\x0b\xad$z\
\x16\xa5\xa7\xd7\xb5Ro\x5c\xf2\x98-\x9c\xd3^\xe0x\
\x9d\x86\x87I\xcb\xcab?\x17M.B9,b\xce\
n*i\xdb\x18\xf2\x8f\xeaL\xf9\x18\x86\xb6m\xa9j\
\xdff\x8dzK\xd1\xd6\x92\x91\xa0\x19\xd24\xbc\x88\xe3\
\xf8\x04)/LB\xc3x\x85$\x14\xec\xe1 \x17N\
!\x84O\xfd\x0c\x94\xcc\x88\xc6\xcd\xc9x\xef{\x95\xfe\
\xfc\xa08\x92bda\xbb\x96\xaa\xf612`\xb8\x88\
K\x1c\xf8\x13\xe7\xf1\x8bb*H\x84\x02\x11\xf5l6\
\x1bl6\x1bV\x94\x82r\xe8\x89_\xf6\x1c\xc2\xe30\
*I\x98\x1d\x1d\x1da<\x1e\xa1\xaajj\xabkQ\
75Q\xc8\x1a\x8d,\xcbq8\x9b\xe1\xf4\xf4\x04\xa7\
\xa7Opt|\x04\x05*&S\x96%\xd2\x14\xd8n\
7\xb8\xb9\xbd\xc5\xd9\xc73|\xf8@~\x7f\x89\xd9\xd0\
:\xf1l\x8bYN\x96\xf1\xb3\xe7\xcf\xf0\xf4\xe9\x13L\
\xa73\x14E\x01\xeb:\xcaAw\x94\x12\x18\x1fWW\
W\xf8\xfd\xef\x7f\x8f\x1f\xdf\xbc\xc1j\xb9\xc4fCh\
\x8f\xc4\x7f$\x8e8\xf4\x85\xf6\xb6\xeb\xa8-\x81\x943\
V\x0ch\xbe\x90\x90m\xbb\x16\xeb\xf5\x1a\x8b\xe5\x82\x14\
\xb2\x96\xd0\x13ar\xb4\x96r\xe4\xeb\x86\xe2\x1f&\xe3\
\x09f\x87\x87T2:Kv\xfa\xf8K\x87I4L\
\x92\xfb\xbf\xb3\x9c\x84\xe2d2\xc6h<\xc2t6\xc5\
j\xb5\xc2\xd5\xd5\x15\xee\xef\xef\xe1\x9cC]\x09Eu\
MP\xba1>V\xc0:RT\x92\x84\x14F\xf9[\
\x1b\xc3\x04H\x1d\xd2,\x09q;\x08i\x86\x82\xc6\xd0\
\xf8pP,\x07%\x123\xa6Eb\x14\xd2,\x01\x1a\
\x07W;l\xab\x0d\xee\xeen\xe1\x9c\xf5\x81\x8f\xe3\xf1\
\x188\x22\x8e\x8b\x9bFa\xbe\xa1\x18\x03p\x09\xe3\xf5\
fC\x027I<\xe7\x84\xf8\xb6\xa9Z\xa7C\xdbu\
\xa8\xeb\x06\x80\xb8\x22\xe8'STc\xc0$\xd5N\x8c\
P\xcc3\x00Q\xb8y\x0c\x1c/N\xcb\xa4X\x0e!\
\xe6H\x0c4(\x0e<\x8c\xc8\xc4\x9csTi\xb0\xeb\
\xc8\x8d\xa1\x02|\xfei\xc1\xb9\xbbkm\x88\x02\xee\xb4\
3\xb8\xc6\xc5\xd7xy\xf1\xb8\x91\xec\xf7\x18\x84\xbd\x08\
\x80\xdfw\xfe\xda\x80\xfa\x87\xfa>\x8cYp\xae\x97\x05\
\xb0\xcf\x11\x1aw\xe6q\xfcb\xef\xe0A\x08o\x1e~\
\x00\xe5+~\xf5\x03\xfbb\xdf\x0a7\xe6;\xfe\xd8\xbd\
\x9d\xd7\xf6\x82\xf0\xa7`9\xf8I\xb6\xfb\x88\x83A\x8f\
\x8e\xfd\xfe\x9c\x87_\x86Xy\xder\x03\x17\xf0\x10\x98\
\xddvp\x0c\xe1\x0d\xfd\xc2\xbb\xe9\x1e\xd1\x988\x078\
\xc5\xc2;\x14\x13\x92 E\xd1\xfa\xa3+\xbd\xb0!\xdd\
'|'\xf9\xcam\x9a\xa2e\xd8\xd1\x80\xfb\xad\xc23\
j\xc5\xc56@,[\xd0\xca\x8f\xaf\x0c\x83\x8c\x86\xf8\
!)X\x8fY\xc3X\x09\xb2L\x08$\x82\x816x\
\x12|\xeb\xd5\x8a\x03\xd4\x1c\xd1\xa7r:\x9fTAc\
\xeeT\x1aG\xb6z\xad\x22\x1aT\xe3\x9f\xcd1\xbb \
Y\xaab\xa1;v\x9388\x1f\xf4H\xe9\x83*\xe4\
\x05\xd3\xe0\xfa1\xa3\xbf\xc2\xdf\xfdz\xdc\x9c\x8e$)\
\x8f\x1c]n8\xa51MY\x89j;\x1a\xc7\xe8z\
\xf81\xa2q\xb5]\x87\xf5z\x89\xba\xde2O{\x05\
\xc7U\x1c\xc5Z\x10\x9aR\x19K\xdf\x86R\x9ej\xb6\
,\x0a\x1c\x1cLp0\x19#/\x0a\xcfjf;.\
\x98\xa3\xa9\x86\xc2\xe1\xe1!\x9e?\x7f\x8e\xe3\xe3c\x8c\
G#\x1f\x9c%<\x10\x9b\xed\x12w7\x1fq~N\
\xd6\xf9\xdd\xdd\xadw\xc7\x04\x04JC)GD<E\
\x8e\xd1h\xc4\xa4<\x19\xfb\xacK\x14y\xee\x89\x99\x00\
\x0a\x10=;;\xc3w\xdf}\x877o~\xc4\xd5\xd5\
\x15\xb6\xdb-=\x83\xee\xa3[i\x92 1\x09\xd6\x9b\
53\xebu\xfe\x1dB\x117\xc0\xe9\x93S\xdc\xdc\xdc\
\xb0 M\xb0\x98/pyu\xc9\x906`\x92\x84\xc8\
}\x8a\x9c\xa9r\xad\xaf\xfcxxx\x88'ONq\
p0y\x1c\xd2\xfc\xc4#M\x12<y\xfa\x84\xb2\x04\
\x9a\x1a3V\x00\x84\x82y\xb3\xd9x\xb6\xca\xb6%\xba\
\xebVk\x98\xd6\xf8,\x01\xed\x15G\x8dT\xa70F\
\xb3\xa2e=<O\x95\x0a\xd1K\x17\x8c\xc7&N\xd7\
\xd3\x8a\x14}c\x0c2\x86\xece}Xkq?\xa7\
`\xce\xba\xa9\x01\x05\x8c\xb2)\xa6\xd31\xc6\xe31t\
\xe5\x80\xf9\x12\xcb\xc5\x92\xce\xa9jl\xab\x1aJS\x8d\
\x04I\xf3\xd4J\xc3Z\xa0\xe9:(P\xd9\xdf\xb6\xeb\
<\xf5q\xca\xc1\xbbF\xff\xbf\xd4\xbdI\x8fmY\x96\
&\xf4\xad}\x9a\xdb_3{\xf6\xbc\x89\x88\x8c\xca\xcc\
J\xa0P!J\x08\x10B\x081@H 1c\xc0\
\x0c\xe6\xf5'\x10B5\xe7\x1f0G\x82?\xc0\x80\x11\
\x88\x11H\xd4\x04\xa9 \xb3\xc8\xc8\xcc\xf0p\xf7\xf7\xac\
\xb9\xdd\xe9\xf7f\xb0\x9a\xbd\xcf\xb9\xe7\xda{\xcf=2\
*\xd9\xae\xe7fv\x9a}v\xbf\xfaoe\xdcN`\
\xd4F\xef=h\x14*\xa8\xd2\x82$\xed\xf1,@X\
\xc6A\xdb\xa1B\xc8\xe4>\xefq\x01\x17\x93\x1c\x07^\
\xa4\xdb4L\xd0c,$\xe9\xfeVF&u\xf8\xd6\
\xfd\x9f>\xa7%\x00\x13\xcd\xed\x9c4?C\x0b\x93\xb3\
f\x96\x0c&\xf4\x910\xde\xebZ\xe9\x98\xc6}\x9a!\
\x98{f\xac\xd5\xe0Q\xb5(\x007\xb7\x1fF\xd7(\
\xb6\xfeF\xc7\xa7*\x88\x94\xb0\xcd\x95\xb9N\xcdy+\
N\xdfy\xcb\xc9\xe2J\xf2G\xa2\x227\xee-\x98Z\
I\x09\x02{\xe9c$\xb1\xe1\xad\x81~k\x02t\xbe\
E\xcdE\x22\x91{\xc0<\xdaG\xcc\x89\xd5\x09S\xa7\
_if\xe4w5\x0b(#@P\xdcs\xb2\xf9\x22\
\x82\x1d\x9a)G\xa9y\x0frq\x10\xea\xb2\x0c\x18z\
\x0b\x0d\xd3\x85F\x89\xa4\x1d\xc7;5\x0dp#3\x8d\
)D\x88\xcf\x07N\x91\x19\xc0\xe6\xfa\x88t\xe7\x90\xe7\
|\xaf\xebZV{_.h\x9a\xcaB\xcbr\x91\xe8\
\x1d\xb9\xb8\x15}`\xa8P\x93\xeca\xa1}\xeaD\xc5\
Y\xcd\x18\xef?\xf80\xea\x07\xd7\xe1\xe1\x89\xaf;\xf1\
\xa8O%\xf5\xa9\xf3N\xea$\x83\xe4\xf8\xd1yD\xd0\
\xa4L\xec\x8b\xa1\xe6\x8a<\xcb\x90\xbb\x0c\xc1%q\xf2\
\x09\x83I6\xbf| W\xe2x\x15\x99\x17\xd5.(\
Se\xcbB$\x01\xbe\xa69\x12V\x92\x8av\xbdZ\
a\xb1`'K\x88f\x22\x04v\x80\x5c.Jl\xb7\
[|\xfd\xd5{|\xf3\xcd\xd7\xd8\xac7h\xda\x06u\
]a\xb5\xe4t\xc8\xa7\xd3\x09\x87\xcb\x0b~\xfb\xe1\xb7\
\xf8\xedo\x7f\x8b\xaa\xaaL\xed\xaf\xfe\x17\xecx\x9a\x99\
\xb4\xda\xb6\x8d0\x08A2\xe1\xed\xf0\xee\xdd\x83\xc1\xe8\
\xea\x0e\xfd\xf8\xf1#\xfe\xe9?\xfd\xa7\xf8\xab\xbf\xfa+\
\xbc\x1e^1\x0c\xbd\xcc\x9f\xce\xdd\x80\xa2`\xe6\xa9(\
\x0b,\x96\x0b\xd4u\x8d\xe7\xe7'4M\x0d\x80\xc4\x89\
o\x83,\xcb1\x0c\xec\xac\xa7\xe1\x84\xcb\xe5\x12.s\
8\x9f\xd9\xd9\x91\x88\xfd+\x16\x8b\x12\xcb%\x8fK.\
\xa6\xa2\xedv\x83\xb2,\xd045\xea\xa6\xc4b\xb1\xbc\
\xbd\x87?\xbb\x04\xacV\x1c\x01\x91\x9fNp\x8e\xe1\x90\
\x8f\xc7\xa39\xa2\xf6\xbd3\x02\x18%\xe1\x01N\xa2\x85\
\xf2<\xe3\xf9\x93\xac\x8bu\xdd\x8c\xb0\x04\x00 \xe4\x19\
\xc8\x0bB\x9e\xe4\xae\x18\xc4\x8c\xc78\x14\xbd\x9diy\
\xce}ub\x16i\x9a\x86M#\xf2n%\x198C\
\xf08\xe7\x0d\x96\xf4\xc0\xce\x839\x8fI\xdbv\xa2Q\
\x0bbB\x12\xb5\x7f\x08 \x1f0\x84\xde\x9c6\x83h\
^4g\x03\x88\xb0\x00\x0c\x95\xcf#\x08d\xb1:/\
\x93A;\x03@/i\xa8\xd5\xac\xe2\x05\x013\x95\xb4\
\xaf\x9c\xcf\x89\xb3\xf8\x85^QF\xbd\xd4\x13}\xba2\
rQkI\x0e)\xee\xcf\x95\xb9;1\xb3\x1atp\
\xdcy\xf3\xf4\x8e\xae\xb5\xd7\xfc\xb1\x19\xed\xf0\xe4\x9c\xbf\
\xf6;\xa3+:\xc0?\xc6\xc2\xef\xf4\xf99\x07\xfa\xf4\
\x9d\xebg\x92\xbfE\xd0\x93(\x80\xb7U\x14\x98\xde\xb7\
\x81\x9b\x19\xa0\xe9\xbd7\xea\x1e_\xa6\xabg\xa7\xaf\x99\
\x8a\x7f\xc48\x8c\xdb\xa8\x87\xac\x11\xd2\xc4\xf9\xc3)\xf7\
(\xf6\xda\xf8\xce\x98\xd0\x19\x87\xf8\xa6\xa4\x7f\xf3\x16\xd2\
\xf14\xe9\x98\xc8\x08#\x80y\xe7\x917\xbegX\xfd\
I\xc7\xd9q\x0a\xa0,fc\x03\x800\x08\x22\x97\x8b\
\x18\xda\x9a\xb4#\xaa\xa0S\xe9\xcb!w\xac\x96D\xe8\
\xe5zT\x99{\x1f\x04\xcarH\x08[\x9c/R\x0d\
\x8eS\xd0P\xde\xec\x94\xf1\xf5B\x9c\xf44\x22\xa1\x93\
D$\x83:\xbcIh\x99J\xfd\x8e\x02 \xcef\xc6\
q\x07f\x0a\x82\xd86\x95\x80sB\x9fN\xd0\x06#\
(\x8a\x86\xb6F\x09#\xd8\x5cd\xceIX\xe4x\xad\
\x11\xcd9\xe1\x84\xa8UBd\x8c,\x81\x164\xb1\x92\
\xd8_\x0d\xe15\xad;J\x18\x8c\xab\x00\x04?\xa0\xeb\
\x828N2\x03\xe6Lp\x1e\xaf\xf1\xe9A\xa0\xa6\x9b\
\xddv\x8b\xc7w\xefpw\xb7g\x95\xacx\x9f+C\
A\xc4\xb9\x01\xf6\xfb\x1d\xf6\xbb\x1d\xca<\x87\xf7= \
IS2\xd9\x04\xaf\xaf\xaf\xf8\xf1\xf9\x07|x\xfe`\
\xea\xf4\xd8\x86\x94\xa9\xe6o\xf7}g\xa1h\xe6\xf1.\
Hzy\x9eC\x19\xa6\xaa\xae\xf1\x17\x7f\xf1\xe7\xf8\xee\
w\xdf\xe1\xe3\xd3G\x0c=\xe3\xf9\x97e\x89\x10\x82\xd4\
\xc1\x90\xc2\xaaZ\x0e\x08\x8c_p>a\xbf\xdf\x83\x88\
\xb0Z.Q\x149\xa76\xce3l6\x8cu\xb0\xdd\
\xed\xb0\xd9\xac\xb1\xddnp:\x9d\xf0\xfc\xfc\xcc\x8eh\
y\x86\xf5z\x8do\x7f\xf1\x0b\xdc\x8b\xad\xbf\xaa*\xf6\
o\xf8\xf8\x11///\xd8\xdf\xdda\xb3^CsS\
\x10\x11\x96\xab\x15C?'Q\x01\x9f*D\x84\xfd~\
o\x1a\xbd,c(]N\xb5\xccvy\xceu@\x13\
D\xcc\xc88\xe79\xfbTd\x92\xb8\xa8\x1fzTU\
k\x8b\xd0\x18\x7f\x0d_V\xa9_\xebQm\x8b:\xee\
\x15\xea\x5c\xa8!\xbaLd\x19\x19\x13\xe2+Q\xf1\xfe\
\xeb\x8f(\xc2\x05\xbb\xdd\x0e\xc3\xe6\x1d\xc89\xac\xd6k\
\xb6\xfb\x17-\xaa\xba2\x82\xec\x07/R=\xc3\x83\x07\
\x900\x02\x9al\x8b5a]?\x80\x5c\x0f=\x89\xb3\
<G\x08\x92\x11\xd1\x0fb\xa7\x17\xa2\xaf\xf9\x03D\x9b\
av}\x1a\x8f\xb1\xed\x1f\x22\xc6\xf9\x18z\xc3PP\
\xf3\x09?\xeb&\x7fsE\x8e\x22\xdak<\xdfg'\
\xd4X~c\xfd?W\x08\xa4\xf9\x13|t-$(\
\x84c)!\xde\x1fw\xfe\xbaN\x15\xb2o0&@\
\xa4/\xd3\xb7\xa7\x7f\x0b\x12\xa0\x83K4\xa2\x9f\xa3\x1d\
\x1b\xf5\xfd\x06A\xbez\xee\x8d\x86\x18\xb3\xf5\x09\xfb\xfa\
\xad\xf7\xc6\xdf\x1ck \xb8]q\xa3\xa4\x12\xdeHS\
\x015\x13\x8c\xdb~K\xe30\xdb\xbe\xb4\xce\x94X\xc8\
\xe1\xe9\x83\xa8\xeaCT\xdd\x9b\xfdj\x86i2f\x82\
b\xb4\x06!B\x1a+c\xa1\x8b\x22\xa2\x03R\xb4\x95\
\xbb\x08}l\x8c\x88|O\x93\xe88\xefDE$\xf0\
\xbe\x88\xe6\x03\xa2\xccl\xe9S\xf5\x94\x82\xd4(\x81\x08\
A\xf1\x07\x98\x93\xce\xf2\x0cK\xc1\xd2\x07T\xdaei\
H\x11\xf5\xa8\xe7t\xae\x19\xc5pTu\xd8\xe4\xbf\x15\
\xc7a@\x08\xd1\xc1.J?\x1c??NZ$\x0e\
\x93\x041o\xf1vv$(\x86\x881\xb2\xb7\xd6\xd3\
\xd8\x01\xefz~YJ\x1a\x84\x91\xf1 5\xa7$p\
\xc6\xc9\x8bI\xe6\xc9\xf4\x00P\x157\x8f9%\xcfs\
s&\x1b\x98Xe\xbcY\xaf\xf0\xd5W\xef\xf1\xcd7\
\xdf\xe0\xdd\xbb\x07x\xefq<\x1e\x19\xb8\xa6\xaa\xd0w\
\x1d\xca\x82\xd1\xde\xb6\xa2\x12\x1f\xc4f[\x16L\x80\x0f\
\x87\x03\xbe\xeb\xbe\xc3o~\xf3\x1b<\x1d\xbeG\xe5\x8f\
7\xb5^\xa3>\x07\x0d\x07%\xf3\xc3`?\x90qT\
\xcd\xf7\xdf\xffN4\x0a\x1c\xda\xb7\xbb\xbfgD\xbb\xcd\
\x1a~\xf0\x96\xa1\xae\xaa*\x83\x84\xce\x9ccH_I\
\xb2\x94\xe79:q\x84s\x19\x03=\xa9c\xe8v\xbb\
\xc1\xc3\xfd\x03|\xf08\x1c\x0e\xf8\xcd_\xfe\x06OO\
OX,\x17\xf8\xea\xab\xaf\xf0\xcb_\xfe\x02\x0f\xf7\x0f\
 \x02\x9e\x9e\x9fq:\x9d\xf0\xfa\xf2\x82\xae\xeb\xf0\xc3\
\x8f?H\x0e\x90l\x046\x05\x00\xeb\xcd\x1a\xf7w\xf7\
XK\x0c\xfdv\xb3A!\xd1$s\xa5\x5c\x94l\xff\
\xbf\x9c\x11\xc0N|y\xce\x88\x88\xdf\x7f\xff=~\xfc\
\xf0#\xc2\x85\x89\x9a\x13)\xbe,K\xd3`lw\x8c\
\x85Q7\xb5\x01\xfd\xd4M-c\xec\xa2\xe0#kA\
A\xb7\xd2\xf5\xaa\xd8#!a*t}*\xb2&A\
\x05\x22\x81\xe7\x0e\x1eC\xd3\xa1?\xb39.\x7f\x97!\
_o\xe1\x84\x09(\xca\x02yY\xa2m\x1a\x0eG\x0d\
\x01m\xdf\xb1\x1f\xd2\x10m\xf9\xba\x9fIT\xea\x83\xe4\
sp\x82\x04\xea\xb2\x1c\xce\x03\x18\x06\xf8\x00t\x9d\x9e\
\x010\xfc\x03@\x8f\xdd1\x08\x10(\x86M\xf2\x96\x09\
\x82\x85\x11}d\x94H\x8f\xce\xfb\xa4\x0a7\x15\xffu\
\xcf'g\x99:\xc6\xd9\xd9m\xb4\xe2\xf7W\xa2\x83y\
\xa47\xfa\xfd\xd8\xbe\xcf\xf8\xa2\xbd?\xbfO\xf9\x97y\
\xcd\xfbto\xe7)Q0{\xf2\x9b\xdf\xa6\xd8\x99\x99\
k\xd7\xdc\xca\x1b\x1a\x80q\xc5rm\xe6Y\xd5}\xce\
\xb4e\xda\xc9\x11\x90Dl\xc2\x8c]%\x99\xecI?\
\xdelg\xd2\xd6\xb9\xf6X\xbd\x88Dt\x04\x1c$N\
\x80\x16\x97i\xea^}\x860^\x0f\x09C\x91\xb0\xa5\
\x04X\xd2\x9fi\x1f\x14\xdcg4\x06\xb2AU\x92\x80\
2\x01.J\xb6Y\xe6F}\x0d\xde\x83\xd4\xd1\x90\x08\
\x14|\xd2\xb6\xc8%1\x13\x10G\x9b\xc0\xa1\x83\x8e\x9c\
9\x19fy\x16\x91\xd4\x06N^\xe2\x88\xed\xba\xea\xad\
\x1ac\xcbECa@\x16^\xb8}\x98\xfa\xb4\x97C\
f\xe8\x19k\x00H\xfa\x02aL0\x8e\x92H3$\
:\x85F\x9e\x1c\xae|\xedz\xad\xd8\x18\x12\xe0(\x80\
\xe0\x0d\x1e\xd8+\x03\x22c\xe1(\xc0\xcfj\xb44\x92\
C5+\x1e}\x1f\x8c\xe1\xb2\x89\xb8Qt\x1e\x16b\
\xd3\xff\xfa\xeb\xaf\xf1\xf0p\x8f\xe5r\xc9\xd8\x09\x04\xb4\
u\x8d\xba\xbep\xf6\xc2\xed\x16ww\xf7X\xadV<\
\xdf\xde#+\x0ax?\xe0x<\xe2\xf9\xe9\x09\xff\xcf\
\xf3G|\xf7\xddwh\xfd\x09\xd9\xba\x95\xc58\xdf\x7f\
\xd5n8G\x08\x10;\xf3\xa2\xc0j\xcd\x00D49\
t\x9e\x9e>\xe2\xe3\x13\xdb\xfcW\xab\x15\xee\xee\xefp\
/L\x80sd!uOOO\x96\x9f\xbd,\x0b\x0c\
\xbe7F\xd1\x89\x06\xefr\xe1>\x0d\x033}\xcb\xe5\
\x02\xbb=C\x0a/\x0aF\x10,\x17\x056\xdb5\xd6\
\xeb5v\xfb\x1d\xf2<G?t\xc6@\x16e\x0e\x97\
\x11\xdaK\x83\xe6\xd4b\x18z\xdc\xddq\x9b\x9c\xcbp\
:\x1dq8\x1c\x81\x1f\x02\x8a\xb2\xc4r\xb1\xc0n\xbf\
\xc7\x83\xb4y\xb9Zb\xb5b_\x87i)\xcb\x02\xfb\
\xfd\xde\xd4\xed\xc3\xd0c\xb5^a\xbb\xdb\x883&\xe3\
\x5c\xa8#eQ\xe6X.\x17\xb8\xbb\xdfc\xb3\xde\xe0\
|9\xe3p8\xa0\xaek3\xad(\x93\xcfkZ\xcf\
X^YA\xb0\x224\xfcU\x0f\x07\x82f\xe8S\x0d\
\x1e;/\x12\x11\xc8\xb1\x83\xb0&\xe2r\x8e\xb1?\x18\
\x81r\x00e+\x94CdN\x5c\x96c\xb9b4\xc2\
^\xf0\xfe\xc9\xf3\xfb\x83\xf7b\xfb\xf7j\x04ds\xd6\
\xe0\xe1\xfa\x01\xa0\x1e\x01\x12fH\x84\xae\xef\xd0\xb6\x9d\
Dvt\x96\xd2\xd7\x08\xb8-p\x8c$cfl\x84\
\xf1\xf1\xc12\x15\xb2\x84\x9f\xee\xb1\xf9s\x9c\x8fM\xf5\
\xab\xa1I(^z\xd6^3\xda_Z>e\x9bg\
\xcbm\xb2\xb7fh\xe8\xad:\xa7u\xebY\xa4\x9a\x91\
+\xb3\xc2\xcc\xb5\xb9\x92\x13\x11\xa5\xb8\xea\x91\x830\xf1\
w\xd2\x8bx\xc8^upz`$\x04z\xee0\x9d\
\xbb>[\x12\xc2:')\x8f\xfc\x06\xd2&GfH\
\xb8\xc0\xf4\xc65\x87\xc7\x9a'J\xba~\xad\xa2\xb9\xd2\
*\xa4\xcdL*2B3\xf9FF\x84\x81L\x071\
}\xd3&5\xfdnd \x04\x08Cl\xe3\x8ay\xaf\
\x8b[\x0f\xf9@\x14A5T\xb5&_Q\x80\x9d\x10\
 \xd7I<vs\x0cy\x86\x1e\xd1)\x87\x05TV\
\xfb\x89x-\xf7\x92\x1e%\xeau\x1d\x1f\x1f\x82\xc1\x16\
\xf3\x01\x15,\xce]m\xf5\xca\xa8d\xce\x01\xe24\xa5\
\xc4E5\x17\x00L\x22\x8a)O\xc538I*4\
\x1e\xa3\xd8\x0e&\xb81\x8b\xa1\xf7,\x85{\x22KQ\
<\x22\xbe6\x1b\xd3\x8d\x169\xf6\x91\xc6\xc8l\x96\xd1\
\xa7\x03\xd6\x9e\x09cL\x84\xccA\xfc\x1c\x18]\xad\xef\
\x03B\xba,1a\xb0\xa7}\x02klv\xbb\x1d\xbe\
\x92\x18\xf9\xe5\x82%\xfbA f\xeb\xba\x86\x1f<6\
k\x96\x8e\xb7\xdb\xadH\xcc\xdc\x86\xb6ip8\xbc\xe2\
\xe9\x99\x93\xdc|\xf71\xc7\xf9|\x86+\x078\x04\xb3\
\x95j\xc6\xca\xb9\xa2\xd9\x19\xd9\x8e\xed,L\x8d\xe7\x8c\
\xdf\xe9\xba\x0e]\xdf\x09@L\x87\xd5j)vyF\
\x06\x5c\xadW(\x8b\x92\xd1\x1f\xfb\x1e\x87\xc3A\xf2\x15\
\x94\xd8l6\xa6\xe5\xc9\xb2\x0cy\xc9io5*\x81\
\x0f\xf4=\x9e\x9f\x9fX;\x90\xe7\x16I\xa1\xccU]\
W\xf8\xf0\xe1Gk\x1f\xc0L\xaa&\xfc\x19\x066E\
].\x17,%\x17\x85\xcb\x1c6\x9b\xb5\x01\xda\xbc\xbc\
V\xf8\xf8\xf4\x11\xbf-K,WK\xec\xb6;\xbc{\
\xf7\x8e\x99\x0e1w\xb03j&\x1a\x8c\x1cm\xd7\xe0\
\x87\x1f\xbe\xb7\xb6fy\x86\x87\x87{\x80\x02\x0e\xaf\x8c\
\x15`\xfbK\xb4)m\xc7\x91\x02\xea3\x00\x04\x03\xc9\
QS]\xf4\xa0\x8ff;[\xc0@\x14\x92\x82:\x09\
{s4l\x9aF\x80~\x22\x03<=C\x87a@\
\xe8\x07\xf4U\x85\xae\xef\xe1\x03\xb0Z2Du\xb1,\
P\x06\x08\xceA\xcf\xe7\xcf0\x88\x93\x9e\xacL\xa9\xce\
\x1c\xf2\x88\xf7\xae\x9av\xd4,\xe5\x07\xce\x1b\x12L\xf2\
\x01\x10\xa2\xf60$*renL`\x975\xec\xa7\
[\x83\x12{\xfc\x8d\xa2.\xd3\xa0\x81\xd3\x05!\x00\x00\
 \x00IDAT\x84\xe8\xa7\xc45U\xfb\x86\xd1\x86\
\xbc]\xe7\x94\x80\xdf \xe8cZw\xfd\xbb\xfe\x9d\x0a\
dS-\xf4(w\x110\x89\xf9G\xcc\xe5\x13I\xc5\
\x9b\x9at-\xb9r\x10S\xa9\xd3\x1a\x8fO_\xc7\xe4\
\x99+\xa7\x8d\x1b\xcf}I\x99:7p\x1b\xf4\xb0U\
<r\xa9w\xa6\xea\xa0\x1c\xb2}w\xe6!B\xb2\x89\
\x928U\xd2\xc5\x93\xd4\x97\xa8\xa1\xe5\x03&\xa1G\xe2\
\xaf\xd2\xa6\xa2U%\xc4*\xf1>M\xebL\xc7F\xbf\
\x99\x8e\xa5\xc35V\xb6\xf5&\xb9\x98\x02\xdd\x00\xbc`\
\xd8\xc9\xc6_}\x93\xd5_,Yd\x12\xd2\xa7\xbe\x12\
\xbaP\x15\xf0g\xb4\xd0\x85\x911h^m\x8bD\x0b\
\xb0\x1a\x94\x00q\xd2\x89\xeaz\x9d\x8b\xcc\x10\xfc\x14J\
Y\xbd\xf55\x14\x8cC\x9a\xd8\xb9/ \x8c\x12\x0aM\
\xba<\x1a7'\x91\x04\xa9\x04\xa1\xcc\x852\x1a\xe3\xf1\
K\xd7v\xc2X\x8cBM#\xdb\xa6\x0c\x8e\xe2,\x0c\
\x12\xe9\xa0uO%z\x95\xfc\xf3\x9c\xcd\x1e\x01\xea\x9c\
\xe8\x98\x09\x98\x94\xa9\x14\x03\xb0\x9aw\xb9\x5c\xe0\xe1\xe1\
\x0e\x8f\x8f\xef\xb0Y\xaf\xe0\x08\xd1\x06;t\xe8\xfb\x16\
e\x993\x94n\xee\xa0\xd8\x0f\xb9\x80\x141\xb2\x1e\x87\
\xa9UU\x85\xd3\xa9\xe05!L\xdb\x08)S\xc7!\
\x9dob\xa7\xce,\x17|{G\x9c*\xb9(F\xf3\
\xa2h\x84eY\xa0(YK\xb0Z\xaf\x90\x09\x08\x93\
#\xd6P\x00\xcc,\x5c\xaa\x0b\xea\xaaB\xdb6X\xad\
\xd7x\xff\xfe=\xcf\xa1\xf8{TU\x8d\xf3\xf9\x84\xc1\
{\xceaQ0N\xc0\x0f?\xfe`\xdf4\xef\xfb\xba\
\xb2\x105\x22\xc2j\xb9\xc2b\xc9x\x0bm\xd7\x22\xcb\
3lw[,WK\x1e\x83\xf3\x89Q\x14Is\xca\
\xb3t\xde\xb4-\x8e\x87\x03\xea\xa6\xc6\xf3\xcb3\x9e\xca\
'\xd6j|\xfc\x80\x95\x00\xf5\x14\x92\xc6Y\xcf\x8d\xd7\
\x97W\xbc\xbc\xbe\xe0x8\x08\xf6\xc2\x0a\x8b\xcd\xc2\x18\
\x93\xe3\xf1\x88\xb2`\x8dX\x9e\xe7\xe8\xbb\x0e\xa7\xd3\x09\
m\xd3\xa2\xef;\x00Q\xb2SU\x9f\x12Krd\xa0\
UJ\xef\x8d@dq\xde\x98\xd1ZJD\x01\xe3\xf1\
\xf3sR\xb7K\x98\xcc\x10\xcflu\xd4\x0bm\x87\x10\
.<v\xce!\x03;i\x96e\x89\xba\xa9\xd1ZN\
\x05n\x87F\x07\xf1\x1au\x80\xe3H\x84N\x1c\xfd\xd8\
&\xef\x11\xf3\x1e\x8c\xa8w\xec\x83\xfc\xd4\xb1R!f\
\xf0\xde\x12q)\xa3}\x05\x17\xf3\xd6\xb9\x9e<\x93J\
\xcc\xa9\xc06\x12\xe6\xbe\x946\xdd\xa0u\xf1<\xc2\xec\
y\xa2\xd7\xe7\x9e\xbb\x05BdM\x9e2\x0f\x13\xad\xe5\
\xe7H\xff\x80\x01\x01\x01.L\x08\xa7\x99\x98&\x9c\x85\
\xdc\xfb\xa4\x9d~:\xcf?\xb3$B\xf0\xe4w\x1aM\
\xc0-5\xcc\xec\xb5+\xb5\xcf\xa4\x8e\x849r\xc9\x06\
\xd3\x05\xa3^\xb5)\xec\xa5~+\xb5\xf3z\xf8\xc4)\
\x0d\x22\x0d\xc6\xe4.\xdc\x95`D<m\xd7x\xc1$\
\x9bE\xfe\xa9\xb7?4\x9a#\x89xp\xc4\x89|\x0c\
,\xd33\x1e>D\xb2Rw\x176\x09\xc8\xf7\x88\x84\
C\x17\x86Cl\xf1\xdeG\xb8\x82h\xbbJ\xc6P\xb8\
W\x02;\xe9\x00b\x1a\x00\xab-\x19\xed\xad7\x98\xcf\
,\xcbDm\x9e\x83\xf2\x98\xe3\x9e\xe7\x89\xd1\xfe\x06\x09\
\xa1Rf$z\xe9'\x82\xcf\x88\xa9K\x98\x10(0\
\x0a3\x14!\x08\x12\xa3\x13H\xd60\xf5\x8fM\x7f\x1f\
GO\xc4o\xc6k\x9a\xe3`)i\x8c\xbb.\x12\xf9\
+\xad\x99\xcc\xa3F\x0a\x90\x03\xe7+\x10\xae\xf1S\x98\
#\xac\xbee\x07\xab\xedv\x83w\x0f\x0f\xd8\xac\xd7\x08\
\xc1\xa3ij\x89w\xefP].\xf0\xdec\xb9X0\
A\x16\xc4HG@\xd7r\xfc\xfc\xf3\xcb\x0b\x0e\xaf/\
\xa8\xaaJ\xc67B\xfa\xba\x8clN\xd9,3\xe52\
\xd5\x0f\x80\xe7\xb4\x97\x84PE\x9e\xcb\x00r\xbf\x87~\
\xc0\xd3\xf3G||zB\xd3\xb6\x92\xd3!7 \x99\
\xaeoQ75\x8e\xc7\x03>~\xfc\x88\x1f?\xfc\x80\
\xc3\xe1\x88\xb6m\xe0\xce\x19\x1e\x01\xb6\xe1\xff\xe2\x17\xe6\
\x19\xff\xf1\xe9\x09m\xd7\xc2\x0d\x0c\x0c\xe4\x83G-\x00\
7E^\x98\x06\xc9{\x8f\xe6\x5c\x8f\xe6\xear\xb9 \
s\x8c^\xd7\x09h\xd0z\xb3\xc1B\xec\xfaD0\xe7\
=\x0e\xed\xe4\x8b\xfc\x1ck\x04t\x0dU\x15\xe3\xe9g\
Y\xce>\x1d\x99f>d\x9bv\xdf3\x935x/\
6\xfe\x05V\xeb5v\xbb-\x16K\xd1\x1a8BY\
.\x80\x10\x18\x85\xb1\xae9\xfd\xae\x10L\x97e\xb6\x86\
\x88\xc8\xf6\xb8\xae\x03u\x98\x9b\x1e\xfa$\x8ct\x96D\
\x15\x0c\xa2a\xb1uD\xcc\x90{E\xc6\xcc\xe2\x99\xe2\
D;\x16\xc0\x0e{UU\xc1\x07\xf6\xf2/\x8b\x82\x13\
\x04\x95\x0b\x8e\x0e\xc8s\xe4Ea\xa1zc?&\x92\
\x0c\x8d\x89\x80\x94\xace=\x03\xc3\xe80WA\x0bP\
'\xdf\x11Q\x97z\x03`~\x0c?\xb9\xe8\x1aOT\
\xc5\x9fR\xc1s\xfbnWy\xc3J\x9d\x5c\xa7\xd9\xfb\
\xd7\xdf\x9d\xffVZ\x7f0\xba7\xaeg\xd4\x86\x1b\x8d\
\x9d\x0a\xcf\x11\x0ax\x14\xde\xa8\xaa\x9d\xeb\x86\xea\xbd\xd1\
\xdf\xd7_1B:\xdf\xc9//\xa9\x1aV\xcb\xd4>\
f\x8c\xc9\xb5\xe6~\xae\xc2+\xcem\xa4e\x988\x06\
\xe9F\x8f^\xe5Ic\x86\x01~D\x84D%\xa5\xd2\
\x1fhD\xc8\xfd\xa0D\xdbG\xc6!\xa4-\x08\x09\xb7\
:\xc3l\xa9T&\xff\xa2\xa9!2\x0f\x04\x18l\xad\
1\x15\x22T\xd8\xbbH0\xdd\x89\x09\xf6`\xfd\x0b\xf6\
}\xd6X\x00Ap\x08\xd21\x03\xa9\xba\xdb:\x1f\x19\
\x15QG\x228h\x92\x1b=\xd04\xf40\x04/\xc8\
\x7f\x99\x1d\x1aj\x9e U\xab\x10\xd2\xfc\x22H\x97\xa7\
\xda\xf9\xaf\xb4'\x04d$!s6w\x8c\x06\x88\xcc\
\x01A4\x1dS{\xd1\xb4\x84\x00\xf3\x11\x98\x1cV\x86\
^W\xe4\xa2\x0e\x17,\x85i\x1d\x14\x11\x00-\xb2\x02\
q\x0e(yn\xae(\xc3\xb8^\xaf\xf0\xf8\xf8hp\
\xbb\x91As\xe8Z\xc6\xd7G\x08(\x8b\x02\x04X\xdb\
B\xf0\xb8\x5c*\xbc\xbe\xbe\xe0\xf0\xfa\xca\xf0\xc0\x89\x84\
\xcc\xea\xe6`g@\x1c\x13A\x1b\x1b\xed\x15\xbe\xce\x8c\
##\xbf\xe5E6:\x07\xea\xa6\xc6\xef~\xf7\x1d\x9e\
\x9e>\xe2|>\xc5\x98\xf7,:\xa9\x0dC\x8f\xef\x7f\
\xf8^\xe0\x86\x9fPU\xb5\xa8\xfc\x1d\xba\xbeC\x969\
\xfc\xe2\x97\xdfb\xbd\xde\xa0i\x1a\xdc\xdd\xdf\xa1\x5c\x14\
\xa8\xab\x1aY\x96\x99\xff\x00C\xcd\x16\xac\xa2\x97\x04A\
\xc7#g@\xd4u\xd1\x0a\xa8\x8e\x82-\xe5y\x81\xba\
\xa9\xc5\x016\x86$\x96%\xc3\xddfY&f\x83\x00\
\x22\x86\xac\xdel6p\x8ep\xb9T\x9c\x13 4\x82\
\xfb\xc0\x9e\xfd\x1a7\xcf\xa6\x85\x8e\x01~\x8a\x0c\x9b\xed\
\x06\xf7\xf7w\x9c\xd9oQ\x22\x04\x8f\x8f\x1f?\x1a\xb1\
W\xc7IeB8\xfe\x9f\x0c\xcf\x81\x88\x99QS\x8f\
\x8b\x16\x00\x89\x00\xa1@]\xe4\xb8\x8e\xa2(P\x949\
\xf2\x22\x83\xebd\x8d82\xfb\xbf\x93\x849D\x0e!\
#\x89>\x09\xf0\xa3p\xb8\xc0\x0c\xd30 o\x1a\x94\
E\x89U?`\xb1(\x01\x22\xe4Ea\xe1~\x8a\xf5\
\xef\x07o^\xfe\xea[cL\xa31\x0aQ\x95\x0fe\
\xc2\xf5\xac\xd3#E\x84/[Q\x04\x80\xd2d\xea\x9f\
8\xdbo\x15\x9a\x12z=30O\xc1U\x0b|\x8b\
\xba\x8f\x9e\xa3\xf1sv\xee&\xdf\xd0\xc3\x0b\xc9\xef4\
~/=G\x93&*\xff\xc3\xbf\xdf8\xb2\xec\xcfk\
\xf2}\xf5\x90\x9a\x0c\x0c\x08hd\x0f\x99\xe9\xec-\xd5\
~z\xf8\xa6\xd7\xd3\xdf\xdf\xf2\x03\xf8\x1c\xe6 %\x80\
\xca9N\xcd\x16s\xf5\x8f\xaf\xd1\xecu\xb6\xff\x90m\
\xb6tB\xecZJX\x89\x09i\xaa6w\xba`M\
-\x17\x17\x1a;\xf2d\x16\xb6\xe6C\x18\x131\x19?\
UI\xa7\xdf\x89\xdd\x09BD\x9c}\xdfb\xfa\xb3l\
\xc41\xa7\x1e\xafj~p\x024\x02\xf9\xfe\xd4\xa7\x00\
\x10B-D\x89\x125\xa4E\x02\x04&\xf4>\x00\xa9\
\x09B\xb5\x1dJ\x88\x18\xec\x87\xe4@\x8biAc{\
\xc0\x04\xd8\xba\xc6\x12j\x96\xb1C\x12\x89w\xb1\xa9\xd3\
I\xc9M\xba\x06\xae\xa6\xd9\x88a\xfa\xb7\x12\x7fM\x15\
\x1a\xe7\x13\x12R\xe5m\xfc\x95\xe1\x99\x16>xu.\
\xe23\x0c\x92\xc4\x0e\x7f\x9a\xf4\xc8\x9817\xb6Hr\
\x979\xe3\xa2\x86\x96\xf5=\xdbR\x15\x8d2\xddGW\
JRG(\x8b\x1c\xdb\xed\x16\x8f\x8f\xefp\x7fw\xc7\
\xe9t%\x82\xa3i\x1a\xfc\xf0\xfd\xf7\xe8\xda\x86U\xb0\
`\xa2P\x169\x1c\x11\xda\xaeC]W\xa6\x96\x1f\xa4\
\xad.Y\xab\xe9\xd8h\x04\xc3h\x8e\x93\x83PA\x80\
\x1e\x1f\x1f\xf1\xf8\xfe\x11\xab\xf5\x1a)\xdbs:\x9f\xf0\
\x22\xd9\x03\x07?\x08\xa0\x11\xab\x81\x1d\x1c\x03\x06-\x97\
\x9cE\xb1mD\x95\xcc\x04I\x09e\xb9\xe0\x98\xf4\xc5\
\x82c\xfaW\xab%v\xfb\x1d\xda\xa6\x01\x11\xe7\xac\xff\
\xfe\xfb\xef\x19\xf7\xbf,\xf1\xfe\xf1=\xde\xbf\x7f\x04\x11\
\xe1\xe5\xe5\x05\x7f\xf5\xd7\x7fm\xfe\x10]\xc7\x0e\x92\xce\
q\x14N\xdfwf\xcf.\x8a\x02\xcee(\xcb\x02\xcb\
\xd5\x0a\xcb\xc5\xd2\xd2\xe8\xaa)\xa0\xef{\xb4m\x8b\xae\
\xef\xe12\x87\xc5raL\x99\xf7\x15\xfa\xc1\x1b\xb3\xab\
\xe9\x9c\xbbN\x10\x19\x05R\xb7(K,W\x0d\xd6\xeb\
\x15\x8e\xc7Bp\x02\xbc\xd9\xfe#m\x08\xa3\xb1\xd75\
\xa7\xccQz\xd3\xa6D\xc2}3\xc7\x92\xff\xfen\x8f\
\xcdf\xc3jx\x99\x03h\xfd\xc2\xa03A\x8d{\x01\
\x00\xc4\x95\x96\xcf\xbeL\xc2\x7f}\xe0\xb8\xfd\xcc\xa3\xf7\
\x03;\xf8\x81\x1d\xf2\xb2,\xc7j\x95\xa3\x93PN\xef\
=\xe7-\xd0\x0c\xa2\x1e\xa6\x18\x22\xd2\xf3>\x9a'\xa7\
\x99\xffF\x92\xfd\x88\x00\xdeP\xfb\x8f\xf6\xd8\xdbtD\
\xcf2^\xdf\x13\x95\xffx\xc0\xaf\xaf\xbdu\x0f\xf3t\
\xec\x16m\x9b\x9a\x1a\xe6\x04\xe9\x94\xd6NU\xfd@\x94\
\xdeo\xd1\xde[\xf7\xc7\xed\xe7\x1fyz\x00\xa4\x95\xf0\
3\xf3\x0d\x98\xde\xbf\x92\xa0\xa7\xdf\xa2\x1bw>A\xfc\
\x8dk\x9a\xd4=j\xd3\x849\xf8d}\xe9/A%\
\x9cH,\xd3\xfb\x9a\x8f\x1e\xa2~N\xd5RD\x04?\
\x88\x96@\xd8\xef\xa0\xde\xd3\xfa_B\xa8\xa3'\xab\x97\
DU\x01C\xd0\x05\xf0i\x95\x85\xb3\xcd*\x0cI2\
\xa6\x94\xf4'H\xfez\xb5C3\x11%c62R\
fF\xe7\x9d%\xc0\x02\xb9\xe0\xe8{#\xb6\xe44\x87\
\x862\x05SU=\xa2\x99A\x9c\x0b}\xc2Le\x8e\
%)F\x0e\x1b\xd8\x0f q\x04\x8a\x1a\x82 \xb1\xf4\
1[\x9f\xaa\xd3\x83g\x13J< \xaf\x19\xcb\xe9\xdc\
\xabV\x8b&\xf3\xec *R9h\xe6<\xf5\xa7e\
\xee^\xac#\x98#\xa52\x11\x1a\x16\xa9&\x8bTr\
fF\xca\x0b\xf3\xc7c\xca\xbe\x15\xf1[1\x92&e\
 Y\xfa\xdfm\xb7X\x88Gvu\xb9\x00\x92H\x88\
\x81{Z\x94ei~\x1eKI'\xdbu-\xce\xa7\
\x13N\xc7\x03\x87\x07\xf6\x8a\xbd\x10}P\xa6\x0cz\x96\
\x9a\xbb\x92\xf6k\x9bX\x1b\xb1\xc6\xc3\xbb{<<\xdc\
#\x13\xc9\x1e\x00\xea\xaa\xc6\xf1x\xe4\xcc\x8eumf\
\x9c\x97\x97\x17\x84\x10pww\x87\xcd\x96=\xe9\xbf\xfa\
\xea+<=?\xe1|>#\xcb9\xfctQ.p\
\x7f\x7f\x87\xf5j% 4\x1c>\x9a\x179;\xd3I\
\xf1\x83\xc7~\xbfG\xdd4\x1cb\xb8e/}\x00\xd8\
l6Xo6\xac\xedh\x1b\xf4\xbd\x84\xd6\xd5\x9c\xc0\
\xe9\xf9\xf9\x99\x1d\xe3\xaa\x0eU]\xc1\x91CU\x13\xce\
\xe73\x96+Vs/J\xceY\xb1\x5c\xad\x10\xbcg\
\x1c\x81\xaa\xc2\xa2,Q\x16\x05\xc3'\x97\x056\xdb\x8d\
\x00\xf3p\xfd\x97\xcb\x19uU\x1bd\xf1\xcb\xeb\x0b\xca\
E\x81w\x0f\xefP\x0a\x80\xd1\xfd\xc3\x03:\xb1\xfdk\
2\x1f\x96\x90\xbd\xcd\x87j\xe6Lb\xa3q\xc80\x00\
dyfg\x14\xa7\xf1\xe5P\xca\xa2`\xc60t\x13\
|\x0c%\xfe\x90\x9f\x81\x05\x00\xd5<\x90S\x10\x0b\x91\
\xda)\x9a\x1e\xd8\xec\xc0\xb3\xcc0\xd49zILd\
h\x09r\x96(\x03\xebC\xb0h\x0e]\x97^\xd0)\
u\xbd)0\x92:<\xaaVN\x85\x94A}\x96f\
h\x88\x9e\x9c#^a\xa6\xe8\xd9g\x8e\xd1>\x98F\
\x12\xb8\xa1\xc5\xfe\x82\xf2\xb6\xe0\xf9y\xd7o\xdd\x9f\x13\
\xa8?\xf7\xfeTX\x07\xae\xfb\xca>\x00\x98\xe6\x0a\xd2\
\x0aD\xed\xfbV\x83?!\x99\xddj\xdc\xe7\x96+\x87\
\x0d\x22Km\x1bU\xf6\xd3\x8e\xf3\xcf\x09\xb3%D3\
\x19\x0cJ\xdb?\x95\x82\xa2\x1a\xd46\x84\xa8\xcf\xd5C\
\x9a\xe9\x88\x10F\x1a\x7fo\x14\xbf\x9e|\xc7\x11!8\
\x82\x1f\xa2\xed7 \x1e\xfcJ\xe8F]2&(n\
\x0e%<\x0a\x87\xcb6-\xf5\x12\x0e 8!\xfcB\
\xa8B\xe28\xe42\xeb\xab\x99Q\xeco\x1a\xa1$\xaa\
\x1a8\x88\xc48\x1dk\xe7\x94)\x11\x5c\x01\xc7\xc6\x08\
M\x5cT\x88:\x95\xa8\x14\xefj\x96\x18\x06\xcf\x19\xe0\
\x94\xb9\x0a!\xf0\xb3\x99hK\x9a\x06C\x1f\x00\xe2\x1c\
\x0a\xa3p\x18\xc0\x0e\x85\xb4D\xdf\x0d\xb9\x1f\x18h\xc4\
g\x034\x17@&\xc9\x80\x80\x00L\x1c\x0ae\x15\xd8\
8\x8c\xb8\x0e`\xe4\xb3\xc1\xc3*0\xc3\x99C\xe6\x9d\
\x85Q\x06J\xda\x08\x18r\xa3\x1f\x06\xb4!\x98\x17=\
\xd7\x13F\x1e\xbd\xb6OdN\x9d#,\x96%\xb6\x9b\
\x0dv\xdb\x0d\x88\x02\x9a\xfa\x22\xfe\x14\x1d\x8e\x87\x03\x0e\
\x87\x03\xfa\xae\x03\xa7\x11\x1e\x98xI2\x9d\xcb\xe5\x82\
\xe3\xe1\x80\xf3\xe9\x8c\xbek\x11M1\xb0\x1c\x09\xfcM\
\x9fx \xf3\x81\xac\x18\x11z\xf83\x8c1\xe3\xcd/\
\x96\x8c\xed\xb0\x5c,G'\xef\xf1x\xc4\xe1\xf0\x8a\xcb\
\xe5\x82\xba\xa9-{\xe0\xf1t\x14\xafp\x12,\xfe\x02\
\xef\x1e\xdf\xc19\x87\xddn\x87\xcb\xe5\xc2\xd8\xf7E\x81\
\xbb\xbb;\x04\x04\xfc\xf0\xe3\x0f8\x9fO\x00$\x01\x91\
\xc0\x0d\xb3c\xa0\xe3\xcc\x81\xa3\x05\xc0?\xca\xb2\xc47\
_\x7f\x8d\xfb\xbb;\x86\xbc\x95\xb51\x0c\x03\x0e\xaf\xaf\
\xf8\xfe\x87\x1fp>\x9fq:\x9d\x98Y\xe9:TU\
\x85\xa6\xe1\xc8\x05\xc2\x09$\xce\x8d\x9c:7C\xd7v\
h\xda\x06y\xe6\xb0\x5c-\xb1\xde\xacqw\xc7\xaa}\
G\x84\xbeg\xe7\xc3\xd7\xd7W|\xf8\xf0\x01OOO\
h\xdb\x16\x87\xc3+\x16\x0b\x8el\xd8m\xb7\xe2\xfc\xc7\
8\x11\xfd\xd0\xb3\xbfM\x1b\xe0\x820\x8d$c-\x8c\
$ \xda0\x0b\xd7%\x84\xc0\xce\x8aJ\xd8\x88Xb\
\xcf\x8b\xdc\x22\x1eTk\xa1\xb0\xc2*\x85\x8f\xa4B\x1a\
\x0b\x01\xce9\x81,Wm\x013\x03\x83\xf7\xc0\xe0\xd1\
\x0f\x1eE\x00 ~5\x83\x98\x09\x94\xd9v\xe4\x90\x97\
%\x1c\x91i\xba\xba\xae\x13S\x0dkEzu\x02N\
\xf6\x16\xa7\x1cfM\xa6\x88[rfA\xe0\xc51[\
F't\x22G]\x15;\xd7\x85\x91p\x1e~\xb8f\
l\xff\x85\x94\xa9v\x9c\x941\x9bi\xd3[\xf7\xf4\xbe\
\xfeH\xebM\x99\x04\x84\x91&%\x8f\xea\xbf7\xeb\xbc\
\xbe>\x19\xb4)\x97q\xab\x91\x9f\xab\xf6\x9f\xfb\x96\xb6\
5\x80dA\xcfqD\xfa\x1d\xc4\x83\xce\x08\xe8\x98#\
\x8a\x7f[\xe3b\xbfB\xb2h\xc0\x03\x17;\xc1\xffS\
\xafVJ\xd8Pe2L}\x8e\xd8\xa0 \xef\xc4\x1d\
\x96\x9aG\xb4b2\x82>\xea\x1f\xa9\x04\x89\x11q \
\x8a\x09{\x08\xf9h\x1c\xa2\x04\xac\xbf\x07k\xbb#\x87\
<\xcb\xe1\x8b\x02m\xe3\xc4a,\x9a4(Q\xf3\x87\
0\x1ff\x07\x12\x06D\xb5\x0d\x1a\xb6\x94\x983\x147\
_\x09M\x9e;8*\xe0}\x96\xe4\x09\x97<\x01\xc1\
\xa3,\x18\x0f\x1d\x9e\x11\xfe\x98\xd1\x99:XN\xda\x81\
\xb8\xae\xc6\xffd\x0d\xd8x\xc4\x7fQ\x1d8\x1e\xaf\xf4\
04iL\xe0\x9b\xb5\xbd\xa6\xaa\x95\xb9\xcc\xc4AO\
\x11\x01\xfb>\xdd\xd4\xd1\x91\x12P\xe0 /*o\x9b\
\xf2\xab~\xf0\xfb,\x9d-\x17\x9c\xc5o\xb9\x5c\x8e\xe2\
\xbe\xab\xaaFU]p9_p\xbe\x9c%V\x9eS\
\xfe\x86\xe0\xd16-\xaa\xcb\x19M]a\x18:S\xc1\
\xc6\xb5\x91`$8\x07\x22\x86\xa7\xe5H\x85\x02\xa5\xe0\
\xfc\xa7!h\x0a{\xac^\xe6j\xc3\xe6\xb6{T\xf5\
\x05//\xcf\xb8T\x17K\xc8\xa3\x0cb@\xb0\x90\xb4\
<\xcf\xb0\xdf\xef\xb1^\xaf\xf1\xfe\xabG\xfc\xf8\xe3\x07\
\x5c.g\xf30?\x9d\x8e8\x9fN\x08\xd2O\x00x\
||\x87\xc7\xc7\xf7\x16\xb6\xc7\x8en\xa5\xa5|\x9e\x16\
5%\xa4e\xb5d\x04\xc1\xc3\xe1\x80\xe7\xe7'<?\
=\xe3|\xb9\xa0,\x0bTU\x8d\xbe\x17\x0f\xf7>\x18\
<3\x9b\x90\x06s\xb6\xd4\xb4\xbbww{,\x97+\
\x93\xa0\xcf\xe73\x18u\xf0\x82\x8f\x1f?\xda:U\xb0\
\xa4\xe5j\x89\xcdv\xcbf\x9b\xb6\x95\xf4\xc2\x02\x01-\
\xf3\xee\xfd0Z\xef\xe9\x1a\x07\xf1~b\x01D\xa4e\
\x11\x8e\xb4M\xab\xd5\x92\x11\x05\x9b\x0a\xa7\x13\xc3##\
\x88\xf9E4\x91\x9c\x92\x5c\xeb\x0c6\xff.\xcb\xe0\x1d\
;\xe7\xca\x12K6\x07x\x9f\xab\xb9@\x9c\x10;\xcd\
\xe6\x98g \x08\xa0W\x9e\x01b\xceqY\x8er\xb1\
\x94\xd0@\x02$\xb9S\x08\xac\xd9\x83s\x92U4j\
\x9d\x08\x84!\x88\xd9\xc2\xcf\x9f\xf3s\xe5\xd6c\xb6\xd7\
\xe5\x8c\x0d\x13\xda\xf1\xa9\xeaSas$x&\xf7\xb5\
\xdd\xe93\x9f\xba\x9e~|t\xfd\xaaAI[\x133\
\xc6\x5c\x99\xd3\x8eN\x1e\x18\xb5>\xc1\x01\x18\x0f\xc8\x1b\
\xef_K\xa87\x1a\xf1\xa5\xf7n=\x7f-\x8d_\xd7\
c\x04@\xa5\xf5\x1bf\x02yx\xc4\x18\xa4\xc5\x00z\
\xf4==4\x11\xd5V\xb1)Q\xe2T\x22;V\xf9\
\xaa]Z\xae\xcb;\x0e\x0e\xc8`\xa1mi\xfb\xd3o\
\x8c\x9a\x97\xdc#\xa5\x1a\xa2\x82\x0e,.\x18\xd1V\xa6\
$\x9b.\x06\xb5Q\xeb?Q\xb3\x17E\x81\xd2\x17\xe8\
\xbb\xdep\xf9\xcd\xa3\x1dl\xb6\x084^x\xdaWe\
Bb\xfa\xd1\xf8\x8e\xc2qj\xbcx\xda\x954-\xaa\
jV\x08A\x0e8\xb6\xbf\x96\xbdx\xb2\x0f0\xf3\xca\
\xb4\xa4L^l\x93\xb3\xb6\xb0\x9d\x94\x13\x14\x15y\x06\
B!v\xf7`RN\xba\xde\xb9m\xd9H\x0d\xae\xeb\
\x87\xfb\xc4*|\xf5k\x88v_\xf6\x86\xef\xbb\x0e>\
a\x80\x94)\xd2\x8f\xb0J3r\x8c\xb7\xd4v*U\
\x95\x05'\xfcY\xafV(\xcb\x9c\x97\x9a\xf7\x86\xabp\
>\x9fq<\x1cp:\x9f\x919\x87\xddv\x8b\xa2,\
0\xf4=\xba\x96\xa1z\xfb\xa1\x17\x9f\x8a1\x83\xa9\xdf\
\xe35\x00\x94\x8b\x0c\xab\xe5\x0a\xbb\xdd\x8e\xe3\xdc\x0b\x0e\
s\xeb\x07\x8e\x8bG`\x22\xc0\xd8\xfa<\x86MSs\
\x96<\x97\xe1R]\xf0\xf2\xf2\x82\x97\x97\x17\x0cC\xc7\
\xf6\xf2Ei\xb6]\x97\x11\xda\xae\xc1\xf9|b\x1f\x08\
\x07\xf80p\x08`}\x11g5\x8e\x12h\xdb\x16\xc1\
s^\xf9\xcb\xf9\x82\xcb\xe5\x82\xbf\xfe\x9b\xbf\x92\xe4C\
\x0b\xacV+\xbc\x7f\xff\x1e\x8f\xef\x1e\xb1\xbf\xdb\x0bs\
\xc4q\xf9,\x953\xd3\xa6f=\xceJ\x97\xa1\x5cr\
\x08^\xdb6(\x17%\xee\xee\xef\xc4\x81p\x8b\xaa\xae\
x<\x8fG\xf4\x9d`\xf7\x87\x01A\xa4s\x1f<\xaa\
\xba\x92\xb4\xcd\x9a\xaa\x96q\xf9\x9b\x96\x19\x1b \xb0\xb7\
\x7f\xc1\xf8\x17\xeb\xf5\x0a\x8be\xc9\xd8\x07\xab\x15\xcaE\
\x09\x22\xa0\x91\x04B!\x0c8\x1c\x8f \x821\x18=\
\xc5\xf09[\xe5\xb6\xfc\x85I5_\x9f8\x8fE\x99\
K:\xde\x80\xba\xa9Q\xd5\x17\xc6Vp\x04\x17\xc8\x18\
su\x0a\x04`\x0c\x1d\x11C\xf6\x22/Dc\x10L\
\x1d\xaf\xdfa\x08\xdf\x01\xe4r\xd9/\xccMvCo\
{\x1d\x00\xd0\x11\xda\x8c#%\xca\xa2\xe0\xec\x87y\x86\
\xa2,1\x0c\x11\xe4i\xe8\x19\xd0\x8b\xdb4\xb6\xcf+\
\xa4o\x22\x83\xfd\xbc2%\xf8_P\xe7H\xcb=\xf3\
\xe25}\x89&\xda\xd1yi\xcf\xcbc\x13a8\xad\
%}\xef\x96\xa9\xf3\xad\xfbs\xd7\xa7\xdf\x0b\x81\x93\x01\
\x91#\x07G)\xd7IrX\xcc\x17\xae\xe3sG0\
Y\xc4?\xa5\x84\xc9\x04\xcc4+Us\xa4\xaa2\xab\
\x22aXF\x8cM:@\xca8\xa4\xaa\x13y1\x95\
\xc6\xadZ\x11\x00\x1d\x08\x9e\xae\xb5\x1a\x8e\x14Ao\xe2\
\xe8B\xe23\xe0\x01O\x11\x8f~\x96\xe8#\xe9\xbb0\
\x18\x1a\xf7\xe0(\xda\xf6\x85\xc50lw&j\x11\x94\
e\x04\x0f\x9c1\xee\xbfaf\xab\x0d\x0ec\xf0\x9a\xb4\
\x1d:\xdfc)\x1b\x09\xe1\xd7\x7f\xc1\xf0\xbc\xbd \x9e\
\xa5}\xb7v87y\xdfE)1\xb0\x8d\xb0,\x0b\
x\xb1\xad\xce:\xed\xc4I\x1c3 \xce\x8d\xea'\xe1\
\xfa5\xe3Z\xda\x8eQ\x07C\xc4\x0fO\xc7Ko\x1b\
s\x93,\xa64\xb5\xa9a\x02P:\xf7d\xe1\x7f\x9c\
\x07\xc1\x83\x06H\x08\xe2\xed\xf4\xa4\xa9&b\xb5Zb\
\xbb\xdd\xa0\x90\xb0>O\x03\xe7xo\x1b\x9c\x8e'\x1c\
\x0e\x07\x9cNG\x10\x11v\xdb;\x8e\xff/\x0aT\x03\
\xab\x80\xdb\xa6F\x10\x1bp\x96\xacE=p\xf3\x9c\xe3\
\xbb\xef\x1e\x96\xb8\xff\xba\xe0\xc4B\x02\x00\xa3\x99\x02\xfb\
N\xa4bQ\xd5*\xb4t\x08\x1e\xe7\xcb\x19\x8bE\x09\
W:T\x97\x8bd\x11\xe4\xf4\xbb\x99s A\xa1\xf3\
\x86\xff\xa0H\x82\xfc\xfb\xe1\xf5\x15\xff\xfc/\xfe\x02>\
\x04\xecv;C\x9dk\xea\x1a\xa7\xf3Y\x92\xe3\xd4\xb8\
\x5c\x98\x09\xe8\xbb\x0e\xe48\x04s\xb7\xdfc\xb7\xdba\
\xbb\xddb\xbb\xddJ\x12 f\x0e\xd6\xeb5k\x0a\xc4\
V\x1d\x02g\xa9\xf3\x81\xa5\xd6\xc3\xe1\x80\xear\x81\xcb\
2\xac\xd7+l\xb6\x1b<\xbaG\x9c\xcfg\xfc\xf6\xb7\
\xbfe`\xa2\xb6\xb5$YeQ\xa0#\x12\xdf\x81\x0b\
N\xe7\x13\xf0#\x8feS\xd7\xa8\xea\x9a\x11\x0a\x17\x0b\
3e\x94e\x89\x87\xfb{\xec\xf7{\xf9\xc7\xe8\x84~\
\x18\xb0\xd9n\xb0\xaf\xf7\x9c\xb3A\xd6\xa5:\x04B|\
\x02\x06!\xc4\xbc(4;\x1e\xff\xee&\x1b\xd4\xec\xfe\
\xde\xa3nj4\x82(8\x0c=K\x9e\xa9\x83\xacK\
\xcf\xb3\xf8\xbb~\xca9N\xb6C\x80\xc1\x86\x07\x00\x83\
\x0f\xe8\x07\x0fR_\x05\xae\xcc~\xf7\xde\x8b\x821\xa0\
\x1f\x08\x00\xfb \xa8\x13$CG/\x90\xe5\x05r\xc1\
\xf8h\xdb&\xd1\x04\x22\xd6\xab\x9dVB:#\x85\xcf\
\xc5\xbaO\xafO\xb5\xbc\xc6\xf4\x03\xb3\xef\xff>\xca\xf8\
x!L\x8f\x9b\xf4\xde-\xb28\xa6'4\xf3+%\
?\xc6\xf7i\xd4\xd9\xe4\x1c\xbb\xfe:g\x03T\xc9\xf9\
\xfa\xf6\xed\xf2\x96\xca\x7f|XOT\xd9\x7fK\x85l\
<f8\xb4\xd1\xf8\xa84<}*\xd8\xe2U\xa9\x90\
d\x01*\xd8Kj\x93\xf3A\xedT\x1aE0UM\
;#\xd8\x9a\xe0\xc2\x88\x0f\x09\xa8\x8e8\xb9E\xef\xef\
\x00\x0a\xd7\xe3\x95\xaa\xd4\x8d\x88It\x81\xa6\xb8Ug\
\xc3\xb4o\x9c,H$\xf9d|\x94\x1b\x1d\xab\x8b$\
\x14\xc9\xa9\xda[\x09r\x10&\x0c\xb1\x8f\xa4\xbe\x07\x91\
\xd0\x8d\xc61\xe8\xc1\x15my\x01\x88\xb6'\xaf\x1a\x88\
\x0c\x84\x0cYA&\xbdeI\xff\x8a\xb2@\xd9\x15b\
F\x10I~:6\x88\xda\x0a\x8d\xb6P\x82\x0eyO\
\x092Gb\x10<Q\x02\xc5\x1c\x84\x99\x8b\xf39\x08\
\x8dO=\xdf\xed\xc0\xb5\xb1\xce,7\xbb2/\x9a\xd2\
V}D\x08z0\x17 \xc7hk]+Z\x9b0\
>t\xd3%\xe9\x84Q+Kv\x1ac\xf5\xffB0\
\x04x|\xba\xa6\xc1\xf1\xf0\x8a\xc3\xe1\xc0\xc4\x7f\xb7c\
\x07\xbb\xf5\xda`\x92\xdb\xb6A\xd7\xb6\x06\xfe\x94j\x17\
\xf2\x82\xc1t\x1e\xb3GN\x95\xfb\xd5\x0a\xfb\xaf2\x94\
EacS\x14yd\xae\x1c\xdb\xb9\x89x\x9d.W\
K\x80\x08m\xcbq\xe6.\xcb\x18\xd1\xaem\xd1\x8a\xf3\
\x19\x89\xcaY\xa1g\xc99l7\x1b\xbc{|\xe4\xe4\
3\xc3\x80\xf3\xf9\x0c\x1f\xbc\xc1\x03\xeb8\xf7r\xef\xe3\
\xc7\x0f\xa8.\x11\xd8\x07\x00(x4\xc1\xa3\xf9\xf0#\
>|\xf8QrJ\x14\xd2'\x1e\xef\xcdf\x8d\xfb\xfb\
{\x14E\xc9\xb8\xf4\xb2\x87\x22\x8a\xa4\x17\xcd\x07G\x19\
\xdc\xdd\xddc\xb3\x11FKP\xf4\x1a\xc1\xe6\xef\xba^\
$U^\x1f\xaf\xaf/\x08\xc1\xe3\xf9\xf9\x19}\xd7\xa1\
\x15\x06\x09\x00\x96\xcb\x05k\xb0\xf2\x1c\xdb\xdd\x0e\x0f\xef\
\x1e\xf0\xf8\xf8\x0e_\x7f\xfd5\x96\x02!\x5c\x94\x05C\
\x19\xef\xb6\xbcn$m\xb1i\x93\x88\xdb\x99\xd1\xd8\xef\
\xc4YtF\xbao\x19p\x8b1\x06\xd8\x14\xd1\xb4-\
'\x15\xea;c\xc6m\xbf\x98p0.\xcad\x0f\x83\
\x1f\x85<G\x03\xbb<\xe7\x03\x06\xc9\xb8\xa9\xf5\xb9\x8c\
\x9d\x11u\xdf\x99\x89\x0c`|\x03\xef\xd1\xf5\xbd0\xc2\
\xacY\xcb2g0\xe0\xa4N\x82\xea\x1c\x0c\x11\x9c\x12\
\xa7\xeak\xa2>\x96\xb0\xd32k\x9e\xd6s\xca'\x1a\
\xd7/\x10J\xa7\x12u:ns\xe6\xbb\xf8\xfb[\xf7\
o\xd7\xff\x96\x89\xe2\xfa\xd9\xf9\xf6\xa6s\x94\xb67}\
F\xc2\x00\xa7\x87\xf8\xa7K\xcad\x5c\x13?\x1a\x13\xd8\
\xbf}\xfa\x1fK\x22\xa5\xce2&7&R\xdf\x05\xa4\
\xb9\xa2\xee4\x06I\xec\xdc\x1a\xdb\xaa\x84\x1c\xa3\x89\x1a\
s\x9bz\x87\x90H\xb0\xd2\xb6<\xcbX\xb5\xe8$d\
f\xd2\x94\xc8\xe8\x8d\xeb\xa7\xe4>%\x13L@L\x10\
\xa2\xd7R\xc6.\xc8&w\xbay\xa3\xe4\x9ee\x19\x0a\
\x97c\xe89f\x9c7\xb3~\x87\xcc\xcek\x1e\xff\xa4\
\x91\x0d\xe3\x83D}\x1c\x1cA\x80t\xf8;\x1e\xa26\
7KN\x10g#&\x84\xc1{\xb8\x1c\x96G\x9c\xe4\
\xe0+\xf2\x9c\xe3\xdd\x11\xd0\xb4-X \x9a\xa8\xcd\x12\
)\xdb6F\xaa\xd9\x90\xb9\xea;&\xe6\x8a\xc67H\
~v\xcbD\x96h\x19\xd2\xf51\xf5\x90\xd7\xf1\xca5\
\xe7y\x9e\xd9\xbd\x22\xcf\x91o2\x8bd\x08\x80\xd8\xaa\
\x17\x00\x04s]\x18\xca\x10\xa2\xa9$\x9d/\x00\x16\xde\
\xb9Y\xaf\xb1\xdfm\xb1\xddlp\xb7\xdf\xa1\x5cpH\
\xda\xf1p@U]P\xd7\x15\x82\x1f\xb0Z\xafq\xb7\
\xdf\xe1n\xbfCQ\x148\x1c\x8e\xa8UUM\x88\xce\
\x9b2\x16\xe5b\x81\xfdn\xcfx\xf9\xd9\x9f\x02\x00\xb2\
e\x8fr\xd1\xf2z\xf7i\xbe\x02f&\xea\xa6A]\
U\xc8s\xce\xca\xb7X,P\x96\x05\x9cs\xe8\x87\x1e\
h\x19*\x96\x08\xe8$\xdf<k=\xc8\x1c\x1e\xcbE\
\x81\xdd~\x87\xf7\xef\x1f\xb1\xd9p\xe8`Q\x16xx\
x@Qr\x8c\x7f7t\xa8\x9b\x8a}\x1b.g\xcb\
\x8eg\x802\x94\xace31\xb1C]\xd6\xb5\xf6\xcc\
\xd3\x13\xe1\xc7\x1f\x7f\xb4h\x87t\xbd\xe8\xdf\x9a!s\
\xb5Z\xe1\xdbo\xbfE\xdfw\xd8\xee\xb6\xf8\xe6\x9bo\
\xb0^\xaf\xd1\xb6\xade\x19\xe4\xd4\xd5\x0d\x00\xf6cx\
}}\x15i\x95\x89\xa4jRX\x95\x9e\xe1ns\x87\
\xbb\xfd\x1d\xee\x1f\xee\xf1\xf8\xf8(\x11\x0a\xf2\xdd\x8c\x1d\
\x1f\x0ba\xc2\x00X(\x9d\xae\x13N|\x15,S!\
\x9b#l\xa3\xf18x\x98\x09\x8f\xc3\x19\x1d4\xa5\xee\
 f\xb7\x10\xa2\xf9mNhKM}\xe4\xd8\xc1S\
\xb6\xa8\x99\xf3\x88\x9c\xec'\xb6\xfd;\xd1\x04\x85\x10$\
I\x12\xe7u\xa0\xc0\x1a\x83\xf44\x0b\x08\x86\x95\xa0v\
~=\xff\xb2<\x07\xc8\xa1(\x17P'\xcdT\xe3g\
\x82\x96N\xfb\x1c\xb1Wf\xff\xadB\xf1\xd4$\xd1\xd2\
y\x1f>\xfd\xde\xa4\x8e926=\x8b\xe2\x1fQ\xd8\
\x1a]S\xd4\xda\x84\x1e\x00`\xba\xa5\x02\xc7\xa8\xcd\xb8\
Va\xd3\xb8\xde\xb9^\x84\xa4\x0e].i?\x94\x0a\
$P\xc0\x9f\x1e\x8c\xab<\xca\x88j\x94tx\xa6\x13\
\xf5%\x9c\xd6-\x8e\xea\xb3\xcaT:L\x0e\xedt\x10\
ok+0b \x0c\xa26!\xa4\x04\x06q!\x8c\
\x93\xcb\xa4\xdf\x1c\x11\x12\xe1\xa2M\xad\xac\xffHan\
$|p\xd2\x8e)q\x1d\xf5G\xc7\x06\x11:w\x94\
8d2\x0e\x9a\x8dPmS\xe6\xd1/\xc5{/\x93\
\x1bL\xa3ds \xf3\x9b\xb9\xcc\x88\xad\x12\xc1x\xe0\
(\x11\xe57\x1c\x11\x90\x11H\x086\xfc8\x5c\x94\xfb\
\xa7\x0ee\x0e\x99\x13B\xd3w\xe6\x80\x86\x8c\xeb\xf2\x83\
8\xd6\x0d\x0c\x04\x12\x93\xa0\x91\xa92#.A\x94\xe2\
Y\x0b\xc1}\xf1\x22Y\x15\x02\x8c\xe3\x88\xc1K\xda\xae\
E\xdf\xf5\x96\x19\x8d_\x09\x91\xc0\xa4\x8c[b\x02Q\
\xed\x02\xe4;y\x9e#\xcfr\x14\x12\x1f\xce\x0c\x00\xdb\
R\x8b\x92U\xc1]\xd7\x99\x02S\xc7\xd84-\x04\xc4\
}\xc8\xfdY,\x16\xd8n7\xd8\xefvX\xafV\xf2\
\x0d\x87\xae\xe3\x90\xb4\xf3\xe9\x84\xa1\xef-\xdd\xef\xfd=\
K\xff\xacN\x1d\xe0\xfb\x1e\x14\x02\x87}f\x82U\x9f\
\x17\x96}n\xbf\xdbc\xb5^\xc1\x97\xef\x11B@\x87\
#Px\x89\xeff\xf5\xfe\xe9t\x164\xb8\xa8\x8a.\
\xcb\xd2\x12\xfa\xac\xd7+\xacVK!|\x1c\x96\xa6\xe8\
w}\xdf1\xa6\xbcx\xb0\x179\xfb2\xacV+\x91\
p\x07s\x8c[\xadV\xe8\xc4\x19\xae\xedZ\x5c\xce\x17\
\xbc\x1e^q>\x9f\x12\x06)\x1e\x9eAl\xef*q\
\xf2\x89\x0ev\x1c\xd35\x1d4\xcd\xafL\x97\x11\xbcX\
\x87V\x5c\x1c\x0bT\xd5\x05}\xdf\xe3\x97\xd9/\xb1Y\
\xaf\xf1\xfe\xab\xf7 \x22\x9cOg\x94e\x89\x97\xd7\x17\
\x1c^\x0f&\xa1\xaay\x84\xc0\xda\x9a\xd5r\x89R\x10\
\x18U\x03\xb1\xdf\xb3I\x86\xd3\x1a\xf3\xdc\x0f\x9e\xa3\x22\
\x94Y`\x87Hft\xfb~\x03 \xe0tv\x1cO\
/\x1a<\x02E\xff\x13\x1f\xc4O\xc7!d\x01E\xce\
\x0c\xa6B3\xf7C\xcf\xc9\x87FX\x0ec\xc1\xc4{\
=\xe3`k\xdc\xcc{.3\xcc\x8c@n\x14N\xab\
D\x85\x9cC&&)\xd5\xf4\xc0I\x923\x04H\xe6\
]\x01\xf3\x22\x99\x0f\x00\x0a\xe7\xeb\x18\xa28\xf7\x1eN\
\x98\xe94\xecQ\x05\x19=W\x00X\xca\xec\xb92E\
\x1b\x9c\x96\x11\x1d0&\xfb\x1a\xa5\xf0\x93\xe5\x06}\x99\
}t\xee\xa2\x12\xf9O\x94Q\xc4\xd3\x8c ;[o\
B3\xd3\xb6M\xe9\x9bi2U{D$N\x80\x9f\
C\xa4U*\xfc\x04Q\x9e\xbb\xff%\x84\xdc\x88\xd4g\
\x0c\xd6\xcd\x92\x0cJ\x04\xeaQ\x95\xfd\xe8cc\x09A\
\x1c\xb6RU\xf4\xa8\x1d!p\xb2\x1d\x125\xfe\xdcw\
\xc1\x03?\xc5\xe3\x9f\x0e\xberbZ\xd7M\xcfN\x8c\
\x17\xaf^\x83|'x\xf6\xa6%i\xbf:\x9d\x19\x00\
\x8f\xdc\x93\x86q\x18\xa5l\xa8\x98\x9f\xdc\xcb\x98M\xe7\
J\xb4\x04\xe2%\xac\xf8\x02\xac\xb6d\x02\xe8\x85\x80\x8e\
\x18%!\xf0\xecP\xc4\xb1\xee\xd1\x87 2-\x9a\x0b\
\xc0\xfb\x01m\xcb\x07\x84\x03\x90\xe59{\x07\x93\x80\xe8\
d\x9c\xa8\x88\xb4O\x09\x03@\xc9\xb8\xaam\x9d\xc4n\
\xa1-\xca\x1c!\xcb8\x93^Q\x14\x08\x00\xfa~\xc1\
IkDe\xad\x98\xe3\xd1\xdb\x7f\xec{\xa06\xce\x00\
\xcd\xc9\xde\x09\xe3\xd2\x83\x96\x1c\x93\xef\xb2\x0cy\xc6\x0c\
\x01\x10\xcc\xa1p\xe8\xfb\x84\xe80\xbf\xa5\x07\x1e\x92\xf5\
\xa1\x19\xf16\xdb\x0d\xee\xf6{\xb1\xff\xe7\x18\x86\x1e\xe7\
\x0b;\xfd\x9d\xcf'\x86\xc0-r,\x97\x9c\xa4f\xbb\
\xd9\xa2,\x0b4\x8d2&\xfc\xed\xcdfm\xf6\xfc<\
\xcf\xcdF^\x96\xa5iM8\xe5.P\xd5\x95\xa1\xd9\
\xb1\x09\x81\x7f/\x04!o\xbd^c\xb7\xdb\xe3\xee~\
\x8f\x87wl\xdb\xdel7\x06\xf1\xcb\xc9c2\xcb\xfe\
\xd8\x0f=2\x97\xa1(y\xccW\xeb5\x02<\xaa\xea\
\x82\xc3\xf1\x15\xcbn\x09\x84\x80\xc13\xaa_]Wx\
=\x1cp8\xbe\xe2t<Z\x18\xa1\xa9\x82\xd5\xc2\x15\
i\xb7\xd9\xaa\xbd2|\x801~\xbc\xe6(\x8e;\x9c\
\xad\x0f&|\xbcN\xba\xbe\xc5\xf3\xcb\x0b\xdb\xe7\x83G\
S\xd7x\xff\xd5Wx\xf7\xf0\x80\xecn\x87\x10<\xb6\
\xbb\x0d.\xef\x1e\xd8\x9c@N\xec\xda\x85\xc5\xf1k4\
\x00\xc0\xa6\x93\xddv\x87\xc5r!c\x1c\x0f\xe2\x10\x02\
\xb2\xdc\xb1\xa4\x0b\x8f\xbc\xc8\xb0Z/\xd1\xb4+\x0b\xaf\
\x5c,\x16\xb8T\xec\xc0\x97\xce\xc7`\x04Wz\xe38\
\xaf\x84fb\x1c\xfa^l\xea\xbc\xd6,B\xc3\x04`\
!&\x8eG@\xcdI\xe6\xcb\x12\xc4\xef@\x9e%D\
\xd3\x98\xbd\x8fh\xd2\xd4\xbf!\xe7\xe40R\xf3at\
^\x8d\x8a\xce\x8f\xec)N\x025\x16\xfa\x9c\xf9\xf2\x90\
1\x19)C\x90\xeeI\x83i\xd7z\xed|\x9d|\xdf\
\x0eMms6\xeb/p\xd5\xdc/\x90A\xaf_N\
\x04\xcfT\x92\x7f\xe3\xd98]\xd7\x02\xebH\x13\x90>\
\x97\x08\x87\xe9sW_\x13\x8eX\xebL\x80\x80\xbe\xbc\
\x97\xa9$;\xbd\x0e\x5c\xab&\xa6_\x08s\xd7\xa7\xc4\
\xf2K\xdb\x94\x10R#\x9cI\x87\xd3\xfe\xa6\x9c\xef\xb4\
\x0e\xfd9\x8a\x90H\x88\xbfO\xea\x9d\x12\x8a)\xa3\xa1\
\xed0[l\x22\xa9;\x000\x80\x8aH\x90\x8dI\x98\
\x10\xb8\xb4}\x08\x01a\x88\x92\x10\x81\x93\xf6\x19\x88\x06\
\x84\x00\x86`\xeb\x90\x9cK\xb4\x11\xd1\x04P\xe6\x85\x01\
v\xa4N6\x84`\x9b1\x13\xfb:\x01\x11\xce7\x19\
k\x1e\x1f\xe9s\x10f$\xe9\x1b3!\xe2\xc0(\x92\
\xbf\x11\xed\xc0[\xd1\x0f|\x88\x15rhg\xce\x19\x9c\
mH$Q]\xf4\xd1W\x01\xe3\xfb6v0-\x89\
b\xb7\x17e\x81\xccI,v?\x88\xea\xb1\x8b\xde\xc9\
\xc2\x00\xe8\x81\x1b4l\xc9\xbb\x84\x98\xc4\xccg!\x04\
\x96\xd8\xfc\xc0\x9a\x80\xa2\x10\x00$Q\xa7\x8a#\x99\xb6\
+#\x9a\x81\xd9w\xd0\xf4\xc8\xbb\xed\x16\x0f\xf7w\xd8\
\xab7\xbe\xa8e\x87\xa6ESU\xe8%\x1d\xaeJ\x92\
\x8bE\x89\xb2\xc8Q\x08\x90R\x961\xea\xe0z\xbd\xc2\
f\xb3\xc1f\xbd\x16\xa6G\xdb\xcbk\xb4\xef:\xb4\x9e\
}\x04\x8e\xcd\x01\xc7\xfe#\xea\xbaF&}X\xad\x97\
B\xd8\x18\xdba\xb3|\xf2!\xc2\x00\x00 \x00ID\
AT\xd9`\xbb\xddZ|\xfc~\xbf\xb7\xbc\xf3\x00\x87\
\xdd\x91#d\xb93\xd5\xf4R3\xca\x15\x05\xf2<\xb3\
\x98\xfb\xc3\xe1\x80\xe3\xf1\x80\xd5j-\xa08\x07\x09\xcd\
{\xc1\xeb\xeb+\xea\x86a{\xb5\xad\xb2\xe0\xc7X\x0c\
\xe9^H\xca8T+=(\xd3\xf3!\xda`u\xbf\
>=?\xa1\x92,\x82\xbf:\x1e\xd0\xfc\xeaW\xb8\xbb\
\xbb\xc3n\xbf\xc3\xdd\xfd\xdd\xe8{\xca\xd8\xa9\xa0RH\
\xfc\xfd0\xb0ChQ\x96\xd6\x86\x11\x91q@\x86L\
\xe6)\xc3j\xb5\x1a\x09;UU\xe1\xb09\xe0|:\
\xa1iZa\x8cj\xb1\xe9\xf7\xe8\xba\x80\x10\x98\x18\xe6\
y.\x18\x1b\xcc@s\x9a\xdda\xb4F\xa7\x9a\xbc\xb9\
\xbf\xe7\x18~\x1d\xafk\x05)\xfb\x09\xa8M\x9f$G\
t\x905\xcc\xbe\xc7\xaa\x95\xb9\xa9\x9cf\xe2\x9ex\xfe\
\xf7\x92!\x14\xd0L\x94\x5c8\xa1\x1a\xfb\x030\xfe\x89\
\xbe\xcf\xe7i*\x22\xeag\x03\x94\x91p\xf6\xcdx\xce\
O\xd6\xcb\xdcX]i\xb0\xbf\xbc\xc4\xb6$c\x09J\
\xd6\x1c\xec\xba\xfdM4zgZF\xf3\x91\x0a\x83\xc9\
\xe3\xe9\xbb\xe97G]J^\xb0d@F\xcc\x93\x03\
\xf6\x96\xcd\xe5\xca.\x8a\xb1\xda\xc2\x9eM\xde\x99-s\
\xc4w\xfeI\xb9\xf7ySa\xb0\xbaZ\xf7\x84\x93J\
\xdb5M\xfa\xa2\xf7]\x96\xc5p9\x8a68&D\
\xc1\x88B\xfa~\xca}]\x11m$j}Q\x05\xa5\
\xd7T\x92\x99&\x931\x99:\xa9S\xc7\xc1\x01\xa6\x8a\
O\xed\xf2c\x06Hk\x0a\xf6\xa6J\xcf\x99\x84Lq\
R\x1e\x96\x86\x08\x1a#,\xa6\x0b!\x9aJ\xa0\xb8\xa6\
\x10\x17\xb0\xd5\x1d\x19&\xe6\xae\x13g#\x95\x0c\xb8#\
\xe6I\xaeq\xc9|\x1e\xb3T\xed\x01C\xab\x8b\x8cR\
L\xa6#K\xda\x1c\x95\x00Qi\x22Dd\xbf\xc9\x9c\
\x93\x987\xbc\xd8\xe6\xfb,\x03\x15A\xdaB \xca\xa0\
HkJl\xb5^\x96\xf4%\xdb\x9ef(\x1c8\xc2\
A=\xa4\x09A\xe0\x80\x09}\xe0\x9c\xe7y/>\x02\
\x99fi\x00\xca\x22C\xf09K\x7f>J\xa2\x90\xf9\
(r\x96\xb2\xf7\xfb\x1d\xa3\xfe-\x17\xe0\xa4H<\xbe\
m\xdb\xb0m=sX\x95+,\x17\x0b\xac7\x1b\xb3\
'gy\x86b`\xa2r\x7f\x7f\x87\x00\x96\xca\x17\x0b\
6M\xf4\x03k+\xfa\x9e\x89D\xdb6xm_\xf1\
\xfc\xfc\x8c\x8eN\xc8w\x1d\x96\xab\x15\xde=\xbc\x93l\
\x82\x851p\x01\x01\x9b\xcd\x86\xed\xff\x22\xd9\xf2X\xc5\
\xb5\xca\x99\x0a\xefq\xbe\x9c\x01\x22\xd4U\x8d\xd5j%\
\xcc\x10\xaf\xa9\xae\xebL\xed\xad!\xb2\x01\x01U]\xe3\
|\xbe\xe0|>\xa1\xaa.\x11(\x09c\x86\xfcZ\x18\
\xd2\x03.\x89\xbb\x0eB\x8cH\x0fb\x82\x0aI\x9aF\
Z\xa1\xb9\xa3\x8a\x95\xef\xd5u%\x8e\x8d\x0c\x9f\xfc\xeb\
_\xff\x1a_\x7f\xfd5\xde\xbd{d\xf3\xd1\x17i%\
g\xceOi8\x9b\xbfJkW!Q/EY\x98\
?A]\xd5\x02\xa4S\xe1\xf5\x95\xa3=\xfa\x9e\xfb\x95\
\xe7\x99\xcd\x8f\xf7\xec\xa8\xc8\x0c@\x1f%\xf4d\xec\xe2\
\xf7\xc7gH:\xc6\xe4\xb2\x89\xe3\xa66X\x9e\x11\x0d\
\x17\x12a\xc6j%\x07\x0f\xf1W\xd09\x19}\x22m\
\x0f!\xcb\x98q\x89v~2~\x81\xcd\x86\xcc\x10x\
\x97\x9e\x9d\x01p)C\xe7$\x13ab\x9a\xc3\xf4\xdc\
\x1b\x13\xde)\x9d\x8b\xf6\x8a\x89D\xfd3KJz\xa2\
\xe63\xf6\xef*\x1bi\xf2\xdc\x98i\x8dL\x89\xde{\
\xdb,\x90\xd2oi\x07\xcd\xd0U\xf9L\xe2\x03 \xa4\
f\xb4\xc1n,\x1e\xba\x0690ukro\xfa\x1e\
\xff\x1e\xac\x99\xe6H\xf7{,i\x9bS\x07\xb8\xd13\
.q\x12\x9c\xa9C1\xf7\xcd\xfee\xef\x07\xf1\xda\x8f\
\xea\xc6\xe0'\xaaoJ\xda\x10\x82qdW\x1a\x8d\xc4\
\xd1\x0e\x80\x80a8\xe1\x04\xe7\x19\xaf\xab\xfe\x91|U\
\xa5\xa4\xf45\xe9[\x10\x88O}\xd6H\xb8\x1f\xdb\xc0\
B`\x5c\xfa!e H\xf1\xeeu\xf1\x86Q\xdd\xcc\
\xe4+\x22\xa2\xf6\x1dLLE\x87`\xcc\x002\xb3K\
:\x8a>\x00\xecS\xe1%9\x8eg/m\x04\x84 \
vA\xd5DH\xdd)\xf4\xb0\xb6\xdb\x11+v)\x84\
\xeb\xe5D0\x22\xaeq\xe5]\xd7\xa2\xc8s\xccyC\
kJb\x97`\x010\xc1g\x8d\x07\xabY;\xbbf\
P\xab\x88\xe3\xd4\x0f=\xaba\xbdg\xe2\xeb8Ds\
\xb5\x5c\xa1\x10\xec\xfe\xb6\xeb$\xc5)\xbf\xe3$\xbb\xe0\
z\xbd\xc2f\xbdFY\xe4\x80\x1f0@\xbd\xb3\x074\
u\x0dx\x8f\xe5\xa2\xc4v\xb3\xc5\xc3\xbb\x07l\xb7[\
v4,\x17 \xe7p!\xc2n\xbb1u<\x09\x0a\
a'\xea\xe1\x9eXZ\xbc\x5cj\x9cNg|\x7f\xc8\
\xf0\xfc\xfc\x8c\xcdC\x86w\xbf\xda\xe3\xe1\xdd\x03\xee\xef\
\xee\xd9\x193a\xce\x00\x18\x00\x0f\x87\xd3q\x0c\xf7\x08\
/\xc19\xdc?\xdc\xe3\xf5p0\xf3A\x80:\xa5E\
\xc7\xcc\xa2d\x0f{\x95>[\x09\xb7\xeb\xfb\xce\xa0_\
\xc998Y\xa7\xb6F\x11\xa2\xfa[\xe2\xfcI\xce\x1d\
\xb6k\xc5SW\xd7J\x8a\xeb1\xad\x03\xa4\x84/\xee\
_\x1f\x02\xe0=^\x0f\x07\xf4b\x06QL\xffw\x8f\
\xef\x18\xf9\xf0\xe7\x9eY\x04\x81\xcce\xc9\xbf,\x19\xcc\
\xa8\xeb{f\xc8\xc1a{y\xc6\x1a\x93\xa2\xcc\x05\x99\
1\xc3\xf9|F\xd36 p$\x07\xc0\xe9\xa0\x19\xf1\
o\x80\x9e8W\xf9\xe3\x93\xc3f\xa4\x89\xa6(\x84h\
6@\x0ey\xc5\x88\xc8G\x89Z\xfcT\xb2\x9c\xbd\xff\
C\x009\x1e3r\x9a\x14\x8a)\x80\x9a\x09\xb5h}\
\xce9d93\x00\xc30\x00\xa2\xc4$\xa8?\xd2\x98\
9\x0b@d\x98'B\xa9\x9a T@\x9ac|(\
yoz\x8e\xa639\xd5\xe4N\xcb\x17\xfb\xa4\xe9\xf7\
)\x1d\xfb\x10\x0f\xca\xeb\x07\xad?z\xeeY\x0b\x0d\x01\
N\x04\x86\x99\xd7\xf9\x9ct\xf6\xde\x88\x09\x9a\xd0\x14\x02\
!P\x88\xc9\x80\xe48\xfd\x84\x8c\x9d\xd83\xa0\x1c\x17\
W\x9c\x86I\xcd0\xbe\xa3O\xc7\xff\xc7\x8e\xc7O\xa8\
\xee$\xcc\xdf\xff\x822V\x05&\xd7\x82\xf6\xe0\xba^\
#b\xda\x94\x908\x83\x05\xaeA\x04\x0f\x81$\xa6x\
]o\x8c\xb8I%\xd4\xb33\x06u\x8e#\x90I\xc3\
)\x035\xbf\xa0U\xea\x09\x16\xce\x84\x10\x84\xa0x\xbb\
ou\xe8F\x96\xb91\xc7\x9a\xc1\x9b\xda\x9f2>0\
\xb3\xccIj\xd5h*\xd1\xb9\x8d\x8eEcp&J\
\xdb'\x1b\x96,\x84G\xb2\x12:B\x10g@'\xe6\
\x04\x05\xfe\x09\xde\x03^U\xfc\xecH4 \x00Y\xc6\
\xce\x87R\x0fg%T\xa6,q|\xb19\xb9\xb1N\
tl<c\xc2\xb7M\x13\x9d\x8e\x10\xf1\xf6U\xcb\xa0\
\x19\xd5\x08\xb0\x14\xbe\xc83\xc9i\xe0Q.8\x9f\x81\
f~\xeb\x04\xdd\x8c\xb5\x08\xce\x0e2E\xfbS\x95\xa6\
\xc6A\xab\xe6\xa3m;;\x14\x0b!\xfeJ\xb8\xd5\x89\
-\xa6\x9b\xed\xd0u-\xf2<\xc3n\xb7\xc3\xe3#{\
\xd2;\x09\x81[\xaf\xd7\xac\xfd\xf1\x03\x08\x01\xab\xf5\x0a\
\xeb\xd5Z\xb2\xe0]PU5\x9a\xa6D\xdb\xb6p\x04\
N\xaa#\xeb:\xcfs\xec\xf7;\xbc{\xbcg\x8f\xfc\
\xbcH\xa4ve\xf2D\xebB\xd1n{9\x9f\x99)\
(\x0d\x0d^\xbc\xb8\xbd\xf8\x1edxyyAu\xa9\
\x90\xe5\x11]\xb1\xae%\xf3\x9fc\x02\xd7\xf5\x0c\x17\xdb\
v-\x108,\xcey\x02\xe0\x22*^\xc0\xc8\xa7E\
\x05\x0e\xdd\x0f\xe9\xf4\xc7\xc3s,A\x8d\xde\xb1=\x17\
)\xa5\x0a\x04!\x00a\x18p9\x9f\xf0]\xdf\xe1R\
]PU\x15\xfe\xf4O\xff\x04\xdf~\xfb-J\xd1\xa8\
\xfc\x9cB\x8e\xd0\xd4\x0d\xa7s\x0e!j\xb7d\xcf\xe5\
9\xfbN\x0c~@Y\x94\xd8n\xd9\xb7`\xb9Z\xe2\
x8\xa2\xaek\x10\xb1\xdd\x7f\x10\x8d\x0eD\xdb\xa1`\
cSAL\xfb\xa8\xd2g\x94LSI\xc4E\x7f$\
\xe7b\x0dD\x09\x93M\x12A\xc1!\xa3\xcc\xb49P\
B\xa4\x94p\xa7{R\xd3\x1c\x9b3\xa7\xdc'e\xd4\
D\x13\x10\xe4|\x1e\xe3\x88\x88\xe0x\x93\xb6\xcc0\x06\
S=;\x22\x01\x9e\xce\x1f\xa7AgFf\xb6\xf6D\
\x934.\xf3\xeb\xe0\xa6oA\x12\xda8W\xd3\x9cS\
\xbd\xfe\xad\xff\xbdU\xf4\x999\xda7\xf7\xecM\x1f\x80\
[/\x8f\x1e\xb3\xcd5\xbe7e#\x12\xda\xf0v}\
\xfanP\x22\xa3m\xf9\xbc2\xe2l\xed\x03\xc9\xcdQ\
]\xc9@\xa7\xeb_\xc8\x0di\xdb\x84\xb8\xab\xe4o6\
(D\xa97\xf6\x85\x92;I\x03\xc2\x98#O\x89\xba\
)\xe5\x95Q\xa0\xf1\x1a\x8cD*\x8d.\x80\xcd\x99K\
\xdb\xaa\x12\x93\xb4#\x1enQ\xf5\xaf\x07\x80\x02\xdbp\
\x1a\xde^\x08\xb7x\xa5\xab\xda\x1fq]p&\xb7\xb8\
V4\xe3\x17\xe6\xa4n\x1d\xcb4t\x12|\xe8\x81$\
\x8c\xd0\xea\xd1\xd5\x22\x87\xafN\x87\x98\x0d\x88\xd8!0\
x6S\xb0\xf3T\xd4D\x001\xa1\x8e&+\x19\xcf\
\xb3\x8d\xba\xf4\x9f!m\xfd\x1050\xc3\x90h\x16\x04\
\xeb~\xe8{N\x0d\xeb2\xf6W\xc82\x90\xc4\xf8\x97\
E\x81\x90\xf3!W\x96\x05;k\xb5-\x86>&^\
\x89\xd8\x0c\xa2\x15\x90\xf0\xa6<\xcbE2_\xc29\x87\
\xae\xed\x04w~\x11\x19\x009(\x19\xe5\x91\x97S\xd7\
\xb6 @\xc2\xe8\xde\xe3\xfe\xfe\x1e\xdesD@\xdfq\
\xf4\x04\xfb\x1f\xe4X\xad\xee\xb1^\xb3\xf3_]\xd7l\
\xf6(\xd8#>\xcf3\xcbY\xe0\x1c\xe1\xdb\xd5\xb7\xf8\
\xf8\xf1#\x1e\x1ev\xb8\xbbcP\x1d\xcd\xcc\xc7vm\
\x8a`52\x8eM\xd7\xa0\xed\x1aT\xd5\x05\xcb\xe5\x12\
ww\xf7X\xad\x96h\xdb\x16\xc7\xe3\x11Y\xe6\xf0\xeb\
\xbf\xf7k\x0c}\x8f?\xff\xf3?\xc7\x0f?\xfc\x80\x9c\
\xd89p\xb1\x5c\xa0\x938u\x979\xb1\xf5{\x8b\x02\
\xf0A\xb0\xeb\x85_MU\xa5\x81\x14\x97A\xe6\x93\xe2\
>\x00\xa2\xd4h\xfe&\xc9IDd\xf8\x99\x00b\x88\
[\x90\xfd\x9d\xee5\xdd\xab\x1e\xecq\xdf45~\xf8\
\xf1{C\xda{\xf7\xf8\x88\xc5\x0d\xf8\xe1\xcf-\xccD\
\xb5\x16\xe2\xc8\x0e\xa5\x8c\x97\xdf\x09\xb3\xa7 > p\
\xaa\xe2\x9c\xb3\x16.\x16%\x0e\x87\x03k\x03\x86^\xd0\
\x0a\xd9Y\x92\x00 K\x5c\xba\xc3X\xd37:\xe7\x89\
,\x1a\x88\x19\x07\x97\xdc\x8fLUjzT\xed\xa9\xa2\
\x02\x86\xa0D_\xdea\xa9(a\xbc\xe2\xe7t.\x19\
\x97$\xd1\x0e\xe8\xc6\x87\x1e]\xb7O\xfc/\xe2\xbb&\
}\x9d\xdc\x1cK\xe6\xc2\x1c\xce9\xfc\xe9\x1c|\x8a\xa0\
\xea\xb3\x9fC\x84EF\x8f\xf5'\x7f\x8f5\xe6o\x7f\
s\xfa\xae\xd6{]\xb7\x1b\xfd\xadE\x90\x00\xaf\xd1\xd1\
n\xf9\x03\xbcew\xd0\xfb\xb7&\xe9\xb6\x80\x96\xaaV\
R\x87\xbd/S\xbb\xdc|L8\xca\xf4\xefx0\xc4\
c\xc1$gcXD\x9d%\xc4\xff\xca\x01i:9\
7\x94\x17\xccHD.)\x9a]\xac\xa2\xa4\x9d\xb0l\
Y\xeae\x0f\x5c\xd79\xa5t\x96\xf8\xc7\xfa!\x0d\x09\
\xe0\x83\x812D\x10$E\x12\x8c\xaa?\xcbeO\xe0\
\x84<\x06\xe9;a|dN,\x0f\xc2\xad\xb9F\xb0\
\xf1\xb0q\x22\xc8\x01\x12\xb3#\xa6\x0c(\x8f\xcb\xb5\xf6\
\xc4\x11$\x85\xb08@i\xca`\x9b\xbb`\xdc_\xda\
\x9c\xd9\xb9\xd0\xf1\x9b2i2\xcf\x9e<B;\xa0\xa7\
\x0e\xaeu\x16'\x9de\xb9h\x07\x1c\xf2\xa2\x94\xa4E\
N\x9c\x14\x0b,\x17\x0b4m\x83\xb6iY\xabB\x12\
J%D\x5cs\x00\x10\x80\xc5r\x89\xa5@\xdaV\x97\
\x0bB\x08\xd8\xac\xd7X-9\x15-\x99\x84\xe6\xe1\x07\
\x0e\x8dk\xea\x1a\xcb\xd5R\x22\x03\xb6pDh\xfb\x1e\
M\xd3\x184\xf0v\xb7\xc5\xc3\xfd\x83\xa8\x91a\x84\xb6\
\xaa+\x9c\x8eGt}/\xa6\x0f`\xb1(q\xef\xee\
\xf0G\xef\xff\x88\xa1\x7fw\x1e\xebui\xcely\xc1\
\xfd\xed\xba\x0e\x198\xdcM\x19\x9d\xba\xae\xd1\xb4\x0d\x10\
8\x1c\xee\xab\xaf\xbf\xc2\xfb\xf7\xefe-\xb16#\x97\
\x1c\x06\x8f\xef\x1fq\xb9\x5cP\x96\x9c\x10g!\xe3T\
]*\xe9Wc\xa6\x94\x08\xad-\xc4\xdd9\x8eg\x17\
\xe6\x0c\x83:\x93\xc6\xb5cK\x8bH\xb4\x04c\x1c\x90\
\x10\xe2f\xcf\xc4WF\x19\x8c\xf4\x9e\x9dq\xc9YA\
\x80A\x0b\xb7m\x8b\xef\xbe\xfb\x0e!\xf0|<\xbec\
\x00\xa5Q\xe6\xc4\x99\x92\x9e\x9b\x96\x0dO\xd4\xff\xec\x18\
\x99[\xc4E@/\xe6-2\xb3\x15A\x88\xbf\xf8\x1f\
\xf4]\x8f\xcdv\x83\xd5z\x85\xd7\x97W\xbc\x1e^q\
<\x1c\xf9[\x93s8\xeeQ\xb2\xb6\xa4\xe3B\x80\xd8\
\xfc5\xb4\xd7\xc1\xab\xdfM\x88\xf5\xf0\xbcj\x1aP\xe3\
\xcd-b\x80\xdf\xcd\x01\xb0\x9f\x8c\xcdE\xd0y$\xa5\
L\x9c\x83D\xd6'\xa7\xa5\xe6\x032\x15pF}\x98\
\x95\xea~?%`:\xef\x98\x0d\xd3\xfb\xa2\xaf'\xe3\
=}\x8f\xcd\x95\x0eSZ::\xb3f~\x9f\xd2\xbf\
9?;\xfdv\xfa<\xcf1\x8d\xae\xd1\xe4\xfd|\xae\
\xa1\xfc\xf6\xfc\xefi\xa5\xb1\x11\x13\xe2\xfaS&,}\
/\xf9\xfdv]7uA\xd7\xe5j&\xe2\xfbj\xe3\
\x1cq\xac)\xc1\x06\xcc\x04\xf0y\xdd\x9a>\x97\xca\x1d\
qc\xe9F\xe2_\x83}\xc7`d\xc1x\x03\xba\xd9\
\x0c\xf4\xc7\xa4\xf0\xd85\x87\xc8P\xd8\x84\xebf\x17B\
\x1c\xfc`\x1c\xbe:\xc5\xa9\x09\x81\xb1\xfeY\x9awr\
\xf0\x9aJL\x88\xab\x09b\x89\xea\xdf)\xd7\x0f\x5cm\
R%\xdcW\x1a\x92D\xea\x00$\xdd\xb0\x8cYZ\x9f\
\x11k\xb0$\xac\xc4\xd6;g\x0e\x98J\xccU\x98\xbf\
f\xf2\xc7\x0c\xc5\xb4}\x16r$\xed2\xbe\xca\xc6e\
\xb01\xd61qY\x86\xc5\xa27\x98\xd9L\x88\x1d\xb9\
\x12eY\xa0\xce*Tu\x0d?\x0c\xc83g}\xcd\
d.\xfc\xd0\x83\x82GQ\xb0w?#\x22:,\x97\
\x1cO\xef\x9c3\xcff\xcd\xe7~>_\xd0\xf7\x1d\xca\
\xb2\x10\xe6\x8fU\xf0C\xdf!s\x84\xd3\xa5\xc6\xe9x\
DY\x16\xf2\x8cC\xdb6\x96\xfe\xb6\xae.8\x9d\x8e\
8\x1c\x0efs.\xf2\x02EYH<\xff\x1aCv\
\xc2b\xe9YUOd\x09n\xba\x8e%\xf3\xbe\xefM\
\xea<\x1dOhZ&\xdc\x8e\x08\xa7\xf3\x09u]\xe3\
\xfd\xfb\xf7(\xcb\x02\xa7\xd3\x11?\xfc\xf8\x83\x01 \xad\
VK\xb1\xfbf#\x9b|\x10\x00\x1f\xf5\x01@\x08f\
\x8a!\x88cl\x88\x92\x14\xcfUt\x0cM\xe7Y\xe7\
)\x8c\x96\xe3\x04A.a\x18\xd2=o&\xb4\x10\x04\
\x0f\xdbZ\xc8f\x15\x04\x0cC\x8f\xc3\xf1\xc0\xe1y\xe2\
m\xff\x8bo\xbf5t\xbf[e,qIR\x1eD\
\x82;x\x8f\x9c2t=\xa1\xaf;4M#c\xee\
\xc5d\xc4\xa1\x9b\xe5b!\x1a#\xce\xa8\xc7\x19\x1fK\
\x0e\xe1l[Tu\xb0o\xe9\xde\xf0\x0e\x80$\xd3\xd1\
s@\x893\xa9l@)\xbahf\xe3\x9bP\x9f\xd1\
\x19l\xbf\x8b\xa4DD\x80\x93\xbd\x18\x02\x5c\x10\xc7h\
!\xaaj\xe2Tm)\xa7\xca\x8e\xf6m\x96\xbc\xdd\x95\
6\xd5\xec\xdf\x89\xed\x9a&\xf3\xf9\xfb(\xc1\xfa\x12\xbf\
adH\xe5\xa5/\xf8\xe6'i\xdf'\xe9ZlG\
\xfa\xcaX\xab~m\xa6\x08\x01\xd1gGiK\xaa\xe1\
\x18}>^\x9fM\x064\xdb\x88/\xe2\x83&\x9b\xee\
\xad'\x13\xc2J\x08#\xcc\xea\x99\x87\x93N\xddx\xee\
JT\x9e)\xb7^\x1d\xa9\x96'\xaf\xfcL.T\x17\
\xaf\xa9\x85\x8c[\x83h$\xecd\xe2\xf9\x95\xb5\xaf\x11\
\x08#\xa6H\xea3\x875\xa9\x84D_\x9cB\x07\x1b\
\xa13I9r\xf0\xdcU>\xdc=\x06\x91\xb8]\xe4\
\xc6\x03g\x084$9\xa8V\x82s\x91\xd9a+\xff\
\x9b\x1e\x14\x94\xa8\x14\xa7\x8c\x80\xfe\xadL\x86:\x0c\x92\
|+\x1d\x8fTC\x909NY\xca\x0ef\xca\x14\xe1\
\x8d\xb9N6\xc1\x88;\x0fz\x86\xd9O\xc4\x1f\x92\x82\
\xd8\x9b\x12%\x0c\x03\x82\xe3k\x8d\x0e\xe0r\xc1*\xfe\
\x9c}\x15\x5cIR/\x09*\x1eY\x14\x003[\x1c\
\xcb\xdd\xb6\xad!\x12\xaeWK,\x97K\x033r\xc6\
\x9cytm\x8b\xf3\xf9\x84\xf3\xf9\x02\x00h\x97\xac1\
\xd8\xac\xd7X\x09\x08O\x10&\xe1t:\xa1|*\xb1\
\x5cp\x9a\xde\xa6ip\x16\xf4:f\x16z\xd4U\x85\
\xf3\xe5\x22\xfe\x06kl\xd6k\x1cq\xe4\xdf\xb7[\xe4\
\xf9\x85\x11*\x11P7\xac\xe2o\x1a\x86\xfa\xbd\x5c*\
\xc9;pB]Wf\xd2\xc8$\x96:\xcb\x18\xbdp\
\xb9Z\xa2\xeb{I\xef\xcb!\x95u]\x03\xc4)l\
\xe3\x9a\x1b\x0c\xe5M=\xc13I\x1d\x9d\xf5l\x87\x86\
g'\xc94<6\xc6\xc0k\xda\xdat\xbf\xc3\xb4N\
*\xe1g\x89&K\x99^\x89Q5\x9f\x1b#\x90\xc2\
\xf8p\x1b\xf5\x90\x0d\x86s\xa1!\x8c\xbf\xfb\xddwf\
\xb2a\xf3P.m\xba\xb6\xd1F^\x22\xc8z`\x9f\
\x96\xc1{\xb4]\x8b\xb6eb\xdf6-.U\x85\xcb\
\xf9\x8c\xae\xef\xe1\x9c\xc3j\xbd\x8e\xa6\x1dI\xb3\x0b\x04\
\xb8\x81#0\x9chH\x8e\xa7\x83\xa4=\xceEk\x14\
\x9dm\x83\xed\x7fX_\xbd\xd7=\xa6\xd1\x04\xec\x90G\
.\x03e\xb9\x9c\x03\xe3~\xd8\xf8\xc5\xdd\x03\x91\x9d\x00\
hv@X\xd20=\xd8\x8ch\x13I4\x11\xd9<\
\x81\x1c;\xf0&\xd0\xc2\xd3q\x9b\xe8\xf4\xbeL\x1a\xff\
\x8cr\xadaN\xa5\x16\x8d.\xf07\x9e\x9d\xbf6\xaa\
k\xfc4_\x9d0Us\xaf\xa4g\xb7\xb5\x05\xca\x0c\
O\x10XCH4\xaa\x89\xe6e\xf4~\xf2\x89\xe4\xd3\
y\x96e\xf4f\x83\xde(\xb78\xb2\x91\xdd\xf7S\x1a\
\x81\xe9\x01\xfd\xd6\x14\x7fN\x1b\x7f&\xa1\xfe\xfd\x949\
\x8e1\xe5\xe1\xd2E\x139\xc2i\xd3\xd5T\xa0\xf0\xbd\
W\xda0\xd9\x81q\x83\x07;\x84Ra'\xd5\xa6\xa8\
\xbd\x94\xe4\xef\x18F\x18C\x22-\xc41h\xec~t\
\xf2\xf40\xd1\xc1\xfa\x19\xd5L\xfc=G.\xbeC\xe3\
m\x1b\xf4\xe80\x06\xc4\xdb\xd8\xb8\x89\xf4E\x10'G\
\x1a\xd8\xf9\x0f\xecM\x1f\x1c\x01\xc1\x89\xd7\xb3\x0c\xe1\xa7\
\x18?c4\xc7\x83H\x88\xef\x9aO\x860@\xc1\xd3\
\x08\xd6\x14\x81W\xf50\xf4`\xd4\xd9\xe8\xd9\xbeX,\
P$p\xb0\xec\xe4\xd7\x1aF<\xc0\xa6\x15\x02'\xc6\
\xe9\xda\x06Y\xb6\xc2bQbQ\x16\xa3\xd0\xad \x0e\
\x80M]1\xfcl\xf0X\x08\x8a^!6\xfcR\x90\
\xd8B\xf0\xe8\xbb\x16\xc7\xc3+\xce\xa7#\x9e\x9f>2\
2\x9c \xac\x95\x05\xdb\xaa\x9d#\xacVK\x0c}\x87\
\xbaip\x1az x\x9c\xe9,\x91\x04\x99E/\x0c\
\x9e#\x0e\x0e\x87#.\xd5\x05M]\xe3r\xa9p>\
\x9f\x18\xce\xd82\xb8\xb1M:\x80\xc3\xfb\x9e_\x9eQ\
V%\x9a\xa6\xc1\xe9tBu\xa9\x0cW\xa2(\x0a@\
\xa2C2\xe9\xc30p6\xc0\xc5j\x81\xb2\xe0\x90\xb8\
\xe3\xf1$\x19\xe3:\xf8\xde\x83|\xa2\xf1\x22\xf1\xddH\
\xd6$\xafSe\x08\xbc\xf5\x95%\xa28\xaf\x8c\x8d\xa5\
*e\xc4\xb5K@\x00\x9b\x04\x5c&DK\x09 \xa9\
\xbd\x9b\xf1\x084\xe2\xe3\xf5\xf0\x8a\xdf~\xf7[V\xc9\
\xf7=\xb6\xbb-\x03\x1e\x15\x85\xb5U\xd5\xdc\xd3\xc2\xdf\
S\x93\xa2\xb7\xb9\xee\x86\x0eD@\x96;PV`\xb9\
`\xc605\x1d\x04r(\x17%\xff-\x8e\xba\xab\x9e\
\x91\x06\xab\xaa\x92$L\x99\xe4;\x88\xb6\xff \x5c\xbf\
n\x11\x97\x051\x95\x00AL\x1cY\x96\xa1+K@\
\x22\x0b\x94\x00)J&\x91\x04.\x11b\x9d\x90\x18\xbd\
\xc0\xcc~\x80\x17u?\x0b!j6\x8c\xb6~5\xff\
)\x88X\xb0\xba\xaf\xc7I\x9eI\x85I\xdc\xd2\xe7a\
\xf2\xccO\x95\xd8\x95\xfa\xd2\xe4\xde\x8c\xd6\x09\xb8y\xed\
\xado\xddb\x18\x88&\x94\x8f\xc8\x04\xde\xe8gAP\
\xc5\xc8\xad>h=\xd3\xd0\xc8[\xc5\x9c\x00\x1dh\x5c\
\xf1\xcd\xf7R\xe9\xfe\xba\xfe)a\xfb\x12\x96m\xe4\x94\
\x91\xda9n\x8c\xf2\xe7\xfa\x07\xfc\xd4\xf0\x8dq%\xd7\
\x97nqX\xb7:=\xdb\x86\x84\xe0)T\xaf\xfe\xcd\
R\xbe\xaa'\xe3F1u\xa8z\xafK;\xd4\x0f \
\x93\x0d\xe6\xc3\xc4^\x9a\xbckuQ\xfc[\xb9G=\
H\x95\xf8\xa7\xcfk\xf6C\xad+-1\x8b\x9e\x1e\xba\
\xd3\x8d4\xd6<\x84\xa0\xe6\x05\x02\xb2\xb91\x0b\x08~\
\x80'\x80\x06\x8cl\x95\xba\x13\x14\xb6t4\xe6\xd3u\
LS\x15\xda\xf5\x5c\x90\xfeS\xce\x19@pN\xb4 \
\xf1!B\x1cw\x22f\x06\xaa\xea\x82\xa1\xef\x99@\x97\
\xec\x0f\x90Kv\xc0\xba\xaa\x0d\xcf=M3\xacD<\
\x17\x98^f\x0dx.\xfa\xa1g\x90\x9e\xb6\x85sd\
\xd0\xbdww{\xc6\xcc\xaf+F\x1ft\x84\xaemX\
U\xec\x1c\x8e\xc7#\x0e\xaf\xaf,=\xaeV\xb8\xbb\xbb\
\xc3\xdd\xdd\x9d\x84\x99\x15\x86\xbf\xaf\x87\xf3bQZ&\
=P\x85\xa6\xa9\xd1v\x1d\x9a\xbaF\xd3\xb6\xb8\x9c\xcf\
8\x9eN\xb8\x9c\xcfh\xbb\x8e\x13\x0b\xa9\xe9\xc5q2\
\x97\xc5r\x89\xedf\x83\xa2d8\xdd\xf3\xe5\x0c\x00\xa8\
\xab\x0a\xfd\xd0\xd9|k\x08e\x96\xe7\x09\xf2\x9cGQ\
p\xc2\xa3\x87\x87\x078\xe7\xf0\xe3\x0f?\x00\x04\x5c\xce\
g&t\xce\x8f\xec\xa6#g\xd8DkD2\xc7N\
\xe0#\x09\xa90\x912\x7f\xc9\xba%\xb2\x08\x8d\xd4>\
\xae\xfbN\xc7\xcd\x076\xdd(\xd1n\xdb\x16\x1f>|\
\xb0}\xf9\xee\xe1\xc1\xf2#\xb0\x16#Fe\xdc,B\
\xec{Ir\xa5\x0cpQ\xb2\x7f\x89b;4m\x8b\
\xd3\xf1\x88\xb6\xeb\x18\xb0K4\x01\xeaD\xd8u\x1d@\
\x1c!\xa0\x1a\x16\xe7\x98mU\xe64\x8d\xe6\x008r\
\xc0\x13\x9b\xd5\xa8,\x001=\xe5y\x0e\x9f\xe7\xe2\xf7\
#\xe1wPu\xf2x\xbf+\x00\x90jO\xc89\x90\
\xe1t\x8f\xcf\xfe(\x8081\x01`B\xd8fNL\
\x15VT\xb8\xb1a\xbb\xa2~W\xcc?}\x82\xe8}\
V1N'\xa1\x1d\x9f \xa8\x9fCg\xae\xee\xab\xd0\
q\xb3\x0d\xe3:?\x97\x8e\x91\xd5\xfdv\xe10@\xe8\
\x01\xc8\x8f\xcf\xab\x0d\xf4^r1\xccLH\x18?\xff\
S\xcb\x88\xb8\x86\xf1um\xa3\xd9\xab\xd2\xcf\xcf0\x0e\
#\xa7\x88/h\xd7\xe70!_\xda\xcf[\xdc\xdf\xf8\
o\x00\x88\x1b@\xfe\x1a=\xab\x87\x9e\xc6\x9e\xeb2\x22\
$\x09f\x12n\xd1\x9e\x91C\x8f\x9fMUR`)\
\xc1\xa7h{)\xc3\x10\xe7\xe3\x16J#i\xfb\xa4]\
f[\x8f\xcc,\x08N\x0eT\xf1\xf66F\x87\xb9\xdb\
\x94\xeb\x8f\xeb\xd1\xc3{\xe9\xab\x83\xa5\xe5\x0dI\xcc\xf0\
M\xae\x98\xa2Jl:\xc6\xa3h\x0c\x19O\xf5\xa4\x8e\
\xccv\x22Q\xc88d\x19{\xc8+\x12\x5c\xd7\xb2\x8a\
\x1d\x08\xc8\xf3\x1d\xf2Ea\x9a\x95\xdce\xa8\x9bZ\x92\
\xbdD50\xa7\x8be\xcfnu\xfaT\xc9\xa8\xaf{\
\xf6\xfa'`\xbd\x5ca\x7f\xb77\x82r9\x9f\xd14\
\x0d#\xf5\xadV\xecT\xe6\x1cv\xbb\xad \xea\x1d\xd1\
u\xadD#p,\xb9\xdb\xed\x90\x17\x9c\x9b\x1d\xeb5\
\xfbRx\x8f\xcdz\x0d\xbf\xdd\xc29\x87sU\xe1\xd8\
\x1d\x99a\xd1\xcc{\xc2\xc4i\x02\x15%\xac\xce9\x94\
E\x89\xe5j\x89\xfdn\x87\xddn\xc7amM\x83\xae\
\xed\xb0\xd9n\xb1\xddm#`R:\xffD\x86\xa1\x90\
e\x0e\xeb5g1|\xff\xf8\x1e.s\x02d\xe3\x0d\
\x99\xd1\x87(-G$M\x9b\x1cY\x8f2~\x14\xc1\
\x9bl>\x93\xb50\x0e+\x13\x95=\x11(\x88f\x0b\
Q\x95\xea\x88\xcc\xf9\xae\xeb:\xc6\xe1\x872\x09\x0c\x17\
\xfc\xf2\xf2\x02\x979\x9c\xcf'l\xb7;\xecw;,\
WQrg\x86k\xbe\xb0}?&\xb0\x0a`\xaf\xfa\
L\xfcA\x9c\x84\xe3\xb6m\x83\xa6e3N\xe62\x0c\
C\x0f\x22\x1e\xa7\xaa\xae$c!3V\x99\xf8&h\
\x04O\x10\xf3G\x9e\xe5\xb6\x0f\xbc\x0f\xe8\xa5n\xe7\x1c\
2\xbf\x00-\x16<f\x8e\x01\xbf\x00A\xc2\x1c\x06c\
\x02\xe6\xa94\x8c\x98\xc7\xec}\xa9\xc4>\xb3'\x89\xac\
\x1d\xaa\xbeS\x06\xe2\xad\xb3\xfb\x16\xe1Uf}r\xf1\
\xe6\xb8\x7f\xaa\x5ciY'\xc4\xf7\x16\xf9g\x8dS\xa4\
\x91sM\xb8>\xe7\xdd\xe8\xb9\xa0\xdc\x16i\xb4\xd2\x0c\
}\xc55]R\xd3\xce\xe8~\xc2\x9c\xbdUf\xc3\x00\
o\x12;\xbe\xf9f\x857\xdf\x8b\x95k+?\xfd\xde\
[\xdf\xba\xc1\xdd\xa4\x9d\x9e]\x80_P\xde\xaa\xeb\xa7\
\xd4w\xf3;\xa3I\xa2\xa8\xa5Nm\xd6\xd3o\xc9^\
\x0b\x81m\xffi*U\xa8\x8dZ%!r1\x84\xcf\
\xda\xae)ms\x04_ '\x87\xbe\xc7x\x9f'\xcc\
\x86JQ3\x1a\xa8Q\xd3y\x8f\xc7\xf0\xb7\xc8\xcc\xc4\
\xa9\x17\xdf$\x8c\xa4\x8a\xa0j\xc5DVO\x18\x1b\x1e\
\x22\xb69\x03\x00\xb2\x00 C\xdf\x03i\xba\xd3\xf1\x00\
%\xcc_\xd2\xee\xd91%\xfe\xbe\x8e\x93\xd6\x11\xd2\xe7\
\x85QQ\x0c\x03X(\xa4\x07\xc1\xc9O \x17\xbb\xbf\
\xa3\x02\x99\xe3\x94\xc0M\xdb\xa0\xae\xd89P\xc3/3\
qvc\xd3\x0d\x1f\x80M]\xa3\xa9+V\x8d\x97,\
\xa1\xaf\xc5\xd1\xac\xae+\x9c\xcfg\xb4m\x8b\xed\x96\xb1\
\xff\x87\x81q\x14\x14G\xa0k\x1bTu\x85\xbe\xefp\
>\x9f@`\x07\xb6\xf5z\x8d\x5c4\x0e\xab\xd5\xd2\x98\
\xc4\xa6i@Dx\xad\x9e\xf1:\xbc\xa2\xaa*\x14E\
\x8e\xb2\x5cpj[\xf1\xea\xaf\xebzd\x9f^\xaf\xd7\
\xb8\xbb\xbb\xc3~\xbf\xc7r\xb94\xa8Z\xef\x07\xecv\
[\xac\xd7k\xd3\xf2\xa8\xffC\xd7\xf5\x1c\xb6\xd8wh\
[\x0e]\xdcn\xb7xxx\xc0n\xbf\x85\xf7\x01w\
wwfB`\x06`\x80\xf7\x840I\x93\x9d\xe6\xb4\
O\xa7\x9c\xcf\xb2\xf1\xd9\xa2\x8c\x7f\xca\x10\xa4\x0c\xad\x99\
\xda\x923)\xa6\xc4\x1d\x83e\x81\xc0\xeasG\xa8\x9b\
\x1a\x1f>|\xc0\xf1x\xc4~\xbfG\xd7\xb5\xd8\xef\xf7\
I~\x80\x12\x9a\xfev\xae\xa8\xd4\x0dJ\xa4\xf5\x8c\x9d\
\x0e___\x0duR\xc7\xb0\x97\xb0@e\xa2\xb2,\
\xb3\xdc\x0e\x1a\xb1\xd44\x8d\x99\x02\x95\x10i\xb2\x1d\xfb\
\x86#\xf3\xe1\x80#\x8bDP\x02\xe7C\x12\xc3\x9f\x10\
\x97t\xbc\x82\xfc3\x9f\x09\xb6\xf5J4\x87\x8c\xd7$\
j\x8aa\xd4\xc5T@\x89To\x8e\x9d\xc9E\x9bh\
\x99W7\xb9\x97n\xdd\xf4`\xbaEV\xde\xba\x97>\
\xf6\x89#}zf\xd8\xaf\xa9\xb0\xa5\x17?qX*\
C\x94\x0a\x5c\xc1\xce\xa6l\xb4\x1e\xad\xca\x84\xbbH\x85\
\xc10C+\xa6\x11\x14\xd3y\x04L\x03pML\xe7\
\x1eN;wK]?}_\xef\xcf\xa9>\xbe\xb4\xc4\
c\xf9\x8dq\xc5<\xd7\xf4%\xf5\x7f\xce\xd5\xdfk\xd1\
M\x96N\x16\xe63\x02\xa6c\xa9R\xb6:\x02N5\
\x1d)\xc2\xd7\x88\xc9\x13\x06\xc1T\x9e\xb2\x02\x1c&\x92\
\xb4\x12`\xb9\xe6C\xb8~\x06\xb0v3\x03Bv8\
+\xde@JPU\xbdH\x10\xd5\xa4\x1e6J\xf8\x85\
I\xd19V\xae\xda%\x07~\x96E\x18a\x02\xd0\xf7\
\xf3|n<\xf8\xc7\x87{$\xe86\xfc\xf6m\xa7\x12\
&\x7f\x09.M\x8e\x22mSXRs\x84\xcb8\x81\
\x0f{e\xc7\xfc\x07\x84L$M\xc7\xaa\xe9\xc0\xf8\xfb\
eYb%\xb6\x7f\x0d\xbft\x04\x09\xb3\xabA\x08X\
-\x17\xec\xa9_\xe4,\x056\x0c\x95[\xd75\xabj\
W+\xb6\x03\x83\xcd\x10}\xd7!\xcf\xd8F\xcc9\x0d\
:1#4\x968H\xb5\x17\x0c\xff,D\xa5\xefq\
:\x9d\xf0z>\xe0\xb9}F\xdb\xb6X,J,\x97\
\x83D%0F\x81\xc6\xf0\xd7U\x85\xa2(\xb1\xddn\
,\xa9\xd00\xf4\xb8T\x17\x5c\xaa\x0bv\xbb\x1d\xf6\xfb\
=\x1e\x1f\x1fm\xfd\xa9\xf4\xfe\xf4\xf4$\xe1\x90\xbd\x8c\
\x09;\xfdq\xddK[kuS\xe3p8\x08\xa3\xd0\
\xb0\xd9\x81\xd2\xd8}\xdd\x03\xf1TOM\x04@\xc4\x10\
\xe1\xf9M\xef\xa5g\xd3\xd8L\xa5S\xad\x11\x0b\xf1l\
\x16\x7f\x18J\xd7\x14\xff\xaeN\x96\xbd\x98d\x94\x09^\
,Jt]\x8f\xb2\x9caT\xd25\x8a \x0cl@\
^\xb0y\xe4\xf9\xe5\x19\xaf\xaf\xaf\x06X\xb5\x5c.M\
\xa3\xa4\xd2A\xe6\xa2\xf3\x9eb\x06(\xb3\xd04\xb5I\
\x85\xbaOT\xdb\xa0\xc0a\xca \x0c!\xe6\xb3\x18\xbc\
\xc7 \x0e\x92@\x00\xb9\x84\x88\xeb\x98'\x02\xa3\x0a\x11\
\x00gb4\xa6\xc1\xf6\x19\x22\x81\x93\xf3@\x19j\x8e\
\xfe\xd3\x01\x9e0\xe2\xc9\xd9\xa4~Da\x5c\xb5\xed[\
\xe8\xdb\xca\x1f\xd0<=\x8a\x0f\xde\xb8\xf5s\x85\xb9\x99\
\xd7\x95Y\x9b|h\xa4A\x0d!\x5c\xc3\xd1'\x12\xbc\
\xfd=i\xe7\x94\xa6\xde\xd2,\x8fL[3\xcf\xe4Q\
\xfd9\xbeI\xb1\x96Y\xe6iD'\x88\xc6\x93q\xdd\
\x92\x9fEFS\xee\xdd\xd4$\x9f\xf9\xde\xdf\xe5\x92\x8e\
\xab\x1eg\xfcGB\xa0\x92\xf1\x0f\x02p\xc2\xfbJ%\
\xe3`\xffL\xf5\xa3\xef\xea\xa4\xcf\x992D\x85n1\
\xd8\x99\x1cl\xb6\xf8\xe2\xf3Z\x05\xcb&\xc9\xe2Ed\
\x10L\x9d\xa5D4\x81\xece\x1f\x055M\xb0\xc4\x0c\
\x12\x86!D\xdb\xe4tlD.\x8bu\x07\x8f\x10\x08\
\xc1\x93\xd5\x9de\x1cZ6M\xedI \x03\xf7\x00\x90\
D,L\x0e\xa8\xe9wu?\xa8jRs\xa2#2\
\x06\x8e\xa0\x0b\x11\x99c`\xa0\xe5b\xc1\x84y`\xe0\
\x18\x1dc>\xac\x09\xae\x5c\xc0\x11\xa1\xef\x0b\xe4E\x81\
\xc5r!\x078\x8f$\x13\xf1\x96U\xcf+N\xa0\x13\
\x02#\xf6U5{\x87\xd75\xa3\xc6\xad\x96+\xb6\xff\
\xb6-;\xd3\x89\xc3\xa0\xf7\x1e\xb9sX,\x0a\x10\xb1\
\xa3W\x91gX\x94\x05\xca\x22G\x9e)\x13\xc3\x92\x9f\
\xaa\xc4\xeb\xba\xc6\xe5r\xc6\xb99ql~\x93\xa3n\
j\x83\xa8]\x94\x0b\x94\x8b\x12\xbbr\x8b\xbb\xfd\x1e\xbb\
\x1d\x9b\x0d.U\x85\xd3\xe9\x88\xf3\xe5\x8c\xcb\xf9\x8c\xbe\
\xefq\x7f\x7f\x07r\xc0z\xbd\xb2\xdc\xf2\x00\xd8\x9f\xe1\
\x95\xc7\xb4i\x1b\x81I.-\x9b\x9d2u\x9bl\x83\
\xfb\xfb;q8\x14\xbc\x81\xa6\xc1 \x07;k\xbcd\
?\xa8t\x1eB\x02T$\x11\x1c\xc9\x9cNU\xa4F\
\xc0\x00S=\xb3\xf4\xcd\xd7\xf2\x227\x13\x0f9B?\
\xa8M<\x08l\xb0\xee\xdd\x987\xa3ik<?3\
\x83\xd3\xf7\x9c\xdd\xcee\x0e\x9b53J7\xa3\x9b\xc4\
\xb4\xe02\x87\x8c\x08\xe7\xf3\x19\xcf\xcfOxzz\xc2\
\xe5\xcc\xfe\x14\xdb\xed\x0e\x9b\xcdF\xa0\x98Y\x9a\xcf\x16\
\x0e.\x8b\x88\x81e_Z\xe6\xc4\x00/\xc9\xa9x|\
\x06\xcff\x01\x97\x09w2\x04\xdb7y\x9e\xa1\x8f\x9b\
\x9d\xc7\xc5\xfc\x8e\x1c@\xe2H(\xe6\xb6t\xac\xedY\
\x80\xc3\x8e\xc5Dc\xc4F\xea1-Z\x82\xc1Lt\
\x9dKE\x8b\xfaeL\xcf\xef\xd9S?\xad#9\xff\
~\x8a\x80\xf9\xfb/\x09]\xa4d\xdd%D\x9c\x9f\x1a\
\x97\xf8\x0e\x8d\xfe\x1e\xd5|\xa3\x7f\xe9QJ\xca\x19\xd1\
\xb8-\xe9\xd8\x18\x14\xf0\xad\xe1J\xf3\xd8\xbf)\xe9O\
9\x8c\x1bDg\xda\x80\xcf)J\x0c\xa4\x92\x9b\x0b\xe3\
\xd6@~N\xfd\xf6{\x22-~J\xd3\xf0s\xcaT\
\x0a\x1d\xfd\x9e\xaay\x92\x0d\x17\xa6\xe3\xab\x12\xb4$\xd1\
\xa1\x84\xbb\xd4\xc8\x80\x94\x03O\xbf\x9b\x16U\x1f*\xa2\
\x9er\xe5\x91\xb8\x0b\x0b\x12\x08i\x5c\xae\x1e\xb9j#\
\xd6\xc5\x9d\xe2\xf5+\xe1\x8cN\x7f\xe2\xf0\x94,\x09G\
\xb7\x96\x86\xb4\x83\xd20F\xd6\x1e\xb0\xc6\x02\x08\x8e\x90\
g\x0e\x03\x12\x82 \xef\xa6\xdbg\xca\xb6L\xe7!\xfd\
\xb6\xbeg\x87\x5c\xba?\xd2\xcd#\x98\xe6EQ\x88\x8a\
u@Uu\x08\x02\xee\xa31\xf7*\xc1e\xd9\xd2T\
\xad\x99\x8bv\xbe\xbe\x1fL\x9b\xa0Y\xf3\xbc\xe7\x0c\x83\
\x97\xcb\x05\x17\x09\xe7\xd3\xb8{\xef%\xa9Q\xdf\x81\xa1\
<\x82d4d\xc9\xba\xc8s\x86\x93$\xc2j\xb5\xc2\
zw\x8f\xed\xfdW(7\x0f\xc8W{\xe4\xcb=\xb2\
\xc5\x06\x94\xe5\xf8:\xdb\x8aD\xf8\xefs\x0a\xdf\xbeC\
\xd7\xb7\xe8\xfa\x06\xfd\xc0\xc9e\xba\xa1E\xd3\x9f\xe1\xa9\
Ep=\xe0z\x1c\xcf\xafh^^p:\x9f\x18k\
@B\xfd\xfa\xbe\x13g\xc2\x16\xablicu:i\
\x04Ao!\x92\xceq\xf6\xc3\xc5ba\xda G\x84\
\xddn\x8b\xbb\xbb;\x1c%%\xb0FRX\x82 \x22\
f\x22G\xeb/I\x0e\x05`.\xcb[\xfaw\xca\xb4\
\xf2\x9e\x8f\xfb#\xcf3\x9bS\x84\x18.:M\xe0\x12\
\x0f\x1e^Su]KN\x03\xf6\x07a\xe9\xde#\xcb\
\x1d\x16\xe5\xe2\xeaU\x0d\x0bU\x15\xfc0\xf4\xcc\xf4\xd4\
\xb5$~\xea$\x22\xa2\x17\xf5\xbfG\x96\xef\x84\xa1\x16\
\xa8i\x89\xeeH%\xfd<\xcfq>\x9d\x18\x9d\xd2\x0f\
\xe8\x9b\x8e\x19\xcbE\x09\x0d\xab$a\xc0\xa9(P\x96\
\xac5\xca\xb2\xdc\xf2\x0b\x84\xc01\xfdl6\x00<\xcd\
\x98\xd9\x923E\x99\x01uH\x1e\x11\xb9p\x9d\xda=\
(!\x1ci\x00T\x15\xee\xe2\xfc\xd9\xba\x98@\x1b\xcf\
\x1d\x18\x09#\xf3S\xcbO$Q\xf1\x9cM\xea!\x9a\
\xd4\xa3\x0b\x09q\xdc\xc2LL\xff\xf4\xd3o\x11\xfb9\
\xd2::\xf2?1$\xa3d@\xb3\xfd\x1a\xb7\xe4\xa6\
6`\xa4\xf2\xd7gCzA\x9e\xb4\x06\xfd\xb4I\x9a\
2+f\xfa\x99Qq\x8c\x9e\x9b\x9a2RB9s\
@L\xdf\xff}\x96\xb7\xea\xa5d\x11\xeb\xb8\x1a\x16\xc0\
\xd5\xbd\x88T\x07!\xd6\xa9)\x00`\xf3\x80\xaa\xff\xb4\
\x8cly*\xfd\x10\x13wS\xf3i[\x080b*\
\xff\xb3\xda\x13\xbc\x01\xbd\xcd 2\xd1\xe4\x90\x8e\xb39\
\x18R@\xa6a>\x19\xef\xf5\x14\x82s\xba\x9e\x22\x03\
\xc2|\xac\xfa\x17\x04Q\xf7\x22\xf0A=xz[U\
5\xcb)F\x13\x08\x12&\x06\x10\x1bm\x96'`0\
\xe2\xb8\x18\xf8\x9efn\xcb\x5c\xc6\xf1\xf8C\x8f\xbe\x13\
;\xad\xfc'\xab.\x00\x00 \x00IDAT|\xa4\
m\x1b\x8e\x10X\xaf\xb0(\x17\xc8S\x08\xd9\xc0\xe03\
C\xcf\xe1wN\x9c\xbb\xfa\xbeC\xd7v\xa8\xeaJ\xa0\
|\xfb\xe8\xe7\xa0\x87\xbf8P:G\x12~X\x08\xb1\
r\xd8\xbc\xff\x1a\x9b\xf7\x7f\x0f\x0f\xbf\xf8S\xec\xbf\xf9\
S\x14\xcb\x1dn\x95\xc5\xe4\xef<+\xb0\x5c\xdcv^\
\xd3\xd2\x0f->\xdc\x7f\x87\x1f\x9f\xff\x06\xbf\xfb\xf8\x97\
\xf8\xdd\x87\xdf0\xa0\x8f\xa8\x94\x9b\xa6AQr\x8a\xe9\
\xba\xaa\xf1\xe1\xc3\x8f\x9c\x17@0\xec\xb3<3\xc6\xd0\
 o\xa5\x94e\x89\xfd~\x87\xfd~\x87\xb3\x80\x0cy\
?\x98z\x9f%\xdb\x94\xe9T\x94\xc84T\xf6\xf6.\
\x1b\xd3\x8c\x941V'\xcd\xdc\x10\x11-EvP?\
\x0d\xd8\xb7\x22s\xcc\xd7\x00\xa0\xed\xd8\xf7b\xb9d\xf0\
\x9e\xcdf\x8dFT\xf9\x1a\x1a\xe8%f\xbek[\xf4\
}\x87L\x92\xe6\xd4u\x87\xf3\x85\x81\x86\x94A\xf2\xde\
qTH\xdf\x03\xb2\xb7x\xcfg\xe2\xc3#\xce\x8ay\
a\xe3\xaap\xcfUU\xa1\xaaj6\x11\xf8\xc1R]\
\x0fC?N\xe2\xa4\x8c{\xe6\x84\x88\xf3z\x0f! \
\x0b\x10\x0d\x9b\xf8\x10$\xa1}\x0a\xea\x03(.\x00I\
\x1bI\xfa\x19\x84y\xbf\x9e\x0fJ$\x80\xb1D\x9c0\
\x01\x93\x09KO\xfeiT\xcfO)\x13\x9a\x9d~\xea\
\xa7W8\xf95\xaeE\x15f\xc6\xe7\xf0\xf8\x9c\xe3P\
\xd6\xa0\xda\xc7O\xf4q\x8e\xf7\x09\xf6\x1d\xfb\xca\xf8\x9d\
\xd1\x18Z2\xa0\xf1\xf4\xa4R\xf0\x88P\x22!\xc0\x13\
]C\xba\x0d\xa2\xb44\xd3\xe8\xe93?\xa1\x8c\x06\x0d\
\xd7\x03\x09\x00\xcb\xdd\x16\xff\xf9\x7f\xf3_\xfd\x8c\xaf\xfc\
a\xca\xff\xf0_\xff\x13T\x02\xe5\x99\x16S\xc5\xa7\xd7\
\x00\x9bi\x8b\xb17\x095\xaa\xaeu\xcec\xe64\x12\
\xc2\x11\xe7Tf\xd5\xc6\xce9\xf6\x18\x1f0\x8c\x9cw\
x{\x13\x02\xa5\x1b\x15\xf1[\x80\xd9\xfc\xa3\xcd\x91%\
\xab\xff\xe0\xbf\xfc'p\x99\xc6C\x87\xd1\x8f\x94\x93\xfc\
\x94\xa6f\xb4\xb6f\x17\x97\x1eJ\x9f\xa8h\xa6\xfco\
\xff\xe3\x7f\x8b\xd7\x1f\xfe\xd2\xa4B\xdd\xa4\xda\x8f\xa2\xc8\
E\x1d\xcf\xf6\xf2\xb6m\x01\x82\xe0\xb2s\xc8\x96\xde\xeb\
$\x03\x9es\xceT\xcb]\xdb\x8b\x04\xc4\xe3\xcb)`\
cl\xf7\xe0={v\x83%B%6j\xc3\x8f\x09\
\x9eb\xafu\xee\x94\xe1\xf2\x04\xdc}\xf3'\xd8\xfd\xe2\
\x1f\xe0\xe1\xd7\xff\x10\xc5b\xf3\xe5\x03\xf1\x85%\xcfJ\
|\xfb\xee\x8f\xf1\xed\xbb?\xc6\xbf\xfeg\xff\x1e\xfa\xa1\
\xc5\xf7O\x7f\x85\xdf=\xffs\xb8\xacE\xd73\x88Q\
\xd7v8\x9dN8_\xce\xa8\xea\x0a]\xdbI\xa8$\
K\xadUu\xc1\x87\x0f\x1f\xd0\xf7=6\x9b\x8d\xa4P\
\xce\xb0\xd9l\xb0^\xaf\xb1\xde\xac%#\x1f\xfbHD\
-\x00\xa2\xe0\xa2\xf8\xf3\x8e\x85\x0e\x1f\x88-M\xc24\
^=\xaf\x97(\xbd\xc7\xbf\xe49\x13\xff\xff\xec?\xfc\
\xc7X\x14\xcbH\xf0\xa7\x030s\x88M\xcf\xd0\x11\x13\
\xec\x09\xd4N\xeap0\x0e,\x94\x00\xd6\x01\x7f\xff\xa1\
\xc3\xff\xfc\x7f\xfc\xf7\xa8-[bd\xf4IZ\xa2N\
\x95\xec\x91\xe3,\xa6_Mb\xce9\xd6\xaad\x0cS\
\xad\xd8\x0d\xbc\xde\x06\xc9\x1c(\xea\xfa\xae\xc50,\x8d\
\x91\x22\x97\x99d\xae\xc2\x852\xa9\xfd0 \x90 c\
\x08\x13\x16\xc0\x9a\x11'h~j\xf2\xf3!\x00\xe4c\
\x222)^4\x02d\xda\x95\xf1 N\xd9\x056\xf5\
$\x0enr\xed\x1f\xfd\xe9\xaf\xf0_\xfcG\xff\xeet\
V\xfeV\xcb\xff\xf5\x97\xdf\xe1\xbf\xfb\x9f\xfe\xd7\xcf~\
>\x15&\xf4\xefk\x0f\xfe\xa9\xce^\xfc/~\x22\x85\
\x9c\xbe\xf7V=\x04I\x06\xe4@p\xd3\x17oH\xc5\
ic\xaf:\x80\xcf#\xec\xa9\x84\xf79\xa1v\xb7\xea\
H\xdf\x9bnPG\x0e\xe5'`:\xff.\x14\x0d\xc9\
\x9b\x16J\xf57A&R%a\x90\xa9\xcea\x8c\x99\
\x1ep\xf2J\x08\x96\x18h\x9a\x0cD\xc7y\x84\xb0f\
\x8cD\xc2\x9d'm\xb3\xef\x87\x10\x13\xf6$\x92\xf2\xf5\
6&\xe4\x8b\xd5\x9b^\xd0\x7f\x17\x8a\xda\x9em\xecL\
\x22\x94\xee\xfa\x01~P\xe6\x8am\xfe*\xcde\x12\x11\
0\x0c^\x88\xf7\x00FNt\x16j\x07a\x8e41\
\x90\x99f\x00\x00\x8cs\xe0\x88LB\x0b\x81\xbd\xb6\x8b\
<G\x97g\xe8:\xb5i\xf2\x1b\xba^\xbc\xf7\xc8W\
wx\xf7\xf7\xffMl\x7f\xf1\xaf \x7fC\xca\xffC\
\x94<+\xf1\xab\xaf\xfe\x0c\xbf\xfa\xea\xcf\xe0}\x8fs\
\xff\x84\xca\x7f@\xe3?\x22 \xa0\xc8s\xac\xd7k\xb4\
yk\xa6\x11\x84\x80KuA+\x12jQ\xe4\xc8\x0b\
\xf6\x8a_,Jl\xb6\x1b\xcb6\xd8\xb4\x0d\xd0\x0b)\
\xa6h\xe7\x0f\x08\x09n\xbd\x00P\x05\xc9\x22\x18\xe4~\
B<L\xc2tn|\xdeP\xd4\xea\x14E\x8e\x22/\
Q\xe4S\xfd\xc8\xdf^\xd1\xa6\x94y\x8e?\xfb\xa3\x7f\
\x84\xff\xf3\x9f\xfd/\xe2\xb8\xc9Y\xf4\xb2<\xe3T\xd6\
m\x87!\x1b\xd0\xf5\x1d\xfa\xa1\x1fi\xf1\x94\xb8\x0f\xc3\
\x00rd\x0cj\x9eg\x9c\xc3\xa1i\x00\xe1\x9f\x143\
\xc0w-\xfa\xb6\x15\x9f\x80\xa8GV&8\xcb2\x90\
0\xa5yrn(#\xa6)\x82\x01\xce\x068\xd5 \
\x920\xc8#\x812\x11\x8f\xd3{S\x81\x07\x88\xe7\xfc\
T\xe8\xfb\x8f\xff\xad\x7f\x88U\x92\x85\xf2\x0fQ\x16e\
L!\xfeY\x12\xfa\x1c2$\x8dv\xbf\xfe\x92\xfc\xa0\
\xeb\x88\x87\x992\x0d\x95N\xdb4\xf7S\x9f\x9d\xbe\x97\
;\xe7(Jp\x9f/E\xc59\xa4/z\xc7\xe6\x1a\
\x22I*\xc7\xf7\x05\x0c\xcf\x1c\xa3\xa0\x9a\x80\xff\xbf\x15\
\x91\xdd\xaf\xaf\x8f\x16|\xa2\xfe7\x0eY\x9d\x91\x12\xbb\
;]\xbf\xcfR\xa2\x9b\x1d{-\xde{\x84\xa1\x07$\
\x93\x9d\xbe\x7f\xdd\xaa`\x8euQ\xb55\xc1\xf0\x17;\
\xfd\xcf\xd3\xa5\xfd\xe1\x0a\x81\x04\x8f\x7f\xd2\xde\xc0\xc4y\
\x90\xc3N\xc7S\xc1|\x14\x8b@=\xc0\xbb\xb6\x85\x1f\
\x06D\xafr\x91\xa0\x90a\xb9\xe0\x98\xffB\xc2\xb1B\
\x08\x9c\x1b\xc0\x8b\xff\x83#\xf4\xbd\xe7<\x01\xc4\xa4M\
\xa3$\x1c\x0b\x8f\xb6W\x88\x80\xddW\x7f\x84\x7f\xe9\xdf\
\xfeO\xf0\xee\xef\xfdk\x7f\xe8\xe1\xfa\xac\xe2\x5c\x8e]\
\xf95v\xf8\x1a\x8f\x8b\x06\x1f\x8a\xff\x17\xdf\x87\xbf@\
\x96gh\x9a\xc2<\xd6\x99i\x0a\x06k\x1b=o8\
\x0co\xbb\xddb\xb9\x5c\x88\xc4\x1b\xc1r\x00\x062\xba\
Za!$\xe1\x81\xec\xe4\x98b\x85\x8c\x0em\x1e\xd0\
\x84\xb1f\xa4\xc6\xb2,\xd8<\xf1\x13%\xb0\xdfG\xf9\
\x93\xaf\xff!\xfe\xd9o\xfew\x10\x11\x86\xa1G!\xc9\
\xa78w@\xcf\x1a\x0e\x90\x8d\x0b\xe7\x0d\xe0\x18~f\
\x18\x9cI\xf8.c'A\xc5\x19\xe8\xfb\xde\xc2O\x15\
}R\xc3\x0d\xfd\x10\x05\x82X\x9f\x10v\xe7\xe4=\x12\
\xdf\x037\xda\x17\xec$\xa9\xf9\x1b\xa4#* \xaa\xd0\
\x912d!\xd1\xd0\xe8\x99c,Z\xd4LZ\xa1\x08\
\xfe\xf5/\xff\xf2+\xfc\xf17\x8f\x7f\xfb\x13qU(\
\xf6)Y7\xb3OR\xfa\xbc\x0aY\xee\x8aF]\xab\
\xdf\xf9\xc7-J\x96Fm\xe9\xd8\xc6:\xd5y\xd2\x8d\
\xda\xa8N\xd8\xfc\xc4X#\x11\xc3\x00\x93\x83}\x8e\xbb\
\x185b\xc2\xfd|\xea\x9d\xd1\xf3ir\x87\x11\x03\xfe\
\xd3\xa4\x7f\xedH\x0cw\xf8\xf2\xfa\xfe\x85\x96\x1b\xeb(\
\x91\xff\x01 A\x7fV\xa9;J\xf2L\xe4\xc7\xf3\x01\
\x9dS\xb1+\x19\x9b\x11U\x04\x89\xfa\xdf\x19\xa8\x0d\xfc\
\xbc\xf3\x94\x85Y\x99\x84L\x93g\xe2\xfc\xb3fb>\
\xaf\xf6\xdf\xb5\xa2axVl3\xb1=Y\xfdY\xd8\
\x97\x22gojq\xe0\xeb\xfb\x01^\x9c\xef\xfc\xc0\xa1\
\x5cH\xf6\x12(0\x1coY\x9a\xd3\x9f\xd9P\x01D\
8XN\xacdY \xbd\xa8\xfd\x09\xc8\x1c\xc1;\x02\
y\xe0\xdd/\xff\x0c\x7f\xf6\xef\xfc\xa7x\xfc\xf5\xbf\xfa\
\x07\x1b\x9f\x9f[2Z\xe0\x9b\xf5?\xc0\xbb\xe5\x1f\xe3\
w\xaf\xff\x0c\xdf=\xff\x05\xce\x97\x16u}A\xd7q\
R\xa5\xe5r\x81\xd5j\x89\xa2\xccG\x07\xe4j\xbd\xc4\
j\xbd\xc2~\xbfC\x08\x1e\xa7\xf3\x09\xa1\x15[\xbf\x0b\
\xc6\xfc2G\x0bA\xcb$\xd1\x10\xb8\xd1\xe1\x1a\x04x\
f\xbc\xd7\x948\xc9:v\x92mp\x04I\xfd\x87/\
E\xbe\xc4?\xf8\x93\x7f\x03\x7f\xf3\xf4\x7f\xc3\x0f\x9e\xd7\
\x9cH\xce\x1a\xc6\x97g\xb9\xa1\x01*8P.\xe6*\
F\x88l\x93\x90\xbf\x22\xd9\xe7\xbc~\xd5A0\xe4\x9a\
\xfb\x80Q\x0d\x15\xd3\x9f\xb1\x00\xf4p\x8a~\x16DN\
\x9c|3\x10\x89\xb3\xa3\x99+EC\xa0*~\x10 \
\xcc\x02\x00\x89b2j\xcf\xf5:\x16\x18\xa2\xf5_\xae\
'\xe3\xff\xffq\xf7f\xbf\x92\x1dg\x9e\xd8\xef\x8b8\
'3\xef\xbdU\xac\x85U$\xab\x8a,R\xdcDI\
\xd4\xd2ZZkO\xab7\xb7\x1b\xfd\xe0\x99\x86\x1f\xfc\
b?\x0c0\x06\x0c\xc30\xe0\xbf\xc4\xcf\x06\x0c\x8c1\
\xe81\xfc`c\x8c\x06\xa6\xedFw\x8f[-\xb5D\
i\xd4\xad]\x94(\x8a{\x91\xac\xbd\xea.\x99y\xce\
\x89\x08?|\xdf\x17\xcb\xc9\x93y\xf3\xe6\xbdEI\x13\
\xe4\xad\xcc<K\x9c\x888\x11\xf1\xfd\xbe\xddP\xdag\
B\x08\xf8\xa3\xdf\xfa\xc8\x03\x1c\xfd\xd5\xa5/\xd6_\xe7\
\xba\x10S\xf1\xa2\x9c\x80\x01\xfd\x09)\xc75x\xd6\x80\
}ZnL\xa9{\xb2\x8eo.e\xe9\xab\xe8i\x80\
A\x16\x00\x10\x11El_\x9e\x9b9='\xb5\xb5w\
\x1eXMp\x8bsz\xef\x02\xc6Y\xdf\x1ac\xe1Y\
\x01\x11\xe5d\xd2\xa5\xdf\x88\xb22\x11S\xc1\x8d\xf76\
\xa5\x08\xf0\xf4\xfeD\x80\x8b\x8d\x11\xac\x0a\x08\x22\x1e\xa5\
\xacn\xce\x1f_\xc3\x1bu\xdd+C\xad\x0e\x8f\xa1N\
\xca\xcc2_\xdbL\xbap\x7fs$1A\xfe\x1b\x12\
c\x11\xd2\xa6\xa9\xe9\x80U\x7f\xaf\x1c\xacs^\xd2\x9a\
\xeap\x87\xb8\x80\xd9\x8f\xbf\x8e\x09v\xba\xb6\x8d\xb6\x05\
A\xf5\xaam\x0b\x00\x12\x1d\xb0\x8a\xaey\x9a\xe8\xc9Z\
\x8bj\xb2\x83\xe7\xbf\xf4gx\xec\xb9\xcf~\x80#s\
\xb2\xa56\x13<q\xee\x13\xb8x\xea\x19\xfc\xe8\xb5\xaf\
\xe3\xd6\xcd\x9f\xc2{\x8f\xed\xed-\x8c\xc6cl\xefl\
\xb3\xadE6w*kqjg\x07\xf7\xb6&\xd8\xdf\
\xdfc\x1b\x15\xcb\xa0\xcbR\xda\xf4\x22qR\xc2A\x04\
\xb2\xc4\xb9\x12\xa4.\xb5a\xe9\x87\xc5\x05\xc4B\x9d$\
GC\xd7b\xe4>X\xd1\xf2P\xb9z\xf1c\x98\x85\
[Q_\x1f\x00\x89\xef\xd0\xa1\xaa\xaa\x98\x05P7v\
\x1f\x1c\x8cg.\xbd\xaa*V+I\xb0 \x8dU\xc1\
\x89\x8b\x0c\x8c\xb5888`\x90`\xb3\xd8\xfc \xf8\
\x00x\xc7@\xca\xf9\x16\x01\x90\xf4\xc5\x88j\xc7 \x84\
\xcbH\xc6\xc8\x10\xbc|\xd7\xbd\xa3$>a\x81\x80$\
b\xa4D\xf1\xb0\xed\x9a\x1fIx\xfc\xc2Y\xbc\xf0\xc4\
\xa3'4\xcaG,2\xb7V^\xb2\xc0\x18\x09>\x1d\
 \xe6\xcb\xeaJ\x02\x94a\xb0\x91\x99\xb5\x14\xf5\xe4\xbf\
\x8b\xbb\xf26\xf5\x80A2\x02\xa4\x85\xeb\xd7\xff\x1d\x1f\
\xd7\xb7\xe8\xc4\x22]\xcf\xffYE'\xf2s\x0bc0\
 F\xe9\xb5k\x99\xdb\xed\xaf[Y\xae\x02\xe0\xb3\xfa\
o\xfe;\x9e\x0f\xf9\xa6\xb6\x1a\x94)\x97CQ\x1d\xc0\
Fiu]\xa3C\x00(\x89T\x07U,\xd9B\xce\
\x96qv\xdedR\x8b\xdf\x1c\x00`\x80hp\xa9\x85\
@Q\x94l\x0d\xeb_+[\x09\xfa\x0eL\xf4]\x17\
\xad\xa2\xf5\xd5(\xb02\xc4\xaed\x93\xc98&\x88\x09\
\xde#\x18\xb9P\x00G\xd7\xb6h\xdb&\xdaPh.\
x\xf5u\xafl\x85G^\xfc<\xae~\xfa?G5\
\x9a\x0c\xb4\xfe7\xafL\xea\x1d|\xf6\xf9?\xc6\xc5\x87\
\xae\xe2\xfb\xbf\xfc\x1aFc\x8e\xb7\xcfV\xf7\x8b\x9b\xc5\
\xd6\xd6\x16\xaa\xcaF\x9d3\xe7\xb9P\xdf\xf4\xa0\xbbk\
\x04\x0eAT'\xe9\x9cTE\x09\xd0\xf1\x85\x1a\xdc\xc7\
Do\x045Pk\xbb\xf6W>\x85Gv\x1bgw\
.c\xaf\xb9\xce*\xa6\xae\x8d\xf6#A\xd24kd\
\xc0  \xbf\x934\xc2\xaa\xa6\x1aU\xa3H\xdcA$\
\xa9\x98kl\x8b\xfd\xc3\xd4\x18\xb8)\xbb\x9e\xaa\xb4 \
\xee\xa5b\xc3\xd2\x8a\x17D\xc1\xc5g\x12W\xfdS\x02\
\xad\xc4'\x0e\xbdf\x09\x0c\x8b\xb4!\xe7\x88\x97\x05\xaa\
)\xee\x03\xf0\x87\x9f\xfa\xf0\x83\x19\xf0\xb5\x8a\x10\xca%\
*N\x0e\x226\x90\xff!\x8a\x12SL\x13\xef\xfb\x13\
,\xc4K\x13\xc1^\xac&?\xbe\xa0\x04\xcb\xef#\xea\
\xd3\xfa\xc1{\x92\x1b\xe0b\xb3\xf9\xc6\x95GC\xef3\
\x11\xf5\xc8\x1d\xd2\xd0}\xfa\xf3(\xab\xec\x08\x12\x81%\
\xc7~\x1d\x8b\x15\x83\xb1\xbe\x9d\xf1\x82\xc1\x86\xce\xb9>\
\x81\x0f\xba\x11\xaan\x8d \xcc~\x12E\xcb\xb5j\x8c\
\xc6\x92\xb9\x14\xa6U\x8f\xfb|s\x95\x09\x1b\x17k\xd1\
\xbc\xfeb\xe5\xd6\xf6c[\xff&\x14\x05\xbfIr\xa4\
 )EQc\x1a\xe3\x10DG\xea\x9dc\xf0\x05\xd5\
#\x03\x10\xee\x93Db\xc0\x99\xf8\xea\x18p%n\x00\
\xe0\x8d\xa2\xf1\x1d\x1aI\xe6\xc2\xee^\x9e\xaf\xaf,\x10\
\x08[\xa7\x1f\xc6\xd5\xcf\xff\x97\xd8:w\xe9D\xfa\x19\
\xbc\xc3\xfc\xfe{\x98\xdd\xbf\x89\xe9\xdd\xeb\x98\xde\xbf\x81\
f\xff\x0e^i\xae\xf2\x05\x93)\xe8\xf4mTU\x0d\
k*t-[y\x9f\xda:\x8bS\x93\xb38\xb5u\
\x06\x0f\xed<\x8c\x0bg/\xc3\x9a\xe1LwG)O\
>\xf6\x11\x5c\xba\xf0!\xbcq\xf3\xfb\x08\xf5>\xbb\xa5\
\x0dHa\xc6\x13\x0eu{\xea\xf4)v\x87\x13\xc37\
\x00j0\x0d@\xe7\xb7\xf4U\xf4\xfb\xaanQ\x9b\x00\
\xd6\x89\x9bhO\x00d\x80+\x12\x19/\x95\xfe\xeaA\
\xec\x85\xed\x0f\xe1\xfe\xfc=\x146Z\x08\x92\xfa\x17\xc2\
\xd93\x17\xde\xb8\x06]\xdb\xc18#\x9e\x0cu\x8ae\
\x00\xc4\xf9\xe5\xacG\x08Ut\x174m\x80=\xbd\x85\
\xa6i0\x1a\x8d\xd0\x9a*{\x0dY\xaa^\x9f\xf4\xfd\
\xbc6x\x9d\xb0\x9a@,\xfa\xa31p\xe2\x5c\xbd\x06\
\xfc)\xde-\xefW\x8c\x83\xf3w\x84\xf2\x9a\xac\x1e\x00\
\xb8\xf0\xd0\x0e>\xf5\xa1+'8\xc2G,\xb2\xbe\x01\
D\x09lqZ\xf6\x8dh|W\xf4-\xbf\x81\x16\xf6\
\xc9\xc4\xf5\xe7\x8f+c\xf9\xafd\xc4\xfb\xd3\x95\x16\x9a\
7x\xac2\xc6\x90!,x\x01\xac,\x91\xfe\x0f\xdc\
\x93\xa1\xeex\xe1\xd2\xaa3)@~\xdf\xb2\xef\x03u\
-#\xf4\xbf)tH\xad\xd0\xf3\x92\xd0u~l\xf1\
\xde\x5c\xa4\x19\xc3\xf0\x12R\x5c\xea\xc0\xc1\xb8t!E\
\xa0'\xfa\xd2|aZc\x10,q\xf4\xaf\x10T\x92\
]\xbe\xe2\xb0\xf85r\xbf\xaaB\x10j\xaai~\x7f\
\xfd\x0b\x15\xa1\x92\xad\xb8\xf0\x15\xc6M\xc1\xa3\xebDW\
\x19R\x9aU IftS\xac*\x0e\x09<\xaa\xac\
\xe8.S\x06EK\x84\x91\x84\xe4\x9d\xcf:x\xc7\x7f\
\x1c\xc0-\xa0\xa3\x00\xa2\x1ag\xaf|\x04\x8f\x7f\xee_\
\xc0\xd6\xc7\xe3\xfa\xc3\xfc\x1e\xba\xbboaz\xeb-\x1c\
\xdcz\x03\x07\xfb{\x98N\xa7p.\x85\x83\xa5\xeaI\
lmm\xc1\xee\x18\x1c\xd8;h\xbb9P{xb\
\x1b\x84\xa9\xbb\x85{w\xde\xc3\xc1\xb5\x03\xb8\xce\x81`\
p\xfe\xa1K\xb8\xf4\xf0Sx\xe2\xd1\xe7q\xf6\xd4\x85\
\x8d\xdb7\xaa&x\xee\xb1\xcfc\xdf\xdd\xc0\xdc\xbc7\
8[\xea\xba\xc2\xf66\xa7M\x8e\x91\x13s\xb0\x16J\
\x86\xcc9\x9f\xd4\x00\xba\x86\x88`\xa9\x8c\x85\xcf\x02\x82\
L\xfdFjX\x05\xf1\x5c\xf9\xd5\xef \x93\xea4\xb6\
\xaas\xd8onF\xb5\x13\x1bP\xfa(\xe9\xa8D\x87\
\xafY\x0aU\xa9\xe5\xbdC\xe7(\x1a4\x92!\xf1\xf1\
g`TU\x1c\x80\x89NYT\x07;\x92\x03b\x84\
\x8a\xea\x18\xfc'r\xbb\x10\x9b\x005\x10\xb4\x96\xd78\
\x14*)\x106\xa5$\x8d\x00C\x0cPH\xa44\xfc\
\xae\xc4\x90pe\xef\x17\xcf\xfe\xc1'\x9f\x1f\x94\x12|\
P\x85A\xa6\xd1\x1f\x0b%#\xd5Q\xba\x91KJ\x86\
T!y\xdd\xcb\x9e\xb9N\x19\x0c\x86>tk\xb6v\
\xc4\xb3Cu\xc6\x87=\xa2\xcf\xf5/y\x00\x94\x02-\
kI\x0f:\x15\x8cdvn\xe1\xf8\xe2\x0dCm\xd6\
\x01k\xf6\xf6\xf1\xbf\xff\x0f\xff\xd3 \xe1L-Y<\
\xf9\xcf\xfe\xd5\xbf\xc4\x13\x9f\xfc\xf8\xf2\x9b\x96\x94\xb7\xfe\
\xe9\xfb\xf8\xe6\xff\xf6\xe7Y\xdbJ\x17\xc9>\xd2\xcd\xbd\
.L\xb6Y\x85\x0c\x15\xe7\xf5\xa8\x08\xbf\xec+\x00\x01\
\x01\x9a\x0aX\x83\xf5\x12!\xea\x9bu\x10r\x01\x82\x8a\
C5\xc8\x8d\xd6oB\x90(]z\xdb\xe2 kt\
\xaf\xbc!\xd4\xfb\x0b\x01\xf8\xbb\xff\xe5\x7f,\xfa\x1ck\
\x13k\xe2X_&\xe9x\xe6\x8b\x7f\x86+/\xfe\xee\
\xa1\xe3\xdd/\xbb\xd7_\xc7\xf7\xff\xe2\x7f\x96M\xd2/\
\x1a\xbc\xe8\xf3\x07`qeS\xcc\xfe$\xc6\xa4\xc26\
 \x04/\x9b`\xe6\xd2\x14\xeb\xe3\xf1\xb2\xc6b<\x1a\
akk\xc2\x06\x83F%#\x80\xa9,\xea\x8a\x03\x07\
i\x1aW\xef\xba\x08\xb6:\xb08\xf7\xf2'\xfe\x08\x97\
_\xfc=\x0c\x8d\xfbZ\xc5;\xf8{o\xc2\xdf\xfe\x05\
\xdc\xc1Mtm\x0b\xd74\xf0\xae\x15\x95C+}b\
\x22\xa7\x11\x04C\xd7!Xu\xe3\x02\xaa\xdaFQr\
\x08\x01c7\x82\xb3\x1d\x9c\xf7\xb8\xb5\xfb6\xde\xbf\xfd\
:\xbe\xfb\xf2\xdf\xe0\xd1\xf3W\xf1\xe1\xab\x9f\xc6\x93\x97\
>\x9a\x125\x1d\xb1\xec\xd8\x8b\x18\xbb\x1d\xec\xd9\xd7\xe1\
\xd1\x96oG\x92\xd5\x10QL\xa2\xa46\x17\xfa\x02\x82\
\x8a\xa8C\x8a\xd6g\x8c\x81\x970\xb6F\xed_\x82F\
^S\x83X\x08\xe1\xca\xe6\xa7\x01\x8c%\xfc?\xdf\xfd\
_qj\xe7\x14\xaa\xaa\xc2\xfd\xfb\xf7q\xfd\xc6u\xb8\
\xcea<\x19c{{\x9b]\xec\xc4\xab\xa3m\x1a\xec\
\xee\xedaz0\xc5\x1f\x7f\xe1\xbf\xc6\xe3\x8f<\xb3\xd1\
8\x0c\x95\x0b[O\xe1\xce\xfe5t\x8e\x83Aq\x00\
\x1e0\xf7,\x12:k\x0dF\xe3\x1a*\x05\xd4\xe0U\
,\xed\x90$?\x9a!Q\xc64\x80\xfb9\x1a\x8f`\
wv0\x1e\x8fq\x17;p\xa1\x8esB\xdd\x84\xbd\
\xf70\x12\x86\x1b\xd0\xf5\x9c\x5c\xf84\xe3c\x0e\x18\xf8\
:5\x1cL\x5cq\xbaD\xf7\x9dEk\xb0~\x09!\
\xe0\xcc\xce\x16~\xfb\xb9\xab'2\xa6\xdf}\xf5m\xfc\
\x9b\xbf\xfb\xc7C\xaf\x1b\x94N\x0c\xed\xc1+J\xb1\xf7\
\xad\xa8gU\x1b\xfa\xb4d\xe8w\xfey\x987\x5c\xde\
\x8e,\x14\xf0\x12n\x1e\xe81r\xeb4|\x80\xc0\xe7\
R\x81\xa5\x84{\x08V\xc9J\xcf'\xd7\x8a\xc1+p\
C\x0f\xd8\xf4#\xe0%\xc3\xc7<)\xceq\x8a\xd4)\
\xf5h\xbd\x85\x18G\xda\xaf\x9c8\x90\x03\x00\xd5\xd3e\
\xd7\x86R7\xdf\x7f\xf9\xd2\xb1\x18\x19U\x81\x84r7\
Vt\x80\x9azW\x1e\x9f\x92\x08\x19\x03\xe79\xa9\x0c\
\xbb\x9ce\x9b\xa3,\xf8\xbe\xd7\x87\x12\xc6\x01\xa3R\xe8\
\x1d\x05\x0e\xd4qW\xbf\xd8\x08h\xd2\x8d:)\x17\xdc\
\xf1\x8eP\x92Nr\xe0\xa4\xb0\x89\xf9\xe4W\x9d\x9d\x06\
/\x91\x96\xcb\xe5IB\x12%%b\xe0\x94\xd7\x9f\x02\
\x1f1\xa1\x9aL\xc6\xccY\xf5\x1aQY\x8b\xd1\x98\xb3\
\xf7\xcdg3\xcc\xe7\xb3\x98\xcc\x87\x1bo\xf1\xe1\xdf\xff\
\x978\xff\xc4G7\xea{\xf0\x0e\xcd\xfb?A\xb8\xf9\
\x13P\xe82w.\x1e\x0f\xd7uh\xdb\x06]3\x87\
\xcb\xf4\xbd\xf7\xdc=\xccf3\x8c\xd1\x01\x86#\xd0\xf9\
\xc6a4b\xf7\xbb\xa6\x99\x8b_9\x10\x5c>.\x1e\
>x\x5c\xbb\xf9\x1a\xae\xdd|\x0d\xe3\xfa/\xf1\x99\x17\
~\x0f/<\xf9\xd9\x8d\xb8\xb4*l\xe3\xa1\xee9\xec\
\xd9\xd7\xd0\xd1Aq\x8e\x0c\x13\xaa\xc9\xd6\x04\xf3f\x0e\
\xe7\x99\x0b.\xfa\x1f\xf7\x06\xc4O\xa3\xeeP\xd91U\
\x85\xe5\xf1\x01x\xae\x07\x19/\x06=\x95\xb8\xcfy\xcf\
\x86\x81\x95\xb5\xd8\xde\xde\xc6\xa9S\x1c\xac\x08 \xb8\xae\
\xc3tz\x80\x83\x83)\xa6\xd3iL\xf9|\x92\xe5\xf4\
\xe4\x22\xc6\xe6\x14:\xdc\x85\xadLL\xd0\xa3F\x8c:\
okSg\xf3P\x13\x07\xf5\xf6\x8a\x10`\x89U-\
\xe4d\xbd\xf81\xe8\xd4)\x00\xc0C\xe1!xg\xd0\
\xb5ls\xe0\x1c\xc7\x1d\xe8\xc4m\xb3(DQJ\x10\
Dr\x92\xd6u\xb2\x0bH\x8bE\xc4\xe3\x01\xd0\xe8\x80\
Q\xbd0@\xe4\xa4\xb9\xb1\xbe\xaf~\xeci\xc9\xb2y\
\x12e\x09\xad)\x9f\x1e\x81\xce`\x0d:u\x0e\x99\xeb\
}\x9a3H\x9bWVAq_\x1f\xba)\x1d\xce\xe9\
\xea\x0a\xfaX\x9cR/\x80e\xb7l:\x97\x87\x08i\
N\xf1\x8eBf7@M|\xe9\xe2\xb5Chl\xc1\
js\x83\xcd\x0b\xd0)%D$K\x9c\xc1\x07\xfa\xa6\
\x17\x01\x1a\xa6/\x1e\xcf\xc4\xf1E\xdbs\xd0\xd3\xd3\xa5\
E\x9d[\x068\xb4\x1d\x91\x9c\x09\xe1\xe2=.\xc4\xb6\
Q\xff9P\x97\xc0\x1c\xb8h\xdf\x08\xa5\x80\x8bs\x7f\
\x0f#\xcd\xa0\xf4\xbf\xc4\x81\xd98\xe7\xd2\x8c\xa5\x08y\
\x83\xc2\xbe\xf3\x00Li\x00\x930$e\xcf\x958\xf0\
\x994B9*\xbd)'\xfc}\xcf\x08\x8e\x1d`a\
l\x0a\x17\x5c\x8fjlM8\x91O\x09\xe4\x08\xf5\x88\
\x8d\x01\xdb\xb6\xc1l>\x83\x93\xd8\xffD\x80\xa9'\xf8\
\xd8\x7f\xf6\xdf\xe2\xcc\xa5g7\xea\xf7\xc1\xf5Wp\xf0\
\xc6\xb7`\xddT\xbc\x0e\xd8\xa0\x8e\xed\x15<\x9af\x8e\
\xd9l*1\xe6\x9b\x22\xac\xf0\xfd\xe9}\xb6W\xf0-\
j\xdc\xe7Hr\xc2\xf9s{\xdb\xf8\xa7\xc6\x8fj\x8d\
\x9e\xdb\x87\xec\xb5\xf7\xf0\xb5\x7f\xfaw\xf8\xd1\xab\xdf\xc2\
\x97?\xf9\xa7\xb8|\xe1\xe9#\xf7\xc3\xa0\xc6i\xf7,\
v\xcd\xebh\xe9~<^\xd75&\x93\x09\xee\xdf\xbf\
\x075hS\xdd\xbd\x8a\xf4\xd1\x9b\xa3\xd2\xbd\xac\x84\x02\
\x5c\xa6\xcd=\x19\x03r\xeac\x8e\x04h\xac\x91\xc8\x8f\
s\x18C8w\xfe\x9c$\xe3a\x0ey:\x9d\xe2\xe0\
\xe0\x00\xd3\xe9\x94c\xf6K\xfc\xff\x07Q.\x9dy\x01\
\xbf\xbc\xf5m1\xe8\xd3\x1c\x08\x1a\x9a:D.\x9f\xd3\
7\x97R\x98\xb4\x0d\x05tB\xc4\x83\x0f\x80\x13\x95\x97\
\xb5\xa8\xc7\x0c\xf6\xea0\xc2\xd8W\xa8k\x8f\x91\x04\x1d\
\xb2\x15\xdb\x16\xc4|\x04\x99\xf1\x1a\x83AnN\xee\x8b\
.\xc3-\xef\xc6\x88t\xc6\xc7\xf6\xe8\x0eE\xc4\xae\x87\
\xba7-r\xb6\xfc\xb95\xaa\xf1\xa5\x17\x9e:\xd11\
]\xd8k\x16\xa6\xcf \x97*\xf7\x1e\x05\x88\x84\xf8o\
X\x07w\x14\x8f\xcb\xb9\xa8\xc1\xa6dm\xca\xce-.\
\x85\xa5\xdd\xa9\x00\xd00\xd7\xd4\xaf\x85\x16\xce\xae,z\
\xc1\xb2A=\xde^\xbfFIb\xe5\xf4\xcc\xd5}\x08\
\x03\xc7\xd6.\x94\xc5\xec\x07b\xdc\xfb\xfe\x08\xb2\x08/\
\x19\xdb\x95\xad\xcd\xab\x13\xa2\x94\x13\xa4\xec\x5c$\xf6\x99\
\xf4@\x9a\x91\xeat\x1e.\xa4{\xd4\xceC\x89\x9a\x8a\
\xf9\xf4\xbeD\xb4U\xbb\xa7\xc7E\xdf\x17\xd2u!k\
c\xea\x1fE=\x1fr\xceK6 \x05\x12}yS\
\xaa\xe6x\x11\xbe\x0d\x11H|\xa6\x8b\x91W\x00\xb0T\
\xc2\xa4\xae\x80\xdcd\xb5\x06\x07\x82\xd8*\x85\xe8\x8b\xac\
\x84B\xd3\xb1Vu%q\xd9\x8d\x18^\x89\xf85\xa4\
\xb16\x12D\xa5m[\xcc\xa6S\xb4M\x03\x0e\xdeB\
\xa8\xc6\xdb\xf8\xd8\x1f\xffw8u\xf1\xe8\xe2M\xdf5\
\xb8\xf5\xe3\xff\x17\xdd\xed_r\xea\xde\xaa\x929\xe6\xc5\
G\xbc\xc5|>\xc7\xde\xde\x1e\xf6vw1\x9f\xcf$\
\x81P*\xf3\xf9\x1cM\xd3\xa0\xb1s\x8c&\xfb\xa9\x1f\
U\x85\xad\xad\xd4\x07\xe7\x5c\x0cz\xd4\xb9\xae\xb0\x83\xc8\
\x87\xf2\xd6\xbdw\xf1\xef\xff\xe1_\xe3S\x1f\xfe\x0a>\
\xfd\xfc\x1f\xc0\xd0\xd1\xd4\x02\x04\x83\xd3\xfe)\xec\x9a_\
\xa2\xa5]\x16?[\x83\xaabWJ#.\xab.N\
\xc2\xc4\xe9\xab~Y\x99!2\x04\xcd\xb5\xc2\x97&\x09\
Z\xf4\x16\x90{\xac\xe5\xd4\xc4[\x93-\x8c\xc6#\x80\
\x80\xaek\xe1\x83\xc7\x8e\x88\xc8\x15\x10M\xa7S\xec\xee\
\xee\xe2`\xcav\x11\x0a\xf6\x96f\xfc;f9\xbfs\
\x05\xef\xde?\x8di{?\x93\x02\xaa\xff\xb7\x07o5\
\xc9\x0f\xa2?\xa2Jt\x8d\xb4\xdf9\x17\xc7\xb2\xaa+\
\xd4]\xcd\xc6\xa8`\xd7>c\x0d*p~\x01\xdbT\
p\xa3.&\xacR;\x03\xe7<\x02\x89\xb7\x95\x1f\xe0\
\xde\xe5\xd3G\xe6\xa7Op\xf5\xa8\x89w\xe8Z\xe9\xd7\
\xf5\x95\x17\x9e\xc2\xa4>\xbe\xe1i6$\xc3\x8c\xde!\
\xaf/\xcf8Y\x9e\xa0\x85\xbd~\xf8\xb1\x946\xd1C\
\xc4\xf4Z\xef2;\xf9\x94\xdd\xb4w\x5c\x8ei\xb4\xd6\
>\xcb\xdd'\xc7\x1c\x09P\x09HvV'\xd9\xc6\xe5\
\x90{\x97\x09\xdb\x97\xebn7\xe7\xcc\xb3\xca\xb5\xb2\xc1\
k\x8e\xbb|\x87^F\xff7\x01\xd1\x98&\xde7\xd0\
\xb7\xa1qX\xd0\xa5C\xe7r:\x1e\xbcp::!\
\xf3X\xdc\x99\xa8[[@\xc4\x8b\xbe2\x06]\xf0\xf0\
.d@(@u\x8dy'\xa2\xce~\xa1\xdd!\xdd\
\x97\x01\x07]\xdc\x919\x08\xe9\x09Q\xfe\xa4R\xa3\x0d\
_\x82\x8a\xe0c#\xf3V\x85\x5c\x9c\x97q\xf6|#\
T\x9d\xc1\x898\xc0\x06K\xde\xc3\xcb1U\x11p4\
4&\x14\xec\xe3_\xc1X\x1b\x17\x9a\xb5\x86\xc3\x03\x8b\
a\xa7\x0f\xec\x9aE\x08p]\x8b\xf9l\x8a\xf9l\x0a\
\xd7\xb5@\xf0\x18m\x9f\xc1\xc7\xfe\xe4\xbf\xc7\xf6\x06\x96\
\xfe\xb3\xbb\xef\xe1\xdd\xef\xfe\x9f\xa8\xfc\x94\xb3\x0d\xc6w\
\xcb\xcfl\x9a\x06\xf3\xf9\x1c\x07\xd3\x03\xec\xef\xefs\xa2\
\x1e\xef#\x17\x9c\xba\x1f_\x0aB\xf0p\x8e\x81\xcf\xfe\
\xc1>\xc8\xb0+\xa2\xad\x0cF\xa1F\x00\xc7< \x9f\
\x01\xa5\x01\xa9\x9e\xf3\x0e?|\xf5\x9b\xb8\xbb\xff>\xbe\
\xfc\xe2?\xc7\xd6\xe8ha\x8a\x19\x04<\x8d\xfb\xf4\x0b\
\xecw\xb7\x18,\x13[\xbc\xd7\xa3\x8a\xad\xe0=\xc4\xdb\
\x85\x12\xc7\x93&\xb5|\x09Y\xc2\xaa\xecTH\xfb\x0f\
\xe7h\xa8P\x8fF\xd8\x9aL0\x99L\x18\xd4\x91\x81\
\xad86\x03\xbb\xc4\xb1*\xe0`\xff\x00\xbb{{\x98\
\xcd\xa6,\x16'\x81\xb3\x84B\xb2u\xd2\xe5\xd1\xd3\xcf\
\xe2\x177^*\x8e\x05\xe1\xb2!\xa9\x9f\xbb\xae\x81\x8f\
\x998-\xd4\xd8\x0e\xa0h?\xa0\xe2\xfcQ\xcdi\xa9\
G~\x04\xd3Xt]\x072\x16&\x88dRbP\
Xk\xd1\xb6-\xea\x11\x83\xc0\xba\xae\xc5-\xb1\x83\x91\
\x08\x82F\xec\x04\x826*g\x84\xfaR\xcb\xfe\xdek\
\xca\x94\xc1\x9a\x0aX\x01]e\x0d\xfe\xd9G?t\xc2\
\xa3I\xc3\x00`\x8d\xfb\x92\x9b_\xdc\xcd\xe5T\xdaG\
\x0aii\xef9\xda\xcf\xb5I\xeb\x92v.k}\x9f\
\x96\xe5\xd7)\x08\xceK\xa5\x83n@\x0bF\xfd\xc7\x17\
\xc9\xa6\x07\x0f\x1d\x1f\xbc''f\x1b\xde\x17\xef\x0fa\
i\x1fN|\x99f{a\xac{\x0d\xa4w\xd8\x18\xe7\
uQ\xfc\x94MM\x08\xa9Q\x96'r\xba\x88\x04O\
7\xa5\xbe\xaa\xc7\x12o|\x14\xd1k\xc88u,L\
\xe4\x055F\xd1\x9e4\x04\xaa\x07\xcc\xfb\x1f\x8a\xb9\x95\
\xc4\xc6\xfa\xec\xd8\xe6c\xbc\x15\xd5}\xeac\xe5h\xb6\
\x09\xf2\xef\x22b\xa2\xba2I\x84>\x1f\xbc\x18\x10z\
\x11w;\x04\x93\xd2\xacZ[\xc5d1j\x00\xa6}\
A\x08\xa8\xf4Z1\xc0\x0aY\x1a[\xce\x8a7\x8d\xa2\
s[\x8d\xf0\x91?\xfaW\x1b\x11\xff\xdd\xf7~\x81\xb7\
\xbf\xf9o1\xaa-\xaa\xed-\xf6\x5c \xc4\x5c\xf4\xca\
\xf9\xcf\x1b\x16\xdfV\xd6bk2\x86\xf7j\xe0%\x5c\
k\x08\xa2\xcf\x06L\xc5A\x8a\xd4\xc8\xb1i\xe688\
\xa0(\xf6\xaeG\xb5DA4\x98\xcf\x99\x93\x84se\
\xc0\xc7\xe2\x1d\x07\xdc\xde}\x0f/\xbd\xf2\xef\xf0\xb9\xe7\
\xfe\x14;\xa3\xf3G\xea#\xc1\xe0\xa1\xf0,\x9a\xd0`\
\xea\xaf\xc7z5`\x12D\xc5\x11#\xfc\x81\x00\xa3k\
^\xc1\xa7Hq\x88\x80\xd0\xb7\xaf\xa1\x98,g2\x99\
`<\x1e\xa7\xbeF\xf7\xb9\x94\xde\x983\xebM1\x9f\
\xcf\xd1\xb6\xad$\xe0\x19\x9a\xaf\x0fF\x0d\xf0\xf0\xceU\
\xbcv\xe3{h\xdc\x014\xf8\x11\xbf\xf3\x14\xaaZ\x8d\
\x1du\x0c\xac5Q\xcf\xae\xf3\x9aH\xa2_Jha\
\x03\x1e\x83\x10\x02\x8c3\xa0\x90B\x0a\x87\x10`@\xa8\
\x8d\x81\xeb\xba()q\xce\xa3j\x1bQ'\xf1\xf3;\
\xcd\x94)C\xa0\xdfC.\x82\x01\x0a\x95A\xb4=#\
V\x070\x98\x11\xd5\x9c\x5c\xff\x85\xe7\x1e\xc7\xa9\xc9\x08\
']\x86\xc4\xf8\x0b\xf4\x22r\xd9\xb2\xdff\xb1\xfd\x95\
\x98\x06 \xc5\x9c\xc8\xa4-\x83\xf2\x80BB\xa5@\xbc\
|\xe6\x82*da\x8a\x95$}\x9d~,\xc6oI\
\xa5'\x018\xfa\xe4\xcd\x1b\xbb\x94\x98\xf5\xea\x1d2\xf8\
\x18\xd4\xd9\x17U,\x17\x0f/%\xf2k\x01\x98>F\
\xda\xac\x90r\x00H\x08v\x81h\xae\xd5\xbe\x1eB\xa6\
>\x08(\xd55L\xac\xbd\x84>\x95#=\xb5\x00\x00\
\x99|\xe8\xbd\x0b\x99l\xcc\xea\x22\xc5\x00X\x9c0\xf9\
]\xb9\xbaa\xc1^\x81R\x90\x0b\xca\xc6\x85\xb9\x90\xf2\
\xd9\x11\xf9\x07\x82Z\x05\x1fG\xec\xa4\xe3\xdf_\xb8I\
\xdcH\xd1\xa7Z\x0d\xa6\x18\x10X\xe6\xa6\x108\x1ez\
H\xd6\xcf\xc1\x07\xd1\xf3\xab^\x9c\x89;\x80\xb8\xf1V\
U%\x9c\xb2MI\x7f\xbc\x18^\x06\x0f\xd7q\x9e\xf7\
\xa6m\xa2\xe1\xdf\xf3_\xfdop\xea\xe2\x93G\xee\xe3\
\xfdw\x7f\x8e\xb7\xbe\xf1\xe7\x18\x8f+\x8cG\xb5\x04\xbd\
\xf1\xe8<\xb7\xbbkYo=o\x1a\x06%\x95\xc5\xa8\
\xe6\xa46\xce{\xc9W\xef\x84#\x04\x1e\x9e<\xcca\
ak\x0f\xaa\xf7\xe1}\x80\xe6\x9ao\x9a\xb9\xbc\xa9\x80\
\xd1h\x84\xd1h\x94\xbd{\xe2$>\xceeLP\x9a\
\x17\x0c\xa2:\xec\x1d\xdc\xc7\x0f\xdf\xfek|\xe2\xea\x1f\
a\xbb:w\xb4\xf7\x09\x83\x87\xab\x17p\x80]\x10\xdd\
\xc3x<\x8ej+\x15\xc7\xe7~\xe6\xf1-\xc7\xf7\xaf\
\x85'\xbfz)XI\xae3\xaaGL\xfc'c\x8c\
F#L\xc6cI\xb1\xcb\xd7M\xa7S\xec\xee\xed\xe2\
`\x7f_\xd2\xea\xb6\xb26\xd2\x86\xaf\xfd\x05t\xea>\
\x18\x09\x00\x91\xc1\xa53\x1f\xc6/o|G\x9e\xc5y\
;\x9cs\xf0!\xa0\xb2)\x8c2[\xf9\x0b\x102\x88\
\xc4_m?X:\xe5\xd0u@%\xef\xd6Z\x8bj\
V\x03\x9d\x11.U,\xf8\x8d\x87\x09\x16TS\xcc\xec\
\xa9\x81\x81\xaa\x9a\x09s\xd7\xb5h\x9a6\x82[\x06\xa2\
\x92,(*\xbe\xb3\x98\x02Y),\x8d\x843\xd6L\
\xa7\x86\x08_\xfd\xe8S\x0fb0\xcbHq}i\x18\
\xd2\xef\xf2P\x92h\xc6z\x9203\xfb$a\xce\x12\
S\xd4?\xafu\x94\x0co\x00\xc9\x1c\x8d\xc1\xc9\xfa\xfb\
\xe1*\x9a&\xf7\x0c\xf5c\xd9\xbeZ\xc5v\xadA\xac\
\x06\xc5\xf3\xd9}\xfd\xfbKw\xa9\x84x\x06\xef\xd1\x0e\
/{\xfeb\x83\x06\xcf\xf7\x05\x92a\xe0\x9a^+\x8b\
\x81>\xce\xf2\xcd\xc5W}\xeex\xa8\xe4\xc6g\xf9\xef\
~\x83KC\xb9\xec\xb4r\xe9A\x7f(\xa7O\xf9\xed\
Q\xe7\x19B\x89\x16sk\xdd\xe4\x97\x9b8r\xf9\x15\
9\x8ax\x0fd\x83(\xae\x93\xc5\x9dK\x00\xa4m\x8a\
Rc<\xfc\xde8\xf0\x9cp\xe9\xfbF%\x80\x1d\xea\
\x89\xdd\xbdB\x80\xcf\xc6\x95\x88b\x80\xa4\x98\x81q\xd0\
\xae\xc2\xc0\xc2\xc4\x8d\x9e\x88\x03\xfbh\x1fb\xe8S\x01\
\x11u]a4\x1aG\xa39m\xbfs]\x96\x0a5\
pZ_\x11\xc1_\xfd\xdc?\xc7\xf9\xa7>y\xe4\x1e\
\xee\xbe\xf7\x0b\xbc\xfe\xb5\x7f\x8d\xf1\xa8\xc6\xa8\xceC\x13\
s\xee\x80\xb6\xed0\x9f\xcf1\x9b\xcdX\xa4+\xe0\x84\
\x0d\xb1\xc4U\xd4\x10\xaa\xda\x02\xb00D8c\xcf\xb0\
\x0d\x80qp\x93}8\xe7\xa3\x98\xd8{\x8f\xf9|\x1e\
\xd7\xac\x99\xb0zc4\xaa#\xf8k\x05\x04\xf8P\xce\
\x1b\x1f\x02\xab!\x9a9\xe6\xed\x0c\xaf\xdd}\x09\xcf\x9c\
\xfb\x22&\xf6\xcc\x91\xfalP\xe1\xf2\xf6'\xb17\xbd\
\x8b\xba\xae\xc4\xe5m\xc4\x92\x96\xca\xc2k\x22\x1b\x01.\
Nlo\xf8\x9d\xda\x98\xd2V\x93\xd9h\x18\xdd\xaa\xae\
1\xaak\x8e4(\x01\x9b\xd4cF\xa5'{{{\
\xd8\xbd\x7f\x1f\x8d\xa6e\xd6y\xc6\x95\xa7F2\xc5\xc4\
\x11\x04\xbb\x1b\x95Kg\x9f\xc3\x1b\xb7\xbe\x8f\xb6\x9b\xc5\
\x98\x06>\x84,58b\x7f\x81\xe4\xbb\xafy*x\
\xads\x1b\x15\xe0\xd6\xc4 \xb6\xaekT\xae\x86\x09\x1c\
r\x98\x00Tu\xcd\xb9.\x5c\x07k*X\xcb \x12\
\x00Fb8HDp\xaeF]\xb3m\x88\xeb\x1c\x9a\
\xb6\x851]L6\xa4\x12F\xf2\xdc\x1e\xb5W\xc8\x19\
\xc7\x9c\xc9\xd1\xf2\x89\xab\x8f\xe1\xfc\xa9\x93\xcf\xe8\xca\x90\
Dv\xbb\x8c\x18\x0f\xd2\x9f\xde1U_\xf2X\xe6\xdc\
YI{\x82\xee\x93\xf1\x19\xab\xeb\x05zD?qN\
\xab\xef\xcd\xf7Ku\xf9\xce\x11\xe9!LpEB]\
\xd6\x11E\xaf\xad\xbb\x18 \xa6\x09\xfc,\x01\x12\xbd\xeb\
W\x11\x82Um\xed\x9fY\xfc\xbd\xc6\xa0nP\xe2\xdd\
\xb2\x01\x11\x16\x9f\xbdX\x04\xb1\x85\xf2\xf9\x0bm\xcc\xdf\
\xa3~\x97\x09\xa6I\x81\xd4\x95P\x8fG\x11\xe1\x02\x18\
\xa1x\xbf\xc6\xb7wm\xa3r\xecb1\x0eIvb\
2 \x83\x98i\x8d\x17yl^\xf9\xde\xf3\x05\x86\xb4\
\xd8\xa3\x8e\xf0\xd01:B\x89\xa2\xaf\x10\xd7\x11?\x93\
\xdbk\x85\x10Zc\xb3\xbe\xe9\xad\x1c\xadO\xe3\xef\xc7\
>k{\xa5~N\x84bP\x0b!\xb1B`\x15\x18\
(\x00#\xadS\x9fO,\x92}\xf4\x85/\xe3\xb1\x8f\
\xfd\xde\x91\xbb\xd6\xee\xdf\xc6[\xdf\xfcsX\x83\xe8\xe6\
\xa5\xf9\x1b \xe2p\x05\x02\xca}\x87\x10\xd0J\xd48\
\x95~h\xeacN0c0\xa3\x19\x00\xa0\x1aW\xb0\
\xe3\x11B\x00\xc7\x0b\xe8\xda\xe8E\xd0v\x0d\xa8a\xce\
R\x13\x22\xd5T\xf3\xef\xca`>o8\x0c-\xd4~\
D\xe6\xa0\xd8C \x04\xf8\xd0\xe2\xdd\xd9\xf7q}\xd0\
_\xb0\x00\x00 \x00IDATu\xfb\x0b\xb0t4\
\x91nm\xb6\xf1\xe4\xd9\xcf\xe2\xd6\xed\xbf\x84\xf3.\x1a\
*V5G\xad\xf3.\xa5\xc1\x8d\xe2yc0Rq\
\xbee\xdb\x8dzTc2\xd9\x92h\x98\xecI0\xaa\
G\x1c\xc7^\xee\x9d\xcf\xe7\xd8?\xd8\xc7\xc1\xc1\x01f\
\xb3\x99\xb8\xf6A\x0c\x11+X[\x01\x81\xc3\x05\xbb\x8e\
\x8d\xe9\xa2\x84\xe9\x01G\xc2\xb4\xa6\xc2\x95s\x1f\xc1/\
\xaf\x7f7.2+\x12)\x0d\xebm\xac\xba\xdb1\xb1\
u\x9e\xe3Wh\xa8_+`\x01!\xe5C\xf0\x9e\xc3\
\x07\x931,\xb2\xcf\xd7\xbb\xa4\x03\xf6\xd9~L\xc6\xc0\
\x02\x11tY[\x81\xc8\xc2\xfa\x0a\xaer0\xd6FI\
\x8d\xba \xebg\x0e\xd6r/\x92\x82q\x93\xe7\xff\xde\
G\x8f.![\xab\xe8\x86\x10\xe9wr\x0b]\x10\x9d\
g\x0cU\xd6\xb4tM^m\xd6\x09\xd2\x93\xf9\xf7C\
JT\x93\x16\x5c\xde\x00P@\x16%\x96R\x14YB\
O\x8d\x7fH=@f\x03\xb0\xce\xbc]{n\xe7D\
d\xe0\xfe\x1cH\x10\x86\xc7\xe6$t\xf7}i@<\
\xaa\x0bv\xe0\xc5\x1ek\xfd\x16\xc0'\x1f|,\x9f\x00\
\x83b\xc3\x15\xb6\x0b\xda\xce\x80Hl\x0ce1\xbc\xa1\
\xfd\x0a*\x91O\x93$\xc8\xbc\x97\x89\xae\xc6j\x9a\xde\
\x96\x08E\x02\x95\xd8\xb2|bG\xa2\xb3\xf8\x8e\x97\x03\
\xdd\xc5\xd9\xa0\x9b\x14\xf5^\xd2\xa6\xe3\xaf\x005\xbf\x9f\
\x93\xba%\xc2\x17\xa3\xdfQ\xca\xa0\x85l\xac\x8c\xd1\xa4\
?\xcc\xf1\xeb\x06\x1ad\x03\xd4\xfb\xaaJ\xc7\x8b\x80h\
\x00%\xe3-AV\xbc\xe7(\x7f\x00#\x11k\x08[\
\x17\x9f\xc4\xe3\x9f\xfb\x17G\xee[p-\xde\xfd\xce\xff\
\x01rM4\xccR\xe2\xaf\x06\xa5\xb5\x84\x1e\xde\xd9\xde\
\xc6\xbc\x99c\x7fo\x1fS\xb19p\x99~6J:\
\xe4\xefns\x97\xfb\x14\xa6\xa8\xb6\x9a(\x1e7\x96\x04\
@t\x12}\x8e\xd5\x18\xe3\xf1\x18UU\xcb8T\xa8\
*\x06Ksbqt\xae\xbbTq\xb0\x17\xf1s\xd3\
\x1d\xe0z\xf3C<6\xfe\xf4r \xbe\xa4\x9c\xaa/\
\xe2\xe9G>\x8d\x7f\xbc\xf77 \x0a\xb0\x12Q\xd1{\
\x8fP\x19\x00u\xe4\xde\xad\xb5\x18\x8d8\xc3\xa0\x1a\x86\
r{k\x8c\xc7\xac\xc6\xe8$\xfd\xad\xf3\x1d:\xc7\x22\
\xec\xe9t\x8a\xfd\x83}\xf6\xd4h\xbbh-\x0fpN\
\x82\xf3\xe7\xcf\xe1\xc2\x85\x0b\xf0\xde\xe3\xed\xb7\xdf\xc6\x9d\
;w\xa0z\xdd5\x98-\x00b\xa7\xe1Z\x8c6\x8c\
\xf2x\xe5\xdc\x0bx\xfd\xc6\xf7\x10\xe0$f\x81z\x9f\
\x8c\xe2\x9af\xc9L\x87.H\x1f\x82\x07\xcb\xc3\xb2\x5c\
\x08\x04X\x10\x0c\x0c\x8c7h\x9a\x06mS\xc3{\x8a\
\xc9\x91\x9a\xb6ML\x05\x11\xbcc\x83Bc\xd9V\x84\
%\x02\xfc\x9e5H\x93\xad<lU\xc59\x97b\x16\
\xb0\x1d\x82\x1a#*X\xcb\xc1\x80\xf7\x89\x94}\xf4\xca\
\xc3\xb8t\xf6\xd4\xca\xb1\xd8\x9d58\xbd\xa9}\x00e\
4&2M\xb4t\xbf\x02\x96H\xd1C\xc6\xe4d\xcc\
\xbb\xda:\xe4\xcf;\xbcIJ(r\x82\xb1\xb0\xcbf\
\xd7\x96w\x0e=(\xbf{\x91\xca K\x07|x\xfb\
\x12g\xb3\x84\x9a\x15\xc8\xa4G\x06\xcb`8=\xaep\
\x8dz\x0e\xfb=T\xd1P\x9f\x0e\x1b\xa8c\x95\x90\x11\
\xff\xbe\xff\xc6\xa1\x0fX\x84\x96\xe5d\xecm0\x191\
VP\xaf\xf7i\x9cm\xbeG\xb8\x12\x05\x03AE\xe0\
\x02\x1e\x04\x00\x18\x82\x0a\xf1\x0b\xa0\xa6#\x9d\xd6J\x7f\
\x82\x02\x14\xcd\xaf\x179\xef\xd4\xa8\xa1.\xd3\x09\x0d\xbc\
>!D\xf1b\xb4/\x00D\x0f)\xc7\xbc\xb8:e\
 \xd4\x1aN\xa5j\xc5\x9d\xcf{&\x0c^D\xdb\xc9\
\x15\x93\xdb\xacA\x95T\x17\xad\x5c\x8b!\xe2\x8ch\xde\
s\x04>\xe7$\xc5/\x1b\xfd=\xfe\xc5\xff\x0aG\xf3\
!\xe6r\xf3\x07\x7f\x01\xb7{\x1du\xc5Y\xd9\xe0\x1d\
X{\xc7\xed\xaa\xaa\x0a[[[QG\xdf4\x0dK\
(\xac\xc5\xc1\xf4\x00\xf3\xf9\x5c\xb8p\xbf\x90\x84d:\
\x9d\x02\x00j;C\xbd=e]\xb0\x88\xc8+\x91\x84\
t\x1d\xf7\xb9s\x0e\x98s \xa1\xcaZ\x11\xad[!\
\xaa\x88.f\xce'u\x92\xf3,Bn\xdb\x16\xb6\xaa\
\xb0;\xbf\x89*\xfc\x0c\x17'GOi\xfc\xf8\xb9\x17\
\xf1\xc6C/\xe3\xce\xde\xbb\x09x\xcc\xbb8\xf6\xd6Z\
\x8c\xc7\xe3\xf8\xa7\xc6m]\xd7\xc1y\xc7\x11\x18%\xa9\
\x8e\x93X\x06j\xc8\xd6u\x1df\xb3\x99\xd85d>\
\xeb:\x975\xfd6\x11[\x82\x13\xe1\xdc\xb9s\xd8\xde\
\xde\xc6t:\xc5\xdd{w\x99@\x1e2\x9f}p\xf8\
\xe9\x9b/\xe1\x93\xcf\xfc\xee\x91\xfb\x0f\x00\xb5\x1d\xe3\xca\
\xf9\x17\xf0\xce\x9d\x9fDc>\x96D\xd9b\xce\x83\x10\
\xc5\xf7\x0a\xf64\xadpT\x1b@\xd2&\x07b\xcb\xfe\
\xb6\x85\x0f5\xea\x9a\xe7Y\x0c9,v\x11\xd1\x09\x8e\
\x08\x10IAe\x0c?\x837$\x98\xc0\x86\xb5\xc6Z\
\x11*\xa6\xf5\xe3D\x1d\xe1\x83\x974\xc7\x9c\xd1\xb0\x13\
\xf5\x18\x19]g\x01_}a5\xf7\xff\xfa\xcd{8\
hZ|\xf4\xf2\x86\xa1\xa8\xa3\x04\x80\x12\xc3\x9aKa\
\x09\x0b\x19\xcd\x89\x92$0I}\xa8\xa7J\x1c \xfe\
G(Yx\xbab/^\xe2L\xd9\xbb\x17\xf1\x9au\
%\xabU\xce9\xae\xd3<\xbd\xb6\xd0\xe9g\xe7\xa9w\
-\xf4\xda\xa2E\x87\xf9{\x87\xe2\x19}\xbc\x93\x8e\x0c\
#\xb5A\xb8\xb3p\xffP}\xc7,q,6\x11l\
\x87\x856\xa8A\xdb\x90m\x00Kn\x10G\xa1x\x8b\
!d5\x84\x0cL\xe4\x92\x85$\xf27\x12FU\x09\
x|\xb7\x22\x0d\x88t\xba'\x22Kr\xffPb\xd6\
\x02\x93ec\x91\x9f\x18\xb09\x09\xbdK\x8eTdS\
O?K8C]\x17\xa5\x00\xd6\xbb\xe8\xbbo$\x03\
\x9f\x11\xa3'\xe6\x985\xd0\x0d\xb2\xf1 \x89\xdf\xa0.\
\x82\x1c4\x89\x0d\x02\xd3&@\x08\x92&\xb8\xe3MN\
6\x97\x8b/\xfe1\xc6\xa7/\x1e\xb9[\x07\xef\xfd\x0c\
\x07\xd7~\xc4 \xcd0\xe7\x1a\x82\xe7\x1c\x02\x22\x8dP\
\x9b\x00\x02\xbb\x83\x19\x22loM\xa0j\x1d\x04\x8fy\
\xf0 \xaf\x86\x98\x8b\xf3\xd3\x8b\x11a\xe8B\xca\x13!\
\xb9\xe5\xab\xbab\xe3H\x11\xe5\xb6m\x83\xe09\x06\x82\
\x05\x13\xc7\xba\xaey\xa8[\x00\x9d\xc0Fy\x97\x9dd\
\xae\xf3\xde\xc1y\x83;\xcd\x1b8]?\x86\x89={\
\xe4\xf1\xf8\xd4S\x7f\x88\xbf\xfd\xc1\xbf\x81\x0f\x1e\x95a\
\x15V\xe7:\xd8\x8a#\x05\x8eG\xe3\xf8\xdcy3\xc7\
|\xc6q\x0e\xda\xb6e#L\xefK\x91t\xf4\x88\x90\
\xfc\x182>*N\xd5\xf9>\x9f\xcdp\xfd\xfau\xdc\
\xbe}\x1b\x00\xd0v-.=v\x09\xe7\xcf\x9f\xc7\x9d\
\xbbwp\x7f\xf7~\xd4\x0f\x1fV~\xf2\xc6\xb7\xf0\xe2\
S_\x82\xb5\x9b\xa5\x1d\xbe\xfa\xf0\x8b\xb8v\xefe\xa8\
\xf4V\x01\x8d.B\x07d\x92\x1f\xc7\xc0\xd6\x9ah\x03\
B18\x08\x92\xd4\x92\x08^\xc0\xbe\x13\x0f\x07u\xd1\
\x83\xcc\x7f5~\xf5!\x80\xa2\x14\x8a\x09h\x8a\x9da\
\x10L\x80A\x02\xba\xaa\xf7'c\xd0\x01\x08\x0e\xecZ\
\xaa\x12\x1c\xbdN\xdar\xf5\xe1\x87\xf0\xa1\x8b\xabmE\
\xfe\xc3O\xdf\xc4\x17\x9e\xb9\xbc\xd1\xf8\x81\x92\x94\xa3\xa4\
3\xa9\xa8G\x02P2\x9b\x04 h\x02\x8a\xac\xbe>\
\xa36l/\x87\xc5\xe9\xd1\x97\x80\x86\xdew9\xb74\
o^v\x8e\x06\x8ee\x87\x86n\xcd\xd2\x01\x1f\x95\x00\
JC\xd7\xba/\x0c\x0f\xf2\xaaRr\xeaC\xe2\x10\x1a\
\xbcz\xe8\xe7\xca\xe7\xd0\xf0\xf7MJ\xa2\xadG\xaf(\
\xa7\xcb\x8bc\xd5\x97\x9ed/=Sg\x90\xb0\xf1,\
JK\xc6Ay5\xde{6\x80\xed\x018C\xbc\xe1\
\xa9\xf3\x0e\x81\x00C=\xbd\x96\xa2^\xa9.\xe8B\x89\
\x97\x0cN\xf2! \x93\x02Yh\xcc\xfd\x1c\xc8lR\
\x02\x82DD\xe3q(\xf3\x01\x84@\x08\xa4~\xba\xea\
\xae'\x9b\x97\xf3@h\xa3\xae\xd4u]4vJ\xaa\
\x83\x14\x85-F\x8e#\xd5\xa9'\xce \x04\xb1\xcc\x16\
k\x7f\x22`\xeb\xe238\xf7\xec\x17\x8e\xdc#\xdf\xcd\
q\xfd{\xff7(\x04\x18\xcb\xd2\x05\xab\x5c( \xed\
`\x11w\xdb4b\x00\x87(\x8e\xdd\xd9\xde\xe2q\x11\
V\xa6\x93@>\xbe\xd8\xbb\xa8\xf8\x0c\x02`\xda\x96\x81\
\x80J\x04\x8cM\xde\x0fy\xa0\xa1P\x05\xd9LE\xcc\
.y\x15\x94\x8bV\xee\xbb\x8c`I\xb8\xd1\xfe\x14\x8f\
\xdb/\x1cy\xdf\xd9\x99\x9c\xc5\x0b\x8f\x7f\x01?y\xfb\
\x1b\xc0\x08\xa8jN\x10\xb4%\x09\x83\x88\x0c\xe6\xf3y\
T\x7f(!\xec\xbaN\xde\xab\x8bm\xf3\x99\xc1\xa0\x8e\
A N\xde$x8J\x8a|\xf0\x80\x07\xba\xb9F\
p$\xdc\xb9{\x07\xb3\xf9\x14\xb3\xd9,I\x83\x0e\xed\
\x0e\xa1u3\xbc\xf2\xce?\xe1\x85\xab\xbf}\xa4\xbek\
\x19W;x\xe4\xf4\xd3\xb8\xbe\xfbj\x5ct\xde\xbb\xe8\
\xa3\xee\x84\xf3W\xb7\xc7\xceu\xa8\xa9\x02$\xaf\x83\xda\
Qp\xec\x08\x83\xda\xb0{\xa8m+\x907\x9c,\xca\
\xb2:,1\xfd\x14c^ [\x1b\x04\xc0V\x15\xc8\
\xf9D({qNBFH\xc9\x18\x18\xe7\x22 \x18\
\x03\xa8:v_UW\xc2\xdf\xff\xc8\xea\xa0X\xef\xdf\
;\xc0\xcb\xef\xde\xd9\x18\x00h_\x90\xedgA_8\
\x1f\x89\x0cSI\xe7\xd3\xfc\x8f}[*\xdc\x1c`N\
\x07\xe6F\x9f\xe9\xc9\x7f\xf7\xbf\xa7\xba\x17\xebXl\xc0\
P\x9b\xb2{\xe4\xa6\x15\xc9\x80r\xc2\xbb\xe2\x09K&\
\xfc\xd0\xc3J\x13\xc2\xfe\x00\xe9\xf3\x96a\x95U\xbf\x8f\
Q\x94\xe0\x0a\x81:*P)[\x95\xfa4,!Y\
uo\xfaR\xb4 G\x84\xcc\xfa\xf3w\xd2\x94\x9c\xbc\
a\xa9\x94%\xf7\xaf-\x0d\xfar\x90\x11d\xa3\x0f\x91\
\x13\x82I\xd2\x9d\xd8\x87\xf2@\x8f\xb3\xe7\xc4*}\xf0\
\x18\xb0\xdc~!\x1f\x97b\xe3\xcf_\xfb1^\xad\xaa\
CX\xba\xc0\x15\xf9\x90\x89\xe9\x03G\xf4\xb3B\xfcY\
\x1c*I~25\x81\x91P\xc2\xae\x13\x0bs\x89\x03\
`$\xa4\xa9\x95lh\x80\x07\x82f@\x0bQ\x94\xac\
be\x8e.7\xc1\x85O\xfe\x17\x1bu\xec\xdd\xef\xfd\
{\x1c\xdc\xbb\x89\xc9d\xcc.\x86\x967\x5c\xe5b\xad\
\x88r\x83\xf7\x98\xce\xe7\x98\xcf\xe7 \xa2\xe8\xd7n\xad\
\xc5\xd6d\x12=\x10f\xfa\xae\xc5\x05\x90\xc7,\xcd\xa7\
\x1c\xd8yx\x041\x04\xd4\x1c\xf3\x9a\xee\x94\xed\x10\x92\
{Y\xd7\xb9\x04\x94F#T\xc1G\xe2K\x04\x11\xd7\
s\xdd\x1an7\x98\x06\xf7\xba7p\xb6z\xea\xc8\xe3\
\xf2\xec\xa5\xcf\xe2\xfd\xfb\xafao~+f\xb5\xd3\x00\
5\xac\xb2`\xdf\xfd\xb6\xed\x04\x0c\x19\x10\xb1mG\xd7\
9X\xcb\x86h\xceuq\x0d\x00\xba\xe1\xea hV\
AD \x87\xec3\x84\x80\xdd\xdd\xfb\xd8\xdb\xdb\x05@\
\xd16d\x9d\xfd\x83\x08\xf8\xd1\xeb\xff\x80\x0f?\xf1\xd9\
\x8dTB\x00p\xf5\xfc\xc7\xf1\xfe\xfd_0\x18S\xb1\
;Q4\x02U\x22\xa5\x86w\x00\x03\xaf\x14>Yr\
\x1e\x98\x0a58\x03\xa0\x9dW0\x9dA\xa0\x00uw\
\xcd\xf71\xefC\xcc*\xa8\xe3\xc5\x86\x85\x06!\xb0\xe7\
\x801$\xa2\xfe\xa4Fq\x02\xc6y\xcf\xb2,-\xf0\
\x1e\xc6X\xd45\x81\x0c\x07T\x0a\xd4\xe1\x91\xed\x11^\
\xb8\xb4:f\xc4\xff\xf7\xb3\xb7\xd8\xb2~\xd3\xbd\x9aR\
\x1f\x0a\x95rN\xab\x0d\x89\x0a c\x22zu\xe8\xc7\
\xf2-\xfep\x89P\xbf\x0b\xf9\x1a\xcc\xa7\xc6a]\xcd\
\xef[\xe7a*\xa5X*\x01P\xc3\x96M\xcbp{\
\xcb\x06\x00@\xca0U~_]\xf7\x92@\x0b\xd0:\
\xcbg\x1cVWv\xe7\xe17,}hz\xb0r\xb2\
\xabb\x17\xacn\xc7b\xdd}\xee\x82P\x02\x96 \x86\
h\xf91\x16\xff\xd3\xe0\xf5|\x93\xf8O\x13_\xab\x99\
\xeb\xd6!V!S\xe3\x94\xe84=o\xb1\x93\x8b\xe7\
\xe2\xa6{\x9c\xc9&\xa5/\xf1H`\x88\x1fm\x0c%\
\x82\x00\xd6\xc7\xaa\xbf~l\xb7\x12{i\x13s\x8e\xbc\
\x89\xaa\x8bUe+t\xa6E\xdbZ\x09\xc2\xc3\xcf\xe5\
hl]$D\xb6\xaep\xe6\xd9\xaf\xc0N\x8e\x16\x09\
\x0f\x00\x9a\xbd\xdb\xb8\xf9\xf2\xd7X\xec\xdf\xda\xe8\xbef\
\x0c\xa5\xf8\xef\xa8\x85\xdb\xee0\x9bqlz\x80\x7f\x03\
\x01[[\xcc\x15+\x87\xa8^\x02]\x07\xf8\x9ccS\
\xa9\x82D\x90\xd4O\x10\x10\x82C'j\x81\x18\x0d\x11\
V\x22\xe5\x99\x18@\x89S\xccJ\xe6>\xb0\xbaB\x17\
\x82\x97\xd4\xd0$\xda\x12\xce\xf0g\xb1\xef\xdf\xc6C\xb8\
\x02\x83\xa3\x89\xc2\x89\x08\xbf\xf5\xf4\x1f\xe2\xbbo\xfe\x85\
\xccY&|\xfa\x8e\xd4\xfb`\xde8\x84\xce\xb1\x9b_\
ea\x83\x15\xd7A/\xc6x\x86\x8d\xe44\xeb]\x08\
\x0b[@\x9a\xe7\x04\xcf\xd9\x90x\xac\x22\x22\x90\xc4Z\
V\x0c\xf0\xd6X;u]a\xeev\xf1\xc6\xfb?\xc6\
S\x8f\x1d=\xf3(\x00\xec\x8c\xcf\xe2\xc2\xe9\xab\xb83\
}\x1b\x00P\xd5\x02He|\xd9\xd0\xdas\x9b)\xc0\
\x07\x87\xb6\x83\x80W\xeeY\x8c\x89AFb\x01\x10\xc8\
\xab\xfc\x83 \x16\xc3\x91[\x8f*\x8e\x82!\x91@Z\
q<L\x04\xd0j\x8f\xa3\x925 \x1d\xe3\xba}\xf4\
(P\x8b\xfb\xaf>\x7fe\xe5\x08\xde=\x98\xe3\x1f\xdf\
\xbc\xb19\xf1\x87\xee\x83\x99\x8a\x22#\x18\xf1\xf5\x07 \
\x10!W\xeb$f\xaeO+\xcb\xfa\x97]wX\xab\
t\xff\xe6\x9f\xab\xc1\xc3\xd2k\x97\xe6\x0e(i\xa6J\
e%\x10P\xcf}E\x88\xd9\xb2\xc7\xafr\xe5+\xea\
\x88\x0f[~\x9e\xb2\xdf\xd4?\x97\xa1\xcf>\xb2\xa6\x85\
\x97\xb2\xf8\xbc\xa3\x88\x17\x93a\xe2f\x84(\xe7\x12\xb8\
\x84#\xcd\xd1\x85K\x17\x0e\x081/\xdeS\x00|\xba\
\x96iwnKP\x12\x5c\x05\xcd:\xf9\x8d\x88\x8a}\
p h\x18\xce\xe1\xf7\xbe\x00\xb8\x02\xe2d[\xd6\xcd\
\x10z\x92\xa5\xc8M\xf5\xde]_\x8d\xb0Aa\x83\xc6\
tw\xc8\xc6\x9f9\x13\x16OW\xe2\xef\x0d0\xc1f\
\xeb\xfd D\x93\xc7\xc6V\x01V|\xfc\x89\x80\xa6\xe1\
\xd4\xbd\xc1\x13<Q\x8c\x8a\x96\xff\xe5\xd9\xd7X4o\
1\xda9\x87\x9d\xa76\x13\xf3^\xff\xf1_\x03\xc1\x81\
`\x99\xb8u\x9d\xe4#0\xa8\xacn\xc6\x1e\xc1s\x14\
\xb6\xb6i\xd8\xe5O\xc4\xd6uUa<\x1eaT\xd7\
\xa0\xc9\x18]\xc7\x09k\x08\xc0,\x04t!y>p\
\xbfu\xfe\xf48+\x99\x13\xde;x\x10\x8cxE\x18\
k`\x83\x8d\x1e\x16\xc1+\x01\xe6q\xab\xcd\x08 \x82\
s\x1c\x98\xa8\x13\xfb\x0c\x02\xc43\x80c\xfb\xdfm\xdf\
\xc4\xf9\xfa\xe8\xe9swF\xe7q\xf9\xec\xb3x\xe7\xf6\
\xcf\xc4\x08\xce\xc0V#6Xs\x9c\xf9\x90\xa6S\xd6\
\xfb\x07\x8exXU\x16\x16,\xc66\x96`\xabJ\x5c\
\x08}\xb4Z\xf7\xd1\xebC9\x14\x1d\x8e\xe4N\x9b\x86\
F`\xb5.\xfe\x1e\x00\x1d*D\xc0\xf6\xf66\x9c\xf7\
x\xf9\x9d\x976\x06\x00\x00p\xf5\xfc'p\xeb\xad7\
eLy\x1eZc\x00k\xe0:\x9d\xf7\x84(\x91\x0f\
A\x8c\x5c\xb9\xcfh[8\xcbi\xa0\xd9\xc5\x91\x80.\
p8\x0d\xa3\xf3@\x00\x95\x00\x80\xa4*B\xdc1s\
\x0f\x13\x06\xf4\x06\xc6\xaa\xd4\xc0G\x10\x80\xc0\x1e\x01\xd6\
\xda\xa8.\x03\x04\x04T\x15\xcen\x8f\xf1\xf1+\xab\xb9\
\xff\xaf\xbd\xf2\x0e\x83\x8dcr\xa7\xda\xd6\xe8\xea\xa7@\
\xa7\xa8v\x894s)s\x9c\x01j=\xb2\xf4:\xca\
>c\xb3\x06\xff\x1d\x92\x92\x97\xdbj^\x87Fq,\
\x9a+\xd5,\xd2\xd0\xe1l\x80\x87M\xe2\x15\xd7\x1c\xc6\
\x9d\xaf\xaewi\xa5\xab\xc1H\x86\x86\xf4\xfb2B\xb6\
\xb4\xc4\xc9}<dy\x12e\x01\xec\xf4D7Lt\
L<G\xbdM\x89\x22\x96)\xf5\x9b\xcc\x9f\x88\xe7\x00\
(\x11\xc2\x10@T\xc6\x00\x00z\x93\xa8\x8f \xf3I\
\xb0T\x0f\x86b8\xfb I'\xea\x06&\x13\x03\x0f\
\xcb\xc6I\x16u\x044d`-E\xe2\xaf\x1bye\
\xd9\xda\xd9\x1b\x87\xae\xe58\xe9!x\x90CL\xfe\xa3\
\x12\x03\xd1\xaf\xc4\xfaUh\x1c\x82\x02\x0f\x03c\x00\xef\
4\xc3\x99\xc1\x99\x17\xfe\x00d\x8e\x9e\xc4\xa4\x9d\xde\xc3\
\x9dW\xbf%\x1e\x1a\xdcv\x08P\xa9k\x96@\xf0\xeb\
\x15{\x05\xe7\xd8\xe5P\xc0G\xd7\xb5h\xe634\xb3\
\x1a\x95\xe1\x98\xf6\x93\xd1\x08\xddx\x84\xaeka\x0d\xc1\
\x13s8V\xf4\xc2\xea\x07\x9e\x8fg\xef\x0b\x80\x90\xb8\
dQ\x9f\xb3\xd57/\xd0 \xa2\x7fv\x93\xb4\x00\xd4\
\xa5\x92\xcf{\xef\xe2{\xd2\xa8t\xf7\xfd\x9b8\x1b\x9e\
\x84\xa1\xa3\x8f\xd3\x953/\xe2\xcd\x1b?A=\xaac\
\x08\xdf\xf1x\x02\x8d\xc7\xd04\x0d{!t\xadH@\
\xea\xb8v\xd4\x056T\xa2\x17\x17\xa9\x80s>\xda\x0a\
\xa8\xb8<\x19N\xf6\xd7\xa1\x89\xeb\x8fc3\xac3\x91\
\x09\xe3\xc9\x18]\xe7\xb0?\xbb\x8dk\xb7\x7f\x81\xcb\xe7\
7\xcb\x02\xf9\xd0\xe4\x22\xcem_\xc2\xfd\xf9\xf5\x08<\
\x9dH\xb4\x9cO.\x8c\x9a\xb5/\x04\x0f\xb4Iu\xe8\
\xbdcWA\xb8(\x9e\xaf\xaa\xc4\xbd\x03!z\x19\x10\
\x91\xa4\x85f\x9b\x19\x95\x12\x04\xef\xe2Zc0\xa4k\
\x90D\xfd\x90lq<x\xcc\xe22B$\x99 c\
\xf0\x85\xa7.\x16\xa1\xba\xfb\xe5\xa0\xe9\xf0\x9d7n\xc4\
<\x07\xc5|=Ba\x03\xcf2\xe9P\x8c\xe7@*\
\xb9M\xe9\x8e\x91]\xa55\x80\xf2\xdf\xa9\xe6u[\x10\
\xab+$\xb2z:m\x9c*\x19\xa7\xdez\x0c\xab6\
\xcd\xfe\xa9\x15\x97nl\x04\xb8\xea\xfa\x93\x22\x84\xcb\xea\
[\xa8=\xd3oGC\xb5\x15`b\xf9{;F6\
:Z>WJ\x19\xf9\xb2\xdb{'\xfa\xe2r\xa2\x18\
\xfb_\xadQ#\x07\x9a_\x93?\xbb\x7f\x1c\x09\x08\x00\
(\xe2\x07\xf0\xb3\x92.4k\x02\x1f[\xa5\xceXs\
\xd0\x12\x83$/,J\x14uRo>\xfe\x04\xc0P\
\xa6\xcb\x85\x02\x0b\x92 @6\x05IA\x80\xa5\xe4\xfa\
\xe7\x9c\xc3\x0c\xb3\x18L\xc7{\x07\xef8\xd2\x9crU\
\x9c/@\xd7&E\x10A\x80\x18S\x89DA\xf4\x9d\
\xe3s\x8fc\xfb\xf2\x8b\x1b\xf5\xe5\xe6O\xfe\x03(x\
XM5,\x22n\x08a\xe3P\xb5\x14\xb3\xf2\x055\
\xb2S\xdb\x87\x10\xd0\xb4\x0d\xa6\xd3\x03\x18k\xb0m\xb6\
9\xd4\xedd\xc2\xc4P\xfc\xdb\x9d\xe8\xee\x01dA\x85\
\x06\xc66r\x14i23\xd7\xe7\x99\xf3\xcc\x82Q1\
c\xc9Y\xf4\xacQ \x10\x228\xc8\xd5-\xecm\xe1\
p;\xbc\x86\x0b\x93\xe7\x8e<N[\xf5\x19<r\xfa\
\x19\xdck\xdf\x861$\xf1\xfc\xc7\xb1}\x1a\x04i\x7f\
\x7f?\x1a#\x12$\xf3_ea%\x84\xb3\xda/x\
oP\xd7\x01>\xd4\x1c#\xc0\xb17\x87\xea\xb4\x13\xc1\
H\x9c\x1e\x19\x92\xc4P\xa2\xc6Xc\x02\xb3\xf4\xc4\xa3\
\xaa*\xfc\xfc\x9d\x976\x06\x00\x00\xf0\xf8\xd9\x17\xf1\xc3\
w\xff\x0a!\x08A#v\xffSO\x07m\xa7r\xe3\
]\xd7\xa2\xaa*\xc4\xb4\xc2&\x93\x02I\xa0'\x06k\
\xdcg\x95n)\x88C\x00\x82\x09p\x8e\x99\x864/\
do\x91\x18\x01qo2\x04\x13\xac\x08\xf9\x92\xf1\x9c\
\x17\xe2GdA!`\xab6\xf8\xc4c\xab-\xff\xff\
\xe1\xb5\xf7\xe1\xc9\xa2\x1a\xd1\xc2\xdeu\x94\x92\xefo<\
\x0a\xb4pATM\x16%\xedS\xf9\xefUee\x13\
\xfb'\x97\x5c\xbcD\x08q\xe4\xe7\xea\x96\x9b\x97d\x04\
\xb8\xba\xbe_\x8b\xb2J\x0a\x90\x97\x95\xafg\x90[=\
\x99\xde\xe7\xc9\x22\xcb\x88L+n\x8a\x8bT\x7fj\xf2\
\x92\x92{\xcf/\xa2\xde_qM\xaf\x14F^r}\
D\xe4!\x89\xee\x14tf\xd2\xf8\xd4\xc4\x5c\x9dq\x14\
\xe1\xce\x10RC\xb2\xb0U \xbd\x91\xcal\xa0\x18\x09\
x$\xfc2{1@6!\xa3\x5c}\x90k\x81Z\
\xe3\xfb\x83\x8d\x03\xd5\xeb\x89=\x08\x1c\x10\x18,U\x96\
\x80`\xe0\xe0d|\x04b\x88n4\x0f\xca\xa3\xf1\xff\
/|\xfcO6\xeaP\xf0\x0e\xf7^\xff6\x07x\x91\
t\xc3\xba\x81G\xffuIb\x84\x108saP^\
*q|\xae\xeb\xd0\xcc\xe7\x18\x8f\xc7\xc0V\x10c\xb9\
\x11\xdav,i}m\xf4\x9aHc\xaf\xef\x84'C\
!E\x8b\xea\x1eB\x1eg\x82\xdd\x22\xf9\xb8'\x821\
\x01h\x03\x9c\xb7\x18\x8dj\xd4U\x8d\x00\x08G\xed\xd1\
\xb9\x16]WE\x0e}6\x9fa\xb7\xf91.\x5c9\
:\x00\x00\x80\xa7/~\x06/\xbd\xf1\x1a\xea\xb6B\xe7\
Z8WA\xc3RO\xb6\xb686\x81w\x9c\x88I\
B\x1c;\xd1\xffW\xae\x83\x97\xc4?:O\xac\xb5\x18\
I\x5c}'\xa1m\x9ds12\xa2\xbe\x07\x112\xa1\
\xb2\x15F#\x8eJ\xe8\xfd:\x00V\xf4\xe1\xc4!\x99\
\xef\xcd\xde\xc3\xad\xddw\xf0\xf0\xe9+\x1b\xf5\xff\xfc\xce\
\xe3\x18\xd1)\x1c4wb|\x0b&\xd6A\xa2u\x12\
\xc7\x97\x8f\xe2x\x95\x148\x8e\xea(\xe0\x87\x811\xc5\
\x88\x7fD\x06\xa6b{\x93\xb6\xeb88\x94\xac/c\
\xac\xd8\xa1\xa4\xa8\x81\xaa\xdb\xd7\xa8\xa6\xc6Z\xc0\x18\x90\
3\xe8\x88\xc3(\x8b\xd0\x87\xebF\xb2\x0b\x00\x80\xcf\x5c\
9\x8bj\x85\x04\xa5q\x1e\xdf~\xf3V\x8aXx\x5c\
\x035\x92\x1c(i\x07-l\x01\xb4O\xb9\xba\xbbo\
?\xb5\x9c`\xf7\x80\x82^\xbbI\x9b\xb5\xae%\xdd8\
\xc6(\x00\xe0h\x22\x11\xdc\x9dh\xd9\xb4\xc3'\xf1\xe8\
\x07|\xfdauDB\xbb\xd6\x8d=}NF\xec\x87\
\xda\x15u\xce\x94D\x0e\xcc\xf5\xc5\xdb\x16\xef\xcfD\xe3\
\xa1\xb7hU\xef\x09\x93\xc2\xe8\x1e\xab\xe4@\xa1\x0fp\
3N\xa1,}\xd5\xc2\x06\x8f%\x88\x08\x96\xe2\x06\xad\
\x95\xa9\xbb\x12\x94K\xa6\x04B4I\x0aK\x10(\x19\
\xfe\x88HU\xe3\x05X\x1b\xa0b\xf8h8I*\xfe\
\x0f\x91\xfbG\xf0\x98\x9c\xbd\x8c\xedG6\xe3\xeav\xdf\
\xf91\xd0\xce\x98\xa8TU\xf4>\xf0\xe2\xe2\xc7:\xf5\
 \xa1\x803\xb7$\x01\x01\x1ay\x8d\xfbU\xb1t@\
r\x10\x8cG#\xcc\xeb*\xb6Y-\xfay#\xa6\x85\
|\xf6\x85d&\x97\x14Q_\x1d\x94\xc6L#\xbb\x99\
\x98y\xce\xa0\xae\xea\xc8ev]\x87y3\x8f\x00`\
:\x9d\xe2\xfe\xfd\xfb\xb8}\xe6\x1a\xce\x9f:\xba[\xd7\
\xf6\xf8\x0c\xce\x8d\x1f\xc7\xf5{\xaf\xa2s\xec\x81\xa1}\
\x22\x00\xa3\xf1\x08[\x8e\xd5\x02\x98\x03\x1d4D\xadG\
\xd7\x05\x09\x1b\x9c\x02b\xf1\x98\x04\x11\x93\x0b\x81t\x1c\
B\xba\x04\x00\xdc\xff\xba\xaa\x858\x12Le\xd6\x12K\
{\xe7bha\x00\xf8\xf9\xb5\x97\xf0\xc5\x0f\xff\xd9\x91\
\xfb\xae\xe5\xea\xb9O\xe2\x07o\xfdU\x94pi6C\
\xe5\xde\xa3\xabo0\xcc\xd5\xc7\x84X\xa5\x1d\x0b\xbb\x08\
2QVp\xe0\xc1j\x85\xd09X\xabO$\x90\xb5\
1\xd7Ed\x22#\xb1\xcc3\xfd\x05\x90\x18\xfb\x91O\
\xd14\xb58\xe7P[\x83O=\xf6\xd0\xca>~\xf7\
\xad[\x98uY\x98\xe2LL\xbeq\x91=2\xd1\xfd\
\xfe\xfeG\xbd\xe3\xbao\x10Jc\x81\x92;Z\xd0\xd2\
+\x81\x1db\xc1\xd7m\xea\x11\x8f\xaf[\xa2\x04\xe0\xc8\
\x0d\xc9\x88Jy\xc1\x92\xe3\x0b\x15\xf5\x00\xc2\x9a\xe8\xea\
\xb8ee\xad\xc7|f\xff\xee\xe3\xd4\xb6\xc8<'\x1d\
}t\xfbK'\x176h\xbeE\xb9\xb6\xf2X\xbc2\
\xea8\xc5\x0dP\xcf\xf5\xc6!c\xf8\xd6\xef\xd4\xc2u\
\xba\x98\xb8\xbd9D\xd2\xa90`\x8dr\x84\x22\xc48\
\x88\xf4%(r\x96MG\x16q\xceu\xe8\xb8\xa8\xbe\
\xd7\x88\x08\xc0y\x17\xc1R\x88\xaeo\x1a\xd3\xde\x03!\
q\x8b\xb9xU\xb9\xf0\xf3\xcf\xff\xce\x86}\x00\xee\xbd\
\xf6\x92\xd8+\xb0\xb1_\x9e\xbf\x00A9n!D6\
Io\x22\x88\xcf\xbe\xab\xd8\xdd96\xfe\xb3\x15K\x15\
\xf4\xcfK6\xc3\xe8\x05\x10\x97\xa4r>\xe9{nk\
\x92\x00A\x12\x89\xf7\x7fsF8u\x8fccJ\xf5\
Mw\x9e#$\xb6m\x8b\xa6\xe1\xf4\xba\xaf_\xff\xc1\
F\x00\x00\x00\x9ex\xf8cx\xed\xfd\x1f`6\x9b\x8a\
\xe7\xc3D\x88 \xb7y4\xaa\xe1\xfd\x189\x90\xd1\x04\
Ij\xdb\x92\x92\x0a\xb9h\xc7\xa06A\x9a{ \xbd\
g\xeec\x08\x88\xa1\x99\x99\xb0\xd9\x82\xb8\x0d\x95\x00\x0e\
\x2242u\x9c;\xd7\xee\xbe\x82\xfb\x077\xf1\xd0\xf6\
fQ\xed.\x9f\x7f\x1e?~\xfbk\x98\xcdwc\xbf\
}\x90\x9c\x0fY\x1c\x0b\x00\xf0\x86\xe7\xa9\xda\x01\xe8\x1c\
a\xbb\x0c\x03\x90\x91|\x17\x04M\xcd\x1b F\x83H\
b}\x8d\xf6\xe7}\x02\xc3$\x12\x84B\x8a(\xe3\x02\
bC\xbf\xdc\x1b\xc0\x82\xe7\xd8'\x1f=\x85q\xb5|\
\xdc|\x08\xf8\xd6\x9b\xb7a\xf2\x1c\x1e8\x06\xb3\x00\x9d\
\xef\xb2'\xc5\xfd-\xf7\xfb\xa7(-T\xb3\x17\x12\x91\
%\x8f\xdbP\xb4Z\xc4\xad\x8d5#\x03\x0d,\xb1\xc2\
\xe2\xb9\x0f\x98g\x96P\xc0\x1bl\xbb\xcb\x08\xfc\xba\x5c\
\x7f\xff\xba\xc3~c\x88s<FY\xc0\x18\x94\x08\xe0\
\x86\x85\x8e\xf5\x06{O\xd6\xf6\x0d\x02\xaaP>&\x07\
ST\xb6\x82\xe2_\xa6\xe3\x0d\x22\x22\xcf\xf1\x17\xf2\x90\
\xbf\x09\xed\x8a\xd9A)\xaa\x1fb\xef\x0f\xeb]?\xe8\
?\xca\xfe\xa4w\xb1\xe9\xf8\x89\x0b\xa4\xe1\xc5\x09\xc9/\
\x9e\xa4\x0e\x88\x5c=s\xab\xcc\xf9\xe7FG\x05!\x85\
H\x01\xbccQ&\x10\xf3\xa7\x03\x88A\x80B\x08p\
\xc2\xfd\x22\x04T\xa3m\x9cy\xea\xb3\x1b\xf5\xc0\xcd\xf7\
pp\xed'\x11l\x14\xfd\x22#}\x0b\xe2\xd7-n\
\x9b\xe0\xe0@\xc60h\xd0sVb\x16tm\x83\xb6\
\x99\xa3kG\xd1\x8d\x90=\xf4\xf8~\xe5j\x95\xf9\x8f\
\x1c\x0e\x94a\xc96Jq\x0fL\xf0-\x9fw\xf9}\
\x14A\x93Jf8$o\x0bc\x0c\x07\xa2\xa1\x14~\
6 \xe0\xed;/\xe3\x93\xfe\x0fa70\x9a|\xf8\
\xd4\xe3\xd8\x1a\x9d\xc6\xbd\xbd\x9bh\x9a\x06\xa3\xd14\xa5\
/\x16\x15\xcdx2aB(\x12\x95Z\x928i\xe8\
\xe2F\xe2(\xcc\x9b\x86\x83\xd2tm\xbc7\x12y\x89\
\x18\xa9\xc01\xf5\xd3\x0a\x80\x5c\x83\x95\x0a\x0c\x84\xd0\xf0\
\xb8i\xfe\x84\x9f\xbd\xfb\x12>\xf7\xcc\x9f\x1e\xb9\xef\x00\
\xaf\xedg\x1e\xf9\x0c\xfe\xe9\xf5\xbf\x8a\xae\xae)\x1d\xad\
\x8d\xef\x94\xc4\x85U\x81\xbfs\x0e\x8e\x1c:\xdfE\xf7\
@\x13\xed6d\xae\xc5\x14\xe1\x9a<(\xc0\xf8\xd4\x7f\
\x90\x86\xde\xe6\xd8\x11\xb9\x8d\x07\x00\x9e\xb7\x1602f\
*q\xf4\xde\xc3\x83CJ\x7f\xe6\xf2j\xdd\xff\x0f\xdf\
\xbb\x8f\xdd\xc6\xc5\xc8\x84Q\x0a\xb3\xe1n\xdd'\xce\xea\
\x09\x90m\x80\xc5\xfc\xce\xd7D6\xe8\x03\xd1\xf6(:\
j\x0d\xedv\x0b\xe4\x06\xe5\xb5\xda\xac\x0f\x12\x03T\xb9\
\x08\xe7\x83.\x0f\x88\xc9_\xf3\xe1\xfd\x03\xc7\x1bv\xa5\
\xd5<\x97\xd6p\x93\x5c(\xc3.'L\xb72\xd4\x8b\
l\xf1\xa5[\x8b\xebe\xea\xeav,\xdf\xd9\x1a^o\
\x08\x1e1\xef}\xd2qeu\xe4\x04a\x90v/\x91\
\xde,)\xd9r\x13\x90R\x1c\x91/Gs\x9d\x5c,\
^\xd9\xff\x04\xa0tQ\x07}n\xd6\xde\x10\xa0^\x02\
\x86\x92\xab\x92\x8a1y\x8cX\xcf\x9eg]TN(\
\xba9\x09\xe7\xe8}\xc0\xf9\xa7?\x0f\xda0\xc4\xeb\xc1\
{?\x13\x02]\x1aw20QP\x96\x80G:\xce\
\x86\x88\xde\x9a\x14vUG\xc4'\x17A%P\xf9\x1c\
Q\xf5B\xae\x07\xcc\xdfM\x9c\x0b\x011\xf1P\xc6\x0f\
\x01\xa4\xd01\xf7KfC\xb7\xba\xae1\x99L0\xd9\
\x9a\xc4h\x81\xce9\x84\x987\xdeGQ\xbdG\x87\xdb\
{o\xe3\xe2COm4vO]\xf8\x04\xbe\xb7\xf7\
7h;\x0e;<\x9f\xcfQ\x8fj\x8cGc\x0e\x8c\
4\x19\xe3\xf4\xe9S\xd8\xd9\xde)\xfc\xdfg\xb3Y\xd4\
\xf1\x1f\xec\x1f\xe0\xe0\xe0\x80\xf3\x01t\x92a\xd0\xb3\xfd\
\x02u$\xb9\x22\x84\xfb\x95\xfe\x00\x10\x89\x91Hg\x0e\
\xdbG\x88\xdfI\xe3\x9d\xa8\x8d\xf8\xfa7\xaf\xff\x10\x1f\
{\xfcw\xb0=^-\x0a_V>\xf4\xc8'\xf0\xa3\
7\xff\x0e\xad$\xf0\xd1l\x8f \x0e\x0d\xac\x12.\xb5\
\xe8\x0f\x02\xfe:\xcfn\x80\x80\x10kc\xf8m\xea\xdc\
\x96\xf5\x13\xedP|\x80\xa7<\xd0\x99t\x8b\xf1fI\
\xd4\x22\x08\x81\x5c+\x8b2S\xc9}\xe4\xe2\x0eN\x8d\
\xa2na\xb0|\xfd\xf5\x9b\x08\x90\xf4\xc6\xdcP\x945\
\x1f\xbd\xc4\x15\x22mZ\x00\x05r.PI\x19\xf3\xbd\
*\x19\x0d\xa5R2J\x19\xa6\xc8\xf8\xad\x92\x11\xeb\xb7\
\xeb\x88\xe5\x9844I\x00~\x95\xc4xEy0\xcd\
z\x10\xb5&\xcb|d\x9f\xc0\xfaB\x91\xc1Ve\x9b\
y\x04\x00\x81\x09zys.\x88\xca\xf5\xffY\xbdR\
\x97\x22\xf9E\xe0\xb0\xe4w\x8e\x8a\x97\xa8g\x8e\x22\x9d\
Y\xb86[\x19\xc7\x02\xa2!\xf9\xf5S\x0e\xa5\x95\xf8\
\xcb\x002-\xcdD\x97\x22\x03\xd4\x08j$u\xf8 \
\xeeQ\x08\xf0\xc1Hp\x9b4\xca\xde\x87\x04\xa2<\x83\
\x87s\xcfm.\xfe\x9f\xdfxE\xd2\x11\x1b\xe1\xc8\x99\
KO\xe0E\xfa%\xc1\x80\x94\xd0[C@]\xb1T\
\xc3\xf9\x14z7x\xf1\xcf\xe70\xb8^$\x006S\
-\xa48\x00C^\x00!\x9e\x0b\xfd\xc3\xd9\xb5\x11h\
\x0aZ\xe0\x0cu\x15\xb6\xb6'\xd8\xda\xda\xc6d2\xe1\
\x80F]\x87y\xc7\xb1\xf9\x9dS\xd73\x83\xaa\xb60\
\x9ep\xeb\xe0\xad\x8d\x01\xc0\x93\x8f|\x1c\xdf{\xed\xaf\
\xa1.o\xec\xeb\xce@\xc3X\x83\xed\x9d-\x9c={\
\x06\xa3\xd1(\x861f\x0b\x7f\x0e\x94S\xd7\x15&[\
c\x90\x01\xc6\xdd\x08]\xe7bN\x08\x8d\x11\xc0\x99\x03\
\xb9\xf3\xc9xN\x86D@\xb1F\xdd[U4U\xb3\
\xc6\xa1 \x10\x9c\xef\xf0\xf2;\xdf\xc4\xa7\x9f\xfe\xe3\x8d\
\xfaoL\x85\xe7/\xff6~\xf0\xc6\xdf\xc2\xf9.J\
&\xac\xe5\x8c\x8d,\xfd\x91\x98\x1f\xa2\xd6\xe2\xe0G\x0e\
\xad\xe7$N>lE\xeeZ\xc3\x89\x03\x90\xf6\xb9\xb8\
\xaet\x1f\xc8\x8d\xe3\x9cW\xae\x9c-\xebC\xa6j\xd3\
\x92\x8c\xe2\x940\x12>{iu\x90\xac\x9f\xdd\xdc\xc3\
\x8d\xfdy\x94\x82\xa5\x14\xdb\x09\xca\x1e\xbdP4h\xcc\
\xb9\x1aU\x07\xa5\xc3*M\xed\xc9\x1a2IA\x09\x1a\
BvA\xfe\xb8\x92\x8b\x0a\x18\xdcB?\xd0\xa2<\xd1\
\x8ad@\x0f\xb2\x85\x1f\xa4\x90c\xb1<\xa8\x9e\x95\x5c\
m\xc8\x8e\xa7\xa3\x0b\xf7D$\x1d\xb0\x8c\xf8\x15\x96\xfc\
\xc5F\x9d\x19\xa5\x00\xc5\xf1\xfc[\xa9\xbf]D\xa9C\
\x9b?3\x84\x94\xb8\xbfl3Xl\xe0`\xd7\xfaM\
I\xf7\xf7!u!Y8N\x91\xc5\x9bmN\xa9n\
B\x1eH\x89$7\x80\xa2\x7f\x8d\x08\x18|2\xa8c\
\xe3J\x89\xbaG\x1e!$\x9d\xb1>N\x13\xc9\x00\x01\
[\xe7\x9f@}\xea\xe1\x8d\xdb\xde\xde\xfa%\x13C1\
\xf0S\xa8\xc1\x01J<46\xa8J+B\x08\x80\x18\
~YC\x08\x92\x865\xb4b\x8f@\x88\x80H%L\
*\xd2\x8e\x86\x91\xc8\xde\x7f\xce\xedd\x00*\x9f\x1f*\
\xfc\xc9\xc1n\x8a\x95\xc7\xc7\x94\xf3\xdf\xde\xde\xc6x2\
\xc1x4\x8a@c6\x9bI\x8ezN\xe6\xa3\x11\x0e\
\xbd\xf7\xb87\xbb\xb6\xe1\xd8\x01[\xa3\xd3\xb8t\xfe\x19\
\x5c\xbb\xfd\x0bn\x93\x8cO\xd7\xb5h\xdayT5x\
\xef1\x9b\xcd\xb0\xb7\xb7\x17\xf3\x05\xe4FpD$\xc4\
\xd2 \x84*\x8a\xe8C\x081\xa9\x90\xba\x07\x86`\xa2\
4&\x0f\x22t\xc8kN\xc6\x84\xd9\xc1\x10\x80W\xde\
\xfd.>\xf6\xc4\xef`\x5coo4\x06\xcf^\xfa,\
~\xfc\xe6\xdf\xa3m\xe7\x00\x10\xfb\xe2\x03\xdb/TU\
\x88\x01\x83\xa2\xe5\x7f\x08\xd1\x1b\xc8{\x8fNE\xfeE\
\xd6\xc8\xdc\xf6\x81\xa2\x04!d\xf3#\xfdNq\x04|\
t\x07\x84\xd4\x1f\x84\xf0\xb0\xa1\xea\xb3g\xc68;^\
\xcd\xfd\x7f\xe3\xf5\xdbP\xa2\x99\xe4\xa0=\x04z\xd4\x12\
\xb7\x02#\x89}\xa4JC,D\xd4\xb5\xbf\xec\x114\
\xc0\xd4\x85\xd4\xa6Af([[\xb1/I`\x96\xaa\
\xd9\xa8CG/\xfa\xfc\xca\x18C\xea\x06s\x02U\xfe\
\x86\x94\x8c8\xf7^\xd6\xe6\x98\xb2\x04z\x05\xa1XU\
\xbb\xcc\x9b\xc5v\xa4\xd9\x11\x8dO\xe4\xbfx\x0fPL\
\xd4\xa1w\xa8\xd6\xb9\x91#\x16Q\xb2\x06\xba\xd1\xbf\xbe\
\x07\x0e\x916\x0e%b\x18\x9c\xdb\xd1\x82`\xe0\xe4\xc0\
\xcf\xac\xbd\x81\x02\x13\xe3\xc8m.V\xb1n!\x80\x17\
\xb4\x12\xbd\xde\xbb\xe0\xee\x0b\xd1\xd2w\xa5\xe0&\x039\
\x1cM\x11\xc8\xe7It\xfdZ\xe8c\x88\xef\xe2\xd4\xe3\
\x9bGu\xebv\xdf\x87\xf5S@\x0c\x0b\xe3|\x08\xc2\
S\x05\x03\x80\x93\x10E\x09NlW\x22\xf2\xca\xe1\x03\
\x1a\x9f@\x8d\x04I\x82\xdfp,~kMa\xc7\x00\
\x93\xd2\xa3*w\x10(\xf57\x02ME\x90:\xe6\xc5\
>)\xb6\x08\x95\xc5x2\xc6H\x22\x11\xaa7\x03\x08\
\x9cIP\xc6\xdbZ6\x0c\xb3\x96c1\xec\xcdnc\
\xde\xedc\x5c\xedl4\x86W\x1e~\x1e7v_g\
p$D\xd69\x87\xaemqpp\x80\xfb\xf7\xefc\
gg\x07\xf3f\x8e\xd9|\x86\x83\xe9\x01\xda\x86\xf5\xfd\
\xda\x19\x05$:g\x0c\x99\xd8\xfe\xd1h\x84\xb6k\xd1\
\xb6\xfc\xa7\xc4\xbeH\xb0x\xe8\x04\xce\xc0)BR)\
!\xa0ss\xfc\xfc\xda\xb7\xf1\xf1'\xbf\xbaQ\xffk\
;\xc6\xf3\x97?\x87\x1f\xbf\xf5\xf7q\xb9v]\x1b\xd7\
/\x07\xa8\xe2\x17f\x0d\xbf\x0f\xf2s\xcc\xc3\x1c\xd6Z\
4\xbeE\x1bL\x94\xa2h\x1bU]\x22\xadg\xeb\x7f\
$i\xa0\xba\x03*a\xef\xe3\xf9 \xd2\xb5\xf4\x9dc\
P|\xe6\xd1\xd5@\xe7\x8d\xbb\x07x\xeb\xfeA\xb6\xb1\
F\xc8:@\x81\x8fZT\xaa%{\x83\xec\x8f\x1a\xd2\
8\xf4\xae\xcd\x8f\xe5{X\xb4\x89Y\xf1\xde\xd7m\xe9\
a\xd7\xad\xe2\xb3\x0e\xbboYa7@,\x99\xb7G\
z\xda\x83\x94\x18\xfcf\x94\xfe\x08\xa1_S\xb7\x00\x00\
 \x00IDAT\x0c\x83\x805\xebR\x22I\xf9\xf6\
\xda\x9b|\xb2\x91\x96\x04#\x9dO\xc0\x01q\xc1\xe4m\
L\x22\xf0a\xf1oA\xecr\xa2\xbd\xd0\xa7\x10\x01C\
~~\xe8~\xe4\xe7(\xe4\xebH\x88\xf7\xe6\x85\xfa+\
${f\x1a\xc7P~\x14\x0a\xbb\xc51Z,C[\
\x03\x97SW6\x0b\xfc\x03\x00\xed\x9d7\xb2X\xff\x1e\
\xb9\x15>\x13\x0d\x9fD\xa0\x19\x07\xce\x1b1K-\x08\
\xe00\xc1\x9e73k\xd43\x82U\x09V\xdc$\xeb\
\xca\xa2\x96\xc8u\xea2\x17\xe2\xe4\xe2\x09\x14%@P\
`\x94\xde\x97\xbec\x9d\x8b\x09$H~\xfa\xba\xc6x\
4J\xe1w-G#\xd4hy\xe39s\xd2\x0a\x5c\
\x94\x98\x06\x04\xdc9\xb8\x86\xc7\x1e\xda,&\xc0\xa5s\
\xcf\xe2Go\xffm\x12E\x8b\xe8\xbe\xeb8W\xc2\xee\
\xee.2\xb2\x84\x91X\xf6w\xaeC'\xed\xe9\xda\xb6\
\xb0\xe47\xc6`4\x1ec<\x1a\xc1\x8a\xf7\x84\x11)\
\x87\xd7,\x83\x22\xf67\x02\xb8\x0e+D\x88\xfe\xf6\xfa\
[\x97\xed\xcf\xdf}\x09\x1fy\xe2\xcb\xa8\xccfv$\
\xcf_\xf9\x02~v\xed[\xe8|\x1b\xdf\x8f\xeb:v\
\x05\x15i\x07?\x93\x09`\xdb\xdeGwp\x1du]\
c\xb7\xaeq`\x5c$h\xba\x9clTw$5X\
\x5cOB\xfc\x15\x10h?\x12~H\xbb\x81J\xe6B\
\x08\xb8\xfa\xd0\x18\x8fl\xaf\xee\xe3\xd7^\xbf\xc5\xb3,\
nz\xb9\xcc\xe48E&;A\xa4>\x9a\xd13\xc4\
8\x06y\x89=\xc8\x10\x80~\xcf\xa3\xb3\x97\xeb%{\
Z\x81\x1c\xb0\xe8A\xb8\x9c\xb7Zl\xf9\x09\x93\xd9\x14\
\x0a\xf8\xd7\x9d\x81\xdf\x14\xfe\x1cv\xef\x09\xf6{\x888\
\xe6\x1c\xfa`@\x89\x81\xdf|\xac\xac%?\x16'\x5c\
\xa6\xbe\x89\xdf(m\xe0\xe9\xc1\xc88\xf8\xc4Y\xe6\xd2\
\x81A\xe9A\xc6\x84\xe6\x9c a8\x16vj\xdf\xd0\
,\xed5>\xfb\xaa\x9c&a\xbdE0Tt\xe9%\
^?\x07\x1a}\xd4\x9e\xb8\xfe|\x02h\xe8\xe0#\x97\
\x00T;g1>\xf7\xc4\x86\xad\x07\xba{\xef\x80\x08\
\x1c\xa5-\xf3\xaf\xf6!H\xe4>\xa4w(\x06\x80\xea\
-\xe0\xc4\xfe@A\x81&ERcBM\x94\x03\xf0\
=)\xbe@&\x01`4\x18\x01e\xa9\xc2\xd28\xe9\
\xe9\x1d\xc6\xf9\xa0\x9f\x02&&\xe3\x09\xb6\xb7\xb70\xd9\
\x9ap.\x02\x11\xff\xab\xc8\xd9V\x16\xe3\xf18\x8a\xd3\
g\xb3Y\xe4\xc0\xeb\xaa\xc2Aw{\xe31\xdc\x19\x9f\
\xc3\xce\xe4,\xf6\xe7wa\xc9\x00\x95\x8d\xaa\x1d\xe7\x1c\
\xf6\xf6v\xe1\x5c\xc7\xa1\x94\xc5(n<\x1e\xc1\x18B\
\xd3X\x09\x90\xd4\xc5\x08\x8b\x90\xf1T)BUs\xe4\
@\xf5\x06\xb0\xb5\x84\x16\x96\xbe\x07\x84\xb5wh]G\
j|\xa9\xd2\xbd\xb6\x9b\xe1\xd5\xf7\xbe\x8b\x0f_>z\
\xfah\x00\x98\xd4;x\xfa\xb1\xdf\xc2+\xd7\xbe\x13\xeb\
\x0d\x08b\xd0\xe8\xd23\xc1k\xa0\x9bN\xd1\xdc\xbb\x87\
\xaa\xaa\xb0\xb7}\x1a\xfbV\x8dCm\x8c\x0ba\x0d'\
Q\xd2DX\xa0\xb4\xf7$\x93\xa0\xb4?\x84\xecx\xbe\
\xf5h\x09\x00>\xfb\xd8\xa9\x95\xfdxoo\x8eWo\
\x1f\xf4\x800m\xbeA\xf4K\x06\x84\xca\xe3e\x83U\
\xad\xc1\xe7\x96 \x80\xec\xde\xe2\xfa\xbc\xceTc\xb9\x07\
Rf_s\xc2\xc4}\x9d\x22F\x80\xcb\x9f\xbc\x99E\
\xfb\x03(C\x04g\xd3{s@pB\x83\xae\xc4\xab\
0\xfe\xcb\x88P(\xb8P\xb9\x87r\x92\xb7\xacAJ\
\xcctsF\xe2\xfau\xd1\xe9\x9c\x22d\xeb$\xabg\
\x80\xcb\xe5\x85\x99\x00\xc9\xaa}k\x89J\xeb\x88%\xf9\
\x93/\x9e\x0a\xd9\xe2\xd9\xbc\x904\x8c\xc2\xd0X\xe7-\
I\xd1\x02\xfbX\x7f\x00\x06-yZ!j\xc1\xce\xa5\
\xcd\xc5\xff\x00\x03\x00\x04\x0f2\x16\xa6\xb2q.\x11\xcb\
L3\x11\xaa~\xe7\x1e\xa4~\x09\xf0C\x88\xc6i\x1a\
\xa7\x80\xdd\x01[tm\x03\xc2\x08\x90\xec|\x1c\xfd\xd0\
$\x11\xae\x02\xbe\x8c\x1b\x18\xe4j\xfa\xf3K\xb0\x83\xad\
,\xc6[lu?\x1a\x8d\x98\xeb\xaf\xab\xec\xca  \
\xc7\x024\x02\x11\x1b\xc4\xd9\x8a#\xd5\x8d\xc7ctf\
\xefX\xe3x\xf1\xf4\x87p\xef\xe0;\x9c\xf7\xc1V\x9c\
\xd0I\xdd\xfd\xba\x0e\x07\x07\xfb\x0c~\xd4\x0eBT#\
\xe3\xc9\x18\xd6\x1a4\x0d\xa1s\x8e\x93\xe2\x88\xb8\xba\xed\
Z6\xack%\xa1T]\x17\x01\x9a|\x90\xe4Hf\
\x9dt\xc0\x04\x180\x98\xa2\xf2\xb0\xee\xb5/\xbf\xf3M\
<w\xe9s0\xb4Z?\xbe\xac\xbcp\xf9K\xf8\xc5\
{\xff\xb1|gQ\xf0\x95y*\x08uV#\xc7\xb9\
m0\xafF\x82\x05\x93m\x84!\x03\xd3Y1*t\
r>\xe5AH\xfb\x07E\x97O\x80\xa24D\xed\x03\
\xf4\xf7#\xdb5\xae>4Z\xd9\x87\xaf\xbfq\x9b\xe1\
\xbc\xb4\xb1\x0fHe\x81l4>C4\xba$\xf4\xd9\
1\x8aw`(&\x7fj\x94\xf4[3if\xc7\xb3\
\x07,\xdcW\xb4e\xe1\xda\x07_\xaa\x88@\x97\x8e\xe5\
q]\xb3\x8eX>\x88\xbe\x87\xf2{\xde\xbf\x93\xebj\
\xe8\xaf\xef^Y\xce'\xf7}\xf4\x95P\x91P\xff\x82\
[\x16\xa2\x1f\xc5WrG\x7f\x1c\xfb@.\x07+\xab\
!`\xaf\x03\xeb\xbe\x9f\x0c\x8c\xf0\xcfTAn\xdf\x90\
oL\xc7\x1d{\x0d\xf6\x03\xdd\x84\x06\xc0P\x0a\x9b\xbb\
\xc6\xfe\x91\xcd\x8d\xc1\xa0\x1f\xd9\xb1\xed\xc7\x9e\xdf\xb8\xdd\
\xc1\xb5\xf0\x077A\x08\x05xIFeI\x22\xc0\xdc\
\xbc<;\xa4~(\x97\xa4\x04-}\xb2\x946x\x87\
\xb6eN\xdb9'R\x84\xcc\x18\x8c\x12\xc7V\x94\x18\
:\xb9\xcf\x89i;\x93aa]W\xa8\xeb\x1a\xa3Q\
\x0d[\xa5\xe03*\xbd\xd0\xccp@2\x10\xabE]\
\xe0%\xc3\xe0\xcc\xdf\xd9x\x1c\x01\xe0\xb13\xcf\xe0\xe7\
\xef\xbe\x04\x07\x08\xa17\x18\xd5Ll4\x140\xa0\xfb\
\xba\xa49\xb6\x95\xd8M\xb0\x8b\x9c\xed:4D\xacB\
\x10\xc0\xa5\xba\xef\x0e\xe0\xa8v\x80d\x0d\xe4\x847l\
pg\xd7\xd8+U\x12\x97\xc6\x11\xda\x22\xb9w\xda\xde\
\xc3\x9b7\x7f\x84\xa7.~r\xa31\xd8\x99\x9c\xc5\x93\
\x17_\xc4\x1b7\x7f\x08\xdd\x87\x16\x97\xad\x8a\xeb\x17\xc5\
\xea\x0a|\xd2:\xf1\xa0L\xcd\xa1\x9fy|\x04=\x16\
CT\x8b:\xa4\xd8jep>w\x88\xee\xff\xce\xb4\
\xc5\x8f\xaf\xeff\xb6-e\xd1\x00N\xc7+\xc9\xa6\x81\
+-\x1a\x9ahb\xf1\xf8,\x12\xa1\x888b\x0f\xa3\
\x04\x8d\x8f/\x90{\xca\xf7\x8d\xe1\x92_\xfbAA\x80\
(\x01x\xa04\xfe${s\x5c\x94\xb4d\x85\x9eD\
\xffi\xc5/^m\xbd+z\x042\xe4\xc7\x11\xb7Z\
A\xbc\x09i\xeb\xc6\x9b\x88\x93^\x1c\xb2s\x19\x12\xcd\
\x08}Z\xd8),'#\xdb5\xc7\xb3\x00K\x87L\
j\xed\xdb\x0an\xbc\x00\x16+\x81\xe8!\xcd\x22D\xe3\
7r\x1cddH\xea\x92\xb7\xfb\xf0J\x97\xdf\x13\xc5\
\xe2R\xff\xf8\xfc\xd5\xcd\x1a\x0e\xc0\xef\xbd\x07\x0a\xea>\
f\xe2LHn\x89\x80n\xe4L\xac)\xfe\xe6\xb6$\
\x90\x9e\xe6\x0a\xebnA\x88\xc9\x82\xd4\xc5\x91\x8d\xff(\
I\x19d\x07\x18\x98\xa2\x5c'\xf5^RQ\x02\xaa\xba\
\xc6d<\xc6dk\x0b[[\xecs?\xaak\x09\x9f\
\xcb\xfdR\xcb\xf7\x18x(K@c\xac\x11.\xd1\xa3\
\xe9f\x98\xbb]\x8c\xedj\xf7\xb0e\xe5\xfc\xa9\xcb1\
\x89\x92\x95\xac\x84\xea\x13\x1fE\xf5!\x14\xef\xcef\x86\
\x97F\xb2'Vu\x85\xaeM\xea\x00U\x09\x18#.\
\x94\x94\xe2@p\x0c\x08\x0f\xe7L\x11iryY&\
\xa1JAg^\xbe\xf6\x8d\x8d\x01\x00\x00\xbcp\xe5\xcb\
\x02\x00R\xfd}bZH\xc52\xc9 \xb7 \x9d\xd4\
\xf8\x18\x00$3\x22@\xc6\xa3s\x8e\xa5\x03Y\xcc\x81\
B\xa5(\xbfc$Bcp~l\xf1\xec\xb9\xc9\xca\
\xb6\xff\xc3[w\xe1\x83*\xf3\x0a\xca\x0c\x85,\xc7a\
\x92\x95\xe9Ed\xa5\xca\xca\x8a_\x0b\x0a\xfbRJ\xb0\
\xb0`t\xaf]\xf6\xf0\x9ep \xf4\xab\xc7\xd1\xfb\xb6\
P\xcfZ7\xf1G\x95\x8bo\xd6\xbe\xf7W\xa9\x12\x18\
\x12\xaf\xac(C\x8ck\xff\xd8I\x81\x9f\x95\xf5,k\
ko\xe1\x0d\xd5W\xea\xfa3\xb8\xb6\x00^\xf3\xc9W\
\x8a9r\xae[1@_\x22p\x94\xd27N\xccK\
?v|jh\x0f2P\xd6\x98a6\xe5(\x0d\x8a\
\x00\xc0\x10\xa1sXp\xc9:\x09)C\xf9H\xe1|\
\xc6;\xa8\xb6W\xe71_U\xfc\xfe\x0d\x0e\xe4#\xa2\
y\x1e\x8a\x04\xd2\xe2\xa8E\x8e?\xa8\xa0\x83\xefW\xc9\
A\x16\x89\xceH\x1a\xe1\x10\xf8|\x08\x1e\x90\x18\xf8\x10\
\x10\x10A\x03\xa9.z=u_\xf1\xee\x89#\xfd\x8d\
\xc6clmM\xa2\xce?\x00\xf0\xae\x934\xbb\x9e\x8d\
\xe9F#\x91H\x88;\x98xlX\x89`\xc8V\xfb\
\x1d\xa6\xdd\xbd\x8d\x01\xc0\xa8\xda\xc2\xd9S\x170w\xfb\
\x91#\xe7\xa8sN\x9e\x91s\xb7\xc9\x06\x82\xa3\x04\x1a\
\x19s\x03M\xc5\x5c\xb9*\xb9\xf8\x852\x1cn\x90c\
\x9aOB\x81\xc0!\x83\x97\xc5^H\x1cu\x92\xaep\
\xd9\x9d\xdd\xc4\xb5;?\xc3\xe5s\x1f\xdeh\x1c\xcen\
?\x8a\xcb\xe7\x9e\xc3\xb5;\xafd\x8f.g\xff\xa2M\
\x12\x15\xba\xfb\xac\xd1\xc8\x89/\x00q\x13\x0cp\xf00\
>e\xe6c\xfe#\xe5\xa4\xd7>Z[\xa1\xb2\x16\x9f\
{\xea\xcc\xca5\xb8\xdf:\xfc\xe3{\xf79\x91W(\
\x03\xedh\x0a\x5c\x9fK\xa26,\x01CtO\xe6\x7f\
\xce\x99\xe9j\x5c\x86\x8e\xd7}\x9enyy\x97\x06x\
D=~\x14\xa2\x1e\x06\xeaZ\xb7\xa4@@\xbf\x06z\
\xfe\xc3\xf5g\xc7\xa8{\xcdc\xc7*\xcb\xc6\xb0\xdf\xaf\
Uc\xdd\xe7\x0c\xe4\xfa(\xa6\xcf,m)\xed\xe0\xf1\
Z\x96|'kVa,\x22\x92U\x10\xe1\x82\x8f\x91\
\xc8\x0e\xb3\x018\xbc\xe43:y\x04\xf4G\x98\xfa\xc7\
r1#Bj\xef\x06%bs\x22\xc0\x006\x10\x5c\
\xe6^\x98V \xca\xf1\xa7~{\xb2\xe3\xfd\xf74\xf4\
\x1e\x89\x8e\xc5\xfd\x03\x80;\xb8\xc3\x9c\x12L\x14\xe7\x10\
\xb0 B\xe5G\x0a@\x88\x1c\xa3\xf20\x1a\x0a\x99\xe2\
\xbd\x04D\x0e\x95<I(^\x82\x93\x14\xc2,5\xb1\
1(O\xc8$\x09e\xbf\x87\x7f\xc70\xb9U\x1el\
\x86\x9f3\x9f\xcf\xd0v\x1c\x80(\x88~\x9f\xdd\x10%\
\x08M\xf0\xec2&\x12+\x0d\x8ec\x8c\xc1\xb4\xbd\x87\
\xb3\xe3\xc77\x1e\xcfs\xa7.\xe1\xfa\xee\xab\x19\xe1n\
%0P\x96\x07B9S\x22t\x1d\xc5\xf0\xb7y \
\x1f]\x17\xd62\x18P77\xd5I\xe7\x22jc8\
\xed\xf1:EE\xe6\xb9\x0a\x86\xdb\x99X\x13\x1f\x02~\
z\xed\x1b\x1b\x03\x00\x00x\xe1\xcaW\xf0\xee\xddW\xca\
V%\xab\xbd\x08dT\x9a\xc1\x84\x84\x0a\xbb6@\x01\
h\x16$\x87\x0f\x22\x1a\x18\x06\x9f\x0cD\x01\x80|<\
\xc7s\x92\xdf\xf5C\x93\x0a/^\xd8Z\xd9\xe6o\xbd\
s\x0f\x9d\x97\xa7\x92\xce\xec\xb4w\xa5@=\xc7\xdc\xbd\
)\xedP\x19\xc4H'\xb3\x0fHh\xf1\xa2\xf4\x8c\xff\
\x8a\xdb10\x13r\x9em\xe0{\xbf\x1c\x87\xa8\x1f\xa5\
\xa4t\xc0\x0f\xe4a\x1f@\x0fN\xf8\xa9\xc7\x22@\xeb\
\x0ebv\xdd2\xcf\x80\xa2-\x05\xc7E\x83\x9f\xfd{\
\x0a\x82\xd8;\x97\xdb\x14\xc4\xf7\xbff{\x97\x5c\xb0\xf0\
}\xe1\x8e^;\xe2\x02\x89\x98\xa0\xb7\xe86(\x11 \
E.7d\x1b[\x02\xb9\xe5\xda\x0d\xbd\x0a\xb4m\xa1\
\xd7\x96\x81U.\x87\xc6\xe7\x9e\xdc\xbc\xd1\x00\xba\xfd\x1b\
L\x90\xb3\xcd\x98H3\x0d2W\xaaXDE\xf9\xca\
\x81%\xfd\x0f7\xc7d\xedb\xb1\xb4\xf8\xab{\x9f\xb9\
\xadu\x9c\x08\x08\x88\xc6l\xc9\x0d\xb0,\xf1\xd5\x84|\
<\xd2\x9c\x1d\x8dG\xd8\x9a\x8c%m1_\xdbu-\
\xe6M\x83\xf9|\x8e\xb6i$\xe6~\x07\x100\x96\xf8\
\xfc!\x1a7\x06x\xcf\x11\xf9\x9cs\xa8\xab\x0a\xd3\xee\
\xfe\xb1\xc6\xf3\xa1\xc9E\x5c\xbb\xfb\xb3\xa8\xc3\x8f\xe1\xae\
\x07\x00\xdd\xd2u\x94\x01\x042\xfd\xdc\xf3\xda\x7f6|\
\xb4\xc1D\xc0\xb8\xd6\x1e\x10\xf2\x8c\x9c>J%r\xe9\
K\x08\x017w\xdf\xc4\x8d\xdd7p\xf1\xf4f\xf3\xeb\
\xe2\xe9\xab\xb8\xf0\xd0\x13\xb8q\xff\xcd\xaccY\xfb\xa5\
\x0fq\x0c\x8c\x19^\xebQ2D%~O\x15\xf6@\
\x86\x5cJ)#\xa11\x16_\xbcrf\xa5\x9bd\xe3\
<\xbesm7\x1b\x9bP<C7\x8e\xbe\x8d\xd4\xd1\
\x0b\x81]j\x07\xc4\x1d\xf9^\x14\x8f\x05\xa4\xc0!\x94\
\x8e\xe5m\x83\x02\xab\x90c,\xe9\xc7!\xad\x19\xe05\
>\xa8R!v\xf9WC\xac\x1ft)\x11\xde\xe2\xb9\
\x13-=\x9d\xfb\xc2\xf1\xe2\xe1\xc3\x84r\x81\xe8\xcb\xc6\
\xa5\x9c\x9e\xe9\xd7/\xe7\xfa@\x22\xb7\xb8_\x14\xc9\x0b\
\xb1\xd0P\xb0\xde\x0f\xac\xfb\xfe\x86\xb8\xfa|Y\x16V\
\xd4BI\xc63C\xf0a\xd3\xa2\x01\x80|1\xe6\x94\
})\xe8X\xfe\xdc\xc5\xfd\xbdw\x5c`A\xf6\x8ay\
\xa1\x07\x8c\xceo\xee\xfe\x07\x00\xed\xee\x0d\x04\xd7\xc1R\
\x05CJ\xa8\x8c\x10(D\xce^7b\xef9\x80R\
\x900\xc4\x90>\xf3Ta\xa3<6FN\x01q\xb4\
\xffDi\xe3W/\x00\x15\xff\xf77\x22\x15\x91\x92\xdc\
\xa0\xa01\x893\xd9\xf0m4\x1e\xa3\xae\xab\x98\x8e\x96\
\x0cE\x83L\x1f<\xba\xd6\xb1zC\x88O]\x8fb\
,}\xef\xf9\x85\xa8$\x02\x04\xcc\xdd\xf1<\x01\xcel\
=*\x92\x08\x0f\xd7\xb9\xcc\xe7\xbe/\x81\xca\xc5\xf5\xba\
n\x921\x9b\x12\x88\x05\x95\x01BL\xab\xad\xf6\x00j\
\xfd\xdeO\xa9<X\xb2\xc9\xe6\x8b\x01\x97f\x854\xf6\
?{\xf7\x1f6\x06\x00\x00\xf0\xc2\xe5\xaf\xe0\xe6\xee\xbf\
]\xd9\x16\xea\xfdi\x1b\xf2\xa6r\x1e\x91%\xb2\xeb\xe1\
j\xa5n\x1e\x9f\xed\xda\xe2\xd3\x8f\xaev\xfd\xfb\xce\xbb\
\xbb\x98j\xca\xdf\x1e\x15\x0d\x8b\x13ss\x0c\x10\xe7s\
\x09,\x8a\xcf\xbc\x88\x04\x80r\xc3\xc1\xcc%6]\xc3\
\x9f\x8c)r\xb5k\xbe\x17-\x09\x10w\x88\x0d\xd6\xf0\
}\xc7/\x1c\x09\xf0\x18\xa2\xd7\xdf\x84\xb2n\xdfJ\xb7\
\xbcc\x94C\xe0\x1c\x0d]\xd3\x97\x04\xf4&|\xde\xb2\
\x85\x16\x86L\xb7\xddW\x17d6\x06\xf95\x00\xd8\x80\
\xc7\x18\x00&_k\xc3\xcfX(=\x98\x9b\x1d>\xec\
\xee\x071\x91\x81\x90\x8c\xdd\xe4w\xe2^\xd33\xd7a\
\xd0V]\x93\x9f\xd3\xef\xf5\xa9G7j\xb1\x96v\xef\
:\x8csE\x90\x95\x10\x1c\xe0e\x03\xcd\xfc\xe8\x93\x0a\
 \xb0u\x7f$b!\x81\x01\xd8xL\xb7J\x0d\x16\
dX\xa6]\xc4\x01\xe0?6.\x5cw|\xd4\x82\x9f\
U\x00&\x85\x17&\xb0\x8b\x9dMV\xe2\x80\x8bmw\
\xce\xa1\xaeY\xd5\xc0\xdc\xb9\x93\xc0G\xdc\xce\xae\xeb0\
\xeb\xee\x1dk<OO.`<\x1e\xa7dC>\x81\
\xb7\xb4\xbc\xca9\xa8\x04\xcb\x1a\x89Nh\xf2\xcd\x9e\xbd\
\x164\xedo\x08\x12\x8a\xd9s\x86:\xbe\xb6\x17\xc1\xf1\
\x90\xf1\x93V\xac8\xcf\x17\xbdw\xef\x15\xdc;x\x1f\
g\xb67\x9bc\x97\xcf>\x8f3\xdb\x8f\xe0\xde\xc1\xf5\
\x85\xb6%IS\xe2\xd4U:\x13/-\x9a8\xd0\xb7\
e\xddU@a88\xd4\xe7\x1f?\x83\xda.\x1f\x9b\
\xce\x07|\xf3\x9d\xfb\xb1\xc2\xc8p/<\xeb$\xd8e\
\xd9M\xf3>.\xdd\x5c\x85\x98\xc7Dj\xbd\xeb\x8b\xb6\
I\xf3\xe4\x82\x01\x16\xa4\x94h\xac8VV}\xd8\x9c\
\xda\x9cfeF\x80'S~\x93\x81\xc4q\xc9?\x0d\
M\x8c5\x9e\x99~\xd0\xe2\xf1\x1e8\x8b:\xdf> \
\xce%\x0aC\xf5\xc4\xdf\x91\x22\x16R\x83\xc5f\xf7\xdc\
\xf5\x16\xea@B\xcc\xf1\x8e%\xecuYmq\xc9\x89\
A\x81\x80\xc2\x00+'\xfe+\xc5@'P\xec\xf6\xd9\
\x8d\xef\x0d\xbe\x83\x9f\xed\x02\xc6\xc0;B\xc8\x5c\xa9\xbc\
\xf7\x80\x91\xcdXd\xf4\xfco\xb2\xe8'p\xc4\xbf\xa0\
`\x80\x0c\x82w\xf0`=\xac1\x04N\x01\x9f\x1b\x00\
\x8a\xf4\x87La\x01_\xee\x03\xe5\xe0\xa5\xf9\xc6\xc7\xc8\
\x10\xeaQ\xcd\x9c?e\xf1\xf05\xdd2\xb1\xbf\x7f\x08\
5B\xa8Q\x89\x8b`]\xd5\x11\x0c\x04!\xd0\xce;\
t]\xcbR\x02\x1fp\xd0\x1eO\x050\xb6\xa7P\x8f\
jx\xef\x10\xc0\x91\x06c\xc6\xc3\x5ceR`\xed\x14\
\xf6\xb7\xaa8\xd8M\xf0\x0cX80\x13s\xc0\xb1\x8f\
\x12\x5c\x08\xde\xc1\x93\x89n\x8c\xeb\x94\x18|I\xc63\
\xe7\xf8\xf3\xb1f\xb0\x11\xf0\xf2\xbb\xdf\xc0\xe7\x9f\xf9\xb3\
\x8d\xc7\xe3\x85K_\xc1\xb7\x7f\xf9\x7feu\xa6\xfa\xf9\
3~\x89\xfd\x8c\x8c\xc3\x91\x01\xb3\xcc\xd1\x08,\x0d&\
\xa3\x1a\x9f\xbf\xbc:\xcb\xe1\xf7\xaf\xefa\xb7\xc9\xdd\xec\
\x90ID2\xe4&\x9b\xdfI,\xe7X\x07\xa5\x0d\xa2\
/\xbe\xe7\xd3\xb9$\x02\x8b\x17,\xa98\x97\xc0\x9eH\
;\x97m\xae\xc7 \xe0\xa2\x02\xf8O[\x020Tr\
\x02{bu\x1e\xb9*Z\xf1+\x1d\xcb\xadt\x93~\
\xadwa_6\x1d\xdb\x94&!e\x13]\xcfE\x1b\
\x80\x02P\x1c\xce\x02G\xf0\x1c\xbf$5C\xc1<,\
\xe8]W\xfe\xdc\xf8u(\xa7\xd6\xaf8v\xb9\xcf\xd1\
\x0c\xa1\x90\x9c\xbb_@\xe9\xc3\x8b\xd8\x8eN\x81\xec\xea\
\xa0&\xab\x8ao\xf6\x13\xf1\xf4\x0e\xce\x11xY\x22\x82\
\x00\xe5\x8eS,\x00\xb1\x03\x08A\xec\x04\xd8\x03\xc2;\
\x91\x00d\xaf\x99\x00Ia\x0b@\xdd\x00\xadAm-\
Z\x9b\xb8xo\x0c\x9cL\x1d+\xdc{'\x06|@\
\xf9^4\xdf@Uq@\x1d2\x80\x0f\x0e]\xd3\xc2\
;v\xbfL\xf1\xff\xf9\xd9LX\xeb,z\xa1\x93\x8c\
s>\x8eo\x08,\xb2\x9f\xcev\xa1\xa1\x8f7)D\
\x06\x93z\x07]\xd7a$\x92\x0f\xcef\x07Q\x9b\xe8\
\xb8\xe9\xba\x90\xfb\x0c\xffAlG\x9cX\xf6\x87\x00T\
6\x92\x08h\x5c\x00\x90\xd8\x17\x10g\xd5#g\x0eM\
\x06D`\x0f\x0dDCB\x14z\xf1\xf8\xfat=\x85\
\x80\xb7\xef\xfe\x18/\xce\x7f\x1f;\xe3\xcd\x80\xe6\xd5\x87\
_\xc4\x8f\xde\xf9[\x1c4w\xb3\x17\xa9*\x8dr\x7f\
\xf1\x91\xf0/\xd2\x84e8:_>\xeaAa$\xe3\
\xa41\x06\x9fy\xec\x14\xb6\xaa\xe5\xef2\x00\xf8\xc6\xdb\
\xf7c\xdbJ\xd5\xcb@\xd1DY\xc7\xd9\xbb\xb3\xfee\
\x98\x10\x11#\x0e\xdf\x04\xdd(\x87\x9b\xa6\x9b3_\x1b\
\xb2\xdb\xd2\x97U`\xe0\x83\xa7\xc2\x95f\x05\xfbO\x0f\
\x00\x0c\x0f\xf6B?\x17.\xd9\x0c\xad\xad\x1e\xc3e\xc8\
m\xe8PA\x85\x92\xba\x80\xc4S[D\xec\xc9\x97U\
\x16\xcc\x80\x0e\xab\xa8>\xe3\xf8\x95{\x8cDe\x09\x00\
\x5c\xb6\xbe\x8a\xe3\xa1<\x98\x8b/S\xc4\xf8\xf5\xc7t\
\xd3yHEcR\x0b\xf4\xa3O\xffSQ\x91D>\
\xee\x19G\x1c\xb2\x0db`\xd5W;\x9b\xbb\xff\x01@\
\x98\xef\xc7\xad\x22\x8a\xac\xc9\xc5t\xbd*6\x0f\xe2J\
\x17\xe3\xd4g\xea\x1d\x22Be-\x1cQ\x22@!D\
\xb5d$0!y}\xd8\xca\xa2\xae*\xec\xec\xec\xc0\
{\x8f\x03S\xc3\x99\xc5\x10\xcf}\xfb\x12\xd6 X\x8c\
F\x9c\xe4\xa7\xae9x\x8e\xf7>\x86\xf7U\xa0R\x89\
w@\xf4\xad\x17iC\x08\x1e\xbe\xf5=\xf7:\x9e\x9f\
m\xd7\x22\xc0\xa3\xf53\x8c\xecfY\xf1\x00`d\xb6\
@t\x17u\x9d$\x0e\xdaN\xcd\xe6\xe7\x04\xac\x00\xbc\
\xeer5\x05\x83\xb12fA\x9a=\x01\xf9LJ\x06\
|~9\xd1\xca\x0aKF\x16\x83\xdc\xe4\xbf5q\x8f\
\x02\xdbW\xde\xff&>u\xf5O6\x1a\x0b\x22\x83\x0f\
_\xfa\x12\xbe\xf7\xe6_\xcao\xee\xb1\x9c\xcd@e\xe9\
(\xdb[\xda\xd9\xc1EQ'\x11RL\x00\x09\x12d\
\x88\x8d(\xbfpy\xb5\xee\xff\xa77\x0fpkVz\
_\xa8\xd1a\xc8\x9b\xaa{\xd81\x89\x95\xec|\xf20\
\xa97g\x83W\xbe\xc3\xb4\xcf-0\x051\xba#e\
W\x97\x94\xe1\x01\x0a\x22\xd3|9BI\xc9\x80\x1eH\
\x93>\xa02\xa4+Z\x8a\x1e\x97\xff<\xae`)y\
\xb9\x87\xe2Xa\x10\x92\x97!nTE\xacK\xda\x19\
\x09]\xbe\x0eByM~\x8f\x82\x83\xc4\xa8\xf3\x86\xc2\
\xf9\xeb\xe5:\xa2\x9e\x0dJ\x92\x83\xe5\xe4\xbbO'\xf9\
\xde\xc5n\xe9\xf2J\xd2\xb2$\x95\xc8\x1f\xb3X\xf7\xf1\
f\xe1\xa2\xe8\xae\xf8\x95\xb3W\x037\xeb=\xbc!r\
<}>\xa8\x11\xec\x16\xb7=\xa0\xda>w\xac6\xfb\
f/r\xf8\x10\xbdr \x8d\xcc'\xe1f\x9d\x13\xd7\
=\x0fT6r\xc6$\x22i\xd5\xdd\x1aCp\x8e\x22\
\xd7J\xc5\x5cR\x83B6\xfe\xab\xadE\x18\x8fq\xe1\
\xc2\x05V\x03\xb8{\xe8$-\xaf\x0f\x9a\xd7>\xe7\xfe\
\x93q\x1fG\xfd\xd3\x88\x7f\x16\xea\xbf\xdf\xb6-\x9af\
\x0ec-l\xcb\x00\xa6\x16\xae_\x01\x8d!\x82\xf7\xfc\
\xe69\xaaa\x17#\xf4q\xd0\x1d\x07\xef\x09\x8d\x9b\x1e\
\x0b\x00\xd4v'\x02\x96\xd1\x88\xa5\x1cU\xcd\xc9g\x9a\
y\x83\xe9t\x8a\xa6i\x8a9B\xd9\xfbv\x0a\xc6$\
\xa1R|G\xbd5\xde\x97\xaa\xadS\x16\xedQH\x98\
\xcbT\x17\x85\x14U\xd0\xfb\x807\xef|\x0f\x1f\xb9\xfc\
\xbb\x18W\x9b\x8d\xc9\x87.\xfc\x16^~\xf7\xef0\xef\
\x0e\xca5H\x99\x04@&\xc8\x22!\xe9\xfd\xee-4\
\x05O\xc6\x1a~\xf7\xc6Fu\xc8\x8b\x0fO\xf0\xd0h\
uH\xe3\xbf\x7f{\x17D\x1a\x0c\x0a\x00\x02|\xc8\xda\
\x95\x8d\xf9\xc9\x10P\x0dz\xd5\x03\x01\xf1\xf4\xe2>4\
\xe4\xad\x95\xc7\xe7P\x86,7\xb8.T\x17\xb1\x8e\xec\
\xfe\x13R\x11d\x15\x1e\x19aT\xeb\x1a\xae|\xe0\xe5\
8c\xb2\xe2\xde\x05\x22Y \x80\xe3B!\xe5&\xfa\
\xcf\x1c\xaes\xf9\xb0+\xd1N\x88\xb2\x08\xf3\xab\x0f\xc9\
CV\xeaSzT\x95c\xc6\x84\xe2\xbc\x1ad\x17*\
\x80\x85\xb6\x94\xdct\x9a#Cdp\xb8\x94\xf4W\x80\
P\x0f\x01\x98bA\xe0Xs1\x82#\xf9\xd5\xaf)\
\xba\xf3\xf6\x81\x81|\xc4\x8d\xacgt\x070`\xd2T\
C\xe9N\x82=&\x00\x08\xcd~\x0c\xe8Cj\xd9\xef\
:\x10$\x1f\x80\x18\xd4\x05\xe7\xe4\x1c`\xac\x8c\x93\x02\
\xbb\x10X|\xad\x22\xf3\xc0q\x10\xf3\x0d\xd4\x88\x94\xa0\
\x92\xe8x\xb0,\x8a\xbep\xe1\x02\xc7\xed\x9f\xdd\xc7\xbc\
\x9b\xa0m\x99\x18{\xe7\x10\x82)6'\x028\x9a^\
e\xc4\xe7?\xd9*t]\x07\xe7;\xf6\xb5'\xa0m\
[\x18\xcbR\x06Uq\x18\xcdM \xcdrb\x00\x18\
\xd4\x18\xd0\xb98\xbe\xad\x9f\x1ek\x5c\xc7\xd5)\x06'\
>I<*5\xee\x0b\x1a\xdf\xdf-\xb8\xa5\xf9\x10\x00\
\xdf\xf1\x98R\x9e\x09\xaf\xe7/\xaf\x900\x0f\xdb\xa9\x83\
tH\xf1\xe2\xed\x90\xaf\xa9\x98\xa6:\x07m\x22\xa66\
\x96\xa5&\xaf\xdex\x09\x1f\xbd\xf4{\x1b\x8d\x8755\
\x9ey\xe4\xf3\xf8\xc9\xb5\xffPh\x01\xd4\xf54y\x82\
\x98t.\x1f\x9b^\xff\x22\xf1\xd2\xc3\xc6\xa6\xfb\x8d\x89\
\x1c\xf6\x97\xaf\xac\x0e\xe8\xf4\xcb\xbbs\x5c\xdboS\xc5\
\x0a\x02\xa8$\xd2\xab\xdc\xa57)\xda\xdf\xe27?\xa8\
\xe8j\x90c\xab\x9eK\x03\xf5\xb0\xe4\x82\x16\xae\xcb\xb7\
?\xdd\x8a\xfa\xc77-C\xcf<\xacTD\xa5@\xe8\
\x81\x95\x07)\xfb\xc8\xcb!\x1dYj\xed \x9b\xe9q\
\xc7a\x80\xec,\x5c\xb1\xecT\xb1\xde\x02\xc0\xae'\x8b\
\xc6Y\xc5\x1b\xcb@&\xa5C\xc5\x97\xa2\x8e\xecd\xe2\
v\xcd\xa1\xd9 \xcb^\xad\xf12\x07\x06\xb2$\xbe\x0a\
^\xca\xc5s\x9c\xf5]\xaa\x1f\xca\xfa5\x9b]Xb\
\xa9\xa9\xd7\x1b\xc3\x96\xe0\xc6\x1a\x10H\x8c\xda\x08\xbe\xd0\
\x07d\xd7\x8fW\x8b7\x0f-\xedAJ\xdaS\x14q\
\xe1#\x0d?K\x12\x865\x00\x22\x1e&\x93f,I\
\x94:\x83\x00O\xec.\xaa\x80\x8a\xf5\xfa\x12\xa8\x87(\
nh\xd6\x18lmq`\x96Y}\x1a\x93\xe9\x04U\
%\xdc\xb8\xa4\xb9\xcd\xc3\xe0\xaaX\xbf\xae\xd9\xa8\x8f\x0c\
\xc1I\x8e\x81\xa6m\xd0u\x1d\x8b\x82E\x1a\xa1<[\
\xfc\xcf{\x04\xd5\xbd#\xc0;\x06\x0em\xdb\xa0i\x1b\
8\xef\xe2\xae\xd8\xb9\xd9\xb1\x86\xb5\xc2\x18j\x85\x0e\x00\
\xdey\xcc\xdc4~\x0f\xc1\x97v\x00@\x94|81\
\x1e$C\xe9/\x9bG\xd1\xf3B@\xe3Q\xc4\xd2\x01\
,\xde\x8f\x00_J\x22\x1c\x92R[\xa6[>/^\
\xbb\xf5]<\xff\xe8\x97Q\x99\xcdlN\x9ey\xe4\xb7\
\xf1\xf3\xf7\xbf\x81\xce7\xb1\xfd@n\x94\xa8f\xa5A\
\x08p\x8e\x14t\xae)\xfc!\x11\xfb'u\x0fe\x00\
\x22\x84\x80\x0f\x9f\x9b\xe0\xc2V\xb5\xb2M\x7f\xff\xcen\
\x06\xa82\x22\xd6\x93\x18\xc6\xb4\xc0!\x8d\xd1\xc6\xbb5\
!\xc5\xa2X8\x97\x8c\xacCv\xfdB\x05\x87\xec\x81\
K[\x16V\xfe\xfc\xc0KL\x07\xbcQy\xc0\xad?\
9\xc1\xc4\x8a\x8a\xfa\xd4\xf2\x18\x9dZ\xa2I_\xfa\xab\
/\x0e\x1f\xba\xae_'\xe9\xb1|\x0e\x0aXP\x8b\xbc\
\xc1\xf9Z<4\xcdn\xb6\x01\xf1G\x9a\x03\xcb\xde\xcb\
\x80\x0d^v\x0f\xb7\xb94*\xa3\x8cH\xa9\x90\xfd8\
\xe3_\xb4\x06\x0bs{\xc5\xba\xd5vh\x88\x5c\xfd3\
\x9e\x84h\x09\x01\x0e\xe5\xf5\xc71\x00\xe4f\xb6)\x87\
\xc1\x00x\xf4\xde%\xce\xdb\x98\x14\x97]\xb9CC)\
\xa2\xa3\xf4Q\xc3\x0aG\x10\x04\x16\xfb\xb3\xca\xa0C\xf0\
2O\x880\x9f\xcf9\xcdk\xa5\xd9\xde\x8c\xb8\xb81\
q\xee\xba.r\xf8! \xea\xf55\xd1P\xe7\xd8\x82\
\xbf\xeb8\xda\x9e1\xec^\xa8\x84SC\x1a\x07\x048\
\xdf\xc1w\x12\x90\xc8uh\xbb\x06\xf3f\x86\xf9\xbc\x89\
\x91\x00\x01 \x04\x8f\xce\xb7\xc7\x1cW\x8e.h,g\
\x1at\xcea6\x9f\x17\xa9\x95cr\xa2\xf8\xdc\x144\
(q\xc5\xfc\x1et\xf2\x94\xf3\xb4\x14\xe5\xaf/\xc9\x0d\
B`B~\xa8\x04\xf0q\x9e\xa59\xd1\x84)^\xbf\
\xf5\x8fx\xf6\xe2f\xa9\x82Gv\x82\xa7/~\x06\xaf\
\x5c\xfff\x14\xb5+\x07\x1a\xc1\x12\x01\x8b\xa6\xff\x94-\
\xae\x04\xb0U\xa5c\x8cdW\x8cb|n\xfcW\x0e\
\xd1\xfd_\xdbk\xf1\xea\xdd9\xa0 \x0a:\xd2\xca\xd1\
\xa4q\x88\xfb\x1b!\xbd\x8ec\x14\x06\x14\xfaN\x07\xde\
\xe1\xb2\x8d\x1aH`\xa8h\xf3:\xcf\x5c\xf3\xc2\xfcQ\
\x03\x8f?\xc9\xc2\xa1\x80\xf3\x8d\xf2A>\xedW\xacj\
\xc8\x99\xe0\x85\x96\x1c\xb3\xdf\x0bx4\xb7\xca?\xa4=\
\xfd6PQ\x19O\xfc\xb4\xfe\x02\x12\xc3\x91Y\xb2*\
2\x1ez\x9eJ)\x95{\x89\x5c,\x92\x0a o\xd0\
\xe0Xd7-\xebO~\xbf\x0crRcd\xcf\x8b\
\x1bkj?\xa9\x8a`y\xf5+\x0b\x0fY\x89@b\
\xc2\xb5\xd8\xee<\xce>\xb2\xcdE\xdb\xa57\x87\xf4>\
EB\xc29\x97\x09\x1c\x9e<\x85;&[o\xd8b\
}T\x0e\xbeJ1g\xe4L\xbd\x87\x81Jk\x98@\
\xf2\xa6ee|\x93q\x1fG\xf5\x0b\xa0\xa8g\xe7\xc9\
b41O\x17\x22\xa1\x03\x80;w\xee\xa0\xaek4\
\xbe\x11\xae\xd8\xa02\x06\x10=?g\xbbs\xe8\xdaN\
\xc4\xfa\x14\x03\xfex\xb1\xb0Wn\xd9\xa2\x14\xf1\xab\xb4\
!\x84\x00x\xcf^\x06\x1d\xd7\xc3\xf6\x02\x8d\xb8\xe8\xa5\
`=$ \xd1\x1d\x1b\x00\x18\xb4m\x8b\x91\xcc7\xef\
=\x5c\xd7\xa1\xed\xda8\xd4\xfd\x048\xb1H\x1fHX\
A\x1eC\x9f\x80\xf6\x92r\x94\xed\xad\x94\xae\x0fQ\x1d\
9\xd7C\x15\xaf\x5c\xff&\x9e\xbe\xb0y\xaa\xe0g\x1f\
\xf9\x22^\xbd\xf1mx8\xa4N\xea\x9c\x93\xbfC\xfa\
\x11%\x87&\xe5L0\xd1c\x83o~\xf2t\x8d\xc7\
O\xaf^\x1b\x7f\xff\xce^o\xd0\x06l\xa5H\xf7\xb6\
\x8c\x14\x1e[d\x9e\xaf8aL\x80\xe5\x08n\xd9\x8b\
\xa5\x04\x5c\xfa\xd7\x14\xaa\xb3\xfc\xba#7\x95\x96\xb7\xeb\
\xd8\x85\x92\x04`\xdddp\xe5\xfd\xbfZ\x82~h\xe9\
\xbd\x84\xf8}\xe8\xdax~\xf3>\xf5A\xe3\x91\xf5U\
\x0bs\x9f\x0a\xce\xa0_\x9d\x12T~`\xa4\xf2\x19X\
\xc8P\xaar.>\xc4\x90\xb8\xb9\x0d@\xf1\xec5\x9a\
\xbdxIv\xa4\x98LiQ\xf3\x1eCe\xbbQ\x5c\
z\xbcB\x8b_I\x9f\x9b\xd1\xfc\xc8D\xc4qM\xed\
3\x14b\x1c}\xbeW\x08\x1c1\x17\xed{\xef\xc3\x1c\
W\x02 \xfaf\xad\x90b+s\x0c\xe8\x99k7\x19\
X\x0b\x81\xc1\x83\xbc\xc3  &\xe6\x0f\xa0\xcc\x9f\x5c\
\x8c\xd8B\xf0\x1c\x1d\xcf9\xb8\xae\x83\x0f\x1e\xef\xbd\xf7\
\x1e\xc6\xe31\xe6\xa3{h\xeb\x06\xb6\xaa\xa25\xb7\xb5\
\x16\x96,F\xa3\x11\xc2$\xa0m\x1a\xb4]\x17\xb3\x0c\
*\x17h-\xeb\xda=9I\x95+\x99\xdc$\xee\x00\
Oc\x16\xf9\xbb\xae\xc3\xbci\xd0\xcc\xe7h\xdbV8\
\x7f\x9f\xbd \x92\xb0\xc0\xdd\xb1\x86\xd5\x90E\xe7:T\
\x9e\xb9\xd3\xf8\x8c\x8c\xe8\xab(9\x07\x85i\xae\x8a$\
H\xb8\xe2h%\xef\xd5\x05p\xe0\xa1kn\xd4\x0av\
\xe3\xef\xb5\xf7\x9c\x80i{\x1fo\xdd\xfe\x01\x9e|\xf8\
\xb7\xd6\xbc\xa7,[\xf5i\x5c}\xf8\x13x\xfd\xd6?\
I[zk\xf1\x90=\xcb\xe4\x84\xbf\xb2\x92e\x91-\
yT:E\x00~\xe7\xcaj\xee\xff\xd6\xac\xc3\x8fo\
M\x8bQ\x00\xd2\xb8\x94;HFdW\x89M\xd7-\
\x94\xf6g\xc6x\xab\x99\xb5\xc3\x9d\x02(k5\x15\xc7\
\xf9h\x00\xa8\xefI\x92W\xb0\xfc\x01aE\xbbN\xa2\
\xa4P\xc0\xbf\xee\xc4\x5c\xcb&h('\x92\x1fP?\
\x97\x8d\xe7\xd2\xa7/\x9c\xa0\xf4\xaf\x1a\xa1\xc4\xe6\x8b8\
\xac\xb7|\xfa\x13\x99\xe2\x0d21\xc30\xafA\xa4A\
.\x81\xe5\x93q\x80;)\xce\xac~/\x19c8X\
\xe3J\x04\xbefQ\xa2\xdd\xab\x15\x80\x12\xc0\xb4T\xfb\
\xcf'\x02\x03#E\xeb\x1aTG\x81SOu\x11\xcb\
q%\x00\x9e\xad\xed\x0bk\xf2,)\x8c\xfc/\xd7\x82\
\xb9{@\xda\xc6\xbe\xf2dLfL\xa9\xa4M\x090\
\x93\xb8<9\x90\xfa\xb1{\xe71\x9b\xcd0\x9f\xcf\xd1\
\x8cw1\xdd\x9e\xc5\x88~u\xcd~\xfb\xea\xea\xc7\xa2\
}\x03\xdb\xb1\xc1V\xcch\x07\x95H\x04\x181\xa2\xd5\
\x98\x06M\xdb\x8a*\x80\xaf\xed\xba\x0eM3\xc7|6\
\xc7\xbcQ\xb1?\xa4\xff\x99\x14+p\x5c\x81\xe3\x14C\
U\xb4\xe6W#+c\x0d\xfb\xeagR\xb0$\x19\xca\
\xd6\x1b2\xb0\xaaDB\xc7\x96\xd2\x87^\x9c\xc4\xc6\x87\
\xef-\xf1\xbe\x5cX\xd5\xaf\x07\x8b\xe7\xf2\xf2\xf3\xeb\xdf\
\xc0\xd5\x87?u\x04\xe0P\x96\xe7\x1e\xf92\xde\xbc\xfd\
\xbd\x02\xc8\xb0\x0a@\xc2Og\x84+\xf7\x08 0\x08\
5\xd6\xc6\xf9\xa0\x92\x83d\xb3\x00<\xb2]\xe1\xd9\xb3\
\xe3\x95m\xf8\xfa;\xfb\x9c\xd6:\xe8\x93t\xab\x92\xe7\
Qz\x1fqX\x02\xc4\x86\xe7\xf8%\xda*\xe8\xb3z\
\xd5\x16\x9e[+\x9f\x99\xbd\x83BuB\xe9e\xe7\xdc\
\xc6\xd0\x5c96\xe3C\xc3\x93g\x8dR\x11\x11\xadJ\
\xd0\xf0\x81\x94\x07&\xe2\x18\xa8\xff\x10\x8b\xce\xe3\x94~\
\xad*\x96\x1d\x8a\xc5\x1f\xdb\xa5\x13}a\x08\xfa\x5ca\
\xdc\xab\xca\x87\x85r\xb1\xe81\x1aZ@\xb2\x9c\xb5D\
kwx\x1c>\x0b\x17\xcf\xf7A\xc4bx\xd5D\x94\
\xf2L\x80\xa4\xed \x8a\x1b\x0c\x85\xb0V\xd4\xb1U\x85\
\xf2/\xf28\x06\x1e!\x1e\x8f\xc3\xa7\xe7e\xa1\xc6\xf6\
\xa9\xd5\x7f\x00\x13\x5c!\xa8\xc3\xc0\x02\xc7W\x01\xf8\x0e\
\x89\xd0\xe7\xd4>\xa4\x11#\xe2\x8dQ\xf6\x94@\x04\x0b\
\xb0mB`\xc3?6\xe4J\xc4X\xe3\xdc\x13\x85\x8c\
\xc0\xf0\xf7J\xdc\xf2\x9c18u\xea\x14\xa6\xd3)\x9c\
sh\xdb\x06m\xcb\xf3\xa2\xed*\xd4U\xcbj\x00?\
\x8aV\xff\xb6\xaa82\x9e\xba\xf4\x11`<\x8b\x81\xb3\
\x10\x04\xe8:'.\x8a\xc9\x80\xaei\x1a\xccf34\
M\x13\xd3\xff\xe6%\x17\xc2\x1d\x17\x00XS\xf3\x18\x06\
\x0f\x1f(\x0b{Lp*\xfd\x96q\xd6g\xf6\x8b\x82\
\xed\xb0\xb0\xc1\x86\x02\x7f\x1f};\x19\xce\xbaX\xbe\xa7\
%\x95\x12a\xaf\xb9\x85w\xef\xbd\x8c\xcbg>r\xd4\
\x07\x03\x00N\x8f\x1f\xc6\xa53/\xe0\xda\xfd\x97\xcb\xd8\
\x12\x91\x0bO\xdc1\x1fU)\xa1\x00?b\x97N\x9f\
\x01\xea\xe4\x0cA\xf8\x9d\xcb;+\x9f\xbf\xdbx|\xef\
\xe6\x94\x9f\xa7\x92*]\x9b\x02\x02\xb4\xb6b\xe5ev\
N\xa9\xbd\x9b\x95\x1cp\xa4\xaa\xb2\xe7\x85b\x95\x0fW\
\xd2\x9f\x17\xcb\x9as\x98\x84\xe5$\xe8\xd1\x86uT\xd4\
'\x1e'U\x1e4Q\xdf\xb4<h\xb0\x13z\xd3F\
E\xf2=7\x96h\x0c\xb7\xa4\x9a$\x96\xce\xf5\xff\x8b\
W/\x13\xdf%\xb0\x90='\xe4\x82GY\xee\xb4\xcc\
\x0d\xf0\xa8\xa5\xbf\xa9eTX\x9a\x11E\xe7\x05\xc7\x95\
\x8fW\x00\xb0\xe1\xbc\xa1\xde\xf0d\xeb:\x820dk\
6\xa1\xa5\x8c\xf7K\xe8\x8a7\xe1\x5c\x9d\x82\x85\xf3\xc0\
\xf1\x01\x80w\x9d\x88\x95\xcbR\x18E\x11\x15\x9f\x9cx\
\x86@A\xb8Y\xa4\xfc\xf2\x8c_B\xfc#2\xd1\x00\
\x10r\xafv\xde\x1a\xc2\xd9\xb3\x1c]n\xd6\xb1\xdf\xb9\
\x0f\x12\x01\xaf\xf5p]\x8b\xa6\x9d\xa3ij\x8c'\x13\
\x8cG#I\x86\x03P\xf0\xe2\xfa\xa5\xadd;\x80 \
\x12\x06\x1f<,\x19\xf1\x12h\xe0C\x10\x9d\x7f\xc3\xb6\
\x08\xd9\xbb.^\x87\x8eKX\x1dQ\xef\xb0b\xc8\xa6\
9A\x88\x22\xfd\xd8V \x9f\x9a\xd91Q\xff\x88\xe8\
\x9f\x19\xc5\x10%TA}h\xd5\x10g\xa3}\xaew\
O\x8f\x90PzE\x03\x0c\x0b?\xf7\x95\x1b_\xdf\x18\
\x00\x00\xc0\xf3\x8f|\x05\xef\xde\xffi\x5c\x1f\xfc`\x14\
/\x82\xdfK2\x104\xc6\xc6\xec\x88ZX%\x96\x1c\
\x8d\xcf\x8d\x0d>rn5\xf7\xff\x0f\xef\xee\xa3\x8bB\
\x18\xcaVU\xfed=\x97\xa4.\x8a\xdaJ\xa6f\x93\
\xc2\x13#\x02\x0e\xe8z;\x84P\x0fV\x15+X\x04\
\x04\xfd\xf3\x1b7\xf7\xc1\xd1\xac\xaag\x02\xb8\xba\xfc\x9a\
\x12\xf5>Q]y<\xfd'\x06\x00\x00 \x00ID\
AT\xed1\xcf\xaf\xba\x8f\xd6\x19\x1f\x99(\xab\xa4.\
\xd1'7\x1d(\xef\x97c9MZZ\x1d\x11s\xd7\
=F'\xa2|\x8a\xf8\xfe\x84K(>\x0b\x11w\xbf\
\x89` n\x8e\xd9\x92!\xd3\xa0\xc8\xc5\xe4\x1d_\x80\
A|\x8cP.\xd6\x14\x86W\xafJ\x1cK\xac\xcf\x1f\
\x8fS\xa5\xc1M\xa3?\x0f\x85D\x05\x11\xc9*\xa7\xef\
\x01\x8f\x00\xd7\x81s\x08\x98\xd8\xca\xf8\x99T/!#\
\x82\x5c\x8c1\xd8\xde\xe6\xc02\xb3\xfd\x09\xf6\xa9B\x17\
\xad\xf19'\xbd\xef|\x0c\x0e\x14\xbcG=\xaaYj\
d\xadD\xd5\xeb\xa0F\x80P)\x0e)\xd0\x00\xab\x02\
\x04\x14\xb4\xe2\xea\x17z\x93\xb1\xc4mt\xe8\xfaX\xa7\
\x040\xc8\x88^\x08\x01E\x9e\x82\xbc\xe4\x9e\xa1<^\
\xe2\xe2f\x92\x84J\x09\xafR\x9fe\xa0\xfc\xf0f\x87\
\x92\xe0\xf2\xa1%\x9c\xe1\xd0qn\xc0\x9d\xe95\xdc\xd8\
{\x0d\x17O}\xe8\xb0\x07\x0e\x96s\xdb\x97q\xf1\xf4\
\x87pw\xbe\x97\x01\x8c\x84\x00\x22\xdb \x04_\xa3\xfb\
\xe5`$E3\xd4{\x02\xbe\xf4\xd8v\x8ck1T\
f\x9d\xc7\xb7\xdf?@n\xd4\xa7\xc0\xb6\x90\x04\xa4F\
\xf0\xd7\x1e0\xe933\xc7.\xb9\x88\xbe\x87\xb7\x8et\
?\xa5\xb1\x18:\xaf\xaa\xdc\xf5\xea\xcc\x9e\x7f\x08\xea\xd9\
t,2#\xc0_O\xe2\xbeV9\x84\x9b\x1e\xbav\
\xc5\x05\x1b7c} \x85\xc5M\xa8_W~M\xe8\
\x8b\xa0\xcb\xca\x22\x10\xc8@C\x9c7q\xa1\x88L+\
3\xd4\x89\xe8~\xe0\xf9'ZR\x03\x91T\x01!\x1b\
\x87\x1c\xecl\xfe\x88\x85[\xe3>\x9b\xdei\x12\xfd\xe5\
\xed\x926P\x88'\x94\xd8\xe6\x15\x11\xa9\x5c0\xe3^\
]\xb3Y\x83\xb5\xd8\xaa\xe4$\xfb\xc4\xa1\xec\x0a\x13(\
\x05n\x11\xafp|\xfb\xcaTl\xf0F\xac\xd2\xf1>\
q\xba\x09\xec\xe5\x1b,\x13\xa3\xc9d\x82m\xec\xa0\xee\
jPGQ<\xcfAo\xd4k\x80]\xf7\x8c3i\
\xe3'I\xc0\x14\x86\xda&\x96\xf7-\x03$\x0d\xc1\xcb\
\xf7\x95\xeb\xb5o\x9a\xc3\xf5lf\xe5\xae\xc5\x090\xcb\
]\x0b#\xf1\xef/\xf1\xfeX\x9b\x94!\x8f\x88\xdd,\
\x8bk\x87@\xc4\x80\x0al\xb8,\xa0\xbb\x85y\xb8\xba\
\xa4g\xbcr\xe3\xeb\x1b\x03\x80\xff\xbf\xbd/\x8b\x95\xec\
8\xcf\xfb\xeat\xf7\xdd\xe6\xcep6r\x86\xfb\x88\x94\
(\x99\x22E\xed\xa1d-\x96, 1\xe2\x05B\x9c\
\x07C\xf1C\x82\x18A\x12\x04\x01\x028\x0f\x8e\x8d$\
\x0e\x10\x046\x92\x18I\x80,H\x1e\xec\x87\xc4\xf0\x02\
\xc7\x80\x1dD\xb0%KQ(\x99T(\x93\x14%\x8a\
;9#\xce\xbe\xcf\x9d\xbbu\xf7\xf9\xf3P\xdb_u\
\xaa\xce\xa9\xb3\xf4\xbd\xdd}\xef\x07\xf4\xbd\xdd\xe7\xd4\xf2\
\xd7\xfa/\xf5W\x15\x00<r\xe7\xa7\xf0\xcc\x95\xffm\
\xfd9\x94\xe2a\xc9\x12\xd6\xd9/\xcb\xe0\x8b\xd8Z\x83\
\xd6\xcfV\x07\x19>x\xbc\x5c\xfb\x7f\xfa\xc2\x06\xb6\xa4\
k\x0a\xfc5?\xbe\x04f\x0e\xc7\xf1\xaa^?j\xcd\
\xad\x8c\xd2\xc8\xe6\x03\x9e\x89\x09W\x95\x933\x99\xb0\xa7\
1\x8e-L{'\x95\xc1L\x07\xa23\xff\x07\x8e>\
j\xf0\xadi\xc7t\x14#\xd2\xe8\x91`1\xc1\x9fk\
\xa4\xfe\x91\x92N\x93q\xed\xc5_~p\xf2#\x80;\
?\xb1@r\xa2\xa3BpM_\xf3\xcdyaZ\xcc\
\x11\xb5\xce\x7f\x04\xe7\xc66\x19\x19\xe6\xa7~;\xc3T\
\x14B\x06\xe2Xa\xc5n\x93\xd2\x0cEEh)\x00\
\x08\x91\xc9\xf2;\x0dZ\x08e4Ss\xcez/s\
\xe8\xd1\xcc\xaa\x97\x09\x102h_\x06@\xfaW\x08@\
if\x02P\xdb\x08\x090\x17\xfe\xf4{=\xf4\xa4g\
\x81\x5c\x0a\xc8\xdds\xed\xf5U\xbf\xda\xb9p<\xce\x0d\
mR\xd8`71\xaa\xaa\x22\x90:\x96X\x0a#\x85\
\xb3\xefyx]N\xb6\xb7\xbc\x0dr\x1a\x02\x02\xe6L\
\x82\x0c\xd6\x07\xc0s\x092\x96[-\xc0d\x990\x07\
A\x01\xa4\xb6P\xb2\xed\xb7\xc2\xed\x07zi\xa1\xae\xd5\
X\xc7go\x92\xe2\xe8x\x17\xd7\xde\xc0\xf5\x8ds8\
\xbc|wZ\xc6\x1e\xee\x5c}\x08\x87\x0f\xdc\x89\xe1\x9a\
\xea\xed\xce\xda\x03\xa4\xe6\xdf\xef\xa1\xd7\x1fH\x7f\x0f\xbd\
\x04B\x9c}Y\xc1\xe7\x93'W\xd0/Q\xffG9\
\xe1\xa9\xf3\x1bl>\xe1\x829\xb1'\x82=ge\xee\
\xc2\x9c\xee\xa7\xeb+\xe4\xc2\xce\xaeR \xe1\x93\x92'\
\xb0X\xefO\xf9W/52\xe1\xc2\xc4,\x08\x88\xf5\
f\xba\x1a*n-\xcc\xf1e@;\x0f\xc1\xfe\xd6\x8f\
\xc7`\xccj\xac\xd9\x8d\x95C\x00F\x13M\xcbQ+\
\x18\xa4\xb5\x5c&e\xcb\xf6/\x0e(G#\xeb\xc4\xd8\
\xa6\x18\xa9\xfa\xee\x0b\x01~\x9eMs\xf0a\x98\x9e\xa1\
\x80\xd7-\x9b\xec\x22\x83\xdc\x94\x9d\xdc\xb7\xc6r\xdfV\
\x00\xc8z%\xf5k\xebE\xb7\x95>\xac\xc7hd\x86\
\xd1+ZI\x9d`G\x02\x18+\xeb\x80\x10\x109\x90\
#s/\x06\x02a4\x92\xdb\xed$\x03'u\xaf\x80\
@>\x96\xeb\xf8\x99\x90\x87\x0aiF\xca\xa7~}\x9e\
\x80\xdd\xf6\xa7'q\x82Q&\x05\x18\x8dV\xfb\x07\xe0\
\x9a\xde\x95\xd4\xa5\xe3\xf4Z\x0b\x00#\xc3\xc8{\xbdL\
:+\xf6\x04\xc4X@\xe4\xcc\xb3]\xe5\xaf\xebEd\
Z\x98bm\xac\x9b\xc2\xd0N\x96\x09r\x89\xb1\xc90\
\xf1\xb6\xcc:\xaf\x02=\xdal]T\xaf^\xbb\xfc\x14\
>z\xff\xcf6\xc8X\xe2\xa1\x93\x1f\xc6\xcb\x17\xce\xc8\
\xfc\x04s\x00T\xa6\x7f}\xbb\x9f\x10\x02\x19\x11r}\
\xed4\x93\xac\x85\x10X\xea\x09|\xec\xae\xa5\xd2\xbc\x9e\
\xbd\xb4\x89\xdbC+(z#\xd0\xd1\x89m\xbd\xf3F\
`\xf0\x84\x95z\x10\x00\xf8\xb6<\xc1:\xa3\xefxX\
\x96L\xa0\x85\x04\x1b\xcd\xfe\x84\xe6XW\x9a[1\xda\
\xc4\xf5\xa1.\x03\xda9\xf6\xdf\xda\x8a1\xd5\x92J\xbd\
\xc2i\xc6\x1cfD,\x8c\xdf\xe4fp0\xf3\xbf\x17\
\x83\xa7\xa5'`\x01k\xbd\xb4\xe3kR>\x00>\xac\
\x96\xabi\xd6Z\xad\xa1\xa6hY\xad\x85\xa85E\xe5\
c\x1d\xb8\x8c\xfef\x18\x8f\x09\x1b\xb5\x0f\xf3mA,\
X\xdb\x03kJL\xdd\x02\xaa\x8e2\xbb\xf7Z{\xd5\
\xbbk\xb1\x8an\xdd\xceD\xd2IO\x9b\xda\x95\xc6\x8f\
\x9c\xa40 \xac0\xd6Sk\xf99\xd9#\x7fe\x1e\
\x192\xca\xcc1\xb1\xfe%'fY`42\xb4i\
mX\xc6\xef\xb9a\x91[>\xc9\x98\xaaP\x0d\xc4/\
_\x12\x02\x8d\x0f\xba1u\x22\xc6X\x5c\x5c\xc0\x82r\
\x5c\x1c\x8fGl\xed\x9d\x02\xcdl-)\x96.\xf6Z\
\x08\x97\x171M\xd1\x06BB\x07\xf6\x84 \xfe\xc6\xb1\
\x0a\xfa\x09i\x81\xd9}~\xf6\xe6\xf7q{\xfb*\x0e\
,4\xbb\x95\xf2\xe4\x91\x87pf\xe5\x0a677e\
\xfal\x09G^\xeb\xdb\xd3\x12(7\x93x\xf5G\xf8\
\xf8]KX\xec\xc5\x0b\x9f\x13\xf0\x7f\xcf\xae\x9b\x02\x9a\
\xa3\x87\xed\xf0r\x8a\xcc\x8d\x9e\xecj1\x98\x89\x03H\
\xa8\xeb\x08\x9cv\x12\xee\xff\x1a\xbb\x0c\xc2oy\xdbr\
\xa1\xc6\x9d\xc3\xdb\xb1\xc1\xba\x22@\xbc\x1c\xdd\xec\x02h\
#\xca\xb4D\xac*\xfc~\x95Jb'}\xaa6\x5c\
Fd\x9e\x19\xf3\x13\x15\xc3\x96\xa4%\xe9\x11~4\xc3\
 |z}\xe7\xb0\xc9COf\xfa{7i\xfaE\
\x10\xa6J\x89\xbd\xa7\xf0\xe4\x1d\x81\x1b\x8a\x8c\xb2@*\
\xfd\xf6\x16\x80~\x90\x12=.\xf5\xdd\xea\x99\xc8\xcc\x1a\
\xbe\xf1\xf2\x07\x94\xd7\xbd\xfc\x9e\x03\x10\xca'1W'\
\x0cj\x0fn\xa18/)G=\xed\xff!-\x0a=\
\xa9\x19\x0b\x9d\xb4\x9cd3\xc1\x18\x9f\xd2:su\x10\
\x0e\x99ku\xe5\xa7\xa7\xf6\x86\xeb4\xb5\x80\x95\xe7\x99\
Z\x7f\xd7w\x19\xb8\xcc\xd52\x1c\xb5\xc4\xa0\x18C\x96\
\x95\x9f!_\x85\x9cr\xf4\xd5\x9d\x05\x99\xf2G\x90t\
\xd4\xdc]\xe0L\x1e\xc2\x08\xdd\x93p\x99r\xc7 \xe7\
\x88\xe4\x841\x02\x9fb0\xaf]~\x0aO\xdc\xf3S\
\xcd\xf2\x84\xc0\x03\x0f<\x80W_}\xd5\xfa\x00\xe8k\
}{}\xb6\xbd\x94\x98\xf0c+%'\xa0\x9fex\
\xf2D\xb9\xf6\xff\xe2\xd5-\x5c\xd9\xd6\x8b\xff2g3\
\x09\x05\x8a\xea\xfb\x84\x98\x22{\x96\x82\xe6\xf0G6\x85\
\x1eW\xa3@;\x13\xcc\x85\xfe\xe3~o\x0b;\x83\xd7\
D\xc0\x9a\x22-\x00!\xcd\xa9\x919\xabA\x9c\x0eP\
\x96\xadH\x08\xe3\xa0E\xdf2\xfd\xa0F\x1aN\xdd\x93\
?\x09\xd8g\xae\x1b\x80\xd6\x98\x8b\x13\x84\xa6D\x9ba\
-A\xea\xc3\x82rG\xa7.\x90\x9c\x8a\x12j\xf4\xa0\
v\xf7\xa14k\x00\xc9\xec|qO1>U\x81\xee\
\xd9I\xae\x16V&D:\xdf\x99@OD\xa0\xe1z\
#zM\xba\x0b+a\xcb\x85\x802\xbf\xca\xa3\x88\xb5\
G\xba\xd6NIi\xec\xfcX_\x22{8\x90\x93\x8e\
|iM\xf6Z\xc3\x13\x99a\xde\xbd^OI\x10v\
K\x97\x15\x0ce\x0d\x99uZ\xc5\xfcM\xbe\xda\xfc/\
\xe4\xb6C-$Ia \x83\x10\xca\xd1q<Vn\
(\xac\xb6\x05\x8c\x13\x9a~\x9ee\x02\x0b\xbdr\x86R\
\x85\x11m\x1aA)\x87\xbc\xae8W\x07 \xe9z)\
\xd6\xb9+p\x1b>'`\xc6\x13\x17\xfe\x9c\xc3b\x9a\
\xa2T;\xf1\x99\x92\x22\xc6s\xa2<s\xe3y\xbc\xef\
\xae\xcfa\xb1\xdf\xecb\xaa\x13'N\xe0\xf4\xe9\xd3\xc0\
\xd0\x9a\xfdE\xd6\x93\x17\xe6\x80\xadk\x1b\xb3{\xce\x84\
\x10\xe0\xc3\xc7\x17\xb0:\xc8Jr\x00\xbe~V\xee\xfb\
w\x1c\xfdX\x11\xf5\x93R\xe6n\xf8WG\x9a#G\
S\xe6\xac\xa2i\xb2\x0a3rp\x12\xd9Ex\x1d\xbf\
\xddQ\xc0>& \x15\xfb\x88\xf1\xaa2\xa6\xcb\xd7\x99\
\x9d\x19\xbc\xf0\xbb\x9b\x02\x88\xc2\x17\x06\x0a\x05\x0c\x8cq\
/r\xd4\xbc\x1d\xc8\xc8LLd\x07\x9b\xe6\xff\xfeI\
x\xda\x07 \xbc\x0e=\x99\x1ek\xe5\x12K\x9c\xd60\
\xdb\xa7[,\x87q\xb2+\xe9$\x22\xd00e\xf4\x18\
\xb9b\xf3Z\x03JY:\x0b\xabn-\xeb\xf1(\x04\
\xf3F\xb7\xf9ia&\xa7\x5c\xad\xd33\xe7:\xc5\xf0\
\xb2\x8c\xd4\x81-\xc2>g\xef\xf3<\x07\x84\x00e\x84\
\xad\xad-,,,Hg==9\xeb\xb9\xde\x9b\x8e\
\x05\x04DO\x18\x86\xa8\x85 \xd9\x8fz\xea\x8c\x00y\
\xf1\x0e\xd4\xee\x93\xac\x97\x99\x8b\x812!0\x1a\x8f\x91\
\x8f\xd5r\x007\xe5\xb2e\x06\x91\x09,\xf4\x9a\xdd{\
\xaf\xb19\xba!iQW\x0eo\x0f\xb71\x1e\x8d\xdd\
>\xe0\x0fyE\x93f\xee\xbc\x7f\x9a\xff\xa6J\xbdt\
x\xb0*\xf8\xfd\xaaF\xbfw\xd6\xc9\x8d\x16>\xc6\xeb\
W\xff\x1c\x8f\xde\xf5\x85\xf4\x84x\xf6B\xe0\xbe\xfb\xee\
C\xef\xf4\x08Y\xa6\x0e|\xca2\xb3\xdf\xbf@\x9e\xc8\
\x00!\x85\x80,\x03>}r\xb94\xfdW\xaeo\xe3\
\xec\xfa\xc8\xe3\x8az\xad\x9d\x95'0>\x99(\xef+\
\xd8\xadP\xb0\x17&\xa4\xeb\xfbb\xbbN~\xb0\xae[\
2\x83\x99@?\xcb2\xb13k\xc0\x1d\xa1P\xb1e\
\x06\x11\x7f\x84\xfb\xdf\xb5D\xdb\x0dx\xdbG\x05\x15\x1d\
\xb6\xf0\x9ewu\xf7\xb7\xab\x08\xb0^\xc6\xef\x22\xe7\xc2\
\x04\xf1\xf8\x00\x88ww\xf6M9\xf8d\xdcZ\x10\xa4\
\xa9\x0d\xe2\xf5\xeb\x9b<\xbb6\xab\xea\x0bM\xf5\xder\
]\x9e\xea\xedZ\xccY\xb1\xec\xbew\x02\xb0q\xb5\x1d\
\x8d\x0b\x07\x8c\xf0a\xd7\x9f\xad\xf6\xad|\xfam\xb6J\
\xeb\xa7<\xb7\xe6\x7f\xbd%\x8f\xf8\x81@\x82\xed\xc7\xe6\
m\xae\xe4\x00\xb5\xee\xbf\xbe\xbe./\xe7\xc9\x86\xa0L\
\xf9\x00\x88\x0c\xd6B\x13\xa2\x0d\xca\x11Q\x18\xd3\xb0V\
\x10s\x22\xe4c}\x0a\xa0\xb50e\x99\x00\xfa\xf2p\
\x9e\x114\xb3\xb7\x15iN\x5cTa\x07Y9S\xa9\
\xc2\xfa\xe8\x06r\x1ac4\x22u\xb5\xf1\x089\x8d\x8d\
\xe0b+\xc4\x8f)\x0bC\xea\x9e\x05M\x1d\xa0-H\
\x9aN\x16>\x9aV\x18\xfeX\xabsQL\xd8ZG\
x\xeb\xda\xb7\xf1\x9e\xe3\x9f\xc2 kf99q\xe2\
\x04V.\x5cD/\xb7K9fIF\xd7C\x80\xce\
\xc7\x0e/\xe0\xc8b\xb9\xf6\xff\xb5s\x9b\x8aJ\xc0\x0a\
\xd7:M\x160T6k&\x8c\xd2P\x17\xd4p\xde\
/\x90\xe7h\xcd\x02\xdaz&\xc3\xf2\xbe3\xbd\x88.\
\x01\xec\x0e\xba\xad,=\x89\x9b\x83<\x82\xefu\xce-\
\xf3fY\x08 Z\x94\xd0\xbc\xe1\xbe\x0bGt\xb5D\
e\xa4\x8d\xc96\xceO\xef\x06<\x9e\x8c\x9e\xd0'*\
\x00\xd6\xab\xd76;\x0e\xc2S\xa3\xbe\xf0EKI\x09\
\xe93\xc5T\xf7!\xdfDf\x94\xea\xcd\xb6\x02\xc0\xaa\
\x19\x80\xd6\xfbZ\xd8vas\x95=e\x8f\x8cs\x9d\
%\x04\x10\x22\x97W\x03\x0b\xcd\xac\xa4\xe8`\xd2Pa\
3\xc5\xa8)\xcf\xe5=\x00\xdb\xdb\xd8^\xda\x06-\x92\
\xf25\xb0yj\xb5F\xd7#\xbf*W[\x0c\xf4\xa9\
}\xf2\xb7\xa4k<\x1ec\x9c\x8f\x956\xa9O\xe5\xd3\
\xfe\x01\x84\xf1H\x1d\x81\xac\xd2\xd6\x8cY\xefB\x18\xf4\
\xda\x09\x00\x1b\xc3kF\xa01\x07\x00\x01I]\x80@\
\x8c\x01\xbaoBV\x83\xba]\xd6,C0f\x18\x9b\
\x7fRG\xe6(\xdf\xc2[\xd7\xfe\x1f\xdes\xecS\xf5\
\x88Q\xe8\xf5z\xf8\xe0\xc9\x838{\x81L\xdf#\x8f\
\xaa\xc2\x96E\x01|\xe6\x9er\x81\xe3\xf4\xda\x08o\xdc\
\x1c\x9a(6\x1d\x7f\xb6\xf3\xb4\x18\xfd\xcc0\xd2P=\
\xb4\x98\xb5D\x8b\x1b\xfa\x02\xf9\xfbj(\x05\xc2L#\
\xfaY\xcc\xcc\xd3\x19vJ\x02\x0a\x8d\xc42\xeb\x80~\
/\xe3u^~\xa2\xc0\x04\x12\xb7\x0c8ZZ\xcc\x9e\
!\xfc\x03j\x02\xd1\xc9\xfbIZj\x0e9\xc9\x89\x1d\
\x10\x00j\xa0%\x11\xfeY\x06\x16\xeaR\x9c\x90\x82\xc1\
\xbc\xdb\xdd\xb4|U\xdf\x7f\xaf\xdel\xdd\x84\xbe8\xa8\
\x09\xc4\xc2A+\x881_\x08\x01+\xa0I:\xedz\
?q\x01\xc0)\x8b\xa4\xd5l\xc9'2\xdb\x05\x85W\
~\xbd\xb6\xdf\xef\xf7\xa5\xc9\xde+\x97P?\x5c\x06\xc0\
\x9c\xb8\x84p\x84\x10;}\xeb\xc3\x83r\xbb\xf7_\xd1\
\xa1\x99j\x96e\xa0,3W\x00\xf3r\x10\x08\x19z\
\xe8\x89\xe6G,\xe74\xc2\xd6\xf86\x06\xd9\xc0\x08\x15\
Z\x9a\xe3\xc7\xc9\xf3\x19C\xe8?\xac\x8e\x94\xdeo\xbe\
\x19\xe7K^\x8fp\xd3KA\xa1\xbfQ\xc9\xfcSc\
L\xbcy\xed\xcf\xf1\xf0\xd1'\x91\x89f\x0e\x94O\xdc\
u\x00\x7fze\x03Cu\x5c\x88s\xf6\x01T-0\
\x8b\xc0#w\x0cpr\xb9|\xb7\x86\x5c\xfb\x07\xfcJ\
+W\xc7\xec3.*u\xc9I\xa4\x0c\xd2r\xc2)\
\x9b\xdc\xbd\xf5\x82I8\x8dv\x81f\xdb\x00\xa7\xa84\
v\x99\xb3)MaF]\x9b\x0e\xd8kvY\xd2\xb6\
f+\xabXi\xf5\x80%\xc6\xccJ*\x04_\xcb\xf5\
\xd3t,\x91\xae\xf9)6x\x8c\xa3W\x0b\xefT\x7f\
\x99\xb9\x0d\xda\x0a!\xd1\xf8d\xfe\xa86a\xf2\xb9c\
\xae\x11\xde\xb3p\x05\xbb\x0a \x816\xafC,7\xdb\
\x86\x85\xde\x02\xc4`\x09b\xbc\xadL\xfeB+W2\
'\x9d\x19\x91\xf1b'\xe5\xdb\xe1Z\x85X\x11\x15\xf3\
\xd5\x8f\x84\xd2\xaa\xf5\x9d\xedDr; \x11aee\
E^\xcb\xdb\xeb\x15,E\xa6\x17\x91=\xda\xd7\xb0z\
\xb3m\x90\x09(\x90\x03\xc9\x1c\x1dL\xb9\x14F\x94\x80\
\xd03\xb7\xcd)\x9ar\xed\x95\xaf\xca\xa3\x04\x84\xa6\xce\
l\x1a\x1b\xc3\x1b\xa622!\xb7\x9a\xf5\xfb}\x00\x84\
\xd1\xd0\xb5\x06\x0a\xd6\xf4\xbe\xfe\xc6\xefc`J\xabb\
\xd8\x96\xeb\xf34\xd2:\xb1\xcf8j\x84u\xa2\xb9L\
uk\xbc\x8637\x9e\xc3\x83\x87?\x9aBD\x01K\
=\x81\x0f\x1d\x1d\xe0\x99\xcbC&\xdc\xc9\xe3\xa6\xb5\x0d\
\xcd\x8c\x0a!\xf0\x99\x93\xe5\xa7\xfe]\xdc\x18\xe3\xfb\xd7\
\x87\x01\xd5\x83OVi\x9a\xb8\x09\xd1\x89\xb9\xda\xaa<\
a\xcbK\x99\xca\xe8\xd2\xee\xa7j\xc2\x09\xef\xd9\x04N\
\xf1\xd3\xe9\xbbc\xb6^\xfd\xd8m\x80S\xc4\xd4k!\
\xc0\x0b\x93\xc0\xb9\x22\x9bL'\xa6\x09\x07\xaa\xb7\x90\x97\
\xf7\xc0\xac\xe5\x17:\x1a\xfb\x16l7\xd7\xf2A\x88\xf4\
?\xady\x82\xadu7D7\xcbH\xed\x04\x91\xa2\xa0\
\xa3\x85*&\x5cE+=\xa4\x93\x14S+&A\xa0\
\xf5\xcb\xcd\x05\x00\x00\xd9\xf2q`\xed\xac\xd7\x07\x09\xec\
\x9e\x1fX\x0d\xb4 \x17r\x82\xbd\xafd\xd6\xeb\xfb\xfd\
\xbe\xb9\xea\x17\x801\xd3\x1f?~\x1c\xb7n\xdd\xc2\xc6\
V\xa6\xba\x93e~\xda\xe2$\x19\xbd=\x07^\x80\x8c\
\xf6\xce\x05@#\x9c\x80\x94\x7f\x80<C '\x02r\
\x18\x01G{\xd4g\x19`\x8c\x0f\x8cy6\xdd\xd3\xae\
q{\xa8\x97e\xc8\xf4q}\x1b\xa0\xbc\xb0\xc8\x91\x96\
\xbd\xef\xb2\xaf\x14\x99R\x9ci\xfb&\xfd.\x91\xb2>\
\xcb\x97\x90\xde\xb8\xfe-<p\xf8#\x8di\xf9\xe4\xf1\
>\xbe}e\xa8\xacH\x96\xb9\xf0\x93\xfa\x88\x08\xa7V\
\xfb8\xb5Zni\xf8\xfa\xb9MY\x9bZ\xe37^\
r\xdeH5\x01\xe2\xf0\xeb\xb8\xd5\x92\xad\xb0\x0c\x9a\xc8\
\x0a\xfdi,\xb0L8(\x86\xf3\xc5\xe9\xce\xc1MP\
\x05\x1a\xaa\xa1,\x00\xf3\x86\x84j\xa0\x8e:\x13\x83\xd6\
\xa0*\x07\x9fQ\xcd\xf8\xa3@\x1c\xf3(\x92f\xd9\xba\
&\xb1REz\xb6\xb1\x00Ld\xeaj\x02W;\xab\
\x07\xb5v\xce\xb46\xf3G\x18\x1fb\xa3\xbd\x98\xef~\
X'I\xd7\xa4\x17\xad\xa3\x9bo\x03\xc7\x1eiH7\
\x90\x1d8\x06\xac\x9f\x05\xef\x05\xe6<2\xa3\xd5\xcb\xba\
\x89\xad\x16\xfb\xb4\x09H\xad\xbd\xdf\xefaaa\x01\x83\
A\x1f=\xb5\xb5\x8b;\x02\xde{\xef\xbd\xb8z\xf5*\
n]~\x0b\xb4\xedZ\x98\x94\xbc!/\xf0\x814\xe3\
gB@\xeb\xfd\xfc\x82'y\x19\x10\x80\x9c\xe4\x1er\
\xe5 \xa8}\x0d\x00yp\x90\xb9\xe8J\x9a\x01\xe4!\
E\xb9MC\x08`yp\xb8q]\x02\xc0\x8d\xad\xb3\
\x86\x99Kg>)\x9c\xc8\x8b\x88\x22W_\x0b\xf7c\
4+;\x88@\xc8MX\x7f+\xa3\x0e\x91\x84\xa0\xb0\
\x1a&),x\x08#L\xd9\xf4\xe4\x16\xbe-\xba\x89\
\x0b\xb7_\xc2\xc9\x03\x8f\xa6\xd1\xe2\xe1\xf0\x82\xc0\xfb\x0f\
\xf5\xf0\xfc\xb5\x11\x1b\x8d\x8cZ\xc5\xd1\xab\xb4\xff\x1b\xdb\
9\x9e\xbb\xba\x0d\xe3\x81\xe4\x98PP\xb4\x0a\xb8\x97\x9f\
\x80\x05t\x98\x9c\xd5\xd9\xda\x9dOJ\xac\xeeL\xba)\
\x93`\x95\x94P%It\xccm\x93\xe9\x8e\xc0n\x03\
\xec\x88\xa0\x89 E4\xf3+>I\xa4s5\xe5.\
\x90\xc2J\xf9\x89\xa2\x0e-\x85\xb5A\x9d&\xa2D:\
L\x82=#!\xd4-\x80\x14\x9di\x5c'\xc0\xba\xc3\
\xa9\xc0\xaal\xde5S\xea\x0a\xfa\xd8_\xa5\xc3\x15\xe8\
\x0a\xd7!\x85\x0f\x86\x03\x5c\x01\xabln\xbaq\xba\x15\
\xddb\xf9\xb8\x93\xb8=:\xd7\xf6a}\xcc/\x09\xc4\
\xaduL\xb0\xc92\x81^\xd6\xc3\xa0?\xc0\xc2`\x80\
~\xbf\xe7\xf4/!\x00\xd1\xcb\xb0\xba\xba\x8a~\xbf\x8f\
\xab\xe3#x\xe7\xb2<\x17\x80\xf1<\xe9@\x97\xe7\xc8\
\x15; \xa6m\xf6\xf4i}\x02\xd0>/\xa2\x979\
qEN\xc8\x8d\xb6E\xa6U\x84\xdai\x90\x89\xcc\x5c\
r\xa2\x1d \x97{w4\xafL\x00\xd7\xb7\xce\x9a\xa3\
\x8b\xcd\xde~5P\xb8\xf3\xa2#\x80\x9bq\xe03&\
Y\x96\xc2\xd2H@\x88O\x85\xf0\xfeW\x06d4\x1a\
Z\x9d\xb6\x94\xcb;\xfa6\xc87o~\xab\xb1\x00\x00\
\x00\x9f>1\xc0\xf3\xd7F\x0e\x0d\xc4\x0e\xb49\xb1\x9c\
\xe1\xbdw\x94k\xff\xff\xe7\xfc\x16F\xa4\xc5U\xe1Z\
L\x82\xfd\x97\x07\x10\xc5\xca\xf1\xc6\x9fl\xd2\xb63w\
`PWF\xe1y\x86f\xbb\x00\xed\x8d\xb033i\
_L\xd1\x1e\x80(\xc2\xde[\x15\xbf\x9d\x04B\x0f\xd9\
\xbb\xee,\x00\xad\xe0\xc9/\xe1w\xf1\xc9\xdf\xbf\x0c\xc8\
\x0a\x04\xd5\x16\x80F\xc4\x1a!:d\xfc*'7\x8c\
6CZ\xadS\xea\xe3\x91\xa1\x1d\x87\x8a\xe6YGS\
\xf3&w'\xac`\xbf\x0b\xb2\x99\xd5\xd0\xe9\xc6[\x8d\
\xa9\x06\x00\xb1r\xdcP\xe5\x08lB9(jkN\
\x19\xf3\xd7\x85Q\xf4\xca]w\x19\xfa\xbd\x0cY\xa6\x09\
\xe5\x22\xa2\xc5\xd2\xd2\x12\x0e\x1d:\x84\xc5[\x8b\xd8\xda\
\xda4\x17\xfd\xe8\xe3\x81\x09$w\x17\x98\xad{B\x1d\
\xf7+\x19\xb9\xeeGV\xd3S\xb4C\x00\x19!#\xb5\
\xad\x90\xec\xdd\x05\xa4\xed\x08J\x08\xd5i\x0b!\xb0\xdc\
og\x01X\x1b\x9dg\x97\x17\xa9k\x93\xf5\x96\xc9\x00\
\xe3\x16\xfc\x8b\xe1\xce\xe4\xf6 \x82\x11\x1e\xccl\xe2v\
\x93ty\xa0F'\x97\xd5m\x19\xbf\xfe\xaf\xdb\xc1\xd9\
f\x09Y\x8f\xb7\xb6/\xe0\xca\xe6\x1b8\xb6\xf4Pz\
F\x0c'\x962\xbc\xe7`\x0f?\xb892\xc4\xf2%\
\x80\xcf\x9e\x5c,-\xc2\xfa\x88\xf0\xf4\xa5mW\xbd\xf2\
+\xa90\x9f\xd9\x87N\xbd\xfa\xe3\x8e\xa5\xd3\xee`=\
6\xa6S\xbc8#\x8d\x1b^B\x88'T\xcfgj\
\xf2\xac\xb9\x0f(\xa2vKms\xd0%\x11\x5c\xff+\
3\xc9t\x9c\xad\xc9R\x8b\xaa\x09\x8d\xc8\x06\x83\x10\xfe\
3\xf7A4\xb9P\x8f*\xd1\xfeuZ)K\x00\xd1\
e\x8d\x86\x1aPYNM!\x9b17\xcc_\xffs\
\x18?9SR\xe1w\x81\x8e\xe2\xdc\xe4\xe4'\x83\x10\
\xb0~\x09\x18\xae\x03\x83\x86\x87\xd7\xac\xdc\xa5\x09\x82\xde\
Fg\x043\xee\xf8\xa9?\x01\xb8\x1a\xa1\xd2\x0a3}\
\xa7=\xbcx\xc54\x06\x83>\x06\x0b\x03\xe4\xf9\x18y\
\xbe\xad\xfe\xdb\xfb\x01d\x12\xc4&0\xb9\xbb\xc0\xe4!\
\x9c\x1aQ\x84\xa8?\xcc_@2{K\xa7e\x5cJ\
\x98\x10\xc0\xca\xe0HR\xb5\x85\xb01\xba\x81\x11mB\
\x08\x18\xfas\xe5\xef\xa0}\x14\x8acH0\xa6Z\x1c\
c\xfc\xc2%].bc6q\xa6\xe1):y\x87\
\xc0i\xb0\xcc\x9e\xff\xb7w6\x983\x1aX\xc4\xb7o\
=\xddX\x00\x00\x80\xcf\x9e\x1c(\x01\xc0\xed\x82G\x16\
zx\xe2H\xf9\x0e\x8do^\xdc\xc6\xb6\xea6v\x08\
\xe9\xcaU\x9c[hk\x97\xafQ[\xc4\xeb\x92b\xd5\
\x96\x08\xe1Upu\x0c\x12v\x0et\x94\x0a\xc7\x8b\xb4\
\xba\xf5\x13d\x84\x1d\x85\xb2\x0041\x01O+\xb8\x88\
\x9fP\xa6.\x9d\x1f\x8d\x93\x0b\xa3\xa2n\xfaL\xa2T\
\x0f\x82\xef\x83\x10\xac\xd4f\xcd\xba\x5c\x020\x8c\xa64\
\xd9\xf4\xde\x1a\x98[\x0d&-\xf4\x86\xa6a]\x17\xfc\
\xbd6\x01\x97\x0b\xbe\x9c\x10>\xe0\xed#\xed\xcc&\xad\
\x00oC\x1c\xff\x91f\x84\x1f\xba\xdf\xf5\xee\xf7\xe6'\
(\xf3{H#\x0a\xd1\xa8\x19\xab\xb9?@\xd8\xf7Q\
\x90\xf4\x98\xef\x0f\xfarW\xc0\xd8\x1e\xce\xe3\x043?\
s\xe4\x04y\x18<\xd4i\x7fN\xdf\xb7uN\xe6\xfc\
\x5c\x18MZ\xbf\x14\x907\xf6\xe9\xe7\xbd\xac\x8f\xd5\xfe\
\x9d\xe5\xb4\x96\xe0\xe6\xf0\x9ca\xfe\xc6\x91Q\xd7_\xcc\
\xe3\xdc\xd4\x8f\x9c\xc4]\xb9\xcf\xad\x83\xa2\x90\xe06H\
J\xf7M6\xba\xea\xe5Ya\xfb\x9d\x8e\xc9/\x88\xf2\
\xf3'\x22\x5c\xdb>\x8d\x9b\xdb\xe7ph\xa1\xd9U\xc1\
\x0f\x1e\xe8\xe1\xd4j\x1fo\xae\x8da\x84\x1c!\x97\x07\
Jn\xfc\xc50'|\xf3\xe2\xb6\x11\xf4\xb4\x7f\x9f\xaf\
\xf0\x07\x19\xa1\xff\x0e\xc5\xba\x92m\x9a\xb5\xd8\xf5\x85@\
\xafN\x81\x7f\x86*X\x0fw\xbf\xcf\x12\x8c\x0f\xc0n\
`2\xf9\x92\xf7\xbf\x1e\x9a\xd2$\xe0v\x85\xa6iU\
\xc7q\xcb\xe5\xb4\x9e\x9d\xc3\x8c\xd9\xb2</\xee\x048\
\x09\x01069\xc6M\x07\xed\xfaD\xc8\x0aR|\xe7\
\x1f\xe0\x15\x9ax\x9c!\xcd\xc8u\xe6}>\x09]{\
\x15h*\x00\x0c\x0e\x00KG\x81\xf5\xcbv\xd2gy\
\xf0#i+\xebGHF\x9e\x09a\x05\x89\xa4mV\
rZ\xd4\x9e\xf2\xba\xe0V\xe3\xf7,ZB>\xcb!\
7\x8d\x8b\x5c\xef\xb2\xe0\x8e\x8c:\x0a\x13\x9c8=F\
s\xb5\x82\xc3\xea\xc2]\x10\x0d\xcfT\x00\x80\xeb\x9b\xa7\
\xe5\xf1\xbfc\xb9t\xa1\xcf\x1f0\x95\xea0\x1c\x82q\
\x105\xd2 \xef\xa5\xe4>b\xf5\x18\xef\xc1)\xe3\x88\
\x80\x0a!\x80\x0b\xe6F\xf0TB\x92a\xfe\xc2:t\
r\xbdG\x0b\x81\xa7\xd7\xfe\x1c\x8f\x1d\xfdb\x02=a\
|\xe6\xc4\x00o\xaeY\x9f\x90\x03}\x81\x8f\x1d_(\
\x8d\xf3\xf4\xe5!\xd6F\xa4KY@\xe9\xec\xe8\x8d\xb1\
 \xa3\x16\xfaH\xe0\x96\xdc\xa3\xab\x95oWZ\xf4\xf2\
\xf0\xc2\xb4A\xa2>[\x15\xcfO\xa2/\x94\x13\xc0|\
_\xd3\x1bA\xccl\xde(-4n\xe8\xa2\xb6\x07\x80\
D\xd0\xaf1\x9c\x00\xcb[s~\xe7\x7f\x88XX\xed\
\xa2\xa1\x00\x10>`\xb8\x98\x8f\x0d$\xd8\xe3\x09\x08\x1c\
T\xfc\x11\x1e7v\x02\xd6\x8c\xb6\xd4Z\x13\x11\x92\xcd\
\x1a\xb1\x00\xe8\xd2\x0b\x10\xef\xf9\xe9\xc6\xa4\xe3\xd0\xfd\x10\
\x1b\x97\x0d32N\x7f\x9a\xde`\x9d\x15\xa9\xf2\xf4%\
x{\x09Ka5e\x9d\x17;\x0bN\xd8P\xdc\xfb\
\x1f\x80\xf5\xee\x07\x0a\xff\x01k\xba\x96\xcfu\xbfq\x05\
u\x1d\xfe\xd0\xc2\xc9$Zc\xb8\xb8\xf1\xb2<\x7f\x80\
\xf8\xfeB[\x1e\xa7\x0eu9\xb5\xff\x82\xfa\xef*\xa5\
L\x00\x13^\xd4\xa60\xf5\x1bx\xc5\x04,\xf9\xdbR\
\x02! 2}\x0c3oS\x97>\xe9\x0cH\xb8\xb8\
\xf92\xd6GW\xb0\xd2?\xd6\x88\xcc\xf7\x1e\xea\xe1\xe4\
r\x86s\xeb\xb2.?y\xd7\x00ew\xfe\xe4\x04|\
\xfd\xbc\xdd\xf7\xef^\xbe\xa5\x0bX\x9e\xa7\xb1\x1aD\xe7\
\x88.\xb9j\x07\x10\x91\xef\xb10\x0d`f\xb2\xdaL\
\x9a\xf7\xa5p\x5c\xd6\x9c\x84\xe0 I\x85\x1f}\xd7>\
\x94\xfe\xe9\x18\xc2\xfb\xe8\xc9\xa4\xea\x13\xaezI\xa3\xbe\
\xa8G3\x84b\xf3\x04\xca\x95\xdb\xef<\xbe\xfdX\xe6\
\x1f\xbb\x0d0\x85\xee\x0cd>\xe1|\x22\x1f\x01\xfb\xbf\
S\xc1\xd1\xafD\xc5\xd0\xfc:\x02L\xdd8\xe5\x8d\xd0\
\x22Xzn9\xc8\xbc\x177O\xb7\xba\x17@\xdc\xf1\
\xa0\xa9\x0f;\xc5)\x06\x1elG\x14\x9eeB\x7f\xcf\
\x01\xe5\xbd/\xe3\xabOp\xc0\xb0\xda\xe3N\xa4lM\
\x9cW\x92\xb9\xa3@\xbd\xd4\x07\xc6\xe8\xebv\xe5-\x81\
cs[\xa0=\xbc\xc8n\xbf3\xbe'\x19\x9c\xfeG\
 \x1c\x1c4\x17\x00n\x0d/`ct\xc3\xee6\x10\
Z\xa8a\xf5Y\x0a.\xf4\xf8\x07\xe1N\x00j \xf9\
\xe3P\x08\x18\x0b\x0e\x98v&2\x18\xb3?\xb7j\x08\
\xf6\x9f\xfbb\x00\x84\xb7\xd7\x9enE\xdegN\x0c@\
B`\x90e\xf8\xe4\x9d\xe5k\xff\x7fqu\x88\xeb\xc3\
\xaa\xeb\x96E\xb0\x17:\xa3\x96l\xd8\xd0\xacj\xdf5\
\x84\x16HE(}\xfb\xf1fK\xe7\xb9\xff\xbe\xe6\x0c\
X\xebc\xcb\x9a2+\x87\xea*\x1e\x97]\x06\xd4\xe9\
L\xdc1\xa6D\xda\xab\x84K\xa7\x08<+B\x14\x7f\
q!\xc0o\x17=\x19D\x92\xe5\xd3\x9d\xf9\x11cl\
B\x1d\x8eR\xb6\xc7\xbdS\x04\xb4/0\xc6K\x9c\xd9\
\xb6L\xdfC\x5c\xd0 ;i2\xe7\xa4`\xb8@-\
9J\xce\xa5\xe7\x81\x07>\x97F\xaa\x8f\xc3\x0f\xb3\xd4\
\xad\x90\x82\xa8&\xa4\x85\x0f\xbf\xff\xc8>\xe3\x9e\x1aH\
\x8a\xd0\xb2\xba\x95S\xb0\xbe2\xd7n\xdf\xf2\xe2\x98\xc9\
\x13\x966\xcfB\x92\xeb3\x0b\x08\xe6\x9d\xbd\xe7 \x93\
\xbf\xd5\x7f\x08\xb7\xbb\x1f^\xb8\xaf\x84\xc6r\x5c\xde|\
\xd5\x94C\xa6m\xfd\xf8\x8b\x96\x0c\xaf\xec\xfeZ3\x00\
\xbe\xfb\xa2S\x85Ax_\x05\x7f\xcc\x18\xbfy\xef\x9a\
\xfd\xa1\x04\x1b\xb3CD\xd7?i\xa1\x07F/8\xbf\
\xf1\x22\x1e:\xf8i,\xf6\x0e6\x22\xf5\x89\xc3}|\
ya\x88\xc7\x0f\xf7\xb0\xdc\x8b\xcf\x12\x04\xe0\xcf.\x0c\
!{ \x9bx\x84+X\x16*\xc0\x87\xf7\xca\x8f\xeb\
\xfaq4\x9c\xb5\x0a\xc3*\x96\x8e\x1aK\x917\xee\xdf\
iF\xbc\x9e\xd8e@;\x5c\x8c\xe9\xaf\xb5f\xa8\xea\
\x9b\x85\xf942\xc1\xaa\xceWH& \x138\xd1U\
\xe7.\xbb(\xc8\x84eN\x80\xddj\xe2\x0d\xd1\x8a\x86\
\xe6G\x83\x08\xfe\x85\x5cM\xd1=l\xa5$2\x01\xb8\
\xd8F\x00x\x08\xa2\xb7\x08\x1ao\x9a\xf44\xf3*\xcb\
\xb7\xf0N1+R\x16\x80\xf1x$}\x02\xb2\xeae\
\x00\x824\xe7\xeb[\x06\x09yhi\xdct.\xc5\xdf\
\x0d\x93\x92\xd9\xabw\xba\x1e5\x13%%pB:q\
ed\xb7\x01\xea\xea^\xea\x1d\xc2\x81\xc1q4\xc5\xc5\
\x8d\x97\x99r\xc3\xfa\xb4\xf1\xe2w->\xa6X)\xf3\
\x9f\xdfI*\xc3\xc5\xdf\xbbcM\xd5\x9b\x22D\xd6\xa7\
\xdb\xb8\xe6$C!\xd8\x00G\xa1\xaf\x16\xbe\x0by/\
\xc2\xe9\xdb\xcf\xe0=\x87~\xbc\x82\xb002\x01|\xfe\
\xe4\x00\xef;T~\xe6\xffK7F8\xbf>.<\
'[8\xf5\xa0Xw\xac8\x06\xe6wH0S\x0e\
\x86\x8dYH\xa2\xe9\x91(</\x86\xb6\xfb\xf9\xcb\xb5\
M\xc9\xaaJ\xa3\xeby\xba\x1f2\xff6\xc6\xbc2\xf5\
$\x90\xf2\x88\x86\x9d4\x93Q\x93\x01\xc7\x04j\xa3\xe4\
\xa4\x19/\x8df\xe6N\x87\x81\x0c&\x89.{\xb4\x95\
\xbe\xcaJ\xe2\xcc\xe5\x05!\xcbe\x14Nx\x1b%\x90\
8\x81\xae\xbe\xdc|;\xa0\xe8\x81\x8e>\x02q\xe9\x05\
g\xfd3\xda\x97LQ}Z\x0dg\xc0x<\x86\x18\
\xca'\x83\xfe\xc0\x1c\x14\x13\x02A\x9e\xd47\x1c\x0e1\
\xceG\x8e\xc9\x9e;\xfe\x19\x06obi\xc6\xaf\x90\xb9\
$\xf9k\xb92F\x8e<\xe7\x8cO\xa6pl\xe9]\
Q\xfa\xaa\xb09\xbe\x81\x9b\xdb\xe7\x8cf\x9ce\xd6\x97\
A\x1aAt}\xbaB@)\x82u\xdf\xc5\xd8\xb0c\
M\xb0md\xae\x09\xdf\x0a\x05\x999[\x89\xd5\xba:\
d\xc7\x8ct\xb2\xcf5\xdd:\xfe;\xb7\xbf\x83S\xab\
?\xda\xf8\xaa\xe0\x8f\x1f\xab\xbe\x5c\xe8\xab\xe7\xf9\x99\xff\
\xbe\xc4\xa8\xfa\x09\xf9\xcfy\x08\x1b\x92\xff\x16\xd0g/\
x\xb3Z\xcbi\xc3\x9f)\x823\xa6\x88\xb4vH(\
hI\x93)\x9f@\xb1\xac~>U\xc4\xd4@\x82\x13\
\xe0\x9e\xe6\xea\xc90V\xbb\x06\x02UA\x01q\xd4x\
\x9f\xdb\xb8\xe9\xf3\xb8\xdal\x99\x9e\xb1\xb6\x00\xc0\x0c\x83\
\x9d\x07\x95\xfc\xaa\x07\x87Q;\xd5\xe6\xd6\x1dg:\x5c\
\xb3\xd7\x0eH>c\xe7\xd3\x84\xd3\xbe\x9a/\xeaf\xca\
G\xa0w\xbe\x09\x9c\xfaB\xb3\x02\x1c\xfb\x11\xe0\xe2\xf3\
\x8e\x16\xcd\x1a'\x02&\xc0\x08\xa6A\xaa\x82\xe4\xe3\x11\
F\x8a\xb1\xf4E/dSRy\x11F\xa3!F\xe3\
\x11\xc6yn&\x22\xf3>F\x86Z^\xb0\xa4\x0ae\
\x92&\xc7;]/7\xe9\xfa\xb3\xd6\x01\xc9\x18\x84\x10\
8\xba\xd8\x5c\x008\xb3\xf6\x1d@\x00\x19\x04\xa8' \
\xbf\xc1\xf8(H\x8dQ\x98%\x11\xb7\x89K&\xdbX\
\xdd\xb7Q\xf7\xb8\x03*\x14\xd37K%<\x980\xef\
$=\xe4X\x86\x0c\x8d\x8c\x1e\xe2-\xa5\xfa\xfe\x88\xb6\
p\xe6\xf6\xb7\xf1\xd0\xc1O7\xa7\xb9\x04o\xae\xe5x\
s-w$k\xbe\xd1\xc3\xec\xf5\x0fH\xb3\xc5j\x0c\
h\xfcfDt\xa9,\xf83^\xc7\xaauM\xf0\xf2\
u_\xd68\x98h7\xaf\x8c\x9eq\x82\x09\x17\xb1\xf9\
R\x8a\xd7\xd8\xc4\xff\xb3.\x1aL\x9fi\x0cLnt\
\xcc\xe1\x11\x92\xb4\xc0\xa2\xb5\xc6\x90\xfc>\xd9*+v\
\xf2\xda\xc6\x13\x1e\xd7$\x17\x1b\xd6E#\xa3^\xa7\xb6\
R\x94\xa7Q[\xe57>&Y\x18:\xf3g\xc8O\
\xfdxI\xe08\xe8\xf8c\xac\xddB\x07\xd6\x042U\
\x1a\xaf\xffa\xa9J!\x00\x04\x90\xbc\x10\xc8\xac\xbfC\
2\xc8\xad\xad-\xac\xaf\xafK\xed\x7f$\xb5\x7f-D\
\x98\xfd\xfcNw\x22\xa3q\x1ajT=\xfaZ\x9a\x00\
\xd4\xfd\x03\xf2\xd0\x1a\xa9\x91\xdb\xc3\x8e\xa0\xb5\xd8\xbc\xb9\
\x05 \xa71\xce\xde\xfe\x0e\x00\xb9\xed\xcf\xa5Ki\xca\
di.\x5c\xa5Lv]\x99k\xd4P\x9ag\xb0S\
\xb6\xb0\x9c\xba\xf2'\x13B}\x096\xd0\x9f\xcd;\xaf\
\xfeCts\x01\xe6\xcc\xadgpj\xf5\x13\x8d\xaf\x0a\
.\xc3W.\x0c\xa1s\x95_8]n\xe5q\x8bQ\
\x92\x80%Biv\x80@\xba\xd10%pw-\x94\
g\x91\x92e[\xd4]\x8a0\x16\x80\xd9\xe5\xffU\x84\
{\x13z\xc5\xc4\xdcJ\xeej\x5c\x87|\xd2\xe4\x0c\xbd\
$\xfd\x90\xbaZ\xb3gY\xcd\xc3\xad\x95\xd8\xf7\xeeQ\
\xa4\xb7\xa9\xe7\xb5\xd6>\xa15\xcf`^L3r9\
\x9a\xf3\xc5/\xb3v\xac\xe3\x13w\x91L!\xd3\x5c\xbf\
\x08q\xf9E\xd0\xf1\xc7\xeb\x17b\xe5.\xe0\x8e\x07\x81\
\x84\xa3\x85\x0dM\x02\xe6\xaa_~D\xac.\x8fTx\
s\x8cG9\xf2|\x8c^\xd6C\xd6S^\xe4\x04\xdc\
\xbcz\x15kkk\xb8z\xf3\x0a\x86\xa3!\xe4\xba\xbf\
\xd2D\x9c=\xa80\x9a\xb3\xef\x98e\x8e\xd8\x95Y\xca\
\xe0\xc2\xa7\x89k\xe3\xc5\xf8w.?\x8cA\xd6\xec$\
\xc5\xf3\x1b\xdf\xc3v~\xdb\x11@\x0a\xcec\x80\x5c\xd0\
f\xf4\xf1:2\xc26?k\x96\xf7\x84\xc2$\xe9\x87\
\xab\xd1o\xb9B\xac\x7f\x9a\xae\xa9\x05:\x99.\xd7\xfa\
\x11j\x17\xf9\xc0\x96\xc5\xa3F(\x0b\xcb\x16\xdd\xc6\x0f\
o\x7f\x07\x0f\xac~<\x9d\xce\x04\x9c\xdb\xc8\xf1\xd2\x8d\
\xb1[z\x9fq\x0aQ\x18\x93T\xf2K>q\x97E\
\xfd\xcd\x99m\xe0h\xdbm'8\xdd\xa5\x02\xe9\x10\x0b\
\x13\xfa=\x09\x94\x0aU\x01\xd8\xeb\x80'BNC\xa4\
22\xee.;/\xa8\xe3\x91\x1f\xab\xa7\xc4\xfas,\
\x00\x0b\x07A\x1f\xf8\xdb\xe5\xe1/\xfc\x05\xc4\x99\xaf\xc9\
,Ri\xdcA\x18\xed9\xb4\x9e\xe5YS\xdc\x02H\
a*|\x0e@q\xa2/[\xa3\x13\x02\x10o\x7f\xb5\
\x99\x00\x00\x80\xee\xfd\x14\xb2\x14\x01\xc00\x11\xef\xd0\x1f\
C+\x0bG\x8a\xf9\x8e\xc7\xc8\xc7c\x88\x91\xb5\x12\x9c\
?\x7f\x1e[[[\xd8\x18o\xa8u\x7f\x16_1}\
\x98\x7fd\xfe\xfbl\xc6g\x8e\xe6\xfa]\xed\xb0\xe5m\
C\xb4k1=?\x00\x00 \x00IDATB\x86\
|~\xef\xea\x87R\xaa'\x883k\xcf\x18\x06m\x9b\
\x90i\x8c\xa68*\x7fk\xfe\xf0L\xd5\xac\x0e\x99\xba\
\xe6:}y\x82A\xd3\xf9\xa7\x90\x84\x15\xe8\x5c\x90\xfd\
\x1b\xd12\x9d\xe5\x00\xa1Sb\xe75(c\xc2\xdb\xb7\
\xbe\x89\xfbW?\x0a\x91x.D\x0a\xbeza\xa4\xf2\
\x15\x0e}\xa5\x82\xbcW\x8d\x14\xe2\xc2\xc2\xb9u\xc1\xa9\
/J9\xbb\xbf\x14\xc5S\xfd\xe2(\x98~\xd0H\xe8\
KFw\xe9\xa6p\x92\x9d\xbb\x0ex\x12v\x8fN\xb7\
\xe6\xf8bZMH\xd5\xa8Y\xd61Zb\xef#\xd9\
\x03\x907\x00\xa6\xe6\xcb-\x00\xd9\x00\xf9\xf1\xc7\xca#\
\xdc>\x8fI\xac\xc6qt'\xdb\xfbo*R\x0e\xb4\
\x9d\x7f\xe0\x8d`a%o\xa4Bx\x02\x90]y\x11\
\xb4~\x01\xb4r\x22\x95pK\xc6\xc9\x8f\x03?\xf8\x1f\
@>\x0a\xbe7&c\xc7\xe4\xaf\xbb\x8c\xa2\xa7P\x14\
\xc5 \xd4\xb9\xfe\x5cKX__\x97\xfb\xf5\xc3WT\
B\xaf\xd5;\xf1\xb4\x05\xc5v:\x9b\xa0\xa6C\xd3d\
\x18\xb32\xf5\x0b[\x06\x9d\xc0 [\xc6\x89\x95\xf7\xa5\
TO\x017\xb6\xdf\xc1\xf5\xed\x1f\x1a\xa1\xcc\xa6\xed\xd7\
\x00qE\xd9\x96\x8d\x7f\xf3\xe6^\x01*\x5cLG<\
\x01\x14^\xa4A_X\xe5\xf4/\xe1\x09\xae\xf27\x11\
\x178]\xe1\x93\x1f\xdf\xe5,\x01\x18\x93\x82K\xed\xfa\
\xf8:\xce\xad\x7f\x17\xf7\xac<Q\x83\xd88\xaen\x13\
\xbesm\x0c\xeb\xe0g\x11Z\x0e`/\x15\x84\xff\xc0\
\x89/\xd8w\x07\xa2\xf0e\x82\x10`\xbd\xdb\xa3gR\
\xf9\xef\x9cR\x9b9\x97\x8eL\xf23\xed\xe8\x82\xce@\
\xb9\xf5\x1cX\xf6)K'\xe8\x9c\x19\xd2\x04\x98\x00\x92\
\x92\xa7\x9e#\xecV\xc0\xea\xb2\x0b\xc00\x9b*\xdbK\
*\x0dI\xf5\xd1\x01|\xba+?\x9c\xa1jh[q\
\xa0\xaf\x08\xf5^\x80 (G\xf6\xea\xfflF\xe8`\
\x058\xf1\xe1R\xba\xf4\xb6\xbe\x8c9pZ^+i\
\xb4g\xd8\xdb\xa3J$#\xce\x0be\xb0[\x04%\x83\
6)0\x879\xa7\xb4|\xfe3\xdfm~\x92\x0c2\
\xb7\x09\xe6y\xee\xd4\x97\xc8X[\x08\xe0\xbe\xd5\x0f\x22\
\x13\xe5\xdb\xccbx\xe5\xfa\x9f\xaa<\xe4e?9\xd9\
K\x7f@L\xf0\xd0\xe5#\x97\xceB\x1b\x0bb\x1f\xb7\
\xcf\x9b\xdfp\xdb\xc3\xf0\xdb\xc4\x0el\xc2\xf3\xe0N\x9d\
\x92\xad\x7f\xf8\xc2+?\x1a&P>\xdbz\xb0ol\
\xb9\xdf\xba\xf9T\xb1\xcc\x0d\xf1\xb5\x0b#\xbd\xf1\x09\xe4\
}\x0c\xcc\xc0s?\xfaZi\x00 \xf5\x9b\x94\x00M\
:Lg\x94\x06`\xf2H;\x88\xa7x0\x0f\x1fU\
\xb3\xfbq\xaf\x03.a\x80\xb3pkpct$\xa0\
D\x99y4B\xb8N\xdd\xa7\x14\x1e\x05\xb1dk\x94\
E;z\xa5\x1f\x02\xc5dq-\x994\xa9\xba\x98w\
LkX\x01(\xfc&\xf2\xb2\x04\x05\xc1\x88\xf8;?\
\xb0\x9d\xd5\xb3\x0b\xcf \xbf\xfe\x05\xd0\xe1\x87\xebe\x08\
 ?\xf5\x97\xd1;\xe7\x9e\xe0&T\xfa\x99\x80\xbax\
\xc7\xd6\x9dk\xd0T\xeb\xc0\xc6\x9e-\xa0\x19\x85m?\
\x82j}6\xae\xedz\xb3a<\xe4\x15\xb8\xaa\xf2\xcc\
k)h\x8c\xc7\xfa\xa1\xca\xcfkv\xf96\xc3\xa9\x83\
\x9f(O7\x82K\x1b\xaf\xe0\xe2\xfa+2\x1df\x82\
6\xc7[\x0b\xf7;\x15\x86\x92\x12x\x0a\xe5d\x05\xf2\
\xb6\x0d\x06\xbb\xbb\xb0EO\xea^A\x09\xc0\x87\xce\xc9\
\xe6\xca/\xd8q\x83Q\xe1\xa7\x10\x04\xb9\x8f\xdd\x0a\x11\
D\xc0\xcd\xe1\x05\x5c\xdax\x15w.?\x92Bi\x14\
k#\xc2\xb7\xae\x8c\xd8\xb8\xd2\x8d+\xf3rw\x90\x84\
\x97\xcd\xc2S\x87\xf0\x06+\xc1\xady\x9dn\xbb9;\
o\x17\x9da\xb6\xf9bf\xb7\x01\x96k\xab\x13\xb7\x10\
\xec\xe6g\xb7@$'j\xf5_\xb0\xdfM \xf4\x0c\
g\xca\x86\xe8G\xb7k\xe8F\xb1\x0a\xa2\xc1\x07_\x9a\
f\xed\xc9\xce\xba\xac\xfeor\xd3\xae]~\xc4\x87c\
\x91\x964\xd9\xbf^\xfen\xfc\xde\xcb\xbf\xdd\xa8\x1ct\
\xe8\x14p\xfc\xfdn\x9d\x09\xe9\xc3&\xb4\x10`\xea]\
\x0b=*_\xa6\xb5\xca>\xa0\x8f\x04\x1eCk\x812\
\xac\xb4\x04\xd8]\x03\x96Q(* \x84\xbf\x13A?\
+~\x14\x8b1\xe1r\xca\xe5\xa9\x824V\x02\x85:\
a\x90\xdc\xcf\xc9\x95\xc7\xb0\xdc\xaf\x7f\xfd/!\xc7\xf7\
\xaf\xfe/\xe8\xfe\xc8\xd3\xcc\xd5)\x88\x9a\x06Wj#\
S\x0eS\xde\xc8\x1e\xe8P\xf9\xcb\x18v\xba\x1c\xcbi\
\xd0R\x0b\x19\xda\xdc\xc1c\xdbH\xd3J\x85\xf2\xe8\x92\
\x10K\x07&m\xbb\xfc\x22\xf3|c\xed\x1b\xa9\x84F\
\xf1\x8dKc\x0c\xf3\x02\x97`\xbd\x91\xcf\x14|\xe1\xb0\
\xbc\x92H\xf1\x7f\x12\xfa\xbbNK\xb0\xef@^\x14\xcd\
\xeb!\xc5\x1c\x98F\xf2\xecA\xc0X\x5c\xba=\x08h\
\xd2\xd8E^\x9d\x84\x08}UU\x5c\xdbrP\x92?\
\xd3\xb7\x22A\x94tN\x80P\x8c\xdf_\xeb.\xa7U\
K\xe4~\xaa\x89\x04N\x0c\xa9'\x01z\xbb\x04J\x1b\
'\x9d^\xc1\xfe\xeah\xd9\x8d\xd7\x91\x9d\x7f\x06\xf9\xc9\
\xfa\x9e\xd7\xe3\x87~\x0a\xfd\xcb/\x1afn\xf7\x84\x07\
\xf2f\xcf\xac\xf6.\x05@\xbe\x86\x1fs0\xb3\xbf\x8a\
\xc2'\xa9x\xe95\xc1B\x12\x993\x01\xb8\xe6F\xfa\
\x1d\x04\x1e>\xf4\x99\xe4\x949N\xdf\xfa6\xd6\x86\x17\
#\xf9\xc2\xb9\x88&G\xcen\xc8\xd4\x8c_8s\xbb\
\xef\x87\xe6\xea\x99\xe4<\xb7\x1b\x058#\xae9\x8f\xb2\
\xe0\xb1\xfa\xe5:\xb4tR\x05{B^@\xdf\x89U\
\xc6\xe1\x0b8:\xbdk[o\xe3\xda\xf6i\x1cYx\
\xa0\x1e\xcd\x0a[9\xf0\x8d\x8b\xd6\xf3\x9f\xd9(\xa4\x80\
R\xd9Y\xaa'D{p\x13?\xfa\xb7kT\x0b#\
\xb1\xfe\xb1\xe3(\xab\x82\x16\xb4\xed\x9c\x13`\x04\x93k\
\xdc\xa6hJO\x5c{5\x96n\xa7\xa5\xd2[\xb4\xaa\
\x81l\x15\xf2\x81\x1e\xd1j\xbcp\x22\xcb (O\xea\
\x04\xce\x84\xe4\xbf\xf3\x8b\xd6\xb0S\xb5\xeb\x8b|J\x8a\
\xbdc\xb4jkI\xc8\xc2X\x1b\xa2\xc0<\x05\x80\xfe\
\xab\xbf\x87\xed;?\x08\xf4\xca\xafQ-P{\xe4\x11\
\xe0\xd8\xfb!\xae}\x1f\xee\xd5\xb0V\x9f\x22\xf5\xc7\xd9\
\x97\x1f\xf8_ \xca\x7fd\x96\x81<\xedR\xd3\x12\xf9\
^HG3^'/\xd2\xe6\x08G(!\x22\xdc{\
\xe0\x09\xac\x0e\xee\xaa\xac\x0b\x1f\xc3|\x13\xaf\x5c\xff\xd3\
r\xb1\x93\x98\xd9\x99\x04r?,i\xc1\x97\x09\xcd\xde\
 \xb0\x82J\xacGY&%L9S\xe0\x0a\x0e\xe4\
\xfd\xb6V\x01wPU\x89\xd9\x85\xf7\x01aN\xe3\x8d\
\x9b_\xc7G\x8e\xff|\x22\xbd.\xbeyy\x84\xb5\xb1\
#E\xb3\xbc=!\x95\x22\xb4UA\xb0\x99\xaac\x0e\
\x15\x9f\xa9\xc3a\xa7\x02\x13b\xd2\x99\xbd\x08\xa5\xcb\x0f\
%\x7f\xaa\xac0;\xfdi\x0a\x018\xa6l\xf7\x03\xe6\
\xa4W\xde\xfdl\xb7gF/\xdf\x9c\x0f8u]p\
\x97\xa9\xea\xe1\xec\xbd\xd1,\x93\x051W\x1br\xeb\xad\
\x8b\xce\xd3\x0c>\x1d\xb1;\xb5\x5c\xad\xca4\x8c\xfb\xdd\
\xa3\xa5\xc8\x16B\xe1\xdc6\xd3L:\xdb\xb8\x84\xc1+\
\xbf\xd3\xa8L\xa3G\x7f\x1eYo\xc1\xd2\xae8\xbe\xd9\
K\xaf>\xa4\x9d\xe0\xc69;\xcb_;\xdeyc\xcc\
\x1b\x9f\xaee\xa1\xe5t\x170\xa5kgJ[K\x92\
\xa6A\xb6\x84G\x8f\xfe\xd5F\xd9|\xef\xea\x1fbk\
\xbcV\x19\xce\xba\xc0\x15\x06\x8d|\xaa\x9c\x05\xf5\xe5E\
D\xb6=\xcd_\x01\xebJ!\xf8[\xaf\xacu&\x0f\
]'eu\x1e\x14\xd4\x22\xf9\xc4\xf2\x16\xe18\x04\xc2\
\xc5\xcdWpkx!\x8d^\x861\x01_\xbd\xc0o\
\xfc+\xb7\xbb\xd9\x9aJ\x9dq\x8b\xcf\xba_\xb9\x0d\xd3\
\xe2\x8f\xde\xe2\x88n\xe2\xf4Wo\xd1q\xa7?\xd2\x07\
\xc0t\xc4\x92O\xadu\xf5\xda\xb54]\x9f&(\x8d\
G\xee\xd7\xc0G9\x1d\x03\x88\x0d\x0d\xaf-<bE\
\x88\xfeB>n\x5cg+YR\xc1\xf5\xda}q(\
\x18&\xab\xdf\x87\x04!\xc4\xa7\x81\xb6\x02\x98\xa1/@\
[xH\xa6\x08\x84\xc5\x15\xc8\xaa\xa9\xc3Lw\xc2N\
\x8d\xfd\x1f~\x05\xbd+/\xd6/\xcd\xca\x09\x8c\xde\xf5\
\x93*\x9d\x5c~\x0a\xb3\xa0\xbd\xee\xd72}\xbfN\xe3\
\x1d<W[\x03\xf9U\xb4V\x18H\xf8(&c\x95\
4\x8a4\xa8\x8dC\x00~\xe4\xc8O4\xba\xa1\xee\xdc\
\xfa\x0bx\xe7\xf6sA:\xc2\x1d\x8a\xbdg\x94\xf8t\
\x91\xf3F\xa7\xa7\x229\xda\xa8\x8d\xc9w\x07@\xbfK\
\xe8\xc4\xc5\x91F\xdeVN\xd9\xb6\xe4\x97M\xff3B\
\x95\x0a\xc3\xc3\x16\xe6\x09\xb7\x9c\xbc\x8co\xde\xaa\xef\x0b\
\xf0\xed\xabc\xdc\x18\x12\x00\x7f\xa4\x85\x99d\xd5\xe0\x0e\
3Xo4M`\xb2\xa8\x9e\xf6\xcb\x04\x94:\x9f\xe9\
\x86\x5c\x04\xe6\xcc!*n\xcd\xd1\xa7\xb4\x5c\x93A\x92\
\xb3Y\x9bbU\xe6Av.\xd4\x1f&\x00\xd4\x82\xe3\
L\xa6\x99bB\xfd\xa5\x08\x8f\x13l\x83\x9d\x82#\x08\
\xa8\xff\x83\xef\xfd7\x88\xe1\xed\xdai\x0dO\xfd\x04\xf2\
\xd5{UZEa\x83[\x03\x04H:\xaeE;\x89\
\x14\x14\x04\xfb\x00\xb0\x9ao\x8c\x89\x97|\x04\x02\xcfy\
\x9el\x1e\xd4\xcb}G\x97N\xe1\x81\x83\x1f\xab]\x17\
\x9b\xe3\x9b\xf8\xee\xd5?\x04\xab\x8c`\x9e\xae\xe0\xc3\xdf\
\xb3\x9f\xfc\x87\xb0\xcf\xecY\x05.\xb35\xf5\xe2\xd4\x13\
\xd8s7\x8frX\xc6] \xc8\xe1\x1b<\x1c\x85\xe3\
3\xe6\xefXs\x84\x0d\xe9\xb7\x83\xae\x9b\xb3\xeb\xcfc\
k\x9c\xde'\x09\xc0\x9f\x5c\x18'\x8c\xf4\x80\x88LN\
\xaf(\xa4\x11\xee\xb1U\xb3fC\x06k\x046\x91\xf6\
\xd1a\xa7\x14\xed-\x00\xbb]\x82.\xe03\xb7\xb2\x0f\
\xd8'\xf0\xae)\xca\xf2,g\xde\xf59\xbe\x9d\xf7\x12\
\x98*g\x10~\x1a\x9e\x17xJE;B\x0b4\xfd\
\xaa>E\xb5 R*\xa4\xb4@\xf7\x06\xb2\xfa\xf2\xbe\
\xf0\xe81u\xb6u\x0d\x83\x97~\xb3A\xa1z\xd8\xfe\
\xc0\xdf\x07\xfa\xfa&7\xce\xf8\xb5\xf6o\x19\x89/$\
8\xc2YI\xf5\xfaW\xd0V\x92\x05D\x9d\x12C\xd0\
\x8ch\xa1w\x00\x1f>\xfes\xe9\x191|\xf7\xea\xef\
c\x98\xaf\xa3l=\xd92~b\x0c\x9c\x13\x8d`c\
\x15\x19\xbf\xcb\xa2\xfc\xbd\xf8\xfeN\xfbF\x82\xab\x9e\x80\
X\x8a\xf2\x87' \xe8\xef\xc2\xa3\xc3\x99\x5c\x18\xb3\xe7\
\xef}\xbaT\x1c9\xe2s\x9c\xbf\xfd\xbddr_\xb8\
\x9e\xe3\xc2f\xd0\xd6P\xfaQ\xfbM*F\xda\x0e#\
\x81\xebY\x83\xb6\xb0\xff\xa7\xf0\xd3\x06\xe6f\x88\xf8m\
\x80\xbb\x89\xa9$\xaa\x04U\xf4F\x1a\xab\x10\x8d\xe2a\
\xc1'9/N\xcd\xea\xb2\xe6\xff\xf4\x93\x00l\xb8R\
n\xb2KM\xd7u\xa6\x84\xb2c\x7f%\x8a5'\x9c\
\xbf\xb6]z\xe7\x9fF\xff\xc8\xfb0\xba\xff\xf3\xb5\xa8\
\xc8WNb\xeb\xb1\xbf\x83\xa5\xbf\xf8\x0d\xc3\x18\xa4\xdc\
h\xe9\xe2y\xfae\x00`N\x88\x8c5\x8d\xc3<D\
I_r\xb8*\xb9\x7f\xc9\x86\xe17\x12\xdaP\x02\x1f\
9\xfe%,\xf5\x0e\x95\x178\x80\xd7o~\x0d\x177\
^\xae\xa4/x\xaa,\x7f\xcfhq\xdei!X\x08\
v*\x22\x8b\xc3\xf2\xe4\xa5v\xcb\xc8\x9e\x97\x82\x87q\
[\x84;E\x9b6\xf6\x0eP\x08\x1d\x10\xe4\xb6\x88\x9f\
\x9bZ\xe6\xe1\xa3W\x95\xe7\xd2\xc6k\xb8gY\x1e\xc3\
|v;\xc3\xfa8>\x13|\xf9\xfc\x18\xb1y\xa9X\
~FQ\xd2\xb0,\xaa\x14\xb1\xde\x5cV\xd6\x14\x04\xc4\
\xa2J\x92\xa8\xf0e>`.\x03\xaa\xed\xa5\xd9\x08\xc2\
\x99\xb4\xe6\x0e~\xd1LO\xad_\xe6Rm\x98u\xcc\
\xe2\x5c\x18#\xa2E~!\xb0y)\xf2\xba\x98G\x02\
)\xad,0-\xe2\xc6Q%c\xc78Q\xb1\xbc\x02\
\xc0\xc2\x0f~\x0b\xb4|\x1c\xe3\xe3\x1f\xa8E\xc5\xf8\xf8\
\x13\xd8~\xf8\x8b\xe8\xbf\xf6{E\xa5N\xfd\x11\xfe4\
\x1c\x0a\x07\xb7\x9e\xfc\x9b\x03\x9d\xc0>\x9f2_\xc9\x0f\
]\x9c\xf7\x0b\xf4\x10\x1e;\xfaS8\xda\xe0\xc6\xbf\xb3\
\xeb\xcf\xe3\x07\xd7\xbf\xach\xd2\x8c75\xb6\xd7\x10L\
\xab6\x22\x80\xd0\x05\x084Xa\xec\xfa\xf9\xb3xT\
o\x165\xbb\x08\x94\x90Y\xb9u\xd7\xa1+\x9c\x96N\
\xaf\xf0\x9cP\x10l\xa4Ea\x8c\x8d\x8d\x0d\x10\x11\xfe\
\xe0\xdc\x02^\xdb\xe8\xa3\xdd\xce,\xbf\x0cE+Q\xf2\
\xa6\xe1\xf8\xd0j\x89\x16\x9a\xf3\x5c\x98\xcb-\xfa\xce.\
\x80\xba\xa8\xad\xe9\xcd3\xf3\xa7\xf2\x1ek&\x998\x92\
\xf5\xf0\xc0\xc4\xce\x07\xbay\xa8\xe9\xe2\x223\x9fG\x94\
\x05 S\xd7\xb4VA\x0e\x9b\xdc\xfc\x8a1\x08\x907\
Nj\x0d\x9a\x89\xcb\xf5\x13\x87\x88\x0d\x0c\x02@c,\
>\xf7\xef\xb1\xf9\x97~\x19\xf9\xc1\x07k\xa5;|\xe8\
\xa7\x81|\x88\xfe\xeb\x7f\x10\xc8O~\x03x7Lh\
\xd3\x80\x94b\x84J\xfd\xc5\xb3\xa5S\xe1\x17\xcf\xde\xbf\
\xc5M\xfe}\xf4\xc8O\xe2\xd4\xc1\x1f\xad\xa4\xc7\xc7\xd5\
\xad7\xf1\xfc\x95\xdf\x81\xf4_\xf0\xb4\xefbi<\x9a\
\x8a\x1d\xdfi\x99\x00\xaf\xb2a)\xa0\xbcFXW\x99\
\xc5$\x00\xce\xf8A\xc4\xac\x16\xe4\x10H\xd0\xb2\x8b\x12\
\x10\x9c\xdd:\xf1\x0ceX\x16\x8cX\x82\x86f\xf5/\
\x13\xe8\xf5z\xc8\xf3\x1c\xf6\x0aa\xd7\xe2`\xe3\xc4\x15\
\xb8P\x8d\xc7Q\x9c\x10\xd2e\x8e\x9d\x1b\xe3\xac'\xcc\
.*\x88\x8f\x9c\x03\x90X\xe4\x99\xae\x99\x00\xf8`\xe9\
*\xbd\xd0\xf7\x00\x8cY\xbf\x89\x84\x19\xb6\xfbU~\x17\
\x90'\x01\x0a\xca\xdb-\x01TE\x9e\xa2~\x12#5\
&\xcb\x94\x81Oz\xee\x04\xe8IZ\xbe:>\xde\xc0\
\xe2\xb3\xff\x1a\x9bO\xfeS\xd0\xd2\xb1\xc4\xdc$\x86\xef\
\xfek@\xd6\xc7\xe0\xd5\xdf\xf5(\xb1L\xab\xcc\x9a\xe3\
\xeb\xb9\xc1\xdb@\x95\x10\x00\x88\xc2e8:\x8d\x02+\
\xf4\xe5\x08\xc6\x09\x1e;\xf2E<\xb8\xfadY\xb1\x82\
X\x1b^\xc4\xb7/\xfd&r\x1a\x99|\xcb;SH\
[\x0f-W\x14\xc3\x18z\x95\x10@\x01\x13\x0a\x05\xbe\
\x99H5\xc6\xad\xe5\xa3Z\xb7g\xb4\x91&B=#\
\x01\xb9\x8a\x1e\x90\xb0\x034\x9a\x10\xfcZc\xc7\x00\xa2\
\x85\x01[f!\xe4\xdd\x12\xc827o\xae\x1c\xea\xc7\
\x81S\x8b\xea.\x80\x94\x22b\x90\xb2$t\xa3\x82\xa7\
\xd2\xb9\xd3SW\xe7\xf9UTW?\xcb21\xd7\xa6\
\xf9\x9d,\x97\x97W#\xf7\xca\x86\xe4:\xe3\x86\xd2\x86\
\x89\x1e\xf8\x82\xba\xbb\x1e\xd4\x10\xb3\x0b\xdd)|\x9d\xaf\
\x1f(\x5c3M\xa6\x15\xe1i\x96\x85w\x01\xc5\xcb\xbc\
\xdf\xba\x8a\xa5g\x7f\x1d\x9b\x1f\xffe\xd0`\xb5V\xbe\
\xc3\x87~\x06\xb4x\x18\x0b/\xfd&0\xdeV<\xab\
\x9a=\x86\xe84\xc7@\xe7\x9e\xaf\x83\xb0\xff\x9c4\x19\
\xd3\x09\x0aM\x8cg\xf4\xc5\x22>p\xec\xaf\xe3\xee\xe5\
\xfaW#o\x8eo\xe0\x99K\xff\x15\xc3|\xbd\x92\xd9\
U\xc1\x17z4\x9d\x8a\xf5\x83;@\x85\x05\x842\xe6\
\xaf\xaa^\xc4\xdf\x17S\xf4\x98\xb2%)\xf0\xc4^\xd1\
LL\x1a\x13`\xbc\xb8\xd0\xefy\xab\xc5(\xb7\xbe\x19\
|7\x10\xb1\xf8\x85]\x84\xd1\xe25c\xca\xa1\xfeV\
\x1e\xbeK\xa4\xd0\x1c\xea\xe1\xa1\x1e2\xbb\xeb\x02}@\
u\xa6]&\xa4\x16\xa6TX)\xd4a]:C&\
\xb6\xe0\xfaeM:\xaaP\xcb\xfc\x16\x08\xdcis\xb4\
I,!nW}G\x84'\x04Q\xf8\x16\x9f\x1e\xc4\
\xda\x19,=\xf3/\xb0\xf9\xd1_\x02-\xdeQ+\xfb\
\xd1\xbd\x9fE~\xc7\xc3X|\xfe?@\xac\xfd\x90\xe5\
\xeaN\xf8\xa1\xbc\xf9s\xf7\xa8U=\xfd\xbb\xb1\xcc\x12\
\x93\xa7\x91\xf1\xf7\xfa\x8b^-8<\xb8\x0f\x1f:\xf6\
%\xac\xf4\x8f\xd6*\x17\x00\xac\x8f\xae\xe0[\x17\xff3\
6F\xd7\x18\xa1h\xd65\xd8U\xc5d~s\x82Y\
m\x98\xefV\xc3vj\xd3h\xc1\xf6\x91\x8dW\x07\x86\
\xf5\x9a;\x09Bv\x1b\xdf\xfd\xd4\x86(\x19\xe1\x02\x01\
a\xb0\x84\xd1\xeas#\xd8<c\x84\x00\x11ipT\
>ND\xc5L\xc5\xca\xd2%\x22\xb3X\x84\x80\x94g\
\xb3\x0b{\x1b\xe0\x942\xd5\xb9\x07W\x1fBm\xc0\xd7\
\xf0\x83\xf1\xcd\x9f\xda\x10`\xf7\xc9'\xa4\xb1\x13\x82b\
\x9b\xf4;\xa5\xad\x8a\xe1\xc4\xc6KH\x13\x8c\xce\xdb\x02\
\xd9\xda\x0f\xb1\xf4\xcc\xafb\xf3c\xbfT{9 _\
\xbd\x0f\x1bO\xfe*\x16^\xff}\x0c\xde\xfe2\x90\x0f\
\xc3\xa4\xc4H\x84\xbb\x04`\x0d\xd2a!/\xe6\xbce\
4i\x00\x99\x18\xe0\xdd\x87>\x87w\x1f\xfc\x1cD\x83\
+~\xd7\x86\x17\xf1\xad\x8b\xff\x09\x9b\xe3\x9b\x8a.k\
RHu\x1e+ni,\xa1\x9c<!\xc0\xb1\xdc\x04\
b9\xc1\x94s^L\xd2\xaa\xa4\xd3\xa3%\x18\xc2\x13\
\xe8\x14\xbd\x14\x0a\xc6\x82'\xd5\x95+\xd3\x99\xbd\xfa\xf6\
53\xe7\x94%2!H\x81M\xb02\xf9\xef\x9b\x8f\
\xf8}n'a,\x00\x13\xc1\x1e\x12*\xb2\xa5E\x0c\
N\x9eP\xbf\xba)w]#U]\x0cVW\xd0\xeb\
\xf7!\x08\xc8WR\xcfd\xcfK\xde\x05(\xf6\xd7\xf4\
\xe2\x96\xb4\x0e\xd0a\xa2Mh\x15E\xed\x19\x80\xf1\xbe\
.\xbe\x93\xcf{\xeb\xe7\xb0\xf2\xcc?\xc7\xc6G\xff\x09\
\xf2\x95\x13\xa8\x85\xde\x02\xb6\x1f\xf99\x0c\xef\xff\x02\x16\
^\xf9\xef\xe8\x9f\x7f\xba:\x8eOv\xe9E\x0e\xbe6\
\x19K\x04\xb8\xef\xc0G\xf0\xbe;~\x02K\xbdz\xd6\
\x0c\x8d\x9b\xdbg\xf1\xad\x8b\xff\x05\xdb\xf9\x9a\xa2\x8b\xa7\
O\xa5Dh\xe3\x99=M\xcf#\xce\xc0\x95\xc6H\x10\
[\x06PbPT\xf8c[)\x1dA\xaf\xee\x0c*\
\xe3Xg\xc0BiXn\x01\xc3\xbdY\xbf\xd7\xba[\
\x84CF\x1e:V\x05\xa3{\x84\xa8!\xc4\x1eqZ\
}\x0a\xa3\xa4 \xc1\x90\xb3c,#uv\xad\xa2x\
\xe7,\x02\x93\xa8\x9a}\x0b@GXy\xfcQ<\xf0\
\xf8\xa3\xbbMFcl\x1e\xff\x95\x0eR\x09\xc8\xe4E\
\xb1}\xaa\xe1\xd0\xef\xd1\xcaYG\x90\xc5H\x15\xad\x10\
\xc9\x9a\xc8\xe3\x85\xcf6.c\xe5\xe9_\xc1\xe6\xe3\x7f\
\x0f\xa3\xe3\x1f\xacE3\x00\xd0\xf2\x9d\xd8z\xe2\x1fb\
\xf8\xd0\xdb\xe8\x9f\xf9\x0a\xfag\x9f\x82\x18\xad\x97\xcf\xdd\
`\xcc_\x99w4k*\xc6\x09i\xc3\x02\x83l\x05\
\xf7\x1f\xf8\x08\x1e8\xf0$\x0e\x0ej\x0a/\x0c\xe7\xd6\
_\xc0sW\x7f\x1b\xa3|\xcb\xa4\xcdi!Mc\x04\
\xfa}\xd8\xd8\x12*9\x81/\xe3hC\x1c_\xce\x08\
\xcd\x89\xc2\xfb\x1fO\xbf\x0a\x96i\x1bM\xd7\xa4]\xc1\
\xb4}\xc6d\x8aQ\x1e\xcf>\xd4\xf1X\x9e\xea\xbb+\
\xde;&\x85(\xdcW\xe5Rs\xe1\xe9.\xcd\x07e\
\x02\x8a\x0d\xa3E\xf6\xb6G\x94M/\xfa\xe6\x14\xb89\
\x13\x00z\xab\x07p\xdf?\xfb\xc7\xf5\xe3\x1d\xac\xe7\x90\
\xb5\xb7\x90rZ\x9f\x1dB\xeb\x9f\xf9\x0d\x90\xe8\x97\x84\
\x0d`p\xa0>Y\x00\xf2C\xa7\xb0\xfe\xd9\x7fWJ\
O\x08\xcb\xdf\xf9ud\xb7\xdeN\xcaCD\xbe\x17B\
E\xc7R\xf9Z\x8e\xd8\xbe\x85\xe5g\x7f\x0d[\x0f\x7f\
\x11\xdb\x0f\xff,b\x0e\x8be\xc8\x0f>\x88\xedG\xff\
\x16\xb6\xdf\xfb%\xf4/<\x83\xfe\xc5g\xd1\xbb\xf2\x22\
\xc4p-\xbc\xa2i\xee\x00\xb0\x93\xbdC}\xa0,\x0b\
\xd9\x01\xdc\xb9\xf4\x08N\xac<\x86\xbb\x97\x1fGV\xb7\
\x8dy\xf2\xc8\xf1\xd2\xf5?\xc2\xeb7\xbf\xc6\x89\x0a\xd3\
R+]\x9d\x94]^\x8b\xad\xc4\x84\x04\xbb\xe5\xde\x11\
|\xe2\xce\xbf[;\xdf\xc5\xac\xfc~\x83\x9e\x18\xe0\xf3\
w\xffR\xedt\x7fp\xe3\x8fqv\xfd9#\x18\x95\
\xcd\xd7\xd17~\x1co\xfd?,&55\xd9\xa53\
\xcdc\x0b\xc0/\xbe7\xd4\x87\xcaDn\xe0P\xbf\x99\
\xf6\xfd\xc1\xc3\x19\xfe\xd5\xe3\xf5\xe3\xfe\xda\xcbc\x5c\xd9\
\x9e/>\xb9\xeb\xd7\x01w\x0e\xd3g2\xf4\x8f\xd5w\
@\xdaG[\xd8\x01\x92/\x1d\x07\xb2\xe6\xcc\xa1\x16\xb2\
\x01h\xf9\xce\xda\xd1(\xeb\xa3\xde\xe4V1Z\xca\x04\
\xe9\x90F\xe9\xa8\x9c\x00\x90c\xf1\xf5\xdfG\xef\xda+\
\xd8|\xe2\x1f\x80\x16\xea\x9f\x9a\x07\x00\xe8-bt\xcf\
\xa71\xba\xe7\xd3\x00\x11\xb2\x9bo\xa0w\xed%d\xb7\
\xcf!\xbb}\x1e\xd9\xfa9\x88\xcdk\xf1\x83\x80\x14M\
\xcb\xfd\xc380\xb8\x13\x07\xfa\xc7\xb1\xda\xbf\x0b\xc7\x16\
\x1f\xc6\x1d\x0b\xf7\xa2\xb2\x1e\x12\xb05\xbe\x85g\xaf\xfc\
\x16\xael\xbd\x1e1\xbdT\xd9/\x5cZ\x0bO\xd8r\
\x80\xbb\xb6\xadc\xf8\xf9\xd8PB\x08,\xf7\x8eT\xe4\
\xd9\x04\xcd\xd2\xed\x89E\xc3\xf8\x8b;\xf1b\xf5\xe41\
\xce\xa0lJ\xcc\x0aT\xc6\xb4\x05K.d\xf4o\x08\
\x01dB\xe0X\xf0\xb6\xec4\x91\xbb.\x163`q\
\xa1~z\xbd\xb9b\x94\x12\xed\x0e\x02j\x89\xd4\xfal\
vJ\xe1|Ij\xd3\x83\xf2z\x9d\xb51R\xff\x0e\
\x824\xe3au\x18\xff\x19\x8bC\x84\xfe\x95\x17p\xe0\
\x1b\xff\x08[\xef\xfd\x12\x86\xf7\xfdX$n\x22\x84@\
~\xc7\xc3\xc8\xefx\xd8}N9\x0eC\xee\x028@\
\x1f\xc7\xc9\xf1\xc3\xe8\x89\x05\xf4\xb3E\xf4\xc5\x12\xfa\xd9\
\x02\x04:\xde\x22*3\xc6\xdb\xb7\x9f\xc6K\xd7\xffH\
n\xf3\x8b\xd2]m~\xe6i\xbaq\xcd\x9f\xa2\x08\xa0\
\xde\x91\x17b\xba{\xaf\xf2\x070\xcb4)\xfd\x8d/\
\xe0\x04\xd6\xf3\x01@m\x05&o\xe7@A\xe7v\x1e\
\xc4l(\xe5\xd4\x17~h\xe3se\xec\xe9@\xfb\xdb\
J\xa6\x0f\xcc\x02\xd0\xbeh\xc9\xc3\xa7fVM\x86\xe5\
t\xdem0\xdb\x10\xa0V{\xed\xe7\x1b)\x1d.\x10\
F\x9ba\x1d\xc7/\x091\xbc\x89\xa5\x17\xff#\x06\xef\
\xfc\x196\xdf\xff\x0b\xc8W\xef\xef\x82P\x0b\x91\xc9\xa5\
\x7f!\xb0\x80\x15,\xf4V\xbaM?\x80\x9b\xc3s\xf8\
\xee\xb5\xdf\xc5\xd5\xad7\xcb\x08k\x97\x09s\xd0\xab6\
\x94\xdb\xbc\x88\xed\xb8\xd9\x99\xa3\xd1\x1b\xc0\xc8D\x11\x86\
^\x13\xfc0\xa0\x90\x95\x04\xa80j)\x22\xb4|\xc0\
\xff\x17\xc3\xe9L\x13\x12\xde\x03\x98\x86\xd2\x1b\x0b@{\
\x869\x0d\xc5\xe1\x986z\xe6\x05\xbe\x89\x91?\xb3\xeb\
\xad\xb3\x03\xa5Y\xed\x0a\xdcS\xdb\xe5\x93\xa2\xc6\xda\xbb\
\xf6\x12\x0e<\xf5\x8b\xd8~\xf0\xaf`\xfb]?\x03Z\
\x9c\x84iz\xb2\xd8\x1c\xdf\xc4\xeb\xb7\xbe\x8a7o}\
\x03y\xe9N\x92\x80i>\xf5\xa8]o9\x85\xeb\xbf\
EF\x19[\xdb\x9eN\xe1\xb5\xda#\xa2\x8anfM\
aEw\xcf\xfd\x17f+`\x9d\xc5\x17\x1e\xc6\xff\x1f\
\x0cXX\xf6\x9a\x0d\xec\xe6L1)\xa8\xcb\x80\x22[\
\x1df\xb9\xb4\xb3L\xfb\xcc |-\xf0L\xa1\xc6\xa8\
\xf6\x0d\x1b\xbe3u\xc0\xb9:\xf8\xcc\xcd<\x90O(\
\x0f\x8c\xb1\xf8\xd6\x1fc\xf1\xf4\x97\xb1}\xef\x8fa\xfb\
]?\x83|\xe5d\x1a\xe1\xbb\x88\xf5\xd1U\xbcv\xeb\
+8}\xfbis\xa4o\x15\x08~}%\xe8\xe3\xc2\
\xf9\xe7\xc6\x0b\xa8\xa4\xee\x1e\x037Nt>\xdcUP\
\xb8\x16\xa8\xf0Ei\xf3\x9e\xd0\xc4\x8b\xe4\xd9\xe3\xad\x1f\
\x88\xdds\x91ZzO\x9e(d\x15\x8d\x14\xff9\xb5\
\x98]\x01 .h\xa9m\x804cZ[\x0a\xe6\xad\
<\xd3\x80\xf9[\x05s/8*\x0f\x19\x5cf\x06\xcc\
s\xffw\xec\x99\xfb\xb2\xc4XJ\x81\xf8\xe3!\x16N\
\xff\x09\x16\xce|\x05\xc3\x93\x9f\xc0\xf0\xbe\xcfat\xec\
q\xa0\xc1\xa1;\x93\x02\x81pu\xebu\xbc}\xfbi\
\xbcs\xfbYP\xa1~+4Y\xcb\x8f\x8a\x96\xfa\x8a\
\xee\xc7\xd9\xbaa\xfe\x91pV\x80\xe5*q\xf1:\xe0\
\xe9@\x15\xfb\xe1\xb6\xa4\x80\xc5\xa4\xb0\x08\xaf*W\x00\
|+\xa8\xb5CE#\x07)K\x0f=\xdb\x98\x86c\
\x7f\xebRP\xd6\x1e\xfd\xa4P\xd3\x8a2\xa1%\x9f\xc5\
\x02\xedcz\xd1E\x7f\xf2M\x08h\xbe\xf6F9\x06\
\xe7\x9e\xc2\xe0\xdcS\xa0\x85CR\x18\xb8\xe7\xd3\x18\x1f\
yo1\x9f\x1d\xc2\xf5\xed\xd3xg\xfdY\xbc\xb3\xf1\
\x1c6\xc77\xe4\xc3\x9a7\xe5\x15\xd4u\x7f\x15 \x94\
\x9e'H\x05\xcd\xe5\xa1\x85\xe9\xa0\x1d`z\xe7\x8d\xd8\
bE\xa1\x0cIE\x08\xd8>\xa2\xc2R\xac?I\x81\
\xa9\x9a\xbar\x92R\xc4\xef\xbd\x84\xaa\xe6\xeb\xb2\x87\x8a\
K\x97.]y\xeb_\xfe\xdb\xa3[/|\xaf\xc3d\
[`z\xc7\xdf\x84\xd1A\xc1k&q\xc7/\xfc\x0d\
,}\xecC\x10\xf9\x10'\xbf\xf17\xdb\xe7?\xa5\xce\
\x7fu\xd73'\x0d\x11\xf8\x16\x86\xb3\x8a\xcd\xa6\xd4x\
<Z<\x8c\xd1\xd1G1>\xf2(\xc6G\x1f\xc5\xf8\
\xe0\x03\x09\xf94\xc3\xda\xe8\x22\xael\xbd\xae>\xafa\
c|\xad<\x02\x95\x1b\x97\x05\xd3\xfe\xf9w\x13}\x87\
\xac\x94\x85K\xbc*\xe8.\xc4\xf7iwx\xf3\x0e\x95\
!\xbc\x18R\xc0=\xcb\x1f\xc2\x87\x0e\xff<\x84\x10\xf8\
7\xaf\x03/\xde\x8a$\xd8\x9a\xec\xd8zDw\xd8\xd5\
\xb1\xed[\xaaf\x04;\xb3\x0dp\xd6\x97\x17\x9a6\xea\
\x94\x17\xdb\xde\x05`\x0d\xa119\xdeGP\xa1\xaay\
8I\xc8\xd0\xd8\xe8\x06\xc5\x1a\x98\xae\xf1Y\x87\xa9\xf0\
\xef%Lt\xeb\x1a\x16\xce=\x05\x9c{J\xe60X\
\xc5\xf8\xd0C\xc8\x0f\xdc\x8d|\xe5n\xe4\x07\xee\xc6x\
\xe5$h\xe98\xa8\xb7T*\xb4\x11\x08c\xda\xc6\xe6\
\xf8:n\x8f.\xb3\xcf%\x5c\xdf>\x83\xad\xfc\x16\x0f\
\x5c 6\xcc\x03\xab\xfbH\xdc\xf2_\xadM\x06\x13\xf4\
Q\xf0\x07\xf0\xa2\xd93\x85\x13\x12\x0be[\xd7\xeaQ\
\x0f\xc1\xb1\x17\xa2!%-\xa2\xea1\xd7\xb2,\xe1e\
\x85\xdd\x15\xcb\x93YR\xea\x841]\x13K2\xfa0\
.\xb3S\xce\xadv\x13\x8e\x85p\x8e\xeaI\xad\xffI\
7\xd0\xf00-\x89Z7\xab\xb40\x9d\xd5o\xc5,\
\xbfG \x86\xb7\xd0\xbf\xf2<p\xe5\xf9\xe0\xfb\x8b\x9f\
\xffmdY\x86\xf3[/\xe0\xe5\xb5?FN#\x8c\
i\x0bc\x1aaL\xdb52\x82\xebd&\xf4\xbf\xc4\
\xc5{\x00\x10T\x08\x1f\x8e\x95\x90V\x22\xf3\x8f?\xac\
\xc7\xf0Cw@t\x81\xb2\x0b\x98\xaa\x10\xbd\xd8)\x90\
\x92>\x09rwf7\xbdk#\xc1\xc1c\xa71G\
\xd3}\x08}\xbd\x07\x00\xc0|1\xb7}T\xc2\xb5\x00\
\x84\xf4/7\xb4DH7\x9bF\xee\x1aX\x03\xee\x1c\
5\x98\x1b\x0f_\xa5\x5c\x96*G\x9d\xae\x00\x22\xcb2\
dY\x861m\xe3\xf6\xe8R\xdb\xe4$\xd8\x0d\x97\x85\
;\xdfCsL\xe44\xc2\xd0E\x98\xc9\xa5\xaf\xd1%\
}\xc6#xF\xc2\x1d\x0f\xb1\xfc\xa7\xf1\xdc\x80$\x9a\
\xcc\x0e\x16\xb6c\x02@ak\x0b\xd2f\x057\xffJ\
\x02#\xa9%\x05\xae\x08?\x9f\xe8\xba\x97\xcd\xaf\x05`\
\xde\xca\x93\x82h\x91\xc3/\x8c\xf6_z\x1cl\xec\xf9\
l8NU\xa1\xb9\xa1\xb7Nho\xf5\xbe\xca_k\
\x87\xaaS\x80\xd0\xeb\xc9\xdd\x03Y\xd6\xc0\xe5>\x9e\xb0\
2-\x17_\x15d\x1dS!\xbe\x13\x9f\xfe\x1e[\x5c\
\x9dD%i\xa1\x85gS\xd7%\xabk\xa6\xb4sc\
\x8b\xc0\x1c\xf2\x88\xd7{\xbd\xa5=\xf3\xa2\xd3\xa5\xfe\xd9\
e\xf6\xd3<;2\x1f\x80i&\x13\xd3]\x8b]!\
\xc8\x87'[p#\x00P\x0b_\xdc\x90\x1fI\xd1\x87\
\xcbA\x17\xf2|\xaa\xed!\x1c.\x1c\xb3\xf8\xb4\xaa\xfe\
\xab\x98e\xf9,\x18`9A*\xeaR\x15\xce\xa7\xf8\
\xb4(\x00\x96\xa7\x9e\xea\xcb\xa1\x97\x00\xf4{\xf2\x03\xab\
uvn+\xa8\x9fs\xea\xdbr\x84E\x8f\xa6\xd8\x99\
\x89jR\xb9\x14\xd3\xad\x99\xd3\x1c\xcc\xd3sP\x84d\
\xc8\xa3\x80\x09\xbbT\xea\xbdT\xd5\x0c\x05aKM\x91\
z\xe6l\x9fAR(\x01\xee\x03\xd0&\xbb@~\x15\
$\xa42\xe4zi\xd4\x09\x17\xb0/\xc7PV\x16\xbe\
\x8d/\xc8\xc7\x9b\xackV\xd3\x96\xb4{0\x9a\x06\xb3\
H\x18+\x10\xe0\xec\xd7\xaf\x94\xaeR\xd8&c\xeaQ\
SG\xd3\x93%|\x02\x9b\xcf%j\x15\xbcq\xfc\x9d\
G\x95\x09\xa9^Z\xf6Fx\x0a\xaf\xd0\x98?q2\
\x82\xa4\xec\xd1\xe9}\x96\xd0\xcf\xb2L$MT\xa9\x98\
vKBm\xa4hxe\xefS\xb0\x03\xe6\xf4\xd0\xc0\
\xce\xe4\x1a\xf0t\x9c|\xd6U\xfe\xb5\x16\x7f\xdb\xa3,\
\x8d\xae\xbaD\x17i\x08\xff\x85|\xa0\x97\x00\x02W\xcc\
U\xd0\xe0\xbd\xack\xee1d\xd4(h\x88\xc3t\xe5\
L>\x95\x87\xffxh\x22KF\xe0\xec*a\x07\x01\
Em\x00\x1dW\xcf\x0c\xd4\xf6\xcc\xa1I\x9d\xf6\x81\x14\
Ee\x8f6\x17\xa5\x98F\xa6\xa5n\xea\xaf\x91\xfa\xdb\
\x00\xe7\x03\x93\x14$\x9aN\xb1m\xd2\xa9J+1F\
A\x18Pz\xaf\xb3\x05\xb4E\xdd\xf15_?\xf3\x12\
\x199u\xbfz\xa9\x10\xa1\xf3h#\xc7\x06\xe8\xaek\
\x173\xb4w\x90\x96\x93\x9eN\xb3C8\xddA\xd8\x06\
\xaa\xaa\xe6}t\x8c.*\xb6\xc5\xf4-\x8f\x02&j\
\xb7\x06<K\x98\xdb\x9e\xdcLP\xb1>\x00s[1\
\x0dQb\x86O2\xbf\xa7z($\xd2R\x95]\xc3\
\xe4\xe4\xf0\xef\xc8\x87\x9d\xbc\xff@X\x18`L\xbb\xfc\
|\xfb\x06\xe8\xd0\x98\xd5Z \xd2\x88\x95\xb3\x0e&e\
\xa4\x13V\x00\xd8\xb5\x95\xe0\x19\xc2TN\x93-h\x9a\
\xed\xa3\x80\x0df\x9a\xf8\xe6h\x5cl\xad\xfdq\x1f\x80\
\xfa\x02`\xdds\xb1\xcbt\xea\xb2\xf9m\x12s_\xc8\
r\x5c\xaa5\xd7E\x97v\xd3\x09Zh\xdc\xd3\xf5&\
0\x8e\xea,+L\xd3\x92\x89\x8f6\xfe\x22ue\xc1\
\x1d\x9e\xce\x8a\x97\x01u\x8cIs\xcd\x0aG\xf6\xdd\xe7\
\x0e\xd3kaU\x97\x01\x01\xd3PM\x0e\xa6R\xd4\xd2\
\x98`\x83\xee`\xb9\xf5\x12@S\x06\xd3\xc5t!\x22\
\xdf\xcb\xc2u\x8d\xd4\xfd\x00\xbb\x86\xae\xfaDi;G\
n\x9b\x9b$\xa6y\x88\xfbhK\xeb\xd4\x96\xd5;\x09\
\x90\xea\xcb+\xc5\x14\xddU\x1fQ{\xa6\xa8YY;\
\xca+\xa6h^\xa8\x81X\x0d%\xfa\x00tE\xc5\xd4\
\x8e\x82\x9a\xa8[\x8e\xe9,\xb71\xff\xcf\xc3\x12@\xe7\
Z\xf2\x8c\xd7G\x08%m\xec\x1e\x06\xb5\x8fjt\xe5\
}\xb8\xbb\xd0V@\xc0]\x02\xa8S\xa2\x98\xd1\xa3\xec\
}\x05U\xb5c\xcc#v\xa2W)\x1f\x004f\x00\
\xd3v\x02\xd6Nu\x9di\xe5\x97u\x5c\xd7\xec\xe0\x9f\
\x83\xc9\x7fRG\x08G\x1e\xcd\x0b\xec\xe4\xdf\xedHn\
Ze!\x1a\xa6\xb3\xfag|\xbc0p?\x90=\xe2\
\x09\xb6\x0f\x05\xeb\x03\xc0:\xf4\xb42\xb7\x14\xb4\x22}\
\x96\x0b\xaeP\xaf\x04\xed\x96\x00\xe6\x13]8\xa5U\xd5\
\xe7\xf4\xf43\xbb\x0b\xa0[!\xb0\xcb\x12NOm\xcd\
\x1f\x8c\xff\xcb\xbc(\x0250\x07\xd3}k(\x1f\x00\
\x02\xe5\xf3X\x1b\xf3X\xa6\x04$\x16[\x00\xc8\xb2\x0c\
\x94\x8bz\xbb@\xf6\x05\x86\x0aL\xd0\x1a1\x01H!\
\xb0\x995o\xbf'\xec\x1e\xa2\xce\xab\x15a\xdcg\xae\
\x0f\xc0D\x99b\x07\x9de\x9fiw\x0by\x19P\x97\
\x1e\xcb\x93\xc6\x8c\x90\xd99&\xd0\xf3\xcd.\x80,C\
\xad\x8a\xed\x84\x96}\xd6Q\x8d\xc9;\xffeY\xc6\xae\
\x84\xad\x9f\xdf^\x1d\x8e\xd3\x84\x946([\xa7w\x04\
\x80.\x08\xaaC\xc4>\x1a\xa1\xab\xaad\x97\x01u\x94\
b\x13\xecU\xb1n\xd7\xcb\xed.\x01tq\xa6a:\
v\xbb\xeci\xa8\xda\xba8\x13\xa8p\xfe3GA\xa7\
\xf4\xc7:\xd6\x1f?\xbd6q\xeb\xc6\xafJ3%\xad\
X}4u\x9a\xf5\xf3\xdc\xf5\xf1\xefn\x05\x86\xd8}\
V0\xaf\x98\xd6:\xb5\xdb\x00\xbb\xee\x8cS\xd0\xb9\xf7\
Q\x0e!\xe4Q\xc0\xa0\x0c\x82\xb5\xd7\xcc0\xb6\xaeP\
\x93\xb1\xccS\xfddY\x06\x00\x10Yb\xa9\xda\x8ck\
\x87\x01\x87\xdeO0\xef.\xd3j\x1a\xb7d\x9fz\x17\
\xab\xef\xde\x19K\xc9\xb1t\x1f\xd8w\x02\xb4\x98u\xf6\
\x95\xda\xfe}+\xfd\xa7\x04\x9f\xf1Zi\x8aY\xef\x0d\
\x11\x08\x80I\xfe\xf3Y\xc6$Lr\x07\xc1\x94\x83;\
\x01\xee\xe8\x8e\x9e=\xdc\xddB\xe8\xa2:\x9am\xbd\xe3\
>\x00b\xa6\xdbe\x86I\xef\x1c\xa9u\xa1\x96\x00\xa8\
\x9e\x13\xd8\x1c\x80\xa6\x88\xa9\xf3s\xc2\x09\xd4\xe8\xdc\xf0\
T\xf0I\xde=\x07\xa0\xa2\xfd\xf7\x1d\xff\x120{\x82\
\x04\xbf\x08f\xa7\xb7\xf4\xfa\xa5l\x92\xfb|\xec\xc6\xdf\
E\xec\xe2Q\xc0\xfb\xed5\x19\xd4\xa9\xd7\xbe\xda\x040\
U\x0c\xb11v\xb3\x08-\xe6l\x7f\xe2\xad=\x11\xb7\
h\xbb\xe4m\x80\xf3\xd0?v\x1c\xb1z\xad\xb4uw\
\x90u\x0d#0\xbb\x0cf'\xd1\xb5\xd6\xbb\x8ff\xa8\
\xe3\x04\xb8_\xdf\x13\xc0.V\xaau\x02\x9cV\xcc\x0a\
\xe3\xe9\x9a\xcc\x1d(\xf7l/\x01Lw\xb7\x95\xd8\xc5\
:M\xec?\xc6\x09p&\xfb\x80\x86\xa6}\x96\xcb\xb0\
{p,\x00{\xbd\xfa\xf6\x98.\xd4\xb7W\x01\xec\xe4\
\xfa\xdf\x1c\xd5`\x1dL[\xb1\xcd\x12\x00f\xb0Mv\
VK\x9eW\xf0\xeb\xa0\x835Z\xe5U\xe6G\xaa\xbb\
)\xbd\x13\x90\xf7\x7f\x1fu0\xf1\xcb\x80\xa6\x00\xc9\xe5\
\x9a\xd7\x0a\x88\xa0\x0f=\x0d\xb6e\x00{\xac\xe2\x0cf\
\x8eqZ\xcc\xb6\x05\xa0\x03\xeca\xe7?\x0d\xe3\x04X\
%\x04\xa6VU\xd3M\xe9\xfb\xd8\x1d\x08\xaa\xb5\x04\xb0\
S\x98\x16:\xe6\x0d\xfe\x10\xef\x1b\xd3_\xf0\xa4\x88\xbd\
\xd7\x0c\xd3v\xb7\x81\x8f\x10\xabn\xb6\xfd'\xf12\xa0\
\xd9\xe5m;\x88\xd9\x15$\xdc\xc9\x7f\xba\xfb\xfe>&\
\x83\xae\x04\x80=\xc8.f\x1e\xd2\x07\x80\x00\xeah\x17\
\xc04\xf2\x8by\xea\x98e'z\x15\xde'\x14\xbc\xd2\
\x02\xd0Y\xddMc\xcf\x986t\xb1\xacQ3\xb8\xb3\
\x0c2G\x03e\x1f\xc9\xd8\xf7\x01\xe8\x0e\xb3V}f\
\x17@W\x94\xefX\x05\xec\xd5\x9e\xdaa\xb9\xf9\x12\xc0\
\xe4w\x81t\x94\xfe\xfe\xba}9jV\xf3nn\x03\
\xdc\xc7t`\xb7\xb6\x01N\x0b\xf6r\xbf\x97'\x01N\
\x8b\x13\xd84\xd0\xb0\x1b\xd8\xc5r\x1b\x01`V\x0c\x22\
l\xfa\x00\x00\x00\xd9IDAT\x06\xc1\xfe=\x04\x9d\
B\x9f\x02\x975=\xdev\x1f3\x0d!l\x1f\x98\x95\
y`\xbf\x9bv\x07\xe9\x048I\xdb\xcf\x1em\xadY\
(\xb5\x7f\x06\xf8\xde\xc1,\xb4\xce\xce\xc0Z\x00\xe6\xd7\
\x03|\x1f\xe5\xd8\x89\xdb\x00\xf7\xfb\xd6t\x829\x01\xd6\
9<r\x8fb\x0e\x85\x99\xbd)\x00\xecCc\xdf\x07\
`\x1f\xd3\xb8\x0b`\x1e1\x8d\xec\xc3\x1c\x044\x17'\
\x016\xc1^-7\xe4\x11\xc4\xfb\x02\xc0\xde\x86\xdd\x06\
\xb8\xdf\x07\xf6*\xac\x0f\x80\xd8\xcb\xd3a\x10\xf3^\x1d\
\x22\xcf\xf3|\xed\x95\xd7\xc5\xe8\xfa\xf5\xdd\xa6e\xca1\
\x7f\x13\xe4\x81w\xbf\x0b\x83\xa3G\x00\xca\x91\x9f}f\
\xb7\xc9\x99Z\xcc3s\xcc\xee}\x12\x00p{x\x15\
W7N\xef25\xfb\xd8i\xac\x0c\x0e\xe3\xd8\xf2)\
\x00\xc0+7\x86\xb8\xb1\xbd\xb7\xee\x84\xd9\xeb\xf8\xff\x0c\
/eA\x0f|\x0c\xdc\x00\x00\x00\x00IEND\xae\
B`\x82\
"

qt_resource_name = b"\
\x00\x06\
\x07\x03}\xc3\
\x00i\
\x00m\x00a\x00g\x00e\x00s\
\x00\x09\
\x0alxC\
\x00r\
\x00e\x00s\x00o\x00u\x00r\x00c\x00e\x00s\
\x00\x0d\
\x03\xee:\xe7\
\x00l\
\x00i\x00o\x00m\x00_\x00l\x00o\x00g\x00o\x00.\x00p\x00n\x00g\
"

qt_resource_struct = b"\
\x00\x00\x00\x00\x00\x02\x00\x00\x00\x01\x00\x00\x00\x01\
\x00\x00\x00\x00\x00\x00\x00\x00\
\x00\x00\x00\x00\x00\x02\x00\x00\x00\x01\x00\x00\x00\x02\
\x00\x00\x00\x00\x00\x00\x00\x00\
\x00\x00\x00\x12\x00\x02\x00\x00\x00\x01\x00\x00\x00\x03\
\x00\x00\x00\x00\x00\x00\x00\x00\
\x00\x00\x00*\x00\x00\x00\x00\x00\x01\x00\x00\x00\x00\
\x00\x00\x01\xa01<\xd1\xe9\
"

def qInitResources():
    QtCore.qRegisterResourceData(0x03, qt_resource_struct, qt_resource_name, qt_resource_data)

def qCleanupResources():
    QtCore.qUnregisterResourceData(0x03, qt_resource_struct, qt_resource_name, qt_resource_data)

qInitResources()
